ISO-10303-21;
HEADER;
/****************************************************************
 * Generated by software with PDElib inside                     *
 * PDElib Version v8.0.0, created 2023-04-05 16:26:56           *
 * International Technegroup Inc. (www.iti-global.com)          *
 ****************************************************************/
FILE_DESCRIPTION((''),'2;1');
FILE_NAME('','2026-01-19T13:59:13',(''),(''),'','CADfix','');
FILE_SCHEMA(('AP242_MANAGED_MODEL_BASED_3D_ENGINEERING_MIM_LF { 1 0 10303 442 3 1 4 }'));
ENDSEC;
DATA;
#5=CARTESIAN_POINT('',(10.771644557388690,5.737658844285932,-1.439126530270253));
#6=CARTESIAN_POINT('',(5.360777074650658,9.842126584341036,-3.209449532265491));
#7=CARTESIAN_POINT('',(10.459768651555409,5.974235437314118,0.062599532523261));
#8=CARTESIAN_POINT('',(5.048901168817378,10.078703177369221,-1.707723469471978));
#9=B_SPLINE_SURFACE_WITH_KNOTS('',1,1,((#5,#7),(#6,#8)),.UNSPECIFIED.,.F.,.F.,.U.,(2,2),(2,2),(0.0,7.018417619114603),(0.0,1.0),.UNSPECIFIED.);
#10=CARTESIAN_POINT('',(5.856989229312583,9.465719882914579,-2.913452150337057));
#11=VERTEX_POINT('',#10);
#12=CARTESIAN_POINT('',(5.998328891876732,9.358505265806405,-1.795909929085252));
#13=VERTEX_POINT('',#12);
#14=CARTESIAN_POINT('',(5.856989229312583,9.465719882914579,-2.913452150337057));
#15=CARTESIAN_POINT('',(5.836222547725665,9.481472657291091,-2.902332457860923));
#16=CARTESIAN_POINT('',(5.816359785022683,9.496539742598577,-2.887244644906573));
#17=CARTESIAN_POINT('',(5.798087788297567,9.510400159315395,-2.868228255427506));
#18=CARTESIAN_POINT('',(5.777207660783009,9.526238991624673,-2.838438394272444));
#19=CARTESIAN_POINT('',(5.761707777967776,9.537996582254662,-2.804324006078352));
#20=CARTESIAN_POINT('',(5.758263175840788,9.540609520284727,-2.795770923282522));
#21=CARTESIAN_POINT('',(5.753636709652621,9.544118971981948,-2.782685643029510));
#22=CARTESIAN_POINT('',(5.749827698167452,9.547008336096123,-2.769271126576895));
#23=CARTESIAN_POINT('',(5.748651048940126,9.547900895222766,-2.764772146680020));
#24=CARTESIAN_POINT('',(5.746754657416121,9.549339421727257,-2.756854326547032));
#25=CARTESIAN_POINT('',(5.745143773819676,9.550561373832791,-2.748869828262670));
#26=CARTESIAN_POINT('',(5.744506810584882,9.551044548932598,-2.745444679540338));
#27=CARTESIAN_POINT('',(5.743723957278045,9.551638389687474,-2.740835097455356));
#28=CARTESIAN_POINT('',(5.743042697379316,9.552155166363706,-2.736269094420580));
#29=CARTESIAN_POINT('',(5.742878558480515,9.552279675766400,-2.735129612430560));
#30=CARTESIAN_POINT('',(5.742380021068048,9.552657845577482,-2.731538746807106));
#31=CARTESIAN_POINT('',(5.741927554192433,9.553001070437668,-2.727907290853545));
#32=CARTESIAN_POINT('',(5.741639104259622,9.553219876386096,-2.725440552705541));
#33=CARTESIAN_POINT('',(5.740540857359439,9.554052960825093,-2.715537747664795));
#34=CARTESIAN_POINT('',(5.739641142058634,9.554735454131920,-2.705544394106238));
#35=CARTESIAN_POINT('',(5.739022372368243,9.555204823801363,-2.697988160887049));
#36=CARTESIAN_POINT('',(5.737594975766146,9.556287590749916,-2.676644362403489));
#37=CARTESIAN_POINT('',(5.737065542577011,9.556689195874778,-2.654964990054812));
#38=CARTESIAN_POINT('',(5.737036818274643,9.556710986717858,-2.640862972836009));
#39=CARTESIAN_POINT('',(5.737894276126250,9.556060551690864,-2.600351918262618));
#40=CARTESIAN_POINT('',(5.741277981229405,9.553493811586090,-2.559051445527682));
#41=CARTESIAN_POINT('',(5.744458766239504,9.551077854219701,-2.531965529283509));
#42=CARTESIAN_POINT('',(5.752594286537187,9.544904502945400,-2.477476058065502));
#43=CARTESIAN_POINT('',(5.763877075571547,9.536348595301696,-2.422718143501683));
#44=CARTESIAN_POINT('',(5.770206144374168,9.531550064161161,-2.395363621998567));
#45=CARTESIAN_POINT('',(5.789178764337122,9.517158185799532,-2.320597371545709));
#46=CARTESIAN_POINT('',(5.812150176925699,9.499733003536971,-2.246433107192827));
#47=CARTESIAN_POINT('',(5.828059882636000,9.487664535000128,-2.199507096266939));
#48=CARTESIAN_POINT('',(5.856879696292430,9.465802965775621,-2.120316490728390));
#49=CARTESIAN_POINT('',(5.888000176069566,9.442196221762851,-2.042714283126000));
#50=CARTESIAN_POINT('',(5.901227609710189,9.432162563764114,-2.010839872091887));
#51=CARTESIAN_POINT('',(5.928154904268069,9.411733351588161,-1.947834343045214));
#52=CARTESIAN_POINT('',(5.955896092070416,9.390689643271223,-1.886229573672941));
#53=CARTESIAN_POINT('',(5.969937143791053,9.380042108013262,-1.855754033209434));
#54=CARTESIAN_POINT('',(5.984113794691410,9.369288270195939,-1.825603208736262));
#55=CARTESIAN_POINT('',(5.998328891876732,9.358505265806405,-1.795909929085252));
#56=B_SPLINE_CURVE_WITH_KNOTS('',5,(#14,#15,#16,#17,#18,#19,#20,#21,#22,#23,#24,#25,#26,#27,#28,#29,#30,#31,#32,#33,#34,#35,#36,#37,#38,#39,#40,#41,#42,#43,#44,#45,#46,#47,#48,#49,#50,#51,#52,#53,#54,#55),.UNSPECIFIED.,.F.,.U.,(6,3,3,3,3,3,3,3,3,3,3,3,3,6),(0.0,0.294127869730591,0.388979842305587,0.436319605345716,0.471825928942470,0.483661454163346,0.508983092676705,0.584947277687161,0.722157962796154,0.976231733905072,1.230305505013990,1.673122004625924,1.988480549447988,2.303839094270052),.UNSPECIFIED.);
#57=EDGE_CURVE('',#11,#13,#56,.T.);
#58=ORIENTED_EDGE('',*,*,#57,.F.);
#59=CARTESIAN_POINT('',(6.428680980578315,9.032057377260601,-2.661637634254082));
#60=VERTEX_POINT('',#59);
#61=CARTESIAN_POINT('',(5.856989229312583,9.465719882914579,-2.913452150337057));
#62=CARTESIAN_POINT('',(6.428680980578315,9.032057377260601,-2.661637634254082));
#63=QUASI_UNIFORM_CURVE('',1,(#61,#62),.UNSPECIFIED.,.F.,.U.);
#64=EDGE_CURVE('',#11,#60,#63,.T.);
#65=ORIENTED_EDGE('',*,*,#64,.T.);
#66=CARTESIAN_POINT('',(6.491536335749007,8.984377817853378,-2.637556985542168));
#67=VERTEX_POINT('',#66);
#68=CARTESIAN_POINT('',(6.428680980578312,9.032057377260605,-2.661637634254082));
#69=CARTESIAN_POINT('',(6.459712687319646,9.008517965207917,-2.647969019657148));
#70=CARTESIAN_POINT('',(6.491536335749007,8.984377817853380,-2.637556985542167));
#78=(BOUNDED_CURVE()B_SPLINE_CURVE(2,(#68,#69,#70),.UNSPECIFIED.,.F.,.U.)B_SPLINE_CURVE_WITH_KNOTS((3,3),(0.0,0.039370078740157),.UNSPECIFIED.)CURVE()GEOMETRIC_REPRESENTATION_ITEM()RATIONAL_B_SPLINE_CURVE((1.0,0.999149136302823,1.0))REPRESENTATION_ITEM(''));
#79=EDGE_CURVE('',#60,#67,#78,.T.);
#80=ORIENTED_EDGE('',*,*,#79,.T.);
#81=CARTESIAN_POINT('',(9.489820720115350,6.709999158534354,-1.656580861269961));
#82=VERTEX_POINT('',#81);
#83=CARTESIAN_POINT('',(9.489820720115350,6.709999158534354,-1.656580861269961));
#84=CARTESIAN_POINT('',(6.491536335749007,8.984377817853378,-2.637556985542168));
#85=QUASI_UNIFORM_CURVE('',1,(#83,#84),.UNSPECIFIED.,.F.,.U.);
#86=EDGE_CURVE('',#82,#67,#85,.T.);
#87=ORIENTED_EDGE('',*,*,#86,.F.);
#88=CARTESIAN_POINT('',(9.619295914906886,6.611784452324197,-1.581027806171104));
#89=VERTEX_POINT('',#88);
#90=CARTESIAN_POINT('',(9.619295914906887,6.611784452324199,-1.581027806171104));
#91=CARTESIAN_POINT('',(9.560040952693775,6.656732897581414,-1.633606265544666));
#92=CARTESIAN_POINT('',(9.489820720115352,6.709999158534356,-1.656580861269960));
#100=(BOUNDED_CURVE()B_SPLINE_CURVE(2,(#90,#91,#92),.UNSPECIFIED.,.F.,.U.)B_SPLINE_CURVE_WITH_KNOTS((3,3),(0.0,0.039370078740157),.UNSPECIFIED.)CURVE()GEOMETRIC_REPRESENTATION_ITEM()RATIONAL_B_SPLINE_CURVE((1.0,0.983809829836527,1.0))REPRESENTATION_ITEM(''));
#101=EDGE_CURVE('',#89,#82,#100,.T.);
#102=ORIENTED_EDGE('',*,*,#101,.F.);
#103=CARTESIAN_POINT('',(10.210605141257760,6.163240914398560,-1.056343847668427));
#104=VERTEX_POINT('',#103);
#105=CARTESIAN_POINT('',(10.210605141257760,6.163240914398560,-1.056343847668427));
#106=CARTESIAN_POINT('',(9.619295914906886,6.611784452324197,-1.581027806171104));
#107=QUASI_UNIFORM_CURVE('',1,(#105,#106),.UNSPECIFIED.,.F.,.U.);
#108=EDGE_CURVE('',#104,#89,#107,.T.);
#109=ORIENTED_EDGE('',*,*,#108,.F.);
#110=CARTESIAN_POINT('',(8.307724633710201,7.606689988197799,-0.775151504282462));
#111=VERTEX_POINT('',#110);
#112=CARTESIAN_POINT('',(8.307724633710201,7.606689988197799,-0.775151504282462));
#113=CARTESIAN_POINT('',(8.404562990792007,7.533232282217256,-0.794791210579923));
#114=CARTESIAN_POINT('',(8.503361173435279,7.458287932055326,-0.813899414448852));
#115=CARTESIAN_POINT('',(8.604143176006213,7.381838734288780,-0.832524775010974));
#116=CARTESIAN_POINT('',(8.760286286985270,7.263394811324553,-0.860119806465594));
#117=CARTESIAN_POINT('',(8.919804382014563,7.142390763065873,-0.886452767263926));
#118=CARTESIAN_POINT('',(8.975357207769141,7.100253021578251,-0.895408021992538));
#119=CARTESIAN_POINT('',(9.087150244373786,7.015453192065594,-0.913009402815752));
#120=CARTESIAN_POINT('',(9.200280371930305,6.929635126433982,-0.929996762464084));
#121=CARTESIAN_POINT('',(9.257169399676323,6.886479148827375,-0.938338046399604));
#122=CARTESIAN_POINT('',(9.353009512116383,6.813778670886218,-0.952057912575181));
#123=CARTESIAN_POINT('',(9.449606873770472,6.740503774696844,-0.965337834027281));
#124=CARTESIAN_POINT('',(9.488290386488183,6.711160008560736,-0.970569277502621));
#125=CARTESIAN_POINT('',(9.566546296844020,6.651798203478268,-0.980978776957845));
#126=CARTESIAN_POINT('',(9.645165034717131,6.592161172431899,-0.991092333257540));
#127=CARTESIAN_POINT('',(9.684490818400429,6.562330205275028,-0.996066579518097));
#128=CARTESIAN_POINT('',(9.763256131245543,6.502581987717027,-1.005861677011270));
#129=CARTESIAN_POINT('',(9.842467301435732,6.442495561314264,-1.015379590488802));
#130=CARTESIAN_POINT('',(9.882852894515695,6.411860665189402,-1.020147962230591));
#131=CARTESIAN_POINT('',(9.971920166645980,6.344297792878399,-1.030480447480142));
#132=CARTESIAN_POINT('',(10.061346740761810,6.276462369971533,-1.040447894400820));
#133=CARTESIAN_POINT('',(10.111031063604740,6.238773828219974,-1.045861602634971));
#134=CARTESIAN_POINT('',(10.160788554928500,6.201029785067036,-1.051160052934148));
#135=CARTESIAN_POINT('',(10.210605141257760,6.163240914398560,-1.056343847668427));
#136=B_SPLINE_CURVE_WITH_KNOTS('',5,(#112,#113,#114,#115,#116,#117,#118,#119,#120,#121,#122,#123,#124,#125,#126,#127,#128,#129,#130,#131,#132,#133,#134,#135),.UNSPECIFIED.,.F.,.U.,(6,3,3,3,3,3,3,6),(3.265474E-11,1.339788767623797,2.048612203044572,2.757435638465346,3.236100001429104,3.713516283041854,4.188782802476193,4.780444832534870),.UNSPECIFIED.);
#137=EDGE_CURVE('',#111,#104,#136,.T.);
#138=ORIENTED_EDGE('',*,*,#137,.F.);
#139=CARTESIAN_POINT('',(6.601052349883807,8.901303348099733,-1.530426798405343));
#140=VERTEX_POINT('',#139);
#141=CARTESIAN_POINT('',(6.601052349883807,8.901303348099733,-1.530426798405343));
#142=CARTESIAN_POINT('',(8.307724633710201,7.606689988197799,-0.775151504282462));
#143=QUASI_UNIFORM_CURVE('',1,(#141,#142),.UNSPECIFIED.,.F.,.U.);
#144=EDGE_CURVE('',#140,#111,#143,.T.);
#145=ORIENTED_EDGE('',*,*,#144,.F.);
#146=CARTESIAN_POINT('',(6.601052349883807,8.901303348099733,-1.530426798405343));
#147=CARTESIAN_POINT('',(5.998328891876732,9.358505265806405,-1.795909929085252));
#148=QUASI_UNIFORM_CURVE('',1,(#146,#147),.UNSPECIFIED.,.F.,.U.);
#149=EDGE_CURVE('',#140,#13,#148,.T.);
#150=ORIENTED_EDGE('',*,*,#149,.T.);
#151=EDGE_LOOP('',(#58,#65,#80,#87,#102,#109,#138,#145,#150));
#152=FACE_OUTER_BOUND('',#151,.T.);
#153=ADVANCED_FACE('SLAT_BRACKETS',(#152),#9,.F.);
#154=CARTESIAN_POINT('',(10.355265050745849,5.188750979315921,-1.439126519098886));
#155=CARTESIAN_POINT('',(4.944397158273909,9.293219030178792,-3.209449655150517));
#156=CARTESIAN_POINT('',(10.043389144912570,5.425327572344107,0.062599543694627));
#157=CARTESIAN_POINT('',(4.632521252440629,9.529795623206978,-1.707723592357004));
#158=B_SPLINE_SURFACE_WITH_KNOTS('',1,1,((#154,#156),(#155,#157)),.UNSPECIFIED.,.F.,.F.,.U.,(2,2),(2,2),(0.0,7.018418150579055),(0.0,1.0),.UNSPECIFIED.);
#159=CARTESIAN_POINT('',(5.440609688525256,8.916812043845217,-2.913452150337057));
#160=VERTEX_POINT('',#159);
#161=CARTESIAN_POINT('',(5.581949351089405,8.809597426737042,-1.795909929085252));
#162=VERTEX_POINT('',#161);
#163=CARTESIAN_POINT('',(5.440609688525256,8.916812043845217,-2.913452150337057));
#164=CARTESIAN_POINT('',(5.419842994840264,8.932564827398918,-2.902332521960215));
#165=CARTESIAN_POINT('',(5.399980209286610,8.947631930039996,-2.887244772333552));
#166=CARTESIAN_POINT('',(5.381708178161327,8.961492372850929,-2.868228439823997));
#167=CARTESIAN_POINT('',(5.360827997501096,8.977331245474618,-2.838438641848421));
#168=CARTESIAN_POINT('',(5.345328054547271,8.989088881723402,-2.804324291849715));
#169=CARTESIAN_POINT('',(5.341883438734949,8.991701830134614,-2.795771220358320));
#170=CARTESIAN_POINT('',(5.337256951856552,8.995211297526691,-2.782685955844902));
#171=CARTESIAN_POINT('',(5.333447919062821,8.998100677804695,-2.769271451814676));
#172=CARTESIAN_POINT('',(5.332271262855296,8.998993242226241,-2.764772476373978));
#173=CARTESIAN_POINT('',(5.330374859018489,9.000431778070782,-2.756854663405311));
#174=CARTESIAN_POINT('',(5.328763962985486,9.001653739610159,-2.748870171173759));
#175=CARTESIAN_POINT('',(5.328126995283569,9.002136918098616,-2.745445030145421));
#176=CARTESIAN_POINT('',(5.327344133877356,9.002730764997295,-2.740835445563840));
#177=CARTESIAN_POINT('',(5.326662866466193,9.003247547372210,-2.736269441916789));
#178=CARTESIAN_POINT('',(5.326498725734322,9.003372058165370,-2.735129960577780));
#179=CARTESIAN_POINT('',(5.326000186931709,9.003750229030956,-2.731539124626504));
#180=CARTESIAN_POINT('',(5.325547719456147,9.004093454346261,-2.727907699856945));
#181=CARTESIAN_POINT('',(5.325259269754159,9.004312260119606,-2.725440986529723));
#182=CARTESIAN_POINT('',(5.324161025893301,9.005145342253028,-2.715538294365041));
#183=CARTESIAN_POINT('',(5.323261314920845,9.005827832276790,-2.705545060195634));
#184=CARTESIAN_POINT('',(5.322642546730853,9.006297200807733,-2.697988917280954));
#185=CARTESIAN_POINT('',(5.321215128354563,9.007379984273848,-2.676645205299297));
#186=CARTESIAN_POINT('',(5.320685665136360,9.007781612176586,-2.654965917233185));
#187=CARTESIAN_POINT('',(5.320656929000139,9.007803411996965,-2.640863900522864));
#188=CARTESIAN_POINT('',(5.321514343090425,9.007153010165650,-2.600352903702665));
#189=CARTESIAN_POINT('',(5.324898006170824,9.004586301937454,-2.559052487165596));
#190=CARTESIAN_POINT('',(5.328078761274224,9.002170367176269,-2.531966630770324));
#191=CARTESIAN_POINT('',(5.336214221267334,8.995997061586307,-2.477477278402521));
#192=CARTESIAN_POINT('',(5.347496949581606,8.987441200072752,-2.422719481447040));
#193=CARTESIAN_POINT('',(5.353825988087658,8.982642691984836,-2.395365018540253));
#194=CARTESIAN_POINT('',(5.372798535065939,8.968250868986617,-2.320598888609301));
#195=CARTESIAN_POINT('',(5.395769881147825,8.950825737173066,-2.246434738676454));
#196=CARTESIAN_POINT('',(5.411679556809029,8.938757291430417,-2.199508770617507));
#197=CARTESIAN_POINT('',(5.440499401845644,8.916895698402227,-2.120318022239743));
#198=CARTESIAN_POINT('',(5.471619934070818,8.893288914604453,-2.042715674764133));
#199=CARTESIAN_POINT('',(5.484847447121452,8.883255196444006,-2.010841078762099));
#200=CARTESIAN_POINT('',(5.511774905506169,8.862825859814480,-1.947835192570912));
#201=CARTESIAN_POINT('',(5.539516269242036,8.841782017960675,-1.886230080750447));
#202=CARTESIAN_POINT('',(5.553557412442389,8.831134413496315,-1.855754369901175));
#203=CARTESIAN_POINT('',(5.567734158586052,8.820380503431025,-1.825603374260275));
#204=CARTESIAN_POINT('',(5.581949351089405,8.809597426737042,-1.795909929085252));
#205=B_SPLINE_CURVE_WITH_KNOTS('',5,(#163,#164,#165,#166,#167,#168,#169,#170,#171,#172,#173,#174,#175,#176,#177,#178,#179,#180,#181,#182,#183,#184,#185,#186,#187,#188,#189,#190,#191,#192,#193,#194,#195,#196,#197,#198,#199,#200,#201,#202,#203,#204),.UNSPECIFIED.,.F.,.U.,(6,3,3,3,3,3,3,3,3,3,3,3,3,6),(0.0,0.294127654651970,0.388979506542069,0.436319198425231,0.471825468662927,0.483660976097700,0.508982325004014,0.584945641180373,0.722156395738787,0.976229650372730,1.230302905006674,1.673118876180837,1.988479325652414,2.303839775123992),.UNSPECIFIED.);
#206=EDGE_CURVE('',#160,#162,#205,.T.);
#207=ORIENTED_EDGE('',*,*,#206,.T.);
#208=CARTESIAN_POINT('',(6.184672809096480,8.352395509030369,-1.530426798405343));
#209=VERTEX_POINT('',#208);
#210=CARTESIAN_POINT('',(6.184672809096480,8.352395509030369,-1.530426798405343));
#211=CARTESIAN_POINT('',(5.581949351089405,8.809597426737042,-1.795909929085252));
#212=QUASI_UNIFORM_CURVE('',1,(#210,#211),.UNSPECIFIED.,.F.,.U.);
#213=EDGE_CURVE('',#209,#162,#212,.T.);
#214=ORIENTED_EDGE('',*,*,#213,.F.);
#215=CARTESIAN_POINT('',(7.891345092922874,7.057782149128436,-0.775151504282462));
#216=VERTEX_POINT('',#215);
#217=CARTESIAN_POINT('',(6.184672809096480,8.352395509030369,-1.530426798405343));
#218=CARTESIAN_POINT('',(7.891345092922874,7.057782149128436,-0.775151504282462));
#219=QUASI_UNIFORM_CURVE('',1,(#217,#218),.UNSPECIFIED.,.F.,.U.);
#220=EDGE_CURVE('',#209,#216,#219,.T.);
#221=ORIENTED_EDGE('',*,*,#220,.T.);
#222=CARTESIAN_POINT('',(9.794225600470437,5.614333075329197,-1.056343847668427));
#223=VERTEX_POINT('',#222);
#224=CARTESIAN_POINT('',(7.891345092922874,7.057782149128436,-0.775151504282462));
#225=CARTESIAN_POINT('',(7.995327009419007,6.978905624583371,-0.796239988648681));
#226=CARTESIAN_POINT('',(8.101568560034972,6.898315033246144,-0.816715662959599));
#227=CARTESIAN_POINT('',(8.210070447642282,6.816009839413669,-0.836633902000754));
#228=CARTESIAN_POINT('',(8.374986099678893,6.690911417201511,-0.865489188903824));
#229=CARTESIAN_POINT('',(8.543566216170358,6.563033281886691,-0.892944463070392));
#230=CARTESIAN_POINT('',(8.600043862651281,6.520193701712685,-0.901923970609089));
#231=CARTESIAN_POINT('',(8.713689411082209,6.433988554632717,-0.919566051962385));
#232=CARTESIAN_POINT('',(8.828661548806071,6.346773574780328,-0.936576162547640));
#233=CARTESIAN_POINT('',(8.886464752175076,6.302924161833934,-0.944923717659641));
#234=CARTESIAN_POINT('',(8.963794283247287,6.244265070946943,-0.955822502140492));
#235=CARTESIAN_POINT('',(9.041598035572937,6.185246255221446,-0.966436061112407));
#236=CARTESIAN_POINT('',(9.061112137414133,6.170441041009989,-0.969076761214307));
#237=CARTESIAN_POINT('',(9.100353819279194,6.140671687307633,-0.974342375332715));
#238=CARTESIAN_POINT('',(9.139707449756587,6.110821831461652,-0.979535271064163));
#239=CARTESIAN_POINT('',(9.159334454435749,6.095936115106517,-0.982103131481802));
#240=CARTESIAN_POINT('',(9.198274854679111,6.066397484296629,-0.987156404797343));
#241=CARTESIAN_POINT('',(9.237302701533956,6.036792520112630,-0.992137140326516));
#242=CARTESIAN_POINT('',(9.257004441866844,6.021844717622031,-0.994630943150046));
#243=CARTESIAN_POINT('',(9.296657952140970,5.991762788939551,-0.999606702131343));
#244=CARTESIAN_POINT('',(9.336432219385353,5.961594079451203,-1.004512334619516));
#245=CARTESIAN_POINT('',(9.356255746417350,5.946559496154697,-1.006935855286530));
#246=CARTESIAN_POINT('',(9.455179575452496,5.871519834274411,-1.018928929238920));
#247=CARTESIAN_POINT('',(9.554668801589441,5.796051286048399,-1.030474303939611));
#248=CARTESIAN_POINT('',(9.633595216397165,5.736180861452205,-1.039314429971353));
#249=CARTESIAN_POINT('',(9.713833459994165,5.675315338929923,-1.047978433510436));
#250=CARTESIAN_POINT('',(9.794225600470437,5.614333075329197,-1.056343847668427));
#251=B_SPLINE_CURVE_WITH_KNOTS('',5,(#224,#225,#226,#227,#228,#229,#230,#231,#232,#233,#234,#235,#236,#237,#238,#239,#240,#241,#242,#243,#244,#245,#246,#247,#248,#249,#250),.UNSPECIFIED.,.F.,.U.,(6,3,3,3,3,3,3,3,6),(0.0,1.438622092873831,2.156389477341144,2.874156861808459,3.111512643404904,3.348868425001349,3.585658646610340,3.822448868219331,4.777250883792055),.UNSPECIFIED.);
#252=EDGE_CURVE('',#216,#223,#251,.T.);
#253=ORIENTED_EDGE('',*,*,#252,.T.);
#254=CARTESIAN_POINT('',(9.202916374119559,6.062876613254834,-1.581027806171104));
#255=VERTEX_POINT('',#254);
#256=CARTESIAN_POINT('',(9.794225600470437,5.614333075329197,-1.056343847668427));
#257=CARTESIAN_POINT('',(9.202916374119559,6.062876613254834,-1.581027806171104));
#258=QUASI_UNIFORM_CURVE('',1,(#256,#257),.UNSPECIFIED.,.F.,.U.);
#259=EDGE_CURVE('',#223,#255,#258,.T.);
#260=ORIENTED_EDGE('',*,*,#259,.T.);
#261=CARTESIAN_POINT('',(9.073441179328023,6.161091319464991,-1.656580861269961));
#262=VERTEX_POINT('',#261);
#263=CARTESIAN_POINT('',(9.202916374119557,6.062876613254836,-1.581027806171104));
#264=CARTESIAN_POINT('',(9.143661411906445,6.107825058512053,-1.633606265544666));
#265=CARTESIAN_POINT('',(9.073441179328022,6.161091319464994,-1.656580861269960));
#273=(BOUNDED_CURVE()B_SPLINE_CURVE(2,(#263,#264,#265),.UNSPECIFIED.,.F.,.U.)B_SPLINE_CURVE_WITH_KNOTS((3,3),(0.0,0.039370078740157),.UNSPECIFIED.)CURVE()GEOMETRIC_REPRESENTATION_ITEM()RATIONAL_B_SPLINE_CURVE((1.0,0.983809829836527,1.0))REPRESENTATION_ITEM(''));
#274=EDGE_CURVE('',#255,#262,#273,.T.);
#275=ORIENTED_EDGE('',*,*,#274,.T.);
#276=CARTESIAN_POINT('',(6.075156794961681,8.435469978784015,-2.637556985542168));
#277=VERTEX_POINT('',#276);
#278=CARTESIAN_POINT('',(9.073441179328023,6.161091319464991,-1.656580861269961));
#279=CARTESIAN_POINT('',(6.075156794961681,8.435469978784015,-2.637556985542168));
#280=QUASI_UNIFORM_CURVE('',1,(#278,#279),.UNSPECIFIED.,.F.,.U.);
#281=EDGE_CURVE('',#262,#277,#280,.T.);
#282=ORIENTED_EDGE('',*,*,#281,.T.);
#283=CARTESIAN_POINT('',(6.012301439790984,8.483149538191240,-2.661637634254082));
#284=VERTEX_POINT('',#283);
#285=CARTESIAN_POINT('',(6.012301439790985,8.483149538191242,-2.661637634254082));
#286=CARTESIAN_POINT('',(6.043333146532319,8.459610126138555,-2.647969019657148));
#287=CARTESIAN_POINT('',(6.075156794961681,8.435469978784019,-2.637556985542167));
#295=(BOUNDED_CURVE()B_SPLINE_CURVE(2,(#285,#286,#287),.UNSPECIFIED.,.F.,.U.)B_SPLINE_CURVE_WITH_KNOTS((3,3),(0.0,0.039370078740157),.UNSPECIFIED.)CURVE()GEOMETRIC_REPRESENTATION_ITEM()RATIONAL_B_SPLINE_CURVE((1.0,0.999149136302823,1.0))REPRESENTATION_ITEM(''));
#296=EDGE_CURVE('',#284,#277,#295,.T.);
#297=ORIENTED_EDGE('',*,*,#296,.F.);
#298=CARTESIAN_POINT('',(5.440609688525256,8.916812043845217,-2.913452150337057));
#299=CARTESIAN_POINT('',(6.012301439790984,8.483149538191240,-2.661637634254082));
#300=QUASI_UNIFORM_CURVE('',1,(#298,#299),.UNSPECIFIED.,.F.,.U.);
#301=EDGE_CURVE('',#160,#284,#300,.T.);
#302=ORIENTED_EDGE('',*,*,#301,.F.);
#303=EDGE_LOOP('',(#207,#214,#221,#253,#260,#275,#282,#297,#302));
#304=FACE_OUTER_BOUND('',#303,.T.);
#305=ADVANCED_FACE('SLAT_BRACKETS',(#304),#158,.T.);
#306=CARTESIAN_POINT('',(5.341802559319946,8.905287510503678,-2.938633601945354));
#307=CARTESIAN_POINT('',(6.027832660838826,8.384892503718905,-2.636456182645784));
#308=CARTESIAN_POINT('',(5.841458008264743,9.563976917386915,-2.938633601945354));
#309=CARTESIAN_POINT('',(6.527488109783623,9.043581910602143,-2.636456182645784));
#310=QUASI_UNIFORM_SURFACE('',1,1,((#306,#308),(#307,#309)),.UNSPECIFIED.,.F.,.F.,.U.);
#311=CARTESIAN_POINT('',(5.440609688525256,8.916812043845217,-2.913452150337057));
#312=CARTESIAN_POINT('',(5.856989229312583,9.465719882914579,-2.913452150337057));
#313=QUASI_UNIFORM_CURVE('',1,(#311,#312),.UNSPECIFIED.,.F.,.U.);
#314=EDGE_CURVE('',#160,#11,#313,.T.);
#315=ORIENTED_EDGE('',*,*,#314,.F.);
#316=ORIENTED_EDGE('',*,*,#301,.T.);
#317=CARTESIAN_POINT('',(6.012301439790984,8.483149538191240,-2.661637634254082));
#318=CARTESIAN_POINT('',(6.428680980578315,9.032057377260601,-2.661637634254082));
#319=QUASI_UNIFORM_CURVE('',1,(#317,#318),.UNSPECIFIED.,.F.,.U.);
#320=EDGE_CURVE('',#284,#60,#319,.T.);
#321=ORIENTED_EDGE('',*,*,#320,.T.);
#322=ORIENTED_EDGE('',*,*,#64,.F.);
#323=EDGE_LOOP('',(#315,#316,#321,#322));
#324=FACE_OUTER_BOUND('',#323,.T.);
#325=ADVANCED_FACE('SLAT_BRACKETS',(#324),#310,.T.);
#326=CARTESIAN_POINT('',(6.080260756684413,8.409979399697955,-2.632689460287817));
#327=CARTESIAN_POINT('',(6.517459274511110,8.986332630720788,-2.632689460287817));
#328=CARTESIAN_POINT('',(6.058956120188864,8.426140245161001,-2.639089612671833));
#329=CARTESIAN_POINT('',(6.496154638015562,9.002493476183833,-2.639089612671833));
#330=CARTESIAN_POINT('',(6.037849110408036,8.442151178899596,-2.646466634756073));
#331=CARTESIAN_POINT('',(6.475047628234732,9.018504409922429,-2.646466634756073));
#332=CARTESIAN_POINT('',(6.016971617976812,8.457988009953134,-2.654809380579063));
#333=CARTESIAN_POINT('',(6.454170135803508,9.034341240975966,-2.654809380579063));
#334=CARTESIAN_POINT('',(5.996355186751737,8.473626810413203,-2.664105245064869));
#335=CARTESIAN_POINT('',(6.433553704578434,9.049980041436035,-2.664105245064869));
#343=(BOUNDED_SURFACE()B_SPLINE_SURFACE(1,4,((#326,#328,#330,#332,#334),(#327,#329,#331,#333,#335)),.UNSPECIFIED.,.F.,.F.,.U.)B_SPLINE_SURFACE_WITH_KNOTS((2,2),(5,5),(0.0,1.0),(0.0,0.109962667326551),.UNSPECIFIED.)GEOMETRIC_REPRESENTATION_ITEM()RATIONAL_B_SPLINE_SURFACE(((1.000377904077552,0.999999964303872,0.999874079568987,0.999999964303872,1.000377904077552),(1.000377904077552,0.999999964303872,0.999874079568987,0.999999964303872,1.000377904077552)))REPRESENTATION_ITEM('')SURFACE());
#344=ORIENTED_EDGE('',*,*,#320,.F.);
#345=ORIENTED_EDGE('',*,*,#296,.T.);
#346=CARTESIAN_POINT('',(6.075156794961681,8.435469978784015,-2.637556985542168));
#347=CARTESIAN_POINT('',(6.491536335749007,8.984377817853378,-2.637556985542168));
#348=QUASI_UNIFORM_CURVE('',1,(#346,#347),.UNSPECIFIED.,.F.,.U.);
#349=EDGE_CURVE('',#277,#67,#348,.T.);
#350=ORIENTED_EDGE('',*,*,#349,.T.);
#351=ORIENTED_EDGE('',*,*,#79,.F.);
#352=EDGE_LOOP('',(#344,#345,#350,#351));
#353=FACE_OUTER_BOUND('',#352,.T.);
#354=ADVANCED_FACE('SLAT_BRACKETS',(#353),#343,.T.);
#355=CARTESIAN_POINT('',(9.331631663685924,5.878762669626152,-1.558483248842739));
#356=CARTESIAN_POINT('',(5.733690402446311,8.608017060808983,-2.735654597969389));
#357=CARTESIAN_POINT('',(9.831287112630720,6.537452076509387,-1.558483248842739));
#358=CARTESIAN_POINT('',(6.233345851391107,9.266706467692217,-2.735654597969389));
#359=B_SPLINE_SURFACE_WITH_KNOTS('',1,1,((#355,#357),(#356,#358)),.UNSPECIFIED.,.F.,.F.,.U.,(2,2),(2,2),(0.0,4.666877246759970),(0.0,1.0),.UNSPECIFIED.);
#360=CARTESIAN_POINT('',(9.073441179328023,6.161091319464991,-1.656580861269961));
#361=CARTESIAN_POINT('',(9.489820720115350,6.709999158534354,-1.656580861269961));
#362=QUASI_UNIFORM_CURVE('',1,(#360,#361),.UNSPECIFIED.,.F.,.U.);
#363=EDGE_CURVE('',#262,#82,#362,.T.);
#364=ORIENTED_EDGE('',*,*,#363,.T.);
#365=ORIENTED_EDGE('',*,*,#86,.T.);
#366=ORIENTED_EDGE('',*,*,#349,.F.);
#367=ORIENTED_EDGE('',*,*,#281,.F.);
#368=EDGE_LOOP('',(#364,#365,#366,#367));
#369=FACE_OUTER_BOUND('',#368,.T.);
#370=ADVANCED_FACE('SLAT_BRACKETS',(#369),#359,.F.);
#371=CARTESIAN_POINT('',(9.042877326564886,6.162656918409995,-1.662477700207130));
#372=CARTESIAN_POINT('',(9.480075844391584,6.739010149432829,-1.662477700207129));
#373=CARTESIAN_POINT('',(9.087763278316274,6.128608230000427,-1.650878951888561));
#374=CARTESIAN_POINT('',(9.524961796142971,6.704961461023260,-1.650878951888561));
#375=CARTESIAN_POINT('',(9.130843731420958,6.095929120678448,-1.630778365713137));
#376=CARTESIAN_POINT('',(9.568042249247656,6.672282351701282,-1.630778365713137));
#377=CARTESIAN_POINT('',(9.170993294309746,6.065473267494081,-1.602701029710057));
#378=CARTESIAN_POINT('',(9.608191812136443,6.641826498516915,-1.602701029710057));
#379=CARTESIAN_POINT('',(9.207163139119281,6.038036269331182,-1.567380408709566));
#380=CARTESIAN_POINT('',(9.644361656945980,6.614389500354015,-1.567380408709566));
#388=(BOUNDED_SURFACE()B_SPLINE_SURFACE(1,4,((#371,#373,#375,#377,#379),(#372,#374,#376,#378,#380)),.UNSPECIFIED.,.F.,.F.,.U.)B_SPLINE_SURFACE_WITH_KNOTS((2,2),(5,5),(0.0,1.0),(0.0,0.229325224708044),.UNSPECIFIED.)GEOMETRIC_REPRESENTATION_ITEM()RATIONAL_B_SPLINE_SURFACE(((1.006584560907303,0.999989196428622,0.997819551126070,0.999989196428622,1.006584560907303),(1.006584560907303,0.999989196428622,0.997819551126070,0.999989196428622,1.006584560907303)))REPRESENTATION_ITEM('')SURFACE());
#389=CARTESIAN_POINT('',(9.202916374119559,6.062876613254834,-1.581027806171104));
#390=CARTESIAN_POINT('',(9.619295914906886,6.611784452324197,-1.581027806171104));
#391=QUASI_UNIFORM_CURVE('',1,(#389,#390),.UNSPECIFIED.,.F.,.U.);
#392=EDGE_CURVE('',#255,#89,#391,.T.);
#393=ORIENTED_EDGE('',*,*,#392,.T.);
#394=ORIENTED_EDGE('',*,*,#101,.T.);
#395=ORIENTED_EDGE('',*,*,#363,.F.);
#396=ORIENTED_EDGE('',*,*,#274,.F.);
#397=EDGE_LOOP('',(#393,#394,#395,#396));
#398=FACE_OUTER_BOUND('',#397,.T.);
#399=ADVANCED_FACE('SLAT_BRACKETS',(#398),#388,.F.);
#400=CARTESIAN_POINT('',(9.811718569026791,5.514587937629696,-1.003875451818158));
#401=CARTESIAN_POINT('',(9.102147497405735,6.052840183140463,-1.633496202021371));
#402=CARTESIAN_POINT('',(10.311374017971589,6.173277344512933,-1.003875451818159));
#403=CARTESIAN_POINT('',(9.601802946350530,6.711529590023700,-1.633496202021372));
#404=QUASI_UNIFORM_SURFACE('',1,1,((#400,#402),(#401,#403)),.UNSPECIFIED.,.F.,.F.,.U.);
#405=CARTESIAN_POINT('',(9.794225600470437,5.614333075329197,-1.056343847668427));
#406=CARTESIAN_POINT('',(10.210605141257760,6.163240914398560,-1.056343847668427));
#407=QUASI_UNIFORM_CURVE('',1,(#405,#406),.UNSPECIFIED.,.F.,.U.);
#408=EDGE_CURVE('',#223,#104,#407,.T.);
#409=ORIENTED_EDGE('',*,*,#408,.T.);
#410=ORIENTED_EDGE('',*,*,#108,.T.);
#411=ORIENTED_EDGE('',*,*,#392,.F.);
#412=ORIENTED_EDGE('',*,*,#259,.F.);
#413=EDGE_LOOP('',(#409,#410,#411,#412));
#414=FACE_OUTER_BOUND('',#413,.T.);
#415=ADVANCED_FACE('SLAT_BRACKETS',(#414),#404,.F.);
#416=CARTESIAN_POINT('',(5.972367601272335,8.426966080352813,-1.605954339041740));
#417=CARTESIAN_POINT('',(8.020374646217252,6.873429817600287,-0.699623851404987));
#418=CARTESIAN_POINT('',(6.472023050217132,9.085655487236048,-1.605954339041739));
#419=CARTESIAN_POINT('',(8.520030095162049,7.532119224483522,-0.699623851404987));
#420=B_SPLINE_SURFACE_WITH_KNOTS('',1,1,((#416,#418),(#417,#419)),.UNSPECIFIED.,.F.,.F.,.U.,(2,2),(2,2),(0.0,2.725663722591430),(0.0,1.0),.UNSPECIFIED.);
#421=CARTESIAN_POINT('',(6.184672809096480,8.352395509030369,-1.530426798405343));
#422=CARTESIAN_POINT('',(6.601052349883807,8.901303348099733,-1.530426798405343));
#423=QUASI_UNIFORM_CURVE('',1,(#421,#422),.UNSPECIFIED.,.F.,.U.);
#424=EDGE_CURVE('',#209,#140,#423,.T.);
#425=ORIENTED_EDGE('',*,*,#424,.T.);
#426=ORIENTED_EDGE('',*,*,#144,.T.);
#427=CARTESIAN_POINT('',(7.891345092922874,7.057782149128436,-0.775151504282462));
#428=CARTESIAN_POINT('',(8.307724727254579,7.606689917244740,-0.775150768720379));
#429=B_SPLINE_CURVE_WITH_KNOTS('',1,(#427,#428),.UNSPECIFIED.,.F.,.U.,(2,2),(0.0,0.974342896078552),.UNSPECIFIED.);
#430=EDGE_CURVE('',#216,#111,#429,.T.);
#431=ORIENTED_EDGE('',*,*,#430,.F.);
#432=ORIENTED_EDGE('',*,*,#220,.F.);
#433=EDGE_LOOP('',(#425,#426,#431,#432));
#434=FACE_OUTER_BOUND('',#433,.T.);
#435=ADVANCED_FACE('SLAT_BRACKETS',(#434),#420,.F.);
#436=CARTESIAN_POINT('',(6.203307200818455,8.251784533352765,-1.503878485337351));
#437=CARTESIAN_POINT('',(5.480039051209961,8.800426834600776,-1.822458242153243));
#438=CARTESIAN_POINT('',(6.702962649763252,8.910473940235999,-1.503878485337350));
#439=CARTESIAN_POINT('',(5.979694500154758,9.459116241484010,-1.822458242153242));
#440=QUASI_UNIFORM_SURFACE('',1,1,((#436,#438),(#437,#439)),.UNSPECIFIED.,.F.,.F.,.U.);
#441=ORIENTED_EDGE('',*,*,#424,.F.);
#442=ORIENTED_EDGE('',*,*,#213,.T.);
#443=CARTESIAN_POINT('',(5.581949351089405,8.809597426737042,-1.795909929085252));
#444=CARTESIAN_POINT('',(5.998328891876732,9.358505265806405,-1.795909929085252));
#445=QUASI_UNIFORM_CURVE('',1,(#443,#444),.UNSPECIFIED.,.F.,.U.);
#446=EDGE_CURVE('',#162,#13,#445,.T.);
#447=ORIENTED_EDGE('',*,*,#446,.T.);
#448=ORIENTED_EDGE('',*,*,#149,.F.);
#449=EDGE_LOOP('',(#441,#442,#447,#448));
#450=FACE_OUTER_BOUND('',#449,.T.);
#451=ADVANCED_FACE('SLAT_BRACKETS',(#450),#440,.T.);
#452=CARTESIAN_POINT('',(28.008353443516661,28.460596581622720,-1.439127193537055));
#453=CARTESIAN_POINT('',(22.597510287517100,32.565045868386612,-3.209442236330763));
#454=CARTESIAN_POINT('',(27.696477537683379,28.697173174650899,0.062598869256466));
#455=CARTESIAN_POINT('',(22.285634381683810,32.801622461414787,-1.707716173537242));
#456=B_SPLINE_SURFACE_WITH_KNOTS('',1,1,((#452,#454),(#453,#455)),.UNSPECIFIED.,.F.,.F.,.U.,(2,2),(2,2),(0.0,7.018386064985713),(0.0,1.0),.UNSPECIFIED.);
#457=CARTESIAN_POINT('',(23.837763263239971,31.624239547662238,-1.530426798405343));
#458=VERTEX_POINT('',#457);
#459=CARTESIAN_POINT('',(23.235074230571151,32.081415351683667,-1.795894765669172));
#460=VERTEX_POINT('',#459);
#461=CARTESIAN_POINT('',(23.837763263239971,31.624239547662238,-1.530426798405343));
#462=CARTESIAN_POINT('',(23.235074230571151,32.081415351683667,-1.795894765669172));
#463=QUASI_UNIFORM_CURVE('',1,(#461,#462),.UNSPECIFIED.,.F.,.U.);
#464=EDGE_CURVE('',#458,#460,#463,.T.);
#465=ORIENTED_EDGE('',*,*,#464,.T.);
#466=CARTESIAN_POINT('',(23.093700142668752,32.188656082477088,-2.913452150337056));
#467=VERTEX_POINT('',#466);
#468=CARTESIAN_POINT('',(23.093700142668752,32.188656082477088,-2.913452150337056));
#469=CARTESIAN_POINT('',(23.072934172455810,32.204408317231547,-2.902329712358809));
#470=CARTESIAN_POINT('',(23.053072692757851,32.219474429302302,-2.887239132255357));
#471=CARTESIAN_POINT('',(23.034802577863250,32.233333418536603,-2.868220177469930));
#472=CARTESIAN_POINT('',(23.013924163300779,32.249170951460108,-2.838425567456132));
#473=CARTESIAN_POINT('',(22.998427093048608,32.260926408590187,-2.804306872092871));
#474=CARTESIAN_POINT('',(22.994986686144930,32.263536164290947,-2.795761642797539));
#475=CARTESIAN_POINT('',(22.989590450674111,32.267629532090957,-2.780494710933517));
#476=CARTESIAN_POINT('',(22.985306900419531,32.270878862560082,-2.764779836997722));
#477=CARTESIAN_POINT('',(22.983681136319611,32.272112102424551,-2.757986970803075));
#478=CARTESIAN_POINT('',(22.982037765816301,32.273358697077768,-2.750043635753397));
#479=CARTESIAN_POINT('',(22.980678973914479,32.274389422369651,-2.742056548432666));
#480=CARTESIAN_POINT('',(22.980464072698489,32.274552437864820,-2.740751787337025));
#481=CARTESIAN_POINT('',(22.980104579849041,32.274825134693877,-2.738494970268194));
#482=CARTESIAN_POINT('',(22.979769668773930,32.275079184921353,-2.736248680914786));
#483=CARTESIAN_POINT('',(22.979606787073049,32.275202740664383,-2.735117134579595));
#484=CARTESIAN_POINT('',(22.979112907879799,32.275577376942728,-2.731557603950489));
#485=CARTESIAN_POINT('',(22.978664236640931,32.275917722547128,-2.727958155257022));
#486=CARTESIAN_POINT('',(22.978359381077919,32.276148973168269,-2.725350423274370));
#487=CARTESIAN_POINT('',(22.977814561015020,32.276562251030533,-2.720431403249483));
#488=CARTESIAN_POINT('',(22.977318663928461,32.276938419601031,-2.715489996951468));
#489=CARTESIAN_POINT('',(22.977079272266739,32.277120012101619,-2.712995616449088));
#490=CARTESIAN_POINT('',(22.976390378799501,32.277642579162048,-2.705497834759328));
#491=CARTESIAN_POINT('',(22.975788234425782,32.278099341771750,-2.697945523416700));
#492=CARTESIAN_POINT('',(22.975424215829840,32.278375471602459,-2.692868878619457));
#493=CARTESIAN_POINT('',(22.974261730329470,32.279257287174048,-2.674018645206262));
#494=CARTESIAN_POINT('',(22.973797060741891,32.279609765458318,-2.654907805458960));
#495=CARTESIAN_POINT('',(22.973769293487699,32.279630830299908,-2.640837143936387));
#496=CARTESIAN_POINT('',(22.974775118346731,32.278867849689973,-2.593453549995848));
#497=CARTESIAN_POINT('',(22.979236515464660,32.275483617079303,-2.544990143070503));
#498=CARTESIAN_POINT('',(22.983874763848171,32.271965228532594,-2.510827823453629));
#499=CARTESIAN_POINT('',(22.993579727658080,32.264603423428191,-2.454771223583976));
#500=CARTESIAN_POINT('',(23.006294120993129,32.254958797766029,-2.398618759552911));
#501=CARTESIAN_POINT('',(23.011619132291798,32.250921728705187,-2.376913941409887));
#502=CARTESIAN_POINT('',(23.022990883937641,32.242297199964788,-2.333597036864445));
#503=CARTESIAN_POINT('',(23.035677967887018,32.232671314338333,-2.290494158970656));
#504=CARTESIAN_POINT('',(23.042317556942319,32.227632859155896,-2.269003620598608));
#505=CARTESIAN_POINT('',(23.072566848877109,32.204686949164348,-2.175220525052041));
#506=CARTESIAN_POINT('',(23.107408868356242,32.178257208268903,-2.083110866164165));
#507=CARTESIAN_POINT('',(23.135908716396681,32.156638359308637,-2.013665080051363));
#508=CARTESIAN_POINT('',(23.173283912046589,32.128287013479287,-1.928070462278744));
#509=CARTESIAN_POINT('',(23.211610721391420,32.099213832512064,-1.845408929632036));
#510=CARTESIAN_POINT('',(23.219414330482230,32.093294324952481,-1.828769203759742));
#511=CARTESIAN_POINT('',(23.227238439689462,32.087359269362693,-1.812262476436094));
#512=CARTESIAN_POINT('',(23.235074230571151,32.081415351683667,-1.795894765669172));
#513=B_SPLINE_CURVE_WITH_KNOTS('',5,(#468,#469,#470,#471,#472,#473,#474,#475,#476,#477,#478,#479,#480,#481,#482,#483,#484,#485,#486,#487,#488,#489,#490,#491,#492,#493,#494,#495,#496,#497,#498,#499,#500,#501,#502,#503,#504,#505,#506,#507,#508,#509,#510,#511,#512),.UNSPECIFIED.,.F.,.U.,(6,3,3,3,3,3,3,3,3,3,3,3,3,3,6),(0.0,0.294136765900085,0.389017173838355,0.460035159665978,0.471469892652250,0.483326812359249,0.508302577322718,0.533636317667606,0.584265194716567,0.721550031226422,1.041919925044203,1.244259366643076,1.446598808241951,2.129798703684456,2.303626697178329),.UNSPECIFIED.);
#514=EDGE_CURVE('',#467,#460,#513,.T.);
#515=ORIENTED_EDGE('',*,*,#514,.F.);
#516=CARTESIAN_POINT('',(23.665391893934480,31.754993576823111,-2.661637634254081));
#517=VERTEX_POINT('',#516);
#518=CARTESIAN_POINT('',(23.093700142668752,32.188656082477088,-2.913452150337056));
#519=CARTESIAN_POINT('',(23.665391893934480,31.754993576823111,-2.661637634254081));
#520=QUASI_UNIFORM_CURVE('',1,(#518,#519),.UNSPECIFIED.,.F.,.U.);
#521=EDGE_CURVE('',#467,#517,#520,.T.);
#522=ORIENTED_EDGE('',*,*,#521,.T.);
#523=CARTESIAN_POINT('',(23.728247249105159,31.707314017415900,-2.637556985542164));
#524=VERTEX_POINT('',#523);
#525=CARTESIAN_POINT('',(23.665391893934480,31.754993576823111,-2.661637634254076));
#526=CARTESIAN_POINT('',(23.696423600675800,31.731454164770433,-2.647969019657144));
#527=CARTESIAN_POINT('',(23.728247249105159,31.707314017415900,-2.637556985542164));
#535=(BOUNDED_CURVE()B_SPLINE_CURVE(2,(#525,#526,#527),.UNSPECIFIED.,.F.,.U.)B_SPLINE_CURVE_WITH_KNOTS((3,3),(0.0,0.039370078740157),.UNSPECIFIED.)CURVE()GEOMETRIC_REPRESENTATION_ITEM()RATIONAL_B_SPLINE_CURVE((1.0,0.999149136302824,1.0))REPRESENTATION_ITEM(''));
#536=EDGE_CURVE('',#517,#524,#535,.T.);
#537=ORIENTED_EDGE('',*,*,#536,.T.);
#538=CARTESIAN_POINT('',(26.726531633471520,29.432935358096870,-1.656580861269960));
#539=VERTEX_POINT('',#538);
#540=CARTESIAN_POINT('',(26.726531633471520,29.432935358096870,-1.656580861269960));
#541=CARTESIAN_POINT('',(23.728247249105159,31.707314017415900,-2.637556985542164));
#542=QUASI_UNIFORM_CURVE('',1,(#540,#541),.UNSPECIFIED.,.F.,.U.);
#543=EDGE_CURVE('',#539,#524,#542,.T.);
#544=ORIENTED_EDGE('',*,*,#543,.F.);
#545=CARTESIAN_POINT('',(26.856006828263059,29.334720651886720,-1.581027806171096));
#546=VERTEX_POINT('',#545);
#547=CARTESIAN_POINT('',(26.856006828263059,29.334720651886720,-1.581027806171097));
#548=CARTESIAN_POINT('',(26.796751866049949,29.379669097143935,-1.633606265544660));
#549=CARTESIAN_POINT('',(26.726531633471520,29.432935358096870,-1.656580861269954));
#557=(BOUNDED_CURVE()B_SPLINE_CURVE(2,(#547,#548,#549),.UNSPECIFIED.,.F.,.U.)B_SPLINE_CURVE_WITH_KNOTS((3,3),(0.0,0.039370078740157),.UNSPECIFIED.)CURVE()GEOMETRIC_REPRESENTATION_ITEM()RATIONAL_B_SPLINE_CURVE((1.0,0.983809829836526,1.0))REPRESENTATION_ITEM(''));
#558=EDGE_CURVE('',#546,#539,#557,.T.);
#559=ORIENTED_EDGE('',*,*,#558,.F.);
#560=CARTESIAN_POINT('',(27.447316054613939,28.886177113961079,-1.056343847668427));
#561=VERTEX_POINT('',#560);
#562=CARTESIAN_POINT('',(27.447316054613939,28.886177113961079,-1.056343847668427));
#563=CARTESIAN_POINT('',(26.856006828263059,29.334720651886720,-1.581027806171096));
#564=QUASI_UNIFORM_CURVE('',1,(#562,#563),.UNSPECIFIED.,.F.,.U.);
#565=EDGE_CURVE('',#561,#546,#564,.T.);
#566=ORIENTED_EDGE('',*,*,#565,.F.);
#567=CARTESIAN_POINT('',(25.544435547066371,30.329626187760311,-0.775151504282461));
#568=VERTEX_POINT('',#567);
#569=CARTESIAN_POINT('',(25.544435547066371,30.329626187760311,-0.775151504282461));
#570=CARTESIAN_POINT('',(25.641273428169299,30.256168842838299,-0.794791162171253));
#571=CARTESIAN_POINT('',(25.740071132316181,30.181224855642231,-0.813899313186759));
#572=CARTESIAN_POINT('',(25.840852610511000,30.104776055645591,-0.832524610165972));
#573=CARTESIAN_POINT('',(25.996995074909599,29.986332623156489,-0.860119573721355));
#574=CARTESIAN_POINT('',(26.156512523812101,29.865329065021118,-0.886452465151205));
#575=CARTESIAN_POINT('',(26.212065194525419,29.823191440961221,-0.895407706499039));
#576=CARTESIAN_POINT('',(26.323857927681470,29.738391841473302,-0.913009060260162));
#577=CARTESIAN_POINT('',(26.436987757898009,29.652574001535001,-0.929996391583754));
#578=CARTESIAN_POINT('',(26.493876636811549,29.609418137024651,-0.938337660870643));
#579=CARTESIAN_POINT('',(26.589716607655149,29.536717766492149,-0.952057517504628));
#580=CARTESIAN_POINT('',(26.686313833046562,29.463442973666730,-0.965337428370048));
#581=CARTESIAN_POINT('',(26.724997261015769,29.434099271817370,-0.970568863194872));
#582=CARTESIAN_POINT('',(26.803253179560759,29.374737460522582,-0.980978368550218));
#583=CARTESIAN_POINT('',(26.881871933714478,29.315100417126711,-0.991091929810944));
#584=CARTESIAN_POINT('',(26.921197713296699,29.285269453079732,-0.996066176517394));
#585=CARTESIAN_POINT('',(26.999963000061278,29.225521255307129,-1.005861271881777));
#586=CARTESIAN_POINT('',(27.079174155498809,29.165434840093361,-1.015379183132145));
#587=CARTESIAN_POINT('',(27.119559788186539,29.134799913923931,-1.020147558900005));
#588=CARTESIAN_POINT('',(27.208627842900849,29.067236447977319,-1.030480132671336));
#589=CARTESIAN_POINT('',(27.298055213929018,28.999400420562921,-1.040447661082694));
#590=CARTESIAN_POINT('',(27.347740346321231,28.961711264720961,-1.045861451244524));
#591=CARTESIAN_POINT('',(27.397498651374789,28.923966604304749,-1.051159979313131));
#592=CARTESIAN_POINT('',(27.447316054613939,28.886177113961079,-1.056343847668427));
#593=B_SPLINE_CURVE_WITH_KNOTS('',5,(#569,#570,#571,#572,#573,#574,#575,#576,#577,#578,#579,#580,#581,#582,#583,#584,#585,#586,#587,#588,#589,#590,#591,#592),.UNSPECIFIED.,.F.,.U.,(6,3,3,3,3,3,3,6),(1.975028E-10,1.339783703678618,2.048605714978565,2.757427726278514,3.236092513261076,3.713508964832260,4.188775485995142,4.780447218087650),.UNSPECIFIED.);
#594=EDGE_CURVE('',#568,#561,#593,.T.);
#595=ORIENTED_EDGE('',*,*,#594,.F.);
#596=CARTESIAN_POINT('',(23.837763263239971,31.624239547662238,-1.530426798405343));
#597=CARTESIAN_POINT('',(25.544435547066371,30.329626187760311,-0.775151504282461));
#598=QUASI_UNIFORM_CURVE('',1,(#596,#597),.UNSPECIFIED.,.F.,.U.);
#599=EDGE_CURVE('',#458,#568,#598,.T.);
#600=ORIENTED_EDGE('',*,*,#599,.F.);
#601=EDGE_LOOP('',(#465,#515,#522,#537,#544,#559,#566,#595,#600));
#602=FACE_OUTER_BOUND('',#601,.T.);
#603=ADVANCED_FACE('SLAT_BRACKETS',(#602),#456,.F.);
#604=CARTESIAN_POINT('',(27.591973946787132,27.911688709132861,-1.439127179122264));
#605=CARTESIAN_POINT('',(22.181130262093959,32.016138396942587,-3.209442394893495));
#606=CARTESIAN_POINT('',(27.280098040953849,28.148265302161050,0.062598883671258));
#607=CARTESIAN_POINT('',(21.869254356260679,32.252714989970777,-1.707716332099974));
#608=B_SPLINE_SURFACE_WITH_KNOTS('',1,1,((#604,#606),(#605,#607)),.UNSPECIFIED.,.F.,.F.,.U.,(2,2),(2,2),(0.0,7.018386750752375),(0.0,1.0),.UNSPECIFIED.);
#609=CARTESIAN_POINT('',(23.421383722452639,31.075331708592870,-1.530426798405343));
#610=VERTEX_POINT('',#609);
#611=CARTESIAN_POINT('',(22.818694090852119,31.532507966939949,-1.795895029482138));
#612=VERTEX_POINT('',#611);
#613=CARTESIAN_POINT('',(23.421383722452639,31.075331708592870,-1.530426798405343));
#614=CARTESIAN_POINT('',(22.818694090852119,31.532507966939949,-1.795895029482138));
#615=QUASI_UNIFORM_CURVE('',1,(#613,#614),.UNSPECIFIED.,.F.,.U.);
#616=EDGE_CURVE('',#610,#612,#615,.T.);
#617=ORIENTED_EDGE('',*,*,#616,.F.);
#618=CARTESIAN_POINT('',(25.128056006279039,29.780718348690950,-0.775151504282462));
#619=VERTEX_POINT('',#618);
#620=CARTESIAN_POINT('',(23.421383722452639,31.075331708592870,-1.530426798405343));
#621=CARTESIAN_POINT('',(25.128056006279039,29.780718348690950,-0.775151504282462));
#622=QUASI_UNIFORM_CURVE('',1,(#620,#621),.UNSPECIFIED.,.F.,.U.);
#623=EDGE_CURVE('',#610,#619,#622,.T.);
#624=ORIENTED_EDGE('',*,*,#623,.T.);
#625=CARTESIAN_POINT('',(27.030936513826600,28.337269274891710,-1.056343847668428));
#626=VERTEX_POINT('',#625);
#627=CARTESIAN_POINT('',(25.128056006279039,29.780718348690950,-0.775151504282462));
#628=CARTESIAN_POINT('',(25.224893899869070,29.707260994296700,-0.794791163541228));
#629=CARTESIAN_POINT('',(25.323691616534209,29.632316997606459,-0.813899316008938));
#630=CARTESIAN_POINT('',(25.424473106059430,29.555868189013228,-0.832524614269843));
#631=CARTESIAN_POINT('',(25.580615587549630,29.437424743559362,-0.860119579710555));
#632=CARTESIAN_POINT('',(25.740133053470029,29.316421172514769,-0.886452473019285));
#633=CARTESIAN_POINT('',(25.795685728129339,29.274283545476159,-0.895407714709963));
#634=CARTESIAN_POINT('',(25.907478468861520,29.189483940254330,-0.913009069140286));
#635=CARTESIAN_POINT('',(26.020608306504322,29.103666094671109,-0.929996401161940));
#636=CARTESIAN_POINT('',(26.077497189208390,29.060510227271191,-0.938337670820967));
#637=CARTESIAN_POINT('',(26.173337163714390,28.987809853957732,-0.952057527698838));
#638=CARTESIAN_POINT('',(26.269934392648739,28.914535058446589,-0.965337438832194));
#639=CARTESIAN_POINT('',(26.308617823182750,28.885191354650239,-0.970568873926994));
#640=CARTESIAN_POINT('',(26.386873741432630,28.825829543580820,-0.980978379107973));
#641=CARTESIAN_POINT('',(26.465492495067849,28.766192500576761,-0.991091940214900));
#642=CARTESIAN_POINT('',(26.504818274763348,28.736361536444669,-0.996066186903504));
#643=CARTESIAN_POINT('',(26.583583594806239,28.676613313428241,-1.005861286361789));
#644=CARTESIAN_POINT('',(26.662794783604649,28.616526872908519,-1.015379201477344));
#645=CARTESIAN_POINT('',(26.703180283864000,28.585892047194140,-1.020147561615125));
#646=CARTESIAN_POINT('',(26.792248351447110,28.518328571485071,-1.030480137065247));
#647=CARTESIAN_POINT('',(26.881675735251921,28.450492534379691,-1.040447667063551));
#648=CARTESIAN_POINT('',(26.931360847035620,28.412803394169892,-1.045861455126397));
#649=CARTESIAN_POINT('',(26.981119131378470,28.375058749464070,-1.051159981201579));
#650=CARTESIAN_POINT('',(27.030936513826600,28.337269274891710,-1.056343847668428));
#651=B_SPLINE_CURVE_WITH_KNOTS('',5,(#627,#628,#629,#630,#631,#632,#633,#634,#635,#636,#637,#638,#639,#640,#641,#642,#643,#644,#645,#646,#647,#648,#649,#650),.UNSPECIFIED.,.F.,.U.,(6,3,3,3,3,3,3,6),(1.936301E-10,1.339783839690486,2.048605889648022,2.757427939605558,3.236092714767458,3.713509162218432,4.188776077878437,4.780447563045512),.UNSPECIFIED.);
#652=EDGE_CURVE('',#619,#626,#651,.T.);
#653=ORIENTED_EDGE('',*,*,#652,.T.);
#654=CARTESIAN_POINT('',(26.439627287475730,28.785812812817351,-1.581027806171096));
#655=VERTEX_POINT('',#654);
#656=CARTESIAN_POINT('',(27.030936513826600,28.337269274891710,-1.056343847668428));
#657=CARTESIAN_POINT('',(26.439627287475730,28.785812812817351,-1.581027806171096));
#658=QUASI_UNIFORM_CURVE('',1,(#656,#657),.UNSPECIFIED.,.F.,.U.);
#659=EDGE_CURVE('',#626,#655,#658,.T.);
#660=ORIENTED_EDGE('',*,*,#659,.T.);
#661=CARTESIAN_POINT('',(26.310152092684191,28.884027519027509,-1.656580861269961));
#662=VERTEX_POINT('',#661);
#663=CARTESIAN_POINT('',(26.439627287475730,28.785812812817351,-1.581027806171097));
#664=CARTESIAN_POINT('',(26.380372325262616,28.830761258074578,-1.633606265544659));
#665=CARTESIAN_POINT('',(26.310152092684191,28.884027519027519,-1.656580861269954));
#673=(BOUNDED_CURVE()B_SPLINE_CURVE(2,(#663,#664,#665),.UNSPECIFIED.,.F.,.U.)B_SPLINE_CURVE_WITH_KNOTS((3,3),(0.0,0.039370078740157),.UNSPECIFIED.)CURVE()GEOMETRIC_REPRESENTATION_ITEM()RATIONAL_B_SPLINE_CURVE((1.0,0.983809829836527,1.0))REPRESENTATION_ITEM(''));
#674=EDGE_CURVE('',#655,#662,#673,.T.);
#675=ORIENTED_EDGE('',*,*,#674,.T.);
#676=CARTESIAN_POINT('',(23.311867708317831,31.158406178346539,-2.637556985542165));
#677=VERTEX_POINT('',#676);
#678=CARTESIAN_POINT('',(26.310152092684191,28.884027519027509,-1.656580861269961));
#679=CARTESIAN_POINT('',(23.311867708317831,31.158406178346539,-2.637556985542165));
#680=QUASI_UNIFORM_CURVE('',1,(#678,#679),.UNSPECIFIED.,.F.,.U.);
#681=EDGE_CURVE('',#662,#677,#680,.T.);
#682=ORIENTED_EDGE('',*,*,#681,.T.);
#683=CARTESIAN_POINT('',(23.249012353147151,31.206085737753749,-2.661637634254082));
#684=VERTEX_POINT('',#683);
#685=CARTESIAN_POINT('',(23.249012353147151,31.206085737753749,-2.661637634254077));
#686=CARTESIAN_POINT('',(23.280044059888482,31.182546325701065,-2.647969019657145));
#687=CARTESIAN_POINT('',(23.311867708317831,31.158406178346539,-2.637556985542165));
#695=(BOUNDED_CURVE()B_SPLINE_CURVE(2,(#685,#686,#687),.UNSPECIFIED.,.F.,.U.)B_SPLINE_CURVE_WITH_KNOTS((3,3),(0.0,0.039370078740157),.UNSPECIFIED.)CURVE()GEOMETRIC_REPRESENTATION_ITEM()RATIONAL_B_SPLINE_CURVE((1.0,0.999149136302824,1.0))REPRESENTATION_ITEM(''));
#696=EDGE_CURVE('',#684,#677,#695,.T.);
#697=ORIENTED_EDGE('',*,*,#696,.F.);
#698=CARTESIAN_POINT('',(22.677320601881419,31.639748243407720,-2.913452150337057));
#699=VERTEX_POINT('',#698);
#700=CARTESIAN_POINT('',(22.677320601881419,31.639748243407720,-2.913452150337057));
#701=CARTESIAN_POINT('',(23.249012353147151,31.206085737753749,-2.661637634254082));
#702=QUASI_UNIFORM_CURVE('',1,(#700,#701),.UNSPECIFIED.,.F.,.U.);
#703=EDGE_CURVE('',#699,#684,#702,.T.);
#704=ORIENTED_EDGE('',*,*,#703,.F.);
#705=CARTESIAN_POINT('',(22.677320601881419,31.639748243407720,-2.913452150337057));
#706=CARTESIAN_POINT('',(22.656554615930560,31.655500490100358,-2.902329778072610));
#707=CARTESIAN_POINT('',(22.636693107566401,31.670566623916230,-2.887239263867741));
#708=CARTESIAN_POINT('',(22.618422950185721,31.684425645376251,-2.868220369543779));
#709=CARTESIAN_POINT('',(22.597544469075292,31.700263228780670,-2.838425828598947));
#710=CARTESIAN_POINT('',(22.582047322471809,31.712018743827791,-2.804307178587786));
#711=CARTESIAN_POINT('',(22.578606897800391,31.714628513006691,-2.795761962425116));
#712=CARTESIAN_POINT('',(22.573210630891840,31.718721904653929,-2.780495052528521));
#713=CARTESIAN_POINT('',(22.568927047958219,31.721971259912369,-2.764780196214767));
#714=CARTESIAN_POINT('',(22.567301269890191,31.723204510372270,-2.757987337604912));
#715=CARTESIAN_POINT('',(22.565657698286071,31.724451257572650,-2.750043117547441));
#716=CARTESIAN_POINT('',(22.564298769172812,31.725482086947672,-2.742055134314559));
#717=CARTESIAN_POINT('',(22.564084456944940,31.725644655660101,-2.740753966606402));
#718=CARTESIAN_POINT('',(22.563724806808541,31.725917471800610,-2.738496250386655));
#719=CARTESIAN_POINT('',(22.563389758089720,31.726171626439228,-2.736249070711315));
#720=CARTESIAN_POINT('',(22.563226872043941,31.726295185478019,-2.735117511731362));
#721=CARTESIAN_POINT('',(22.562732982178510,31.726669829851851,-2.731557956990326));
#722=CARTESIAN_POINT('',(22.562284302386360,31.727010181944589,-2.727958484384511));
#723=CARTESIAN_POINT('',(22.561979473225950,31.727241412537651,-2.725351012772430));
#724=CARTESIAN_POINT('',(22.561434645124770,31.727654696497481,-2.720431991911458));
#725=CARTESIAN_POINT('',(22.560938741459989,31.728030870057999,-2.715490585874958));
#726=CARTESIAN_POINT('',(22.560699349464858,31.728212462811470,-2.712996235663683));
#727=CARTESIAN_POINT('',(22.560010454441709,31.728735031052121,-2.705498543380704));
#728=CARTESIAN_POINT('',(22.559408306632221,31.729191796268179,-2.697946322620950));
#729=CARTESIAN_POINT('',(22.559044284494210,31.729467928785581,-2.692869743157821));
#730=CARTESIAN_POINT('',(22.557881768860820,31.730349767215280,-2.674019598122187));
#731=CARTESIAN_POINT('',(22.557417061985429,31.730702273783731,-2.654908845113480));
#732=CARTESIAN_POINT('',(22.557389275376870,31.730723353307461,-2.640838074736124));
#733=CARTESIAN_POINT('',(22.558395025489538,31.729960429397192,-2.593454586613151));
#734=CARTESIAN_POINT('',(22.562856345106461,31.726576255575839,-2.544991286943401));
#735=CARTESIAN_POINT('',(22.567494537701180,31.723057909347890,-2.510829050042806));
#736=CARTESIAN_POINT('',(22.577199408882208,31.715696174508839,-2.454772589264317));
#737=CARTESIAN_POINT('',(22.589913708920079,31.706051619617920,-2.398620261799889));
#738=CARTESIAN_POINT('',(22.595238682358101,31.702014579131902,-2.376915502379459));
#739=CARTESIAN_POINT('',(22.606610358661101,31.693390107442841,-2.333598712869097));
#740=CARTESIAN_POINT('',(22.619297367343218,31.683764279036950,-2.290495947963873));
#741=CARTESIAN_POINT('',(22.625936918662131,31.678725852599712,-2.269005466254029));
#742=CARTESIAN_POINT('',(22.656186099489961,31.655780026889921,-2.175222448353122));
#743=CARTESIAN_POINT('',(22.691028027679639,31.629350355242138,-2.083112860419236));
#744=CARTESIAN_POINT('',(22.719527838177420,31.607731534760202,-2.013667068969950));
#745=CARTESIAN_POINT('',(22.756903148765868,31.579380101744530,-1.928072095179126));
#746=CARTESIAN_POINT('',(22.795230094629101,31.550306817219688,-1.845410223051417));
#747=CARTESIAN_POINT('',(22.803033865547071,31.544387186904860,-1.828770147647881));
#748=CARTESIAN_POINT('',(22.810858137136719,31.538452008138009,-1.812263077322078));
#749=CARTESIAN_POINT('',(22.818694090852119,31.532507966939949,-1.795895029482138));
#750=B_SPLINE_CURVE_WITH_KNOTS('',5,(#705,#706,#707,#708,#709,#710,#711,#712,#713,#714,#715,#716,#717,#718,#719,#720,#721,#722,#723,#724,#725,#726,#727,#728,#729,#730,#731,#732,#733,#734,#735,#736,#737,#738,#739,#740,#741,#742,#743,#744,#745,#746,#747,#748,#749),.UNSPECIFIED.,.F.,.U.,(6,3,3,3,3,3,3,3,3,3,3,3,3,3,6),(0.0,0.294136550516486,0.389016837813686,0.460034716779366,0.471478701443193,0.483335568232531,0.508311643483093,0.533645094302191,0.584273400910182,0.721558026256410,1.041927333527671,1.244266288551869,1.446605243576068,2.129805140908935,2.303636838889799),.UNSPECIFIED.);
#751=EDGE_CURVE('',#699,#612,#750,.T.);
#752=ORIENTED_EDGE('',*,*,#751,.T.);
#753=EDGE_LOOP('',(#617,#624,#653,#660,#675,#682,#697,#704,#752));
#754=FACE_OUTER_BOUND('',#753,.T.);
#755=ADVANCED_FACE('SLAT_BRACKETS',(#754),#608,.T.);
#756=CARTESIAN_POINT('',(22.578513472676100,31.628223710066191,-2.938633601945349));
#757=CARTESIAN_POINT('',(23.264543574194981,31.107828703281410,-2.636456182645777));
#758=CARTESIAN_POINT('',(23.078168921620911,32.286913116949428,-2.938633601945349));
#759=CARTESIAN_POINT('',(23.764199023139788,31.766518110164650,-2.636456182645777));
#760=QUASI_UNIFORM_SURFACE('',1,1,((#756,#758),(#757,#759)),.UNSPECIFIED.,.F.,.F.,.U.);
#761=CARTESIAN_POINT('',(22.677320601881419,31.639748243407720,-2.913452150337057));
#762=CARTESIAN_POINT('',(23.093700142668752,32.188656082477088,-2.913452150337056));
#763=QUASI_UNIFORM_CURVE('',1,(#761,#762),.UNSPECIFIED.,.F.,.U.);
#764=EDGE_CURVE('',#699,#467,#763,.T.);
#765=ORIENTED_EDGE('',*,*,#764,.F.);
#766=ORIENTED_EDGE('',*,*,#703,.T.);
#767=CARTESIAN_POINT('',(23.249012353147151,31.206085737753749,-2.661637634254082));
#768=CARTESIAN_POINT('',(23.665391893934480,31.754993576823111,-2.661637634254081));
#769=QUASI_UNIFORM_CURVE('',1,(#767,#768),.UNSPECIFIED.,.F.,.U.);
#770=EDGE_CURVE('',#684,#517,#769,.T.);
#771=ORIENTED_EDGE('',*,*,#770,.T.);
#772=ORIENTED_EDGE('',*,*,#521,.F.);
#773=EDGE_LOOP('',(#765,#766,#771,#772));
#774=FACE_OUTER_BOUND('',#773,.T.);
#775=ADVANCED_FACE('SLAT_BRACKETS',(#774),#760,.T.);
#776=CARTESIAN_POINT('',(23.316971670040569,31.132915599260485,-2.632689460287815));
#777=CARTESIAN_POINT('',(23.754170187867270,31.709268830283314,-2.632689460287815));
#778=CARTESIAN_POINT('',(23.295667033545016,31.149076444723516,-2.639089612671831));
#779=CARTESIAN_POINT('',(23.732865551371717,31.725429675746355,-2.639089612671831));
#780=CARTESIAN_POINT('',(23.274560023764188,31.165087378462115,-2.646466634756072));
#781=CARTESIAN_POINT('',(23.711758541590882,31.741440609484950,-2.646466634756072));
#782=CARTESIAN_POINT('',(23.253682531332959,31.180924209515645,-2.654809380579063));
#783=CARTESIAN_POINT('',(23.690881049159664,31.757277440538488,-2.654809380579063));
#784=CARTESIAN_POINT('',(23.233066100107894,31.196563009975733,-2.664105245064869));
#785=CARTESIAN_POINT('',(23.670264617934588,31.772916240998565,-2.664105245064869));
#793=(BOUNDED_SURFACE()B_SPLINE_SURFACE(1,4,((#776,#778,#780,#782,#784),(#777,#779,#781,#783,#785)),.UNSPECIFIED.,.F.,.F.,.U.)B_SPLINE_SURFACE_WITH_KNOTS((2,2),(5,5),(0.0,1.0),(0.0,0.109962667326546),.UNSPECIFIED.)GEOMETRIC_REPRESENTATION_ITEM()RATIONAL_B_SPLINE_SURFACE(((1.000377904077552,0.999999964303872,0.999874079568987,0.999999964303872,1.000377904077552),(1.000377904077552,0.999999964303872,0.999874079568987,0.999999964303872,1.000377904077552)))REPRESENTATION_ITEM('')SURFACE());
#794=ORIENTED_EDGE('',*,*,#770,.F.);
#795=ORIENTED_EDGE('',*,*,#696,.T.);
#796=CARTESIAN_POINT('',(23.311867708317831,31.158406178346539,-2.637556985542165));
#797=CARTESIAN_POINT('',(23.728247249105159,31.707314017415900,-2.637556985542164));
#798=QUASI_UNIFORM_CURVE('',1,(#796,#797),.UNSPECIFIED.,.F.,.U.);
#799=EDGE_CURVE('',#677,#524,#798,.T.);
#800=ORIENTED_EDGE('',*,*,#799,.T.);
#801=ORIENTED_EDGE('',*,*,#536,.F.);
#802=EDGE_LOOP('',(#794,#795,#800,#801));
#803=FACE_OUTER_BOUND('',#802,.T.);
#804=ADVANCED_FACE('SLAT_BRACKETS',(#803),#793,.T.);
#805=CARTESIAN_POINT('',(26.568342577042081,28.601698869188660,-1.558483248842730));
#806=CARTESIAN_POINT('',(22.970401315802459,31.330953260371501,-2.735654597969385));
#807=CARTESIAN_POINT('',(27.067998025986881,29.260388276071900,-1.558483248842730));
#808=CARTESIAN_POINT('',(23.470056764747259,31.989642667254738,-2.735654597969385));
#809=B_SPLINE_SURFACE_WITH_KNOTS('',1,1,((#805,#807),(#806,#808)),.UNSPECIFIED.,.F.,.F.,.U.,(2,2),(2,2),(0.0,4.666877246759985),(0.0,1.0),.UNSPECIFIED.);
#810=CARTESIAN_POINT('',(26.310152092684191,28.884027519027509,-1.656580861269961));
#811=CARTESIAN_POINT('',(26.726531633471520,29.432935358096870,-1.656580861269960));
#812=QUASI_UNIFORM_CURVE('',1,(#810,#811),.UNSPECIFIED.,.F.,.U.);
#813=EDGE_CURVE('',#662,#539,#812,.T.);
#814=ORIENTED_EDGE('',*,*,#813,.T.);
#815=ORIENTED_EDGE('',*,*,#543,.T.);
#816=ORIENTED_EDGE('',*,*,#799,.F.);
#817=ORIENTED_EDGE('',*,*,#681,.F.);
#818=EDGE_LOOP('',(#814,#815,#816,#817));
#819=FACE_OUTER_BOUND('',#818,.T.);
#820=ADVANCED_FACE('SLAT_BRACKETS',(#819),#809,.F.);
#821=CARTESIAN_POINT('',(26.279588239921036,28.885593117972498,-1.662477700207123));
#822=CARTESIAN_POINT('',(26.716786757747744,29.461946348995340,-1.662477700207123));
#823=CARTESIAN_POINT('',(26.324474191672444,28.851544429562946,-1.650878951888554));
#824=CARTESIAN_POINT('',(26.761672709499138,29.427897660585774,-1.650878951888554));
#825=CARTESIAN_POINT('',(26.367554644777123,28.818865320240963,-1.630778365713131));
#826=CARTESIAN_POINT('',(26.804753162603824,29.395218551263802,-1.630778365713131));
#827=CARTESIAN_POINT('',(26.407704207665912,28.788409467056599,-1.602701029710051));
#828=CARTESIAN_POINT('',(26.844902725492613,29.364762698079431,-1.602701029710051));
#829=CARTESIAN_POINT('',(26.443874052475437,28.760972468893687,-1.567380408709560));
#830=CARTESIAN_POINT('',(26.881072570302145,29.337325699916526,-1.567380408709560));
#838=(BOUNDED_SURFACE()B_SPLINE_SURFACE(1,4,((#821,#823,#825,#827,#829),(#822,#824,#826,#828,#830)),.UNSPECIFIED.,.F.,.F.,.U.)B_SPLINE_SURFACE_WITH_KNOTS((2,2),(5,5),(0.0,1.0),(0.0,0.229325224708049),.UNSPECIFIED.)GEOMETRIC_REPRESENTATION_ITEM()RATIONAL_B_SPLINE_SURFACE(((1.006584560907303,0.999989196428622,0.997819551126070,0.999989196428622,1.006584560907303),(1.006584560907303,0.999989196428622,0.997819551126070,0.999989196428622,1.006584560907303)))REPRESENTATION_ITEM('')SURFACE());
#839=CARTESIAN_POINT('',(26.439627287475730,28.785812812817351,-1.581027806171096));
#840=CARTESIAN_POINT('',(26.856006828263059,29.334720651886720,-1.581027806171096));
#841=QUASI_UNIFORM_CURVE('',1,(#839,#840),.UNSPECIFIED.,.F.,.U.);
#842=EDGE_CURVE('',#655,#546,#841,.T.);
#843=ORIENTED_EDGE('',*,*,#842,.T.);
#844=ORIENTED_EDGE('',*,*,#558,.T.);
#845=ORIENTED_EDGE('',*,*,#813,.F.);
#846=ORIENTED_EDGE('',*,*,#674,.F.);
#847=EDGE_LOOP('',(#843,#844,#845,#846));
#848=FACE_OUTER_BOUND('',#847,.T.);
#849=ADVANCED_FACE('SLAT_BRACKETS',(#848),#838,.F.);
#850=CARTESIAN_POINT('',(27.048429893051441,28.237523825675510,-1.003875087421392));
#851=CARTESIAN_POINT('',(26.338858373428401,28.775776411022679,-1.633496235148346));
#852=CARTESIAN_POINT('',(27.548085341996249,28.896213232558761,-1.003875087421392));
#853=CARTESIAN_POINT('',(26.838513822373201,29.434465817905920,-1.633496235148346));
#854=QUASI_UNIFORM_SURFACE('',1,1,((#850,#852),(#851,#853)),.UNSPECIFIED.,.F.,.F.,.U.);
#855=CARTESIAN_POINT('',(27.030936513826600,28.337269274891710,-1.056343847668428));
#856=CARTESIAN_POINT('',(27.447316114599619,28.886177069577670,-1.056342906780287));
#857=B_SPLINE_CURVE_WITH_KNOTS('',1,(#855,#856),.UNSPECIFIED.,.F.,.U.,(2,2),(40.334515248635697,41.308858150819653),.UNSPECIFIED.);
#858=EDGE_CURVE('',#626,#561,#857,.T.);
#859=ORIENTED_EDGE('',*,*,#858,.T.);
#860=ORIENTED_EDGE('',*,*,#565,.T.);
#861=ORIENTED_EDGE('',*,*,#842,.F.);
#862=ORIENTED_EDGE('',*,*,#659,.F.);
#863=EDGE_LOOP('',(#859,#860,#861,#862));
#864=FACE_OUTER_BOUND('',#863,.T.);
#865=ADVANCED_FACE('SLAT_BRACKETS',(#864),#854,.F.);
#866=CARTESIAN_POINT('',(23.209078539991260,31.149902260676129,-1.605954327817625));
#867=CARTESIAN_POINT('',(25.257085280582938,29.596366228793809,-0.699623974870166));
#868=CARTESIAN_POINT('',(23.708733988936071,31.808591667559380,-1.605954327817625));
#869=CARTESIAN_POINT('',(25.756740729527749,30.255055635677060,-0.699623974870167));
#870=B_SPLINE_SURFACE_WITH_KNOTS('',1,1,((#866,#868),(#867,#869)),.UNSPECIFIED.,.F.,.F.,.U.,(2,2),(2,2),(0.0,2.725663317531985),(0.0,1.0),.UNSPECIFIED.);
#871=CARTESIAN_POINT('',(23.421383722452639,31.075331708592870,-1.530426798405343));
#872=CARTESIAN_POINT('',(23.837763263239971,31.624239547662238,-1.530426798405343));
#873=QUASI_UNIFORM_CURVE('',1,(#871,#872),.UNSPECIFIED.,.F.,.U.);
#874=EDGE_CURVE('',#610,#458,#873,.T.);
#875=ORIENTED_EDGE('',*,*,#874,.T.);
#876=ORIENTED_EDGE('',*,*,#599,.T.);
#877=CARTESIAN_POINT('',(25.128056006279039,29.780718348690950,-0.775151504282462));
#878=CARTESIAN_POINT('',(25.544435547066371,30.329626187760311,-0.775151504282461));
#879=QUASI_UNIFORM_CURVE('',1,(#877,#878),.UNSPECIFIED.,.F.,.U.);
#880=EDGE_CURVE('',#619,#568,#879,.T.);
#881=ORIENTED_EDGE('',*,*,#880,.F.);
#882=ORIENTED_EDGE('',*,*,#623,.F.);
#883=EDGE_LOOP('',(#875,#876,#881,#882));
#884=FACE_OUTER_BOUND('',#883,.T.);
#885=ADVANCED_FACE('SLAT_BRACKETS',(#884),#870,.F.);
#886=CARTESIAN_POINT('',(23.440014731533960,30.974723298851231,-1.503879975297653));
#887=CARTESIAN_POINT('',(22.716787173613330,31.523334808867720,-1.822441852589809));
#888=CARTESIAN_POINT('',(23.939670180478760,31.633412705734472,-1.503879975297653));
#889=CARTESIAN_POINT('',(23.216442622558130,32.182024215750957,-1.822441852589809));
#890=QUASI_UNIFORM_SURFACE('',1,1,((#886,#888),(#887,#889)),.UNSPECIFIED.,.F.,.F.,.U.);
#891=ORIENTED_EDGE('',*,*,#464,.F.);
#892=ORIENTED_EDGE('',*,*,#874,.F.);
#893=ORIENTED_EDGE('',*,*,#616,.T.);
#894=CARTESIAN_POINT('',(22.818694090852119,31.532507966939949,-1.795895029482138));
#895=CARTESIAN_POINT('',(23.235074230571151,32.081415351683667,-1.795894765669172));
#896=QUASI_UNIFORM_CURVE('',1,(#894,#895),.UNSPECIFIED.,.F.,.U.);
#897=EDGE_CURVE('',#612,#460,#896,.T.);
#898=ORIENTED_EDGE('',*,*,#897,.T.);
#899=EDGE_LOOP('',(#891,#892,#893,#898));
#900=FACE_OUTER_BOUND('',#899,.T.);
#901=ADVANCED_FACE('SLAT_BRACKETS',(#900),#890,.T.);
#902=CARTESIAN_POINT('',(36.626708416013543,39.822065048684458,-1.439127351951057));
#903=CARTESIAN_POINT('',(31.215871070188271,43.926509928082439,-3.209440493776889));
#904=CARTESIAN_POINT('',(36.314832510180267,40.058641641712647,0.062598710842471));
#905=CARTESIAN_POINT('',(30.903995164354999,44.163086521110628,-1.707714430983362));
#906=B_SPLINE_SURFACE_WITH_KNOTS('',1,1,((#902,#904),(#903,#905)),.UNSPECIFIED.,.F.,.F.,.U.,(2,2),(2,2),(0.0,7.018378528628601),(0.0,1.0),.UNSPECIFIED.);
#907=CARTESIAN_POINT('',(32.456118719918052,42.985707647443498,-1.530426798405344));
#908=VERTEX_POINT('',#907);
#909=CARTESIAN_POINT('',(31.853442083706149,43.442874048008349,-1.795889305370345));
#910=VERTEX_POINT('',#909);
#911=CARTESIAN_POINT('',(32.456118719918052,42.985707647443498,-1.530426798405344));
#912=CARTESIAN_POINT('',(31.853442083706149,43.442874048008349,-1.795889305370345));
#913=QUASI_UNIFORM_CURVE('',1,(#911,#912),.UNSPECIFIED.,.F.,.U.);
#914=EDGE_CURVE('',#908,#910,#913,.T.);
#915=ORIENTED_EDGE('',*,*,#914,.T.);
#916=CARTESIAN_POINT('',(31.712055599346819,43.550124182258337,-2.913452150337058));
#917=VERTEX_POINT('',#916);
#918=CARTESIAN_POINT('',(31.853442083706149,43.442874048008349,-1.795889305370345));
#919=CARTESIAN_POINT('',(31.851741128776421,43.444164324412043,-1.799442267516136));
#920=CARTESIAN_POINT('',(31.850041246577611,43.445453787084908,-1.803000689732980));
#921=CARTESIAN_POINT('',(31.848342517628851,43.446742374948421,-1.806564521331687));
#922=CARTESIAN_POINT('',(31.824878184619749,43.464541479839617,-1.855901149116577));
#923=CARTESIAN_POINT('',(31.801661925617289,43.482152405707680,-1.906258853034093));
#924=CARTESIAN_POINT('',(31.780505388393710,43.498200908984202,-1.953758961060090));
#925=CARTESIAN_POINT('',(31.736372142914629,43.531678624509603,-2.057016221088141));
#926=CARTESIAN_POINT('',(31.695752665471861,43.562490936086938,-2.163283035458150));
#927=CARTESIAN_POINT('',(31.675418384157251,43.577915708905557,-2.220708579061485));
#928=CARTESIAN_POINT('',(31.644558927429461,43.601324458984720,-2.317109806503286));
#929=CARTESIAN_POINT('',(31.620342288971390,43.619694232711531,-2.414931073698585));
#930=CARTESIAN_POINT('',(31.611972617747021,43.626043130673807,-2.453922198614539));
#931=CARTESIAN_POINT('',(31.601371136291661,43.634084990647111,-2.514299003456981));
#932=CARTESIAN_POINT('',(31.595151505356920,43.638802954006643,-2.574283313852432));
#933=CARTESIAN_POINT('',(31.593550475777711,43.640017431034522,-2.595428725894987));
#934=CARTESIAN_POINT('',(31.592404047382161,43.640887065779928,-2.620910757271634));
#935=CARTESIAN_POINT('',(31.592285117659699,43.640977281112427,-2.646107719877492));
#936=CARTESIAN_POINT('',(31.592296341807479,43.640968766922697,-2.650524943493176));
#937=CARTESIAN_POINT('',(31.592383579618691,43.640902591806963,-2.659318716204260));
#938=CARTESIAN_POINT('',(31.592601563578508,43.640737237890299,-2.668070554057262));
#939=CARTESIAN_POINT('',(31.592745199217848,43.640628281637007,-2.672520488765150));
#940=CARTESIAN_POINT('',(31.593263461617600,43.640235148501233,-2.685303877604479));
#941=CARTESIAN_POINT('',(31.594099716488799,43.639600798990323,-2.697988227547312));
#942=CARTESIAN_POINT('',(31.594789720258500,43.639077389717741,-2.706290400315471));
#943=CARTESIAN_POINT('',(31.595726049820279,43.638367127547632,-2.716618108796955));
#944=CARTESIAN_POINT('',(31.596898696236671,43.637477604859818,-2.726864653965555));
#945=CARTESIAN_POINT('',(31.597144483112562,43.637291160762608,-2.728913431685177));
#946=CARTESIAN_POINT('',(31.597661552055762,43.636898932935267,-2.732998530921369));
#947=CARTESIAN_POINT('',(31.598243966452749,43.636457136659281,-2.737074146363179));
#948=CARTESIAN_POINT('',(31.598560008691059,43.636217399653013,-2.739139662637777));
#949=CARTESIAN_POINT('',(31.602712002831609,43.633067862899203,-2.764771813208685));
#950=CARTESIAN_POINT('',(31.609776407309560,43.627709088104773,-2.789907978970628));
#951=CARTESIAN_POINT('',(31.618699063658621,43.620940717735863,-2.811979676618456));
#952=CARTESIAN_POINT('',(31.639781419358989,43.604948485596992,-2.850737006561160));
#953=CARTESIAN_POINT('',(31.667269551228632,43.584097087766033,-2.881839535383241));
#954=CARTESIAN_POINT('',(31.681462691608679,43.573330738930871,-2.894561186904596));
#955=CARTESIAN_POINT('',(31.696485212531751,43.561935255175278,-2.905111597788971));
#956=CARTESIAN_POINT('',(31.712055599346819,43.550124182258337,-2.913452150337058));
#957=B_SPLINE_CURVE_WITH_KNOTS('',5,(#918,#919,#920,#921,#922,#923,#924,#925,#926,#927,#928,#929,#930,#931,#932,#933,#934,#935,#936,#937,#938,#939,#940,#941,#942,#943,#944,#945,#946,#947,#948,#949,#950,#951,#952,#953,#954,#955,#956),.UNSPECIFIED.,.F.,.U.,(6,3,3,3,3,3,3,3,3,3,3,3,6),(2.205037973417076,2.235478844102842,2.625818412515428,3.071836979701050,3.364924671882577,3.525447153983380,3.559648856041969,3.593703821426113,3.659868147574731,3.676432211739280,3.692943719605954,3.884938029528337,4.058035579975740),.UNSPECIFIED.);
#958=EDGE_CURVE('',#910,#917,#957,.T.);
#959=ORIENTED_EDGE('',*,*,#958,.T.);
#960=CARTESIAN_POINT('',(32.283747350612551,43.116461676604366,-2.661637634254084));
#961=VERTEX_POINT('',#960);
#962=CARTESIAN_POINT('',(31.712055599346819,43.550124182258337,-2.913452150337058));
#963=CARTESIAN_POINT('',(32.283747350612551,43.116461676604366,-2.661637634254084));
#964=QUASI_UNIFORM_CURVE('',1,(#962,#963),.UNSPECIFIED.,.F.,.U.);
#965=EDGE_CURVE('',#917,#961,#964,.T.);
#966=ORIENTED_EDGE('',*,*,#965,.T.);
#967=CARTESIAN_POINT('',(32.346602705783248,43.068782117197117,-2.637556985542155));
#968=VERTEX_POINT('',#967);
#969=CARTESIAN_POINT('',(32.283747350612551,43.116461676604381,-2.661637634254074));
#970=CARTESIAN_POINT('',(32.314779057353896,43.092922264551689,-2.647969019657137));
#971=CARTESIAN_POINT('',(32.346602705783248,43.068782117197152,-2.637556985542155));
#979=(BOUNDED_CURVE()B_SPLINE_CURVE(2,(#969,#970,#971),.UNSPECIFIED.,.F.,.U.)B_SPLINE_CURVE_WITH_KNOTS((3,3),(0.0,0.039370078740157),.UNSPECIFIED.)CURVE()GEOMETRIC_REPRESENTATION_ITEM()RATIONAL_B_SPLINE_CURVE((1.0,0.999149136302823,1.0))REPRESENTATION_ITEM(''));
#980=EDGE_CURVE('',#961,#968,#979,.T.);
#981=ORIENTED_EDGE('',*,*,#980,.T.);
#982=CARTESIAN_POINT('',(35.344887090149598,40.794403457878097,-1.656580861269962));
#983=VERTEX_POINT('',#982);
#984=CARTESIAN_POINT('',(35.344887090149598,40.794403457878097,-1.656580861269962));
#985=CARTESIAN_POINT('',(32.346602705783248,43.068782117197117,-2.637556985542155));
#986=QUASI_UNIFORM_CURVE('',1,(#984,#985),.UNSPECIFIED.,.F.,.U.);
#987=EDGE_CURVE('',#983,#968,#986,.T.);
#988=ORIENTED_EDGE('',*,*,#987,.F.);
#989=CARTESIAN_POINT('',(35.474362284941137,40.696188751667989,-1.581027806171098));
#990=VERTEX_POINT('',#989);
#991=CARTESIAN_POINT('',(35.474362284941137,40.696188751667947,-1.581027806171099));
#992=CARTESIAN_POINT('',(35.415107322728026,40.741137196925166,-1.633606265544658));
#993=CARTESIAN_POINT('',(35.344887090149598,40.794403457878119,-1.656580861269951));
#1001=(BOUNDED_CURVE()B_SPLINE_CURVE(2,(#991,#992,#993),.UNSPECIFIED.,.F.,.U.)B_SPLINE_CURVE_WITH_KNOTS((3,3),(0.0,0.039370078740157),.UNSPECIFIED.)CURVE()GEOMETRIC_REPRESENTATION_ITEM()RATIONAL_B_SPLINE_CURVE((1.0,0.983809829836528,1.0))REPRESENTATION_ITEM(''));
#1002=EDGE_CURVE('',#990,#983,#1001,.T.);
#1003=ORIENTED_EDGE('',*,*,#1002,.F.);
#1004=CARTESIAN_POINT('',(36.065671511292010,40.247645213742317,-1.056343847668429));
#1005=VERTEX_POINT('',#1004);
#1006=CARTESIAN_POINT('',(36.065671511292010,40.247645213742317,-1.056343847668429));
#1007=CARTESIAN_POINT('',(35.474362284941137,40.696188751667989,-1.581027806171098));
#1008=QUASI_UNIFORM_CURVE('',1,(#1006,#1007),.UNSPECIFIED.,.F.,.U.);
#1009=EDGE_CURVE('',#1005,#990,#1008,.T.);
#1010=ORIENTED_EDGE('',*,*,#1009,.F.);
#1011=CARTESIAN_POINT('',(34.162791003744452,41.691094287541567,-0.775151504282463));
#1012=VERTEX_POINT('',#1011);
#1013=CARTESIAN_POINT('',(34.162791003744452,41.691094287541567,-0.775151504282463));
#1014=CARTESIAN_POINT('',(34.259628645173002,41.617637124427027,-0.794791137625509));
#1015=CARTESIAN_POINT('',(34.358426107059643,41.542693320995298,-0.813899261636321));
#1016=CARTESIAN_POINT('',(34.459207274541377,41.466244756691253,-0.832524518077137));
#1017=CARTESIAN_POINT('',(34.615349416939267,41.347801568468952,-0.860119448422957));
#1018=CARTESIAN_POINT('',(34.774866541804279,41.226798256130209,-0.886452305495378));
#1019=CARTESIAN_POINT('',(34.830419129042753,41.184660695863748,-0.895407539263386));
#1020=CARTESIAN_POINT('',(34.942211689322967,41.099861227877327,-0.913008876531467));
#1021=CARTESIAN_POINT('',(35.055341349141713,41.014043516783019,-0.929996191003143));
#1022=CARTESIAN_POINT('',(35.112230146903393,40.970887713409013,-0.938337452366580));
#1023=CARTESIAN_POINT('',(35.208070055265139,40.898187390271772,-0.952057305908383));
#1024=CARTESIAN_POINT('',(35.304667219898640,40.824912643535477,-0.965337212926728));
#1025=CARTESIAN_POINT('',(35.343350582501159,40.795568991270002,-0.970568640501954));
#1026=CARTESIAN_POINT('',(35.421606510306482,40.736207172951588,-0.980978149890095));
#1027=CARTESIAN_POINT('',(35.500225278281050,40.676570119070909,-0.991091714726318));
#1028=CARTESIAN_POINT('',(35.539551055537473,40.646739156789280,-0.996065961800022));
#1029=CARTESIAN_POINT('',(35.618316379351363,40.586990930911227,-1.005861062686623));
#1030=CARTESIAN_POINT('',(35.697527578294689,40.526904482697013,-1.015378979077630));
#1031=CARTESIAN_POINT('',(35.737913026447217,40.496269696508598,-1.020147332908664));
#1032=CARTESIAN_POINT('',(35.826981544293403,40.428705879247168,-1.030479959898593));
#1033=CARTESIAN_POINT('',(35.916409386278197,40.360869494585849,-1.040447537424724));
#1034=CARTESIAN_POINT('',(35.966094944791656,40.323180015503468,-1.045861370982792));
#1035=CARTESIAN_POINT('',(36.015853678129183,40.285435030208880,-1.051159940268839));
#1036=CARTESIAN_POINT('',(36.065671511292010,40.247645213742317,-1.056343847668429));
#1037=B_SPLINE_CURVE_WITH_KNOTS('',5,(#1013,#1014,#1015,#1016,#1017,#1018,#1019,#1020,#1021,#1022,#1023,#1024,#1025,#1026,#1027,#1028,#1029,#1030,#1031,#1032,#1033,#1034,#1035,#1036),.UNSPECIFIED.,.F.,.U.,(6,3,3,3,3,3,3,6),(2.758632E-10,1.339781148393265,2.048602480431073,2.757423812468882,3.236088882087213,3.713505419004142,4.188772553610074,4.780449391698327),.UNSPECIFIED.);
#1038=EDGE_CURVE('',#1012,#1005,#1037,.T.);
#1039=ORIENTED_EDGE('',*,*,#1038,.F.);
#1040=CARTESIAN_POINT('',(32.456118719918052,42.985707647443498,-1.530426798405344));
#1041=CARTESIAN_POINT('',(34.162791003744452,41.691094287541567,-0.775151504282463));
#1042=QUASI_UNIFORM_CURVE('',1,(#1040,#1041),.UNSPECIFIED.,.F.,.U.);
#1043=EDGE_CURVE('',#908,#1012,#1042,.T.);
#1044=ORIENTED_EDGE('',*,*,#1043,.F.);
#1045=EDGE_LOOP('',(#915,#959,#966,#981,#988,#1003,#1010,#1039,#1044));
#1046=FACE_OUTER_BOUND('',#1045,.T.);
#1047=ADVANCED_FACE('SLAT_BRACKETS',(#1046),#906,.F.);
#1048=CARTESIAN_POINT('',(36.210328950697232,39.273157152365783,-1.439127327258487));
#1049=CARTESIAN_POINT('',(30.799490699219710,43.377602718755341,-3.209440765394870));
#1050=CARTESIAN_POINT('',(35.898453044863963,39.509733745393973,0.062598735535028));
#1051=CARTESIAN_POINT('',(30.487614793386442,43.614179311783531,-1.707714702601354));
#1052=B_SPLINE_SURFACE_WITH_KNOTS('',1,1,((#1048,#1050),(#1049,#1051)),.UNSPECIFIED.,.F.,.F.,.U.,(2,2),(2,2),(0.0,7.018379703347023),(0.0,1.0),.UNSPECIFIED.);
#1053=CARTESIAN_POINT('',(32.039739179130720,42.436799808374133,-1.530426798405341));
#1054=VERTEX_POINT('',#1053);
#1055=CARTESIAN_POINT('',(31.437038832579450,42.893984194654450,-1.795899749125711));
#1056=VERTEX_POINT('',#1055);
#1057=CARTESIAN_POINT('',(32.039739179130720,42.436799808374133,-1.530426798405341));
#1058=CARTESIAN_POINT('',(31.437038832579450,42.893984194654450,-1.795899749125711));
#1059=QUASI_UNIFORM_CURVE('',1,(#1057,#1058),.UNSPECIFIED.,.F.,.U.);
#1060=EDGE_CURVE('',#1054,#1056,#1059,.T.);
#1061=ORIENTED_EDGE('',*,*,#1060,.F.);
#1062=CARTESIAN_POINT('',(33.746411462957120,41.142186448472209,-0.775151504282459));
#1063=VERTEX_POINT('',#1062);
#1064=CARTESIAN_POINT('',(32.039739179130720,42.436799808374133,-1.530426798405341));
#1065=CARTESIAN_POINT('',(33.746411462957120,41.142186448472209,-0.775151504282459));
#1066=QUASI_UNIFORM_CURVE('',1,(#1064,#1065),.UNSPECIFIED.,.F.,.U.);
#1067=EDGE_CURVE('',#1054,#1063,#1066,.T.);
#1068=ORIENTED_EDGE('',*,*,#1067,.T.);
#1069=CARTESIAN_POINT('',(35.649291970504677,39.698737374672952,-1.056343847668425));
#1070=VERTEX_POINT('',#1069);
#1071=CARTESIAN_POINT('',(33.746411462957120,41.142186448472209,-0.775151504282459));
#1072=CARTESIAN_POINT('',(33.843249116837832,41.068729275911807,-0.794791138988391));
#1073=CARTESIAN_POINT('',(33.942046591214563,40.993785463006667,-0.813899264446426));
#1074=CARTESIAN_POINT('',(34.042827770165857,40.917336890004023,-0.832524522194165));
#1075=CARTESIAN_POINT('',(34.198969929584720,40.798893688866201,-0.860119454412781));
#1076=CARTESIAN_POINT('',(34.358487071400162,40.677890363671743,-0.886452313353111));
#1077=CARTESIAN_POINT('',(34.414039662588763,40.635752800420988,-0.895407547465262));
#1078=CARTESIAN_POINT('',(34.525832230496881,40.550953326658437,-0.913008885411145));
#1079=CARTESIAN_POINT('',(34.638961897801927,40.465135609875247,-0.929996200589608));
#1080=CARTESIAN_POINT('',(34.695850699367071,40.421979803603882,-0.938337462326510));
#1081=CARTESIAN_POINT('',(34.791690611453419,40.349279477640103,-0.952057316120773));
#1082=CARTESIAN_POINT('',(34.888287779682337,40.276004728177291,-0.965337223413797));
#1083=CARTESIAN_POINT('',(34.926971144496022,40.246661074234659,-0.970568651211074));
#1084=CARTESIAN_POINT('',(35.005227072094982,40.187299256071867,-0.980978160437170));
#1085=CARTESIAN_POINT('',(35.083845839640126,40.127662202517833,-0.991091725130882));
#1086=CARTESIAN_POINT('',(35.123171617009532,40.097831240149560,-0.996065972186808));
#1087=CARTESIAN_POINT('',(35.201936940543881,40.038083014484457,-1.005861072994027));
#1088=CARTESIAN_POINT('',(35.281148138909757,39.977996566707432,-1.015378989313219));
#1089=CARTESIAN_POINT('',(35.321533589898117,39.947361778368617,-1.020147343485987));
#1090=CARTESIAN_POINT('',(35.410602086863832,39.879797976945468,-1.030479968084801));
#1091=CARTESIAN_POINT('',(35.500029907605473,39.811961608399322,-1.040447543406037));
#1092=CARTESIAN_POINT('',(35.549715445508710,39.774272144951063,-1.045861374864895));
#1093=CARTESIAN_POINT('',(35.599474158134022,39.736527175367399,-1.051159942157395));
#1094=CARTESIAN_POINT('',(35.649291970504677,39.698737374672952,-1.056343847668425));
#1095=B_SPLINE_CURVE_WITH_KNOTS('',5,(#1071,#1072,#1073,#1074,#1075,#1076,#1077,#1078,#1079,#1080,#1081,#1082,#1083,#1084,#1085,#1086,#1087,#1088,#1089,#1090,#1091,#1092,#1093,#1094),.UNSPECIFIED.,.F.,.U.,(6,3,3,3,3,3,3,6),(2.721133E-10,1.339781283922318,2.048602654215045,2.757424024507771,3.236089083396469,3.713505616187840,4.188772739403008,4.780449330551996),.UNSPECIFIED.);
#1096=EDGE_CURVE('',#1063,#1070,#1095,.T.);
#1097=ORIENTED_EDGE('',*,*,#1096,.T.);
#1098=CARTESIAN_POINT('',(35.057982744153797,40.147280912598617,-1.581027806171098));
#1099=VERTEX_POINT('',#1098);
#1100=CARTESIAN_POINT('',(35.649291970504677,39.698737374672952,-1.056343847668425));
#1101=CARTESIAN_POINT('',(35.057982744153797,40.147280912598617,-1.581027806171098));
#1102=QUASI_UNIFORM_CURVE('',1,(#1100,#1101),.UNSPECIFIED.,.F.,.U.);
#1103=EDGE_CURVE('',#1070,#1099,#1102,.T.);
#1104=ORIENTED_EDGE('',*,*,#1103,.T.);
#1105=CARTESIAN_POINT('',(34.928507549362273,40.245495618808768,-1.656580861269958));
#1106=VERTEX_POINT('',#1105);
#1107=CARTESIAN_POINT('',(35.057982744153797,40.147280912598632,-1.581027806171099));
#1108=CARTESIAN_POINT('',(34.998727781940687,40.192229357855844,-1.633606265544659));
#1109=CARTESIAN_POINT('',(34.928507549362273,40.245495618808789,-1.656580861269952));
#1117=(BOUNDED_CURVE()B_SPLINE_CURVE(2,(#1107,#1108,#1109),.UNSPECIFIED.,.F.,.U.)B_SPLINE_CURVE_WITH_KNOTS((3,3),(0.0,0.039370078740157),.UNSPECIFIED.)CURVE()GEOMETRIC_REPRESENTATION_ITEM()RATIONAL_B_SPLINE_CURVE((1.0,0.983809829836527,1.0))REPRESENTATION_ITEM(''));
#1118=EDGE_CURVE('',#1099,#1106,#1117,.T.);
#1119=ORIENTED_EDGE('',*,*,#1118,.T.);
#1120=CARTESIAN_POINT('',(31.930223164995930,42.519874278127752,-2.637556985542155));
#1121=VERTEX_POINT('',#1120);
#1122=CARTESIAN_POINT('',(34.928507549362273,40.245495618808768,-1.656580861269958));
#1123=CARTESIAN_POINT('',(31.930223164995930,42.519874278127752,-2.637556985542155));
#1124=QUASI_UNIFORM_CURVE('',1,(#1122,#1123),.UNSPECIFIED.,.F.,.U.);
#1125=EDGE_CURVE('',#1106,#1121,#1124,.T.);
#1126=ORIENTED_EDGE('',*,*,#1125,.T.);
#1127=CARTESIAN_POINT('',(31.867367809825222,42.567553837534987,-2.661637634254081));
#1128=VERTEX_POINT('',#1127);
#1129=CARTESIAN_POINT('',(31.867367809825222,42.567553837535023,-2.661637634254076));
#1130=CARTESIAN_POINT('',(31.898399516566560,42.544014425482317,-2.647969019657138));
#1131=CARTESIAN_POINT('',(31.930223164995930,42.519874278127780,-2.637556985542155));
#1139=(BOUNDED_CURVE()B_SPLINE_CURVE(2,(#1129,#1130,#1131),.UNSPECIFIED.,.F.,.U.)B_SPLINE_CURVE_WITH_KNOTS((3,3),(0.0,0.039370078740157),.UNSPECIFIED.)CURVE()GEOMETRIC_REPRESENTATION_ITEM()RATIONAL_B_SPLINE_CURVE((1.0,0.999149136302823,1.0))REPRESENTATION_ITEM(''));
#1140=EDGE_CURVE('',#1128,#1121,#1139,.T.);
#1141=ORIENTED_EDGE('',*,*,#1140,.F.);
#1142=CARTESIAN_POINT('',(31.295676058559490,43.001216343188979,-2.913452150337054));
#1143=VERTEX_POINT('',#1142);
#1144=CARTESIAN_POINT('',(31.295676058559490,43.001216343188979,-2.913452150337054));
#1145=CARTESIAN_POINT('',(31.867367809825222,42.567553837534987,-2.661637634254081));
#1146=QUASI_UNIFORM_CURVE('',1,(#1144,#1145),.UNSPECIFIED.,.F.,.U.);
#1147=EDGE_CURVE('',#1143,#1128,#1146,.T.);
#1148=ORIENTED_EDGE('',*,*,#1147,.F.);
#1149=CARTESIAN_POINT('',(31.437038832579450,42.893984194654450,-1.795899749125711));
#1150=CARTESIAN_POINT('',(31.435341810371469,42.895271487852632,-1.799444696141812));
#1151=CARTESIAN_POINT('',(31.433645856537922,42.896557970624663,-1.802995077944481));
#1152=CARTESIAN_POINT('',(31.431951051022430,42.897843582328569,-1.806550844239845));
#1153=CARTESIAN_POINT('',(31.408490838681431,42.915639561445737,-1.855880859552330));
#1154=CARTESIAN_POINT('',(31.385278621030970,42.933247421705723,-1.906231636996115));
#1155=CARTESIAN_POINT('',(31.364122253532610,42.949295796235440,-1.953733107335282));
#1156=CARTESIAN_POINT('',(31.319989375792961,42.982773232808462,-2.056993319052724));
#1157=CARTESIAN_POINT('',(31.279370273669659,43.013585259683431,-2.163263145945377));
#1158=CARTESIAN_POINT('',(31.259036194117918,43.029009879452829,-2.220690309000549));
#1159=CARTESIAN_POINT('',(31.228177073953649,43.052418374228360,-2.317094237835163));
#1160=CARTESIAN_POINT('',(31.203960772374341,43.070787892412433,-2.414918208958075));
#1161=CARTESIAN_POINT('',(31.195591234588989,43.077136689153200,-2.453910404912171));
#1162=CARTESIAN_POINT('',(31.184989958216921,43.085178393558508,-2.514288855853839));
#1163=CARTESIAN_POINT('',(31.178770528210840,43.089896204501571,-2.574274779007278));
#1164=CARTESIAN_POINT('',(31.177169569075250,43.091110628093737,-2.595420756467748));
#1165=CARTESIAN_POINT('',(31.176023225058021,43.091980198833127,-2.620903465111751));
#1166=CARTESIAN_POINT('',(31.175904378106232,43.092070351379157,-2.646101092081940));
#1167=CARTESIAN_POINT('',(31.175915616743360,43.092061826198339,-2.650518431997603));
#1168=CARTESIAN_POINT('',(31.176002883357189,43.091995629234113,-2.659312435872382));
#1169=CARTESIAN_POINT('',(31.176220895895721,43.091830253638769,-2.668064503098319));
#1170=CARTESIAN_POINT('',(31.176364546048362,43.091721286376263,-2.672514554370891));
#1171=CARTESIAN_POINT('',(31.176882850062078,43.091328121673811,-2.685298277205893));
#1172=CARTESIAN_POINT('',(31.177719146012961,43.090693741001473,-2.697982956866606));
#1173=CARTESIAN_POINT('',(31.178409176577649,43.090170311403270,-2.706285344708949));
#1174=CARTESIAN_POINT('',(31.179345539420641,43.089460023987392,-2.716613320328362));
#1175=CARTESIAN_POINT('',(31.180518218697859,43.088570476372681,-2.726860129256491));
#1176=CARTESIAN_POINT('',(31.180764012136841,43.088384027296968,-2.728908959655020));
#1177=CARTESIAN_POINT('',(31.181281094150460,43.087991789554913,-2.732994163800564));
#1178=CARTESIAN_POINT('',(31.181863521544631,43.087549983419812,-2.737069883558848));
#1179=CARTESIAN_POINT('',(31.182179570346971,43.087310241434309,-2.739135452530744));
#1180=CARTESIAN_POINT('',(31.186331645905089,43.084160642920409,-2.764768256582150));
#1181=CARTESIAN_POINT('',(31.193396128283538,43.078801809033777,-2.789905047467525));
#1182=CARTESIAN_POINT('',(31.202318851146700,43.072033388209903,-2.811977279475768));
#1183=CARTESIAN_POINT('',(31.223401371585599,43.056041031107000,-2.850735614089161));
#1184=CARTESIAN_POINT('',(31.250889670078180,43.035189506882503,-2.881838875028495));
#1185=CARTESIAN_POINT('',(31.265082927760830,43.024423069066287,-2.894560831727873));
#1186=CARTESIAN_POINT('',(31.280105563375361,43.013027498310358,-2.905111462386781));
#1187=CARTESIAN_POINT('',(31.295676058559490,43.001216343188979,-2.913452150337054));
#1188=B_SPLINE_CURVE_WITH_KNOTS('',5,(#1149,#1150,#1151,#1152,#1153,#1154,#1155,#1156,#1157,#1158,#1159,#1160,#1161,#1162,#1163,#1164,#1165,#1166,#1167,#1168,#1169,#1170,#1171,#1172,#1173,#1174,#1175,#1176,#1177,#1178,#1179,#1180,#1181,#1182,#1183,#1184,#1185,#1186,#1187),.UNSPECIFIED.,.F.,.U.,(6,3,3,3,3,3,3,3,3,3,3,3,6),(2.205107950143602,2.235478843726230,2.625818412210474,3.071836979298810,3.364924671439066,3.525447153524525,3.559648855580914,3.593703820771080,3.659868146913067,3.676432211076834,3.692943719051914,3.884938029429561,4.058036468462489),.UNSPECIFIED.);
#1189=EDGE_CURVE('',#1056,#1143,#1188,.T.);
#1190=ORIENTED_EDGE('',*,*,#1189,.F.);
#1191=EDGE_LOOP('',(#1061,#1068,#1097,#1104,#1119,#1126,#1141,#1148,#1190));
#1192=FACE_OUTER_BOUND('',#1191,.T.);
#1193=ADVANCED_FACE('SLAT_BRACKETS',(#1192),#1052,.T.);
#1194=CARTESIAN_POINT('',(31.196868929354171,42.989691809847450,-2.938633601945349));
#1195=CARTESIAN_POINT('',(31.882899030873059,42.469296803062662,-2.636456182645773));
#1196=CARTESIAN_POINT('',(31.696524378298989,43.648381216730691,-2.938633601945346));
#1197=CARTESIAN_POINT('',(32.382554479817870,43.127986209945902,-2.636456182645770));
#1198=QUASI_UNIFORM_SURFACE('',1,1,((#1194,#1196),(#1195,#1197)),.UNSPECIFIED.,.F.,.F.,.U.);
#1199=CARTESIAN_POINT('',(31.295676058559490,43.001216343188979,-2.913452150337054));
#1200=CARTESIAN_POINT('',(31.712055599346819,43.550124182258337,-2.913452150337058));
#1201=QUASI_UNIFORM_CURVE('',1,(#1199,#1200),.UNSPECIFIED.,.F.,.U.);
#1202=EDGE_CURVE('',#1143,#917,#1201,.T.);
#1203=ORIENTED_EDGE('',*,*,#1202,.F.);
#1204=ORIENTED_EDGE('',*,*,#1147,.T.);
#1205=CARTESIAN_POINT('',(31.867367809825222,42.567553837534987,-2.661637634254081));
#1206=CARTESIAN_POINT('',(32.283747350612551,43.116461676604366,-2.661637634254084));
#1207=QUASI_UNIFORM_CURVE('',1,(#1205,#1206),.UNSPECIFIED.,.F.,.U.);
#1208=EDGE_CURVE('',#1128,#961,#1207,.T.);
#1209=ORIENTED_EDGE('',*,*,#1208,.T.);
#1210=ORIENTED_EDGE('',*,*,#965,.F.);
#1211=EDGE_LOOP('',(#1203,#1204,#1209,#1210));
#1212=FACE_OUTER_BOUND('',#1211,.T.);
#1213=ADVANCED_FACE('SLAT_BRACKETS',(#1212),#1198,.T.);
#1214=CARTESIAN_POINT('',(31.935327126718676,42.494383699041713,-2.632689460287802));
#1215=CARTESIAN_POINT('',(32.372525644545398,43.070736930064569,-2.632689460287802));
#1216=CARTESIAN_POINT('',(31.914022490223118,42.510544544504739,-2.639089612671817));
#1217=CARTESIAN_POINT('',(32.351221008049833,43.086897775527603,-2.639089612671817));
#1218=CARTESIAN_POINT('',(31.892915480442291,42.526555478243331,-2.646466634756057));
#1219=CARTESIAN_POINT('',(32.330113998269006,43.102908709266195,-2.646466634756057));
#1220=CARTESIAN_POINT('',(31.872037988011062,42.542392309296872,-2.654809380579046));
#1221=CARTESIAN_POINT('',(32.309236505837774,43.118745540319729,-2.654809380579046));
#1222=CARTESIAN_POINT('',(31.851421556786001,42.558031109756961,-2.664105245064852));
#1223=CARTESIAN_POINT('',(32.288620074612716,43.134384340779818,-2.664105245064852));
#1231=(BOUNDED_SURFACE()B_SPLINE_SURFACE(1,4,((#1214,#1216,#1218,#1220,#1222),(#1215,#1217,#1219,#1221,#1223)),.UNSPECIFIED.,.F.,.F.,.U.)B_SPLINE_SURFACE_WITH_KNOTS((2,2),(5,5),(0.0,1.0),(0.0,0.109962667326528),.UNSPECIFIED.)GEOMETRIC_REPRESENTATION_ITEM()RATIONAL_B_SPLINE_SURFACE(((1.000377904077552,0.999999964303872,0.999874079568987,0.999999964303872,1.000377904077552),(1.000377904077552,0.999999964303872,0.999874079568987,0.999999964303872,1.000377904077552)))REPRESENTATION_ITEM('')SURFACE());
#1232=ORIENTED_EDGE('',*,*,#1208,.F.);
#1233=ORIENTED_EDGE('',*,*,#1140,.T.);
#1234=CARTESIAN_POINT('',(31.930223164995930,42.519874278127752,-2.637556985542155));
#1235=CARTESIAN_POINT('',(32.346602705783248,43.068782117197117,-2.637556985542155));
#1236=QUASI_UNIFORM_CURVE('',1,(#1234,#1235),.UNSPECIFIED.,.F.,.U.);
#1237=EDGE_CURVE('',#1121,#968,#1236,.T.);
#1238=ORIENTED_EDGE('',*,*,#1237,.T.);
#1239=ORIENTED_EDGE('',*,*,#980,.F.);
#1240=EDGE_LOOP('',(#1232,#1233,#1238,#1239));
#1241=FACE_OUTER_BOUND('',#1240,.T.);
#1242=ADVANCED_FACE('SLAT_BRACKETS',(#1241),#1231,.T.);
#1243=CARTESIAN_POINT('',(35.186698033720162,39.963166968969901,-1.558483248842725));
#1244=CARTESIAN_POINT('',(31.588756772480561,42.692421360152721,-2.735654597969372));
#1245=CARTESIAN_POINT('',(35.686353482664963,40.621856375853149,-1.558483248842725));
#1246=CARTESIAN_POINT('',(32.088412221425358,43.351110767035969,-2.735654597969372));
#1247=B_SPLINE_SURFACE_WITH_KNOTS('',1,1,((#1243,#1245),(#1244,#1246)),.UNSPECIFIED.,.F.,.F.,.U.,(2,2),(2,2),(0.0,4.666877246759957),(0.0,1.0),.UNSPECIFIED.);
#1248=CARTESIAN_POINT('',(34.928507549362273,40.245495618808768,-1.656580861269958));
#1249=CARTESIAN_POINT('',(35.344887090149598,40.794403457878097,-1.656580861269962));
#1250=QUASI_UNIFORM_CURVE('',1,(#1248,#1249),.UNSPECIFIED.,.F.,.U.);
#1251=EDGE_CURVE('',#1106,#983,#1250,.T.);
#1252=ORIENTED_EDGE('',*,*,#1251,.T.);
#1253=ORIENTED_EDGE('',*,*,#987,.T.);
#1254=ORIENTED_EDGE('',*,*,#1237,.F.);
#1255=ORIENTED_EDGE('',*,*,#1125,.F.);
#1256=EDGE_LOOP('',(#1252,#1253,#1254,#1255));
#1257=FACE_OUTER_BOUND('',#1256,.T.);
#1258=ADVANCED_FACE('SLAT_BRACKETS',(#1257),#1247,.F.);
#1259=CARTESIAN_POINT('',(34.897943696599128,40.247061217753760,-1.662477700207122));
#1260=CARTESIAN_POINT('',(35.335142214425822,40.823414448776610,-1.662477700207122));
#1261=CARTESIAN_POINT('',(34.942829648350518,40.213012529344212,-1.650878951888555));
#1262=CARTESIAN_POINT('',(35.380028166177226,40.789365760367055,-1.650878951888555));
#1263=CARTESIAN_POINT('',(34.985910101455204,40.180333420022230,-1.630778365713133));
#1264=CARTESIAN_POINT('',(35.423108619281912,40.756686651045072,-1.630778365713133));
#1265=CARTESIAN_POINT('',(35.026059664343997,40.149877566837866,-1.602701029710054));
#1266=CARTESIAN_POINT('',(35.463258182170705,40.726230797860708,-1.602701029710054));
#1267=CARTESIAN_POINT('',(35.062229509153525,40.122440568674961,-1.567380408709565));
#1268=CARTESIAN_POINT('',(35.499428026980219,40.698793799697796,-1.567380408709565));
#1276=(BOUNDED_SURFACE()B_SPLINE_SURFACE(1,4,((#1259,#1261,#1263,#1265,#1267),(#1260,#1262,#1264,#1266,#1268)),.UNSPECIFIED.,.F.,.F.,.U.)B_SPLINE_SURFACE_WITH_KNOTS((2,2),(5,5),(0.0,1.0),(0.0,0.229325224708067),.UNSPECIFIED.)GEOMETRIC_REPRESENTATION_ITEM()RATIONAL_B_SPLINE_SURFACE(((1.006584560907303,0.999989196428622,0.997819551126070,0.999989196428622,1.006584560907303),(1.006584560907303,0.999989196428622,0.997819551126070,0.999989196428622,1.006584560907303)))REPRESENTATION_ITEM('')SURFACE());
#1277=CARTESIAN_POINT('',(35.057982744153797,40.147280912598617,-1.581027806171098));
#1278=CARTESIAN_POINT('',(35.474362284941137,40.696188751667989,-1.581027806171098));
#1279=QUASI_UNIFORM_CURVE('',1,(#1277,#1278),.UNSPECIFIED.,.F.,.U.);
#1280=EDGE_CURVE('',#1099,#990,#1279,.T.);
#1281=ORIENTED_EDGE('',*,*,#1280,.T.);
#1282=ORIENTED_EDGE('',*,*,#1002,.T.);
#1283=ORIENTED_EDGE('',*,*,#1251,.F.);
#1284=ORIENTED_EDGE('',*,*,#1118,.F.);
#1285=EDGE_LOOP('',(#1281,#1282,#1283,#1284));
#1286=FACE_OUTER_BOUND('',#1285,.T.);
#1287=ADVANCED_FACE('SLAT_BRACKETS',(#1286),#1276,.F.);
#1288=CARTESIAN_POINT('',(35.666784939061031,39.598992236973437,-1.003875451818150));
#1289=CARTESIAN_POINT('',(34.957213867439968,40.137244482484249,-1.633496202021384));
#1290=CARTESIAN_POINT('',(36.166440388005853,40.257681643856692,-1.003875451818139));
#1291=CARTESIAN_POINT('',(35.456869316384790,40.795933889367497,-1.633496202021374));
#1292=QUASI_UNIFORM_SURFACE('',1,1,((#1288,#1290),(#1289,#1291)),.UNSPECIFIED.,.F.,.F.,.U.);
#1293=CARTESIAN_POINT('',(35.649291970504677,39.698737374672952,-1.056343847668425));
#1294=CARTESIAN_POINT('',(36.065671511292010,40.247645213742317,-1.056343847668429));
#1295=QUASI_UNIFORM_CURVE('',1,(#1293,#1294),.UNSPECIFIED.,.F.,.U.);
#1296=EDGE_CURVE('',#1070,#1005,#1295,.T.);
#1297=ORIENTED_EDGE('',*,*,#1296,.T.);
#1298=ORIENTED_EDGE('',*,*,#1009,.T.);
#1299=ORIENTED_EDGE('',*,*,#1280,.F.);
#1300=ORIENTED_EDGE('',*,*,#1103,.F.);
#1301=EDGE_LOOP('',(#1297,#1298,#1299,#1300));
#1302=FACE_OUTER_BOUND('',#1301,.T.);
#1303=ADVANCED_FACE('SLAT_BRACKETS',(#1302),#1292,.F.);
#1304=CARTESIAN_POINT('',(31.827433996669331,42.511370360457391,-1.605954327817624));
#1305=CARTESIAN_POINT('',(33.875440737261023,40.957834328575068,-0.699623974870162));
#1306=CARTESIAN_POINT('',(32.327089445614142,43.170059767340639,-1.605954327817625));
#1307=CARTESIAN_POINT('',(34.375096186205830,41.616523735458323,-0.699623974870163));
#1308=B_SPLINE_SURFACE_WITH_KNOTS('',1,1,((#1304,#1306),(#1305,#1307)),.UNSPECIFIED.,.F.,.F.,.U.,(2,2),(2,2),(0.0,2.725663317531994),(0.0,1.0),.UNSPECIFIED.);
#1309=CARTESIAN_POINT('',(32.039739179130720,42.436799808374133,-1.530426798405341));
#1310=CARTESIAN_POINT('',(32.456118719918052,42.985707647443498,-1.530426798405344));
#1311=QUASI_UNIFORM_CURVE('',1,(#1309,#1310),.UNSPECIFIED.,.F.,.U.);
#1312=EDGE_CURVE('',#1054,#908,#1311,.T.);
#1313=ORIENTED_EDGE('',*,*,#1312,.T.);
#1314=ORIENTED_EDGE('',*,*,#1043,.T.);
#1315=CARTESIAN_POINT('',(33.746411462957120,41.142186448472209,-0.775151504282459));
#1316=CARTESIAN_POINT('',(34.162791003744452,41.691094287541567,-0.775151504282463));
#1317=QUASI_UNIFORM_CURVE('',1,(#1315,#1316),.UNSPECIFIED.,.F.,.U.);
#1318=EDGE_CURVE('',#1063,#1012,#1317,.T.);
#1319=ORIENTED_EDGE('',*,*,#1318,.F.);
#1320=ORIENTED_EDGE('',*,*,#1067,.F.);
#1321=EDGE_LOOP('',(#1313,#1314,#1319,#1320));
#1322=FACE_OUTER_BOUND('',#1321,.T.);
#1323=ADVANCED_FACE('SLAT_BRACKETS',(#1322),#1308,.F.);
#1324=CARTESIAN_POINT('',(32.058371259707172,42.336190585839127,-1.503879503333474));
#1325=CARTESIAN_POINT('',(31.335130843845029,42.884811849375971,-1.822447044195747));
#1326=CARTESIAN_POINT('',(32.558026708651973,42.994879992722367,-1.503879503333474));
#1327=CARTESIAN_POINT('',(31.834786292789840,43.543501256259219,-1.822447044195747));
#1328=QUASI_UNIFORM_SURFACE('',1,1,((#1324,#1326),(#1325,#1327)),.UNSPECIFIED.,.F.,.F.,.U.);
#1329=ORIENTED_EDGE('',*,*,#914,.F.);
#1330=ORIENTED_EDGE('',*,*,#1312,.F.);
#1331=ORIENTED_EDGE('',*,*,#1060,.T.);
#1332=CARTESIAN_POINT('',(31.853442083706149,43.442874048008349,-1.795889305370345));
#1333=CARTESIAN_POINT('',(31.770161433481150,43.333096077337323,-1.795891394121267));
#1334=CARTESIAN_POINT('',(31.686880783255980,43.223318106666397,-1.795893482872265));
#1335=CARTESIAN_POINT('',(31.603600133030639,43.113540135995599,-1.795895571623338));
#1336=CARTESIAN_POINT('',(31.520319482805132,43.003762165324957,-1.795897660374487));
#1337=CARTESIAN_POINT('',(31.437038832579450,42.893984194654450,-1.795899749125711));
#1338=B_SPLINE_CURVE_WITH_KNOTS('',5,(#1332,#1333,#1334,#1335,#1336,#1337),.UNSPECIFIED.,.F.,.U.,(6,6),(40.334496191411851,41.308838633336798),.UNSPECIFIED.);
#1339=EDGE_CURVE('',#910,#1056,#1338,.T.);
#1340=ORIENTED_EDGE('',*,*,#1339,.F.);
#1341=EDGE_LOOP('',(#1329,#1330,#1331,#1340));
#1342=FACE_OUTER_BOUND('',#1341,.T.);
#1343=ADVANCED_FACE('SLAT_BRACKETS',(#1342),#1328,.T.);
#1344=CARTESIAN_POINT('',(45.245123490479777,51.183613440264459,-1.439127619515512));
#1345=CARTESIAN_POINT('',(39.834295958157199,55.288050875531631,-3.209437550567915));
#1346=CARTESIAN_POINT('',(44.933247584646502,51.420190033292648,0.062598443278028));
#1347=CARTESIAN_POINT('',(39.522420052323923,55.524627468559821,-1.707711487774375));
#1348=B_SPLINE_SURFACE_WITH_KNOTS('',1,1,((#1344,#1346),(#1345,#1347)),.UNSPECIFIED.,.F.,.F.,.U.,(2,2),(2,2),(0.0,7.018365799567976),(0.0,1.0),.UNSPECIFIED.);
#1349=CARTESIAN_POINT('',(41.074534612176180,54.347255418679303,-1.530426798405344));
#1350=VERTEX_POINT('',#1349);
#1351=CARTESIAN_POINT('',(40.471870371194129,54.804412416718307,-1.795883845611993));
#1352=VERTEX_POINT('',#1351);
#1353=CARTESIAN_POINT('',(41.074534612176180,54.347255418679303,-1.530426798405344));
#1354=CARTESIAN_POINT('',(40.471870371194129,54.804412416718307,-1.795883845611993));
#1355=QUASI_UNIFORM_CURVE('',1,(#1353,#1354),.UNSPECIFIED.,.F.,.U.);
#1356=EDGE_CURVE('',#1350,#1352,#1355,.T.);
#1357=ORIENTED_EDGE('',*,*,#1356,.T.);
#1358=CARTESIAN_POINT('',(40.330471491604960,54.911671953494100,-2.913452150337058));
#1359=VERTEX_POINT('',#1358);
#1360=CARTESIAN_POINT('',(40.471870371194129,54.804412416718307,-1.795883845611993));
#1361=CARTESIAN_POINT('',(40.470168886928022,54.805703094655392,-1.799437908325736));
#1362=CARTESIAN_POINT('',(40.468468475971257,54.806992958422960,-1.802997434535132));
#1363=CARTESIAN_POINT('',(40.466769218920192,54.808281946883717,-1.806562373497464));
#1364=CARTESIAN_POINT('',(40.443304287536087,54.826081505678317,-1.855900284638411));
#1365=CARTESIAN_POINT('',(40.420087439913686,54.843692878049929,-1.906259321085469));
#1366=CARTESIAN_POINT('',(40.398930834685999,54.859741432911633,-1.953759629070003));
#1367=CARTESIAN_POINT('',(40.354797441833767,54.893219260228378,-2.057017322404055));
#1368=CARTESIAN_POINT('',(40.314177813973949,54.924031685906058,-2.163284579014218));
#1369=CARTESIAN_POINT('',(40.293843451782728,54.939456520074494,-2.220710360399312));
#1370=CARTESIAN_POINT('',(40.262983860154620,54.962865372483627,-2.317111984458812));
#1371=CARTESIAN_POINT('',(40.238767086670883,54.981235248635542,-2.414933648645578));
#1372=CARTESIAN_POINT('',(40.230397361961579,54.987584187169332,-2.453924930815890));
#1373=CARTESIAN_POINT('',(40.219795798308212,54.995626109494737,-2.514301977331667));
#1374=CARTESIAN_POINT('',(40.213576086841080,55.000344133942889,-2.574286524506084));
#1375=CARTESIAN_POINT('',(40.211975029028231,55.001558632387727,-2.595432019561300));
#1376=CARTESIAN_POINT('',(40.210828566814257,55.002428292786441,-2.620914150368136));
#1377=CARTESIAN_POINT('',(40.210709603917898,55.002518533283329,-2.646111210510133));
#1378=CARTESIAN_POINT('',(40.210720822258473,55.002510023498701,-2.650528451199571));
#1379=CARTESIAN_POINT('',(40.210808048526289,55.002443857139340,-2.659322257908421));
#1380=CARTESIAN_POINT('',(40.211026021033831,55.002278511909857,-2.668074129495725));
#1381=CARTESIAN_POINT('',(40.211169650850280,55.002169560073597,-2.672524081073729));
#1382=CARTESIAN_POINT('',(40.211687896571817,55.001776439589257,-2.685307519007417));
#1383=CARTESIAN_POINT('',(40.212524134981450,55.001142102565453,-2.697991917415697));
#1384=CARTESIAN_POINT('',(40.213214128012908,55.000618701438412,-2.706294121763747));
#1385=CARTESIAN_POINT('',(40.214150444237163,54.999908449385671,-2.716621869463562));
#1386=CARTESIAN_POINT('',(40.215323077482552,54.999018936688870,-2.726868453354101));
#1387=CARTESIAN_POINT('',(40.215568861727760,54.998832494587177,-2.728917238807228));
#1388=CARTESIAN_POINT('',(40.216085925434797,54.998440270731777,-2.733002353461488));
#1389=CARTESIAN_POINT('',(40.216668334625069,54.997998478405393,-2.737077984234137));
#1390=CARTESIAN_POINT('',(40.216984374217077,54.997758743406479,-2.739143508177376));
#1391=CARTESIAN_POINT('',(40.221136335725951,54.994609231405803,-2.764775754710163));
#1392=CARTESIAN_POINT('',(40.228200708998052,54.989250480282912,-2.789912012272745));
#1393=CARTESIAN_POINT('',(40.237123338627264,54.982482130182582,-2.811983788348349));
#1394=CARTESIAN_POINT('',(40.258204586570777,54.966490738343772,-2.850739299023080));
#1395=CARTESIAN_POINT('',(40.285690976902650,54.945640661573719,-2.881840745447002));
#1396=CARTESIAN_POINT('',(40.299882349344678,54.934875653825621,-2.894561513615760));
#1397=CARTESIAN_POINT('',(40.314902999357777,54.923481589267581,-2.905111524624474));
#1398=CARTESIAN_POINT('',(40.330471491604960,54.911671953494100,-2.913452150337058));
#1399=B_SPLINE_CURVE_WITH_KNOTS('',5,(#1360,#1361,#1362,#1363,#1364,#1365,#1366,#1367,#1368,#1369,#1370,#1371,#1372,#1373,#1374,#1375,#1376,#1377,#1378,#1379,#1380,#1381,#1382,#1383,#1384,#1385,#1386,#1387,#1388,#1389,#1390,#1391,#1392,#1393,#1394,#1395,#1396,#1397,#1398),.UNSPECIFIED.,.F.,.U.,(6,3,3,3,3,3,3,3,3,3,3,3,6),(2.205028617169978,2.235478845799948,2.625818414005829,3.071836981484652,3.364924673828821,3.525447155985200,3.559648858052124,3.593703823890539,3.659868150056495,3.676432214224102,3.692943722246964,3.884938032363796,4.058017186408941),.UNSPECIFIED.);
#1400=EDGE_CURVE('',#1352,#1359,#1399,.T.);
#1401=ORIENTED_EDGE('',*,*,#1400,.T.);
#1402=CARTESIAN_POINT('',(40.902163242870671,54.478009447840122,-2.661637634254083));
#1403=VERTEX_POINT('',#1402);
#1404=CARTESIAN_POINT('',(40.330471491604960,54.911671953494100,-2.913452150337058));
#1405=CARTESIAN_POINT('',(40.902163242870671,54.478009447840122,-2.661637634254083));
#1406=QUASI_UNIFORM_CURVE('',1,(#1404,#1405),.UNSPECIFIED.,.F.,.U.);
#1407=EDGE_CURVE('',#1359,#1403,#1406,.T.);
#1408=ORIENTED_EDGE('',*,*,#1407,.T.);
#1409=CARTESIAN_POINT('',(40.965018598041382,54.430329888432951,-2.637556985542161));
#1410=VERTEX_POINT('',#1409);
#1411=CARTESIAN_POINT('',(40.902163242870706,54.478009447840172,-2.661637634254072));
#1412=CARTESIAN_POINT('',(40.933194949612037,54.454470035787487,-2.647969019657141));
#1413=CARTESIAN_POINT('',(40.965018598041389,54.430329888432951,-2.637556985542161));
#1421=(BOUNDED_CURVE()B_SPLINE_CURVE(2,(#1411,#1412,#1413),.UNSPECIFIED.,.F.,.U.)B_SPLINE_CURVE_WITH_KNOTS((3,3),(0.0,0.039370078740157),.UNSPECIFIED.)CURVE()GEOMETRIC_REPRESENTATION_ITEM()RATIONAL_B_SPLINE_CURVE((1.0,0.999149136302824,1.0))REPRESENTATION_ITEM(''));
#1422=EDGE_CURVE('',#1403,#1410,#1421,.T.);
#1423=ORIENTED_EDGE('',*,*,#1422,.T.);
#1424=CARTESIAN_POINT('',(43.963302982407718,52.155951229113903,-1.656580861269962));
#1425=VERTEX_POINT('',#1424);
#1426=CARTESIAN_POINT('',(43.963302982407718,52.155951229113903,-1.656580861269962));
#1427=CARTESIAN_POINT('',(40.965018598041382,54.430329888432951,-2.637556985542161));
#1428=QUASI_UNIFORM_CURVE('',1,(#1426,#1427),.UNSPECIFIED.,.F.,.U.);
#1429=EDGE_CURVE('',#1425,#1410,#1428,.T.);
#1430=ORIENTED_EDGE('',*,*,#1429,.F.);
#1431=CARTESIAN_POINT('',(44.092778177199293,52.057736522903738,-1.581027806171095));
#1432=VERTEX_POINT('',#1431);
#1433=CARTESIAN_POINT('',(44.092778177199271,52.057736522903753,-1.581027806171095));
#1434=CARTESIAN_POINT('',(44.033523214986154,52.102684968160972,-1.633606265544658));
#1435=CARTESIAN_POINT('',(43.963302982407733,52.155951229113910,-1.656580861269951));
#1443=(BOUNDED_CURVE()B_SPLINE_CURVE(2,(#1433,#1434,#1435),.UNSPECIFIED.,.F.,.U.)B_SPLINE_CURVE_WITH_KNOTS((3,3),(0.0,0.039370078740157),.UNSPECIFIED.)CURVE()GEOMETRIC_REPRESENTATION_ITEM()RATIONAL_B_SPLINE_CURVE((1.0,0.983809829836525,1.0))REPRESENTATION_ITEM(''));
#1444=EDGE_CURVE('',#1432,#1425,#1443,.T.);
#1445=ORIENTED_EDGE('',*,*,#1444,.F.);
#1446=CARTESIAN_POINT('',(44.684087403550159,51.609192984978122,-1.056343847668428));
#1447=VERTEX_POINT('',#1446);
#1448=CARTESIAN_POINT('',(44.684087403550159,51.609192984978122,-1.056343847668428));
#1449=CARTESIAN_POINT('',(44.092778177199293,52.057736522903738,-1.581027806171095));
#1450=QUASI_UNIFORM_CURVE('',1,(#1448,#1449),.UNSPECIFIED.,.F.,.U.);
#1451=EDGE_CURVE('',#1447,#1432,#1450,.T.);
#1452=ORIENTED_EDGE('',*,*,#1451,.F.);
#1453=CARTESIAN_POINT('',(42.781206896002558,53.052642058777373,-0.775151504282463));
#1454=VERTEX_POINT('',#1453);
#1455=CARTESIAN_POINT('',(42.781206896002558,53.052642058777373,-0.775151504282463));
#1456=CARTESIAN_POINT('',(42.878043666868948,52.979185556036448,-0.794790985129735));
#1457=CARTESIAN_POINT('',(42.976840230064468,52.904242434313240,-0.813898961109573));
#1458=CARTESIAN_POINT('',(43.077620443523422,52.827794593697170,-0.832524069006241));
#1459=CARTESIAN_POINT('',(43.233761298329767,52.709352382187703,-0.860118819549959));
#1460=CARTESIAN_POINT('',(43.393277104635708,52.588350070056499,-0.886451511431650));
#1461=CARTESIAN_POINT('',(43.448829341553100,52.546212775124488,-0.895406707054837));
#1462=CARTESIAN_POINT('',(43.560621205271289,52.461413835189198,-0.913007971403666));
#1463=CARTESIAN_POINT('',(43.673750164656333,52.375596655753952,-0.929995218024167));
#1464=CARTESIAN_POINT('',(43.730638608399197,52.332441121322233,-0.938336446299234));
#1465=CARTESIAN_POINT('',(43.826478187920870,52.259741047632922,-0.952056284915900));
#1466=CARTESIAN_POINT('',(43.923075026287400,52.186466548387699,-0.965336178649115));
#1467=CARTESIAN_POINT('',(43.961758158353817,52.157123070997962,-0.970567587445261));
#1468=CARTESIAN_POINT('',(44.040014108336877,52.097761235857448,-0.980977124404381));
#1469=CARTESIAN_POINT('',(44.118632912126174,52.038124154808123,-0.991090716942631));
#1470=CARTESIAN_POINT('',(44.157958675447560,52.008293203097089,-0.996064973426024));
#1471=CARTESIAN_POINT('',(44.236723971925478,51.948544997955921,-1.005860092751811));
#1472=CARTESIAN_POINT('',(44.315935162383198,51.888458556177767,-1.015378028840590));
#1473=CARTESIAN_POINT('',(44.356320542535137,51.857823821572318,-1.020146384932290));
#1474=CARTESIAN_POINT('',(44.445390715614863,51.790258748716710,-1.030479226125423));
#1475=CARTESIAN_POINT('',(44.534820234250773,51.722421092215107,-1.040447004061518));
#1476=CARTESIAN_POINT('',(44.584507468625532,51.684730341891942,-1.045861023420515));
#1477=CARTESIAN_POINT('',(44.634267883864219,51.646984080773727,-1.051159770466572));
#1478=CARTESIAN_POINT('',(44.684087403550159,51.609192984978122,-1.056343847668428));
#1479=B_SPLINE_CURVE_WITH_KNOTS('',5,(#1455,#1456,#1457,#1458,#1459,#1460,#1461,#1462,#1463,#1464,#1465,#1466,#1467,#1468,#1469,#1470,#1471,#1472,#1473,#1474,#1475,#1476,#1477,#1478),.UNSPECIFIED.,.F.,.U.,(6,3,3,3,3,3,3,6),(3.514428E-10,1.339769864569371,2.048587227347224,2.757404590125075,3.236070411583821,3.713487055007307,4.188754418317878,4.780451286792897),.UNSPECIFIED.);
#1480=EDGE_CURVE('',#1454,#1447,#1479,.T.);
#1481=ORIENTED_EDGE('',*,*,#1480,.F.);
#1482=CARTESIAN_POINT('',(41.074534612176180,54.347255418679303,-1.530426798405344));
#1483=CARTESIAN_POINT('',(42.781206896002558,53.052642058777373,-0.775151504282463));
#1484=QUASI_UNIFORM_CURVE('',1,(#1482,#1483),.UNSPECIFIED.,.F.,.U.);
#1485=EDGE_CURVE('',#1350,#1454,#1484,.T.);
#1486=ORIENTED_EDGE('',*,*,#1485,.F.);
#1487=EDGE_LOOP('',(#1357,#1401,#1408,#1423,#1430,#1445,#1452,#1481,#1486));
#1488=FACE_OUTER_BOUND('',#1487,.T.);
#1489=ADVANCED_FACE('SLAT_BRACKETS',(#1488),#1348,.F.);
#1490=CARTESIAN_POINT('',(44.828743989201278,50.634705571225311,-1.439127606589031));
#1491=CARTESIAN_POINT('',(39.417915982773060,54.739143366130058,-3.209437692758926));
#1492=CARTESIAN_POINT('',(44.516868083368003,50.871282164253508,0.062598456204491));
#1493=CARTESIAN_POINT('',(39.106040076939777,54.975719959158248,-1.707711629965404));
#1494=B_SPLINE_SURFACE_WITH_KNOTS('',1,1,((#1490,#1492),(#1491,#1493)),.UNSPECIFIED.,.F.,.F.,.U.,(2,2),(2,2),(0.0,7.018366414528766),(0.0,1.0),.UNSPECIFIED.);
#1495=CARTESIAN_POINT('',(40.658155071388848,53.798347579609917,-1.530426798405342));
#1496=VERTEX_POINT('',#1495);
#1497=CARTESIAN_POINT('',(40.055490231585907,54.255505031890557,-1.795884109376152));
#1498=VERTEX_POINT('',#1497);
#1499=CARTESIAN_POINT('',(40.658155071388848,53.798347579609917,-1.530426798405342));
#1500=CARTESIAN_POINT('',(40.055490231585907,54.255505031890557,-1.795884109376152));
#1501=QUASI_UNIFORM_CURVE('',1,(#1499,#1500),.UNSPECIFIED.,.F.,.U.);
#1502=EDGE_CURVE('',#1496,#1498,#1501,.T.);
#1503=ORIENTED_EDGE('',*,*,#1502,.F.);
#1504=CARTESIAN_POINT('',(42.364827355215240,52.503734219707987,-0.775151504282461));
#1505=VERTEX_POINT('',#1504);
#1506=CARTESIAN_POINT('',(40.658155071388848,53.798347579609917,-1.530426798405342));
#1507=CARTESIAN_POINT('',(42.364827355215240,52.503734219707987,-0.775151504282461));
#1508=QUASI_UNIFORM_CURVE('',1,(#1506,#1507),.UNSPECIFIED.,.F.,.U.);
#1509=EDGE_CURVE('',#1496,#1505,#1508,.T.);
#1510=ORIENTED_EDGE('',*,*,#1509,.T.);
#1511=CARTESIAN_POINT('',(44.267707862762833,51.060285145908743,-1.056343847668426));
#1512=VERTEX_POINT('',#1511);
#1513=CARTESIAN_POINT('',(42.364827355215240,52.503734219707987,-0.775151504282461));
#1514=CARTESIAN_POINT('',(42.461664138465217,52.430277707573111,-0.794790986478712));
#1515=CARTESIAN_POINT('',(42.560460714097793,52.355334576421690,-0.813898963895838));
#1516=CARTESIAN_POINT('',(42.661240939294530,52.278886726894910,-0.832524073149452));
#1517=CARTESIAN_POINT('',(42.817381810969067,52.160444502591567,-0.860118825537674));
#1518=CARTESIAN_POINT('',(42.976897634073168,52.039442177717163,-0.886451519263307));
#1519=CARTESIAN_POINT('',(43.032449874953763,51.997304879784643,-0.895406715234362));
#1520=CARTESIAN_POINT('',(43.144241746435391,51.912505933966443,-0.913007980283166));
#1521=CARTESIAN_POINT('',(43.257370713452637,51.826688748738320,-0.929995227631389));
#1522=CARTESIAN_POINT('',(43.314259161024687,51.783533211395671,-0.938336456282208));
#1523=CARTESIAN_POINT('',(43.410098744071107,51.710833135029233,-0.952056295122420));
#1524=CARTESIAN_POINT('',(43.506695585835928,51.637558633208549,-0.965336189103798));
#1525=CARTESIAN_POINT('',(43.545378720580644,51.608215153786688,-0.970567598185195));
#1526=CARTESIAN_POINT('',(43.623634670237323,51.548853318892931,-0.980977134965814));
#1527=CARTESIAN_POINT('',(43.702253473484383,51.489216238255707,-0.991090727347068));
#1528=CARTESIAN_POINT('',(43.741579236917183,51.459385286459472,-0.996064983812457));
#1529=CARTESIAN_POINT('',(43.820344533497831,51.399637081240883,-1.005860103106442));
#1530=CARTESIAN_POINT('',(43.899555723765822,51.339550639605989,-1.015378039168375));
#1531=CARTESIAN_POINT('',(43.939941105211652,51.308915904019592,-1.020146395419759));
#1532=CARTESIAN_POINT('',(44.029011257796917,51.241350846709857,-1.030479234268300));
#1533=CARTESIAN_POINT('',(44.118440755576650,51.173513206029313,-1.040447010042665));
#1534=CARTESIAN_POINT('',(44.168127969341690,51.135822471339530,-1.045861027302544));
#1535=CARTESIAN_POINT('',(44.217888363868809,51.098076225932317,-1.051159772355096));
#1536=CARTESIAN_POINT('',(44.267707862762833,51.060285145908743,-1.056343847668426));
#1537=B_SPLINE_CURVE_WITH_KNOTS('',5,(#1513,#1514,#1515,#1516,#1517,#1518,#1519,#1520,#1521,#1522,#1523,#1524,#1525,#1526,#1527,#1528,#1529,#1530,#1531,#1532,#1533,#1534,#1535,#1536),.UNSPECIFIED.,.F.,.U.,(6,3,3,3,3,3,3,6),(3.478791E-10,1.339769999150240,2.048587399166495,2.757404799182749,3.236070608487362,3.713487247787908,4.188754604335960,4.780451225874327),.UNSPECIFIED.);
#1538=EDGE_CURVE('',#1505,#1512,#1537,.T.);
#1539=ORIENTED_EDGE('',*,*,#1538,.T.);
#1540=CARTESIAN_POINT('',(43.676398636411967,51.508828683834409,-1.581027806171096));
#1541=VERTEX_POINT('',#1540);
#1542=CARTESIAN_POINT('',(44.267707862762833,51.060285145908743,-1.056343847668426));
#1543=CARTESIAN_POINT('',(43.676398636411967,51.508828683834409,-1.581027806171096));
#1544=QUASI_UNIFORM_CURVE('',1,(#1542,#1543),.UNSPECIFIED.,.F.,.U.);
#1545=EDGE_CURVE('',#1512,#1541,#1544,.T.);
#1546=ORIENTED_EDGE('',*,*,#1545,.T.);
#1547=CARTESIAN_POINT('',(43.546923441620393,51.607043390044574,-1.656580861269959));
#1548=VERTEX_POINT('',#1547);
#1549=CARTESIAN_POINT('',(43.676398636411953,51.508828683834423,-1.581027806171095));
#1550=CARTESIAN_POINT('',(43.617143674198836,51.553777129091642,-1.633606265544659));
#1551=CARTESIAN_POINT('',(43.546923441620407,51.607043390044581,-1.656580861269951));
#1559=(BOUNDED_CURVE()B_SPLINE_CURVE(2,(#1549,#1550,#1551),.UNSPECIFIED.,.F.,.U.)B_SPLINE_CURVE_WITH_KNOTS((3,3),(0.0,0.039370078740157),.UNSPECIFIED.)CURVE()GEOMETRIC_REPRESENTATION_ITEM()RATIONAL_B_SPLINE_CURVE((1.0,0.983809829836526,1.0))REPRESENTATION_ITEM(''));
#1560=EDGE_CURVE('',#1541,#1548,#1559,.T.);
#1561=ORIENTED_EDGE('',*,*,#1560,.T.);
#1562=CARTESIAN_POINT('',(40.548639057254050,53.881422049363579,-2.637556985542161));
#1563=VERTEX_POINT('',#1562);
#1564=CARTESIAN_POINT('',(43.546923441620393,51.607043390044574,-1.656580861269959));
#1565=CARTESIAN_POINT('',(40.548639057254050,53.881422049363579,-2.637556985542161));
#1566=QUASI_UNIFORM_CURVE('',1,(#1564,#1565),.UNSPECIFIED.,.F.,.U.);
#1567=EDGE_CURVE('',#1548,#1563,#1566,.T.);
#1568=ORIENTED_EDGE('',*,*,#1567,.T.);
#1569=CARTESIAN_POINT('',(40.485783702083353,53.929101608770793,-2.661637634254081));
#1570=VERTEX_POINT('',#1569);
#1571=CARTESIAN_POINT('',(40.485783702083353,53.929101608770800,-2.661637634254071));
#1572=CARTESIAN_POINT('',(40.516815408824669,53.905562196718115,-2.647969019657140));
#1573=CARTESIAN_POINT('',(40.548639057254029,53.881422049363579,-2.637556985542161));
#1581=(BOUNDED_CURVE()B_SPLINE_CURVE(2,(#1571,#1572,#1573),.UNSPECIFIED.,.F.,.U.)B_SPLINE_CURVE_WITH_KNOTS((3,3),(0.0,0.039370078740157),.UNSPECIFIED.)CURVE()GEOMETRIC_REPRESENTATION_ITEM()RATIONAL_B_SPLINE_CURVE((1.0,0.999149136302824,1.0))REPRESENTATION_ITEM(''));
#1582=EDGE_CURVE('',#1570,#1563,#1581,.T.);
#1583=ORIENTED_EDGE('',*,*,#1582,.F.);
#1584=CARTESIAN_POINT('',(39.914091950817642,54.362764114424763,-2.913452150337056));
#1585=VERTEX_POINT('',#1584);
#1586=CARTESIAN_POINT('',(39.914091950817642,54.362764114424763,-2.913452150337056));
#1587=CARTESIAN_POINT('',(40.485783702083353,53.929101608770793,-2.661637634254081));
#1588=QUASI_UNIFORM_CURVE('',1,(#1586,#1587),.UNSPECIFIED.,.F.,.U.);
#1589=EDGE_CURVE('',#1585,#1570,#1588,.T.);
#1590=ORIENTED_EDGE('',*,*,#1589,.F.);
#1591=CARTESIAN_POINT('',(40.055490231585907,54.255505031890557,-1.795884109376152));
#1592=CARTESIAN_POINT('',(40.053788772900617,54.256795690423047,-1.799438118903477));
#1593=CARTESIAN_POINT('',(40.052088387496752,54.258085534807151,-1.802997591760930));
#1594=CARTESIAN_POINT('',(40.050389155966890,54.259374503908603,-1.806562477208385));
#1595=CARTESIAN_POINT('',(40.026924253500482,54.277174040767363,-1.855900326326134));
#1596=CARTESIAN_POINT('',(40.003707434324021,54.294785391561028,-1.906259298373702));
#1597=CARTESIAN_POINT('',(39.982550832381342,54.310833943930817,-1.953759596694215));
#1598=CARTESIAN_POINT('',(39.938417446644273,54.344311765850350,-2.057017269096162));
#1599=CARTESIAN_POINT('',(39.897797826045633,54.375124186020003,-2.163284504341052));
#1600=CARTESIAN_POINT('',(39.877463467758517,54.390549017226917,-2.220710274240030));
#1601=CARTESIAN_POINT('',(39.846603882637993,54.413957864699668,-2.317111879151217));
#1602=CARTESIAN_POINT('',(39.822387115668960,54.432327735909823,-2.414933524172155));
#1603=CARTESIAN_POINT('',(39.814017393541540,54.438676672485087,-2.453924798744225));
#1604=CARTESIAN_POINT('',(39.803415833854302,54.446718591801947,-2.514301833590470));
#1605=CARTESIAN_POINT('',(39.797196126273391,54.451436613302192,-2.574286369332708));
#1606=CARTESIAN_POINT('',(39.795595069822923,54.452651110713553,-2.595431860380640));
#1607=CARTESIAN_POINT('',(39.794448609240987,54.453520769874281,-2.620913986385326));
#1608=CARTESIAN_POINT('',(39.794329647945631,54.453611009156717,-2.646111041816793));
#1609=CARTESIAN_POINT('',(39.794340866566401,54.453602499159523,-2.650528281681638));
#1610=CARTESIAN_POINT('',(39.794428093391048,54.453536332377787,-2.659322086721025));
#1611=CARTESIAN_POINT('',(39.794646066450213,54.453370986729922,-2.668073956651870));
#1612=CARTESIAN_POINT('',(39.794789696551227,54.453262034677749,-2.672523907524393));
#1613=CARTESIAN_POINT('',(39.795307943077248,54.452868913583153,-2.685307343061769));
#1614=CARTESIAN_POINT('',(39.796144182279647,54.452234575957988,-2.697991739104552));
#1615=CARTESIAN_POINT('',(39.796834175828899,54.451711174438202,-2.706293941919927));
#1616=CARTESIAN_POINT('',(39.797770492697168,54.451000921896913,-2.716621687727890));
#1617=CARTESIAN_POINT('',(39.798943126578322,54.450111408717859,-2.726868269750466));
#1618=CARTESIAN_POINT('',(39.799188910950427,54.449924966519887,-2.728917054830084));
#1619=CARTESIAN_POINT('',(39.799705974908200,54.449532742474283,-2.733002168725610));
#1620=CARTESIAN_POINT('',(39.800288384347247,54.449090949959214,-2.737077798743790));
#1621=CARTESIAN_POINT('',(39.800604424075402,54.448851214857036,-2.739143322372723));
#1622=CARTESIAN_POINT('',(39.804756387152757,54.445701701666572,-2.764775564232410));
#1623=CARTESIAN_POINT('',(39.811820761916131,54.440342949412432,-2.789911817325171));
#1624=CARTESIAN_POINT('',(39.820743392870909,54.433574598306564,-2.811983589705983));
#1625=CARTESIAN_POINT('',(39.841824694328452,54.417583165874213,-2.850739188267506));
#1626=CARTESIAN_POINT('',(39.869311168792258,54.396733025285002,-2.881840686982564));
#1627=CARTESIAN_POINT('',(39.883502626616881,54.385967952769121,-2.894561497805943));
#1628=CARTESIAN_POINT('',(39.898523367027991,54.374573819638748,-2.905111528147573));
#1629=CARTESIAN_POINT('',(39.914091950817642,54.362764114424763,-2.913452150337056));
#1630=B_SPLINE_CURVE_WITH_KNOTS('',5,(#1591,#1592,#1593,#1594,#1595,#1596,#1597,#1598,#1599,#1600,#1601,#1602,#1603,#1604,#1605,#1606,#1607,#1608,#1609,#1610,#1611,#1612,#1613,#1614,#1615,#1616,#1617,#1618,#1619,#1620,#1621,#1622,#1623,#1624,#1625,#1626,#1627,#1628,#1629),.UNSPECIFIED.,.F.,.U.,(6,3,3,3,3,3,3,3,3,3,3,3,6),(2.205029069220016,2.235478845614710,2.625818413788741,3.071836981319845,3.364924673696724,3.525447155857994,3.559648857926002,3.593703823530382,3.659868149715385,3.676432213883367,3.692943721785299,3.884938031702957,4.058018074654244),.UNSPECIFIED.);
#1631=EDGE_CURVE('',#1498,#1585,#1630,.T.);
#1632=ORIENTED_EDGE('',*,*,#1631,.F.);
#1633=EDGE_LOOP('',(#1503,#1510,#1539,#1546,#1561,#1568,#1583,#1590,#1632));
#1634=FACE_OUTER_BOUND('',#1633,.T.);
#1635=ADVANCED_FACE('SLAT_BRACKETS',(#1634),#1494,.T.);
#1636=CARTESIAN_POINT('',(39.815284821612323,54.351239581083227,-2.938633601945344));
#1637=CARTESIAN_POINT('',(40.501314923131183,53.830844574298453,-2.636456182645776));
#1638=CARTESIAN_POINT('',(40.314940270557123,55.009928987966447,-2.938633601945337));
#1639=CARTESIAN_POINT('',(41.000970372075983,54.489533981181658,-2.636456182645769));
#1640=QUASI_UNIFORM_SURFACE('',1,1,((#1636,#1638),(#1637,#1639)),.UNSPECIFIED.,.F.,.F.,.U.);
#1641=CARTESIAN_POINT('',(39.914091950817642,54.362764114424763,-2.913452150337056));
#1642=CARTESIAN_POINT('',(40.330471491604960,54.911671953494100,-2.913452150337058));
#1643=QUASI_UNIFORM_CURVE('',1,(#1641,#1642),.UNSPECIFIED.,.F.,.U.);
#1644=EDGE_CURVE('',#1585,#1359,#1643,.T.);
#1645=ORIENTED_EDGE('',*,*,#1644,.F.);
#1646=ORIENTED_EDGE('',*,*,#1589,.T.);
#1647=CARTESIAN_POINT('',(40.485783702083353,53.929101608770793,-2.661637634254081));
#1648=CARTESIAN_POINT('',(40.902163242870671,54.478009447840122,-2.661637634254083));
#1649=QUASI_UNIFORM_CURVE('',1,(#1647,#1648),.UNSPECIFIED.,.F.,.U.);
#1650=EDGE_CURVE('',#1570,#1403,#1649,.T.);
#1651=ORIENTED_EDGE('',*,*,#1650,.T.);
#1652=ORIENTED_EDGE('',*,*,#1407,.F.);
#1653=EDGE_LOOP('',(#1645,#1646,#1651,#1652));
#1654=FACE_OUTER_BOUND('',#1653,.T.);
#1655=ADVANCED_FACE('SLAT_BRACKETS',(#1654),#1640,.T.);
#1656=CARTESIAN_POINT('',(40.553743018976789,53.855931470277525,-2.632689460287810));
#1657=CARTESIAN_POINT('',(40.990941536803504,54.432284701300375,-2.632689460287809));
#1658=CARTESIAN_POINT('',(40.532438382481217,53.872092315740552,-2.639089612671826));
#1659=CARTESIAN_POINT('',(40.969636900307940,54.448445546763409,-2.639089612671826));
#1660=CARTESIAN_POINT('',(40.511331372700390,53.888103249479144,-2.646466634756067));
#1661=CARTESIAN_POINT('',(40.948529890527112,54.464456480502008,-2.646466634756067));
#1662=CARTESIAN_POINT('',(40.490453880269165,53.903940080532678,-2.654809380579057));
#1663=CARTESIAN_POINT('',(40.927652398095880,54.480293311555549,-2.654809380579057));
#1664=CARTESIAN_POINT('',(40.469837449044114,53.919578880992766,-2.664105245064864));
#1665=CARTESIAN_POINT('',(40.907035966870829,54.495932112015630,-2.664105245064863));
#1673=(BOUNDED_SURFACE()B_SPLINE_SURFACE(1,4,((#1656,#1658,#1660,#1662,#1664),(#1657,#1659,#1661,#1663,#1665)),.UNSPECIFIED.,.F.,.F.,.U.)B_SPLINE_SURFACE_WITH_KNOTS((2,2),(5,5),(0.0,1.0),(0.0,0.109962667326558),.UNSPECIFIED.)GEOMETRIC_REPRESENTATION_ITEM()RATIONAL_B_SPLINE_SURFACE(((1.000377904077552,0.999999964303872,0.999874079568987,0.999999964303872,1.000377904077552),(1.000377904077552,0.999999964303872,0.999874079568987,0.999999964303872,1.000377904077552)))REPRESENTATION_ITEM('')SURFACE());
#1674=ORIENTED_EDGE('',*,*,#1650,.F.);
#1675=ORIENTED_EDGE('',*,*,#1582,.T.);
#1676=CARTESIAN_POINT('',(40.548639057254050,53.881422049363579,-2.637556985542161));
#1677=CARTESIAN_POINT('',(40.965018598041382,54.430329888432951,-2.637556985542161));
#1678=QUASI_UNIFORM_CURVE('',1,(#1676,#1677),.UNSPECIFIED.,.F.,.U.);
#1679=EDGE_CURVE('',#1563,#1410,#1678,.T.);
#1680=ORIENTED_EDGE('',*,*,#1679,.T.);
#1681=ORIENTED_EDGE('',*,*,#1422,.F.);
#1682=EDGE_LOOP('',(#1674,#1675,#1680,#1681));
#1683=FACE_OUTER_BOUND('',#1682,.T.);
#1684=ADVANCED_FACE('SLAT_BRACKETS',(#1683),#1673,.T.);
#1685=CARTESIAN_POINT('',(43.805113925978283,51.324714740205692,-1.558483248842724));
#1686=CARTESIAN_POINT('',(40.207172664738657,54.053969131388563,-2.735654597969380));
#1687=CARTESIAN_POINT('',(44.304769374923097,51.983404147088933,-1.558483248842723));
#1688=CARTESIAN_POINT('',(40.706828113683478,54.712658538271803,-2.735654597969379));
#1689=B_SPLINE_SURFACE_WITH_KNOTS('',1,1,((#1685,#1687),(#1686,#1688)),.UNSPECIFIED.,.F.,.F.,.U.,(2,2),(2,2),(0.0,4.666877246759999),(0.0,1.0),.UNSPECIFIED.);
#1690=CARTESIAN_POINT('',(43.546923441620393,51.607043390044574,-1.656580861269959));
#1691=CARTESIAN_POINT('',(43.963302982407718,52.155951229113903,-1.656580861269962));
#1692=QUASI_UNIFORM_CURVE('',1,(#1690,#1691),.UNSPECIFIED.,.F.,.U.);
#1693=EDGE_CURVE('',#1548,#1425,#1692,.T.);
#1694=ORIENTED_EDGE('',*,*,#1693,.T.);
#1695=ORIENTED_EDGE('',*,*,#1429,.T.);
#1696=ORIENTED_EDGE('',*,*,#1679,.F.);
#1697=ORIENTED_EDGE('',*,*,#1567,.F.);
#1698=EDGE_LOOP('',(#1694,#1695,#1696,#1697));
#1699=FACE_OUTER_BOUND('',#1698,.T.);
#1700=ADVANCED_FACE('SLAT_BRACKETS',(#1699),#1689,.F.);
#1701=CARTESIAN_POINT('',(43.516359588857263,51.608608988989531,-1.662477700207117));
#1702=CARTESIAN_POINT('',(43.953558106683950,52.184962220012366,-1.662477700207116));
#1703=CARTESIAN_POINT('',(43.561245540608667,51.574560300579989,-1.650878951888548));
#1704=CARTESIAN_POINT('',(43.998444058435361,52.150913531602818,-1.650878951888548));
#1705=CARTESIAN_POINT('',(43.604325993713353,51.541881191258007,-1.630778365713125));
#1706=CARTESIAN_POINT('',(44.041524511540040,52.118234422280835,-1.630778365713125));
#1707=CARTESIAN_POINT('',(43.644475556602139,51.511425338073643,-1.602701029710046));
#1708=CARTESIAN_POINT('',(44.081674074428840,52.087778569096479,-1.602701029710045));
#1709=CARTESIAN_POINT('',(43.680645401411645,51.483988339910724,-1.567380408709556));
#1710=CARTESIAN_POINT('',(44.117843919238346,52.060341570933552,-1.567380408709555));
#1718=(BOUNDED_SURFACE()B_SPLINE_SURFACE(1,4,((#1701,#1703,#1705,#1707,#1709),(#1702,#1704,#1706,#1708,#1710)),.UNSPECIFIED.,.F.,.F.,.U.)B_SPLINE_SURFACE_WITH_KNOTS((2,2),(5,5),(0.0,1.0),(0.0,0.229325224708069),.UNSPECIFIED.)GEOMETRIC_REPRESENTATION_ITEM()RATIONAL_B_SPLINE_SURFACE(((1.006584560907303,0.999989196428622,0.997819551126070,0.999989196428622,1.006584560907303),(1.006584560907303,0.999989196428622,0.997819551126070,0.999989196428622,1.006584560907303)))REPRESENTATION_ITEM('')SURFACE());
#1719=CARTESIAN_POINT('',(43.676398636411967,51.508828683834409,-1.581027806171096));
#1720=CARTESIAN_POINT('',(44.092778177199293,52.057736522903738,-1.581027806171095));
#1721=QUASI_UNIFORM_CURVE('',1,(#1719,#1720),.UNSPECIFIED.,.F.,.U.);
#1722=EDGE_CURVE('',#1541,#1432,#1721,.T.);
#1723=ORIENTED_EDGE('',*,*,#1722,.T.);
#1724=ORIENTED_EDGE('',*,*,#1444,.T.);
#1725=ORIENTED_EDGE('',*,*,#1693,.F.);
#1726=ORIENTED_EDGE('',*,*,#1560,.F.);
#1727=EDGE_LOOP('',(#1723,#1724,#1725,#1726));
#1728=FACE_OUTER_BOUND('',#1727,.T.);
#1729=ADVANCED_FACE('SLAT_BRACKETS',(#1728),#1718,.F.);
#1730=CARTESIAN_POINT('',(44.285200831319173,50.960540008209229,-1.003875451818144));
#1731=CARTESIAN_POINT('',(43.575629759698131,51.498792253720040,-1.633496202021369));
#1732=CARTESIAN_POINT('',(44.784856280264002,51.619229415092462,-1.003875451818127));
#1733=CARTESIAN_POINT('',(44.075285208642960,52.157481660603267,-1.633496202021352));
#1734=QUASI_UNIFORM_SURFACE('',1,1,((#1730,#1732),(#1731,#1733)),.UNSPECIFIED.,.F.,.F.,.U.);
#1735=CARTESIAN_POINT('',(44.267707862762833,51.060285145908743,-1.056343847668426));
#1736=CARTESIAN_POINT('',(44.684087403550159,51.609192984978122,-1.056343847668428));
#1737=QUASI_UNIFORM_CURVE('',1,(#1735,#1736),.UNSPECIFIED.,.F.,.U.);
#1738=EDGE_CURVE('',#1512,#1447,#1737,.T.);
#1739=ORIENTED_EDGE('',*,*,#1738,.T.);
#1740=ORIENTED_EDGE('',*,*,#1451,.T.);
#1741=ORIENTED_EDGE('',*,*,#1722,.F.);
#1742=ORIENTED_EDGE('',*,*,#1545,.F.);
#1743=EDGE_LOOP('',(#1739,#1740,#1741,#1742));
#1744=FACE_OUTER_BOUND('',#1743,.T.);
#1745=ADVANCED_FACE('SLAT_BRACKETS',(#1744),#1734,.F.);
#1746=CARTESIAN_POINT('',(40.445849888927469,53.872918131693190,-1.605954327817624));
#1747=CARTESIAN_POINT('',(42.493856629519136,52.319382099810859,-0.699623974870164));
#1748=CARTESIAN_POINT('',(40.945505337872277,54.531607538576438,-1.605954327817624));
#1749=CARTESIAN_POINT('',(42.993512078463951,52.978071506694107,-0.699623974870163));
#1750=B_SPLINE_SURFACE_WITH_KNOTS('',1,1,((#1746,#1748),(#1747,#1749)),.UNSPECIFIED.,.F.,.F.,.U.,(2,2),(2,2),(0.0,2.725663317531991),(0.0,1.0),.UNSPECIFIED.);
#1751=CARTESIAN_POINT('',(40.658155071388848,53.798347579609917,-1.530426798405342));
#1752=CARTESIAN_POINT('',(41.074534612176180,54.347255418679303,-1.530426798405344));
#1753=QUASI_UNIFORM_CURVE('',1,(#1751,#1752),.UNSPECIFIED.,.F.,.U.);
#1754=EDGE_CURVE('',#1496,#1350,#1753,.T.);
#1755=ORIENTED_EDGE('',*,*,#1754,.T.);
#1756=ORIENTED_EDGE('',*,*,#1485,.T.);
#1757=CARTESIAN_POINT('',(42.364827355215240,52.503734219707987,-0.775151504282461));
#1758=CARTESIAN_POINT('',(42.781206896002558,53.052642058777373,-0.775151504282463));
#1759=QUASI_UNIFORM_CURVE('',1,(#1757,#1758),.UNSPECIFIED.,.F.,.U.);
#1760=EDGE_CURVE('',#1505,#1454,#1759,.T.);
#1761=ORIENTED_EDGE('',*,*,#1760,.F.);
#1762=ORIENTED_EDGE('',*,*,#1509,.F.);
#1763=EDGE_LOOP('',(#1755,#1756,#1761,#1762));
#1764=FACE_OUTER_BOUND('',#1763,.T.);
#1765=ADVANCED_FACE('SLAT_BRACKETS',(#1764),#1750,.F.);
#1766=CARTESIAN_POINT('',(40.676783601290410,53.697741050474917,-1.503881067308246));
#1767=CARTESIAN_POINT('',(39.953585793526877,54.246329993211667,-1.822429840473228));
#1768=CARTESIAN_POINT('',(41.176439050235210,54.356430457358172,-1.503881067308247));
#1769=CARTESIAN_POINT('',(40.453241242471677,54.905019400094929,-1.822429840473230));
#1770=QUASI_UNIFORM_SURFACE('',1,1,((#1766,#1768),(#1767,#1769)),.UNSPECIFIED.,.F.,.F.,.U.);
#1771=ORIENTED_EDGE('',*,*,#1356,.F.);
#1772=ORIENTED_EDGE('',*,*,#1754,.F.);
#1773=ORIENTED_EDGE('',*,*,#1502,.T.);
#1774=CARTESIAN_POINT('',(40.471870371194129,54.804412416718307,-1.795883845611984));
#1775=CARTESIAN_POINT('',(40.388594343272644,54.694630939752642,-1.795883898364750));
#1776=CARTESIAN_POINT('',(40.305318315351101,54.584849462787048,-1.795883951117546));
#1777=CARTESIAN_POINT('',(40.222042287429453,54.475067985821497,-1.795884003870376));
#1778=CARTESIAN_POINT('',(40.138766259507719,54.365286508855988,-1.795884056623242));
#1779=CARTESIAN_POINT('',(40.055490231585907,54.255505031890557,-1.795884109376145));
#1780=B_SPLINE_CURVE_WITH_KNOTS('',5,(#1774,#1775,#1776,#1777,#1778,#1779),.UNSPECIFIED.,.F.,.U.,(6,6),(20.167106674367780,21.141449116292382),.UNSPECIFIED.);
#1781=EDGE_CURVE('',#1352,#1498,#1780,.T.);
#1782=ORIENTED_EDGE('',*,*,#1781,.F.);
#1783=EDGE_LOOP('',(#1771,#1772,#1773,#1782));
#1784=FACE_OUTER_BOUND('',#1783,.T.);
#1785=ADVANCED_FACE('SLAT_BRACKETS',(#1784),#1770,.T.);
#1786=CARTESIAN_POINT('',(53.863414282695118,62.545005076452547,-1.439125140247242));
#1787=CARTESIAN_POINT('',(48.452628482657033,66.649410855277182,-3.209421417366412));
#1788=CARTESIAN_POINT('',(53.551539196344393,62.781581047854033,0.062596976623328));
#1789=CARTESIAN_POINT('',(48.140753396306287,66.885986826678675,-1.707699300495842));
#1790=B_SPLINE_SURFACE_WITH_KNOTS('',1,1,((#1786,#1788),(#1787,#1789)),.UNSPECIFIED.,.F.,.F.,.U.,(2,2),(2,2),(0.0,7.018311668765143),(0.0,1.0),.UNSPECIFIED.);
#1791=CARTESIAN_POINT('',(49.692829633274208,65.708643847006016,-1.530426798405343));
#1792=VERTEX_POINT('',#1791);
#1793=CARTESIAN_POINT('',(49.090177787056263,66.165791442872560,-1.795878386058815));
#1794=VERTEX_POINT('',#1793);
#1795=CARTESIAN_POINT('',(49.692829633274208,65.708643847006016,-1.530426798405343));
#1796=CARTESIAN_POINT('',(49.090177787056263,66.165791442872560,-1.795878386058815));
#1797=QUASI_UNIFORM_CURVE('',1,(#1795,#1796),.UNSPECIFIED.,.F.,.U.);
#1798=EDGE_CURVE('',#1792,#1794,#1797,.T.);
#1799=ORIENTED_EDGE('',*,*,#1798,.T.);
#1800=CARTESIAN_POINT('',(48.948797509219567,66.273036869102640,-2.913438497222756));
#1801=VERTEX_POINT('',#1800);
#1802=CARTESIAN_POINT('',(49.090177787056263,66.165791442872560,-1.795878386058815));
#1803=CARTESIAN_POINT('',(49.088475878791407,66.167082442438144,-1.799433502970109));
#1804=CARTESIAN_POINT('',(49.086775044556632,66.168372627287440,-1.802994086740279));
#1805=CARTESIAN_POINT('',(49.085075365023663,66.169661936226134,-1.806560086573836));
#1806=CARTESIAN_POINT('',(49.061611296556833,66.187460840446178,-1.855898637459335));
#1807=CARTESIAN_POINT('',(49.038395347895900,66.205071530901549,-1.906258351248950));
#1808=CARTESIAN_POINT('',(49.017240073786112,66.221119076030419,-1.953758242929109));
#1809=CARTESIAN_POINT('',(48.973109565008848,66.254594715603247,-2.057015034313923));
#1810=CARTESIAN_POINT('',(48.932492880655623,66.285404908454538,-2.163281370386402));
#1811=CARTESIAN_POINT('',(48.912160100811157,66.300828542317944,-2.220706656925042));
#1812=CARTESIAN_POINT('',(48.881303148684900,66.324235392506523,-2.317107455541321));
#1813=CARTESIAN_POINT('',(48.857089017172463,66.342603264564616,-2.414928293513655));
#1814=CARTESIAN_POINT('',(48.848720338959602,66.348951409268039,-2.453919248414515));
#1815=CARTESIAN_POINT('',(48.838120383679239,66.356992111546020,-2.514295791945512));
#1816=CARTESIAN_POINT('',(48.831902248002862,66.361708940662325,-2.574279846325259));
#1817=CARTESIAN_POINT('',(48.830301742646732,66.362923020035510,-2.595425168606306));
#1818=CARTESIAN_POINT('',(48.829155942173308,66.363792178464323,-2.620907092466571));
#1819=CARTESIAN_POINT('',(48.829037628408962,66.363881926555649,-2.646103949605173));
#1820=CARTESIAN_POINT('',(48.829048960382828,66.363873330573355,-2.650521154757625));
#1821=CARTESIAN_POINT('',(48.829136412536521,66.363806992865960,-2.659314890669987));
#1822=CARTESIAN_POINT('',(48.829354609175248,66.363641477619552,-2.668066692009611));
#1823=CARTESIAN_POINT('',(48.829498352807668,66.363532439447056,-2.672516608610633));
#1824=CARTESIAN_POINT('',(48.830016924887957,66.363139071400042,-2.685299944329837));
#1825=CARTESIAN_POINT('',(48.830853485468388,66.362504489990300,-2.697984241833353));
#1826=CARTESIAN_POINT('',(48.831543688641482,66.361980929458284,-2.706286380452960));
#1827=CARTESIAN_POINT('',(48.832480265878303,66.361270479411758,-2.716614046528778));
#1828=CARTESIAN_POINT('',(48.833653156834131,66.360380771226176,-2.726860549827518));
#1829=CARTESIAN_POINT('',(48.833898992549848,66.360194290080997,-2.728909319183945));
#1830=CARTESIAN_POINT('',(48.834416158743352,66.359801988483483,-2.732994401762183));
#1831=CARTESIAN_POINT('',(48.834998669839642,66.359360118855236,-2.737070000640043));
#1832=CARTESIAN_POINT('',(48.835314760986748,66.359120344748717,-2.739135508559303));
#1833=CARTESIAN_POINT('',(48.839467360920906,66.355970348464126,-2.764767555470791));
#1834=CARTESIAN_POINT('',(48.846532344919567,66.350611134068401,-2.789903622077027));
#1835=CARTESIAN_POINT('',(48.855455496766069,66.343842387834968,-2.811975234596491));
#1836=CARTESIAN_POINT('',(48.876536571784428,66.327851127170277,-2.850728514433623));
#1837=CARTESIAN_POINT('',(48.904021913911819,66.307001845526216,-2.881828573196811));
#1838=CARTESIAN_POINT('',(48.918211786029552,66.296237975864202,-2.894548339974770));
#1839=CARTESIAN_POINT('',(48.933230769702710,66.284845175324989,-2.905097860954239));
#1840=CARTESIAN_POINT('',(48.948797509219567,66.273036869102640,-2.913438497222756));
#1841=B_SPLINE_CURVE_WITH_KNOTS('',5,(#1802,#1803,#1804,#1805,#1806,#1807,#1808,#1809,#1810,#1811,#1812,#1813,#1814,#1815,#1816,#1817,#1818,#1819,#1820,#1821,#1822,#1823,#1824,#1825,#1826,#1827,#1828,#1829,#1830,#1831,#1832,#1833,#1834,#1835,#1836,#1837,#1838,#1839,#1840),.UNSPECIFIED.,.F.,.U.,(6,3,3,3,3,3,3,3,3,3,3,3,6),(2.205019262387403,2.235478849226329,2.625818417342261,3.071836984982614,3.364924677410052,3.525447159601673,3.559648861672555,3.593703826320782,3.659868152519757,3.676432216688912,3.692943724520837,3.884938035144403,4.057998794087799),.UNSPECIFIED.);
#1842=EDGE_CURVE('',#1794,#1801,#1841,.T.);
#1843=ORIENTED_EDGE('',*,*,#1842,.T.);
#1844=CARTESIAN_POINT('',(49.520458263968742,65.839397876166885,-2.661637634254083));
#1845=VERTEX_POINT('',#1844);
#1846=CARTESIAN_POINT('',(48.948797509219567,66.273036869102640,-2.913438497222756));
#1847=CARTESIAN_POINT('',(49.520458263968742,65.839397876166885,-2.661637634254083));
#1848=QUASI_UNIFORM_CURVE('',1,(#1846,#1847),.UNSPECIFIED.,.F.,.U.);
#1849=EDGE_CURVE('',#1801,#1845,#1848,.T.);
#1850=ORIENTED_EDGE('',*,*,#1849,.T.);
#1851=CARTESIAN_POINT('',(49.583313619139410,65.791718316759685,-2.637556985542153));
#1852=VERTEX_POINT('',#1851);
#1853=CARTESIAN_POINT('',(49.520458263968727,65.839397876166913,-2.661637634254068));
#1854=CARTESIAN_POINT('',(49.551489970710065,65.815858464114214,-2.647969019657133));
#1855=CARTESIAN_POINT('',(49.583313619139432,65.791718316759685,-2.637556985542153));
#1863=(BOUNDED_CURVE()B_SPLINE_CURVE(2,(#1853,#1854,#1855),.UNSPECIFIED.,.F.,.U.)B_SPLINE_CURVE_WITH_KNOTS((3,3),(0.0,0.039370078740157),.UNSPECIFIED.)CURVE()GEOMETRIC_REPRESENTATION_ITEM()RATIONAL_B_SPLINE_CURVE((1.0,0.999149136302824,1.0))REPRESENTATION_ITEM(''));
#1864=EDGE_CURVE('',#1845,#1852,#1863,.T.);
#1865=ORIENTED_EDGE('',*,*,#1864,.T.);
#1866=CARTESIAN_POINT('',(52.581598003505789,63.517339657440623,-1.656580861269961));
#1867=VERTEX_POINT('',#1866);
#1868=CARTESIAN_POINT('',(52.581598003505789,63.517339657440623,-1.656580861269961));
#1869=CARTESIAN_POINT('',(49.583313619139410,65.791718316759685,-2.637556985542153));
#1870=QUASI_UNIFORM_CURVE('',1,(#1868,#1869),.UNSPECIFIED.,.F.,.U.);
#1871=EDGE_CURVE('',#1867,#1852,#1870,.T.);
#1872=ORIENTED_EDGE('',*,*,#1871,.F.);
#1873=CARTESIAN_POINT('',(52.711073198297321,63.419124951230508,-1.581027806171096));
#1874=VERTEX_POINT('',#1873);
#1875=CARTESIAN_POINT('',(52.711073198297299,63.419124951230522,-1.581027806171093));
#1876=CARTESIAN_POINT('',(52.651818236084189,63.464073396487741,-1.633606265544653));
#1877=CARTESIAN_POINT('',(52.581598003505761,63.517339657440679,-1.656580861269946));
#1885=(BOUNDED_CURVE()B_SPLINE_CURVE(2,(#1875,#1876,#1877),.UNSPECIFIED.,.F.,.U.)B_SPLINE_CURVE_WITH_KNOTS((3,3),(0.0,0.039370078740157),.UNSPECIFIED.)CURVE()GEOMETRIC_REPRESENTATION_ITEM()RATIONAL_B_SPLINE_CURVE((1.0,0.983809829836527,1.0))REPRESENTATION_ITEM(''));
#1886=EDGE_CURVE('',#1874,#1867,#1885,.T.);
#1887=ORIENTED_EDGE('',*,*,#1886,.F.);
#1888=CARTESIAN_POINT('',(53.302382424648187,62.970581413304842,-1.056343847668428));
#1889=VERTEX_POINT('',#1888);
#1890=CARTESIAN_POINT('',(53.302382424648187,62.970581413304842,-1.056343847668428));
#1891=CARTESIAN_POINT('',(52.711073198297321,63.419124951230508,-1.581027806171096));
#1892=QUASI_UNIFORM_CURVE('',1,(#1890,#1891),.UNSPECIFIED.,.F.,.U.);
#1893=EDGE_CURVE('',#1889,#1874,#1892,.T.);
#1894=ORIENTED_EDGE('',*,*,#1893,.F.);
#1895=CARTESIAN_POINT('',(51.399501917100629,64.414030487104085,-0.775151504282462));
#1896=VERTEX_POINT('',#1895);
#1897=CARTESIAN_POINT('',(51.399501917100629,64.414030487104085,-0.775151504282462));
#1898=CARTESIAN_POINT('',(51.503483768717373,64.335154011773824,-0.796240105928773));
#1899=CARTESIAN_POINT('',(51.609725296111840,64.254563438044002,-0.816715869276693));
#1900=CARTESIAN_POINT('',(51.718227107943989,64.172258301702598,-0.836634159705097));
#1901=CARTESIAN_POINT('',(51.883142772530533,64.047159869965668,-0.865489519340165));
#1902=CARTESIAN_POINT('',(52.051722967538353,63.919281675093941,-0.892944834711840));
#1903=CARTESIAN_POINT('',(52.108200609525710,63.876442098439057,-0.901924346642115));
#1904=CARTESIAN_POINT('',(52.221846157129740,63.790236951745229,-0.919566430275684));
#1905=CARTESIAN_POINT('',(52.336818316814743,63.703021954971312,-0.936576532227922));
#1906=CARTESIAN_POINT('',(52.394621538877260,63.659172528236013,-0.944924080862554));
#1907=CARTESIAN_POINT('',(52.471951131555890,63.600513390618531,-0.955822858020281));
#1908=CARTESIAN_POINT('',(52.549754953162029,63.541494522339008,-0.966436405645128));
#1909=CARTESIAN_POINT('',(52.569269049954677,63.526689312625997,-0.969077099434788));
#1910=CARTESIAN_POINT('',(52.608510677961327,63.496920000338861,-0.974342694746853));
#1911=CARTESIAN_POINT('',(52.647864254728638,63.467070184657757,-0.979535570951200));
#1912=CARTESIAN_POINT('',(52.667491254267532,63.452184471549877,-0.982103424369461));
#1913=CARTESIAN_POINT('',(52.706431764635042,63.422645757204727,-0.987156698649558));
#1914=CARTESIAN_POINT('',(52.745459723769713,63.393040707849352,-0.992137433977511));
#1915=CARTESIAN_POINT('',(52.765161452073819,63.378092915676852,-0.994631227439088));
#1916=CARTESIAN_POINT('',(52.804814851784968,63.348011071839053,-0.999606956801633));
#1917=CARTESIAN_POINT('',(52.844589007815067,63.317842445678671,-1.004512559237988));
#1918=CARTESIAN_POINT('',(52.864412521748640,63.302807871183397,-1.006936070180184));
#1919=CARTESIAN_POINT('',(52.963336505858258,63.227768091669731,-1.018929120011192));
#1920=CARTESIAN_POINT('',(53.062825901013532,63.152299415233387,-1.030474465347275));
#1921=CARTESIAN_POINT('',(53.141751804968898,63.092429378150207,-1.039314493847798));
#1922=CARTESIAN_POINT('',(53.221990162056443,63.031563769537613,-1.047978467177908));
#1923=CARTESIAN_POINT('',(53.302382424648187,62.970581413304842,-1.056343847668428));
#1924=B_SPLINE_CURVE_WITH_KNOTS('',5,(#1897,#1898,#1899,#1900,#1901,#1902,#1903,#1904,#1905,#1906,#1907,#1908,#1909,#1910,#1911,#1912,#1913,#1914,#1915,#1916,#1917,#1918,#1919,#1920,#1921,#1922,#1923),.UNSPECIFIED.,.F.,.U.,(6,3,3,3,3,3,3,3,6),(0.0,1.438625318468526,2.156393664862803,2.874162011257080,3.111518437135820,3.348874863014561,3.585666101944874,3.822457340875187,4.777260805840149),.UNSPECIFIED.);
#1925=EDGE_CURVE('',#1896,#1889,#1924,.T.);
#1926=ORIENTED_EDGE('',*,*,#1925,.F.);
#1927=CARTESIAN_POINT('',(49.692829633274208,65.708643847006016,-1.530426798405343));
#1928=CARTESIAN_POINT('',(51.399501917100629,64.414030487104085,-0.775151504282462));
#1929=QUASI_UNIFORM_CURVE('',1,(#1927,#1928),.UNSPECIFIED.,.F.,.U.);
#1930=EDGE_CURVE('',#1792,#1896,#1929,.T.);
#1931=ORIENTED_EDGE('',*,*,#1930,.F.);
#1932=EDGE_LOOP('',(#1799,#1843,#1850,#1865,#1872,#1887,#1894,#1926,#1931));
#1933=FACE_OUTER_BOUND('',#1932,.T.);
#1934=ADVANCED_FACE('SLAT_BRACKETS',(#1933),#1790,.F.);
#1935=CARTESIAN_POINT('',(53.447034809944967,61.996097185772918,-1.439125150294640));
#1936=CARTESIAN_POINT('',(48.036248268853292,66.100503526731188,-3.209421669871130));
#1937=CARTESIAN_POINT('',(53.135159716740361,62.232673162373487,0.062596999578318));
#1938=CARTESIAN_POINT('',(47.724373175648672,66.337079503331751,-1.707699519998172));
#1939=B_SPLINE_SURFACE_WITH_KNOTS('',1,1,((#1935,#1937),(#1936,#1938)),.UNSPECIFIED.,.F.,.F.,.U.,(2,2),(2,2),(0.0,7.018312629983225),(0.0,1.0),.UNSPECIFIED.);
#1940=CARTESIAN_POINT('',(49.276450092486890,65.159736007936644,-1.530426798405342));
#1941=VERTEX_POINT('',#1940);
#1942=CARTESIAN_POINT('',(48.673797647388469,65.616884058089994,-1.795878649849221));
#1943=VERTEX_POINT('',#1942);
#1944=CARTESIAN_POINT('',(49.276450092486890,65.159736007936644,-1.530426798405342));
#1945=CARTESIAN_POINT('',(48.673797647388469,65.616884058089994,-1.795878649849221));
#1946=QUASI_UNIFORM_CURVE('',1,(#1944,#1945),.UNSPECIFIED.,.F.,.U.);
#1947=EDGE_CURVE('',#1941,#1943,#1946,.T.);
#1948=ORIENTED_EDGE('',*,*,#1947,.F.);
#1949=CARTESIAN_POINT('',(50.983122376313268,63.865122648034728,-0.775151504282461));
#1950=VERTEX_POINT('',#1949);
#1951=CARTESIAN_POINT('',(49.276450092486890,65.159736007936644,-1.530426798405342));
#1952=CARTESIAN_POINT('',(50.983122376313268,63.865122648034728,-0.775151504282461));
#1953=QUASI_UNIFORM_CURVE('',1,(#1951,#1952),.UNSPECIFIED.,.F.,.U.);
#1954=EDGE_CURVE('',#1941,#1950,#1953,.T.);
#1955=ORIENTED_EDGE('',*,*,#1954,.T.);
#1956=CARTESIAN_POINT('',(52.886002883860861,62.421673574235513,-1.056343847668427));
#1957=VERTEX_POINT('',#1956);
#1958=CARTESIAN_POINT('',(50.983122376313268,63.865122648034728,-0.775151504282461));
#1959=CARTESIAN_POINT('',(51.079959503165611,63.791665875256847,-0.794791080227717));
#1960=CARTESIAN_POINT('',(51.178756445923213,63.716722465614218,-0.813899143038937));
#1961=CARTESIAN_POINT('',(51.279537044944817,63.640274332527341,-0.832524327831271));
#1962=CARTESIAN_POINT('',(51.435678480427867,63.521831680535811,-0.860119180458087));
#1963=CARTESIAN_POINT('',(51.595194896082560,63.400828906179207,-0.886451959539812));
#1964=CARTESIAN_POINT('',(51.650747310190951,63.358691477074267,-0.895407177721160));
#1965=CARTESIAN_POINT('',(51.762539530216308,63.273892267042001,-0.913008483732292));
#1966=CARTESIAN_POINT('',(51.875668855159240,63.188074810102847,-0.929995766178991));
#1967=CARTESIAN_POINT('',(51.932557485266017,63.144919134090991,-0.938337011182928));
#1968=CARTESIAN_POINT('',(52.028397243985452,63.072218924464508,-0.952056855910505));
#1969=CARTESIAN_POINT('',(52.124994264318183,62.998944287190263,-0.965336753183290));
#1970=CARTESIAN_POINT('',(52.163677494199703,62.969600735600856,-0.970568166428194));
#1971=CARTESIAN_POINT('',(52.241933439927841,62.910238903687400,-0.980977684705701));
#1972=CARTESIAN_POINT('',(52.320552235139957,62.850601829144892,-0.991091257570991));
#1973=CARTESIAN_POINT('',(52.359878007147103,62.820770870845159,-0.996065505774383));
#1974=CARTESIAN_POINT('',(52.438643311734737,62.761022659551926,-1.005860607053821));
#1975=CARTESIAN_POINT('',(52.517854503006603,62.700936217156439,-1.015378523719059));
#1976=CARTESIAN_POINT('',(52.558239954455502,62.670301428468207,-1.020146878151662));
#1977=CARTESIAN_POINT('',(52.647309344079318,62.602736949910032,-1.030479605956096));
#1978=CARTESIAN_POINT('',(52.736738072511592,62.534899892826481,-1.040447276499346));
#1979=CARTESIAN_POINT('',(52.786424522526801,62.497209737486507,-1.045861201572104));
#1980=CARTESIAN_POINT('',(52.836184151609643,62.459464072714681,-1.051159857822354));
#1981=CARTESIAN_POINT('',(52.886002883860861,62.421673574235513,-1.056343847668427));
#1982=B_SPLINE_CURVE_WITH_KNOTS('',5,(#1958,#1959,#1960,#1961,#1962,#1963,#1964,#1965,#1966,#1967,#1968,#1969,#1970,#1971,#1972,#1973,#1974,#1975,#1976,#1977,#1978,#1979,#1980,#1981),.UNSPECIFIED.,.F.,.U.,(6,3,3,3,3,3,3,6),(4.208667E-10,1.339775513700948,2.048595201490976,2.757414889281003,3.236080523441836,3.713497227932890,4.188764467646913,4.780451983792863),.UNSPECIFIED.);
#1983=EDGE_CURVE('',#1950,#1957,#1982,.T.);
#1984=ORIENTED_EDGE('',*,*,#1983,.T.);
#1985=CARTESIAN_POINT('',(52.294693657510003,62.870217112161143,-1.581027806171096));
#1986=VERTEX_POINT('',#1985);
#1987=CARTESIAN_POINT('',(52.886002883860861,62.421673574235513,-1.056343847668427));
#1988=CARTESIAN_POINT('',(52.294693657510003,62.870217112161143,-1.581027806171096));
#1989=QUASI_UNIFORM_CURVE('',1,(#1987,#1988),.UNSPECIFIED.,.F.,.U.);
#1990=EDGE_CURVE('',#1957,#1986,#1989,.T.);
#1991=ORIENTED_EDGE('',*,*,#1990,.T.);
#1992=CARTESIAN_POINT('',(52.165218462718421,62.968431818371300,-1.656580861269960));
#1993=VERTEX_POINT('',#1992);
#1994=CARTESIAN_POINT('',(52.294693657509981,62.870217112161150,-1.581027806171093));
#1995=CARTESIAN_POINT('',(52.235438695296864,62.915165557418369,-1.633606265544655));
#1996=CARTESIAN_POINT('',(52.165218462718443,62.968431818371307,-1.656580861269948));
#2004=(BOUNDED_CURVE()B_SPLINE_CURVE(2,(#1994,#1995,#1996),.UNSPECIFIED.,.F.,.U.)B_SPLINE_CURVE_WITH_KNOTS((3,3),(0.0,0.039370078740157),.UNSPECIFIED.)CURVE()GEOMETRIC_REPRESENTATION_ITEM()RATIONAL_B_SPLINE_CURVE((1.0,0.983809829836525,1.0))REPRESENTATION_ITEM(''));
#2005=EDGE_CURVE('',#1986,#1993,#2004,.T.);
#2006=ORIENTED_EDGE('',*,*,#2005,.T.);
#2007=CARTESIAN_POINT('',(49.166934078352092,65.242810477690313,-2.637556985542153));
#2008=VERTEX_POINT('',#2007);
#2009=CARTESIAN_POINT('',(52.165218462718421,62.968431818371300,-1.656580861269960));
#2010=CARTESIAN_POINT('',(49.166934078352092,65.242810477690313,-2.637556985542153));
#2011=QUASI_UNIFORM_CURVE('',1,(#2009,#2010),.UNSPECIFIED.,.F.,.U.);
#2012=EDGE_CURVE('',#1993,#2008,#2011,.T.);
#2013=ORIENTED_EDGE('',*,*,#2012,.T.);
#2014=CARTESIAN_POINT('',(49.104078723181367,65.290490037097513,-2.661637634254082));
#2015=VERTEX_POINT('',#2014);
#2016=CARTESIAN_POINT('',(49.104078723181424,65.290490037097527,-2.661637634254068));
#2017=CARTESIAN_POINT('',(49.135110429922754,65.266950625044842,-2.647969019657134));
#2018=CARTESIAN_POINT('',(49.166934078352106,65.242810477690313,-2.637556985542154));
#2026=(BOUNDED_CURVE()B_SPLINE_CURVE(2,(#2016,#2017,#2018),.UNSPECIFIED.,.F.,.U.)B_SPLINE_CURVE_WITH_KNOTS((3,3),(0.0,0.039370078740157),.UNSPECIFIED.)CURVE()GEOMETRIC_REPRESENTATION_ITEM()RATIONAL_B_SPLINE_CURVE((1.0,0.999149136302823,1.0))REPRESENTATION_ITEM(''));
#2027=EDGE_CURVE('',#2015,#2008,#2026,.T.);
#2028=ORIENTED_EDGE('',*,*,#2027,.F.);
#2029=CARTESIAN_POINT('',(48.532417709187598,65.724129226685903,-2.913438611412903));
#2030=VERTEX_POINT('',#2029);
#2031=CARTESIAN_POINT('',(48.532417709187598,65.724129226685903,-2.913438611412903));
#2032=CARTESIAN_POINT('',(49.104078723181367,65.290490037097513,-2.661637634254082));
#2033=QUASI_UNIFORM_CURVE('',1,(#2031,#2032),.UNSPECIFIED.,.F.,.U.);
#2034=EDGE_CURVE('',#2030,#2015,#2033,.T.);
#2035=ORIENTED_EDGE('',*,*,#2034,.F.);
#2036=CARTESIAN_POINT('',(48.673797647388469,65.616884058089994,-1.795878649849221));
#2037=CARTESIAN_POINT('',(48.672095763817737,65.618175038923596,-1.799433713971945));
#2038=CARTESIAN_POINT('',(48.670394954247847,65.619465205063108,-1.802994244788521));
#2039=CARTESIAN_POINT('',(48.668695299346979,65.620754495316874,-1.806560191506045));
#2040=CARTESIAN_POINT('',(48.645231247573442,65.638553386874023,-1.855898685761045));
#2041=CARTESIAN_POINT('',(48.622015314914748,65.656164065190737,-1.906258340640311));
#2042=CARTESIAN_POINT('',(48.600860032386827,65.672211616705269,-1.953758227822140));
#2043=CARTESIAN_POINT('',(48.556729505381590,65.705687270105102,-2.057015009435664));
#2044=CARTESIAN_POINT('',(48.516112802424331,65.736497477068639,-2.163281335535487));
#2045=CARTESIAN_POINT('',(48.495780012580873,65.751921118516904,-2.220706616707730));
#2046=CARTESIAN_POINT('',(48.464923043770348,65.775327981361542,-2.317107406386248));
#2047=CARTESIAN_POINT('',(48.440708895558743,65.793695866086907,-2.414928235411842));
#2048=CARTESIAN_POINT('',(48.432340210732242,65.800044015807188,-2.453919186764466));
#2049=CARTESIAN_POINT('',(48.421740245286330,65.808084725796377,-2.514295724846316));
#2050=CARTESIAN_POINT('',(48.415522099650168,65.812801562467726,-2.574279773887621));
#2051=CARTESIAN_POINT('',(48.413921590801799,65.814015644490027,-2.595425094304945));
#2052=CARTESIAN_POINT('',(48.412775786146042,65.814884806091399,-2.620907015921801));
#2053=CARTESIAN_POINT('',(48.412657468278937,65.814974557294889,-2.646103870859756));
#2054=CARTESIAN_POINT('',(48.412668799534629,65.814965961857354,-2.650521075627289));
#2055=CARTESIAN_POINT('',(48.412756250262717,65.814899625231391,-2.659314810987081));
#2056=CARTESIAN_POINT('',(48.412974445493298,65.814734111053141,-2.668066611778023));
#2057=CARTESIAN_POINT('',(48.413118188378810,65.814625073447203,-2.672516527149561));
#2058=CARTESIAN_POINT('',(48.413636758399598,65.814231706962445,-2.685299861973256));
#2059=CARTESIAN_POINT('',(48.414473316957341,65.813597127087064,-2.697984158592198));
#2060=CARTESIAN_POINT('',(48.415163518802927,65.813073567561986,-2.706286296508442));
#2061=CARTESIAN_POINT('',(48.416100094389982,65.812363118766967,-2.716613961698052));
#2062=CARTESIAN_POINT('',(48.417272983716721,65.811473411817104,-2.726860464121803));
#2063=CARTESIAN_POINT('',(48.417518819107130,65.811286930918683,-2.728909233303884));
#2064=CARTESIAN_POINT('',(48.418035984654978,65.810894629810903,-2.732994315551674));
#2065=CARTESIAN_POINT('',(48.418618495109818,65.810452760669264,-2.737069914100974));
#2066=CARTESIAN_POINT('',(48.418934585920987,65.810212986817589,-2.739135421779005));
#2067=CARTESIAN_POINT('',(48.423087181824293,65.807062993590634,-2.764767466566388));
#2068=CARTESIAN_POINT('',(48.430152161975947,65.801703782113151,-2.789903531140988));
#2069=CARTESIAN_POINT('',(48.439075310489457,65.794935038407957,-2.811975141812580));
#2070=CARTESIAN_POINT('',(48.460156431213854,65.778943743072503,-2.850728513000298));
#2071=CARTESIAN_POINT('',(48.487641851687137,65.758094401998392,-2.881828626623723));
#2072=CARTESIAN_POINT('',(48.501831806992378,65.747330469233617,-2.894548437085919));
#2073=CARTESIAN_POINT('',(48.516850879334108,65.735937601434017,-2.905097978144397));
#2074=CARTESIAN_POINT('',(48.532417709187598,65.724129226685903,-2.913438611412903));
#2075=B_SPLINE_CURVE_WITH_KNOTS('',5,(#2036,#2037,#2038,#2039,#2040,#2041,#2042,#2043,#2044,#2045,#2046,#2047,#2048,#2049,#2050,#2051,#2052,#2053,#2054,#2055,#2056,#2057,#2058,#2059,#2060,#2061,#2062,#2063,#2064,#2065,#2066,#2067,#2068,#2069,#2070,#2071,#2072,#2073,#2074),.UNSPECIFIED.,.F.,.U.,(6,3,3,3,3,3,3,3,3,3,3,3,6),(2.205019714227517,2.235478848911800,2.625818417002200,3.071836984659325,3.364924677096271,3.525447159274263,3.559648861345265,3.593703827643574,3.659868153826158,3.676432217995352,3.692943725962673,3.884938036761155,4.057999684389457),.UNSPECIFIED.);
#2076=EDGE_CURVE('',#1943,#2030,#2075,.T.);
#2077=ORIENTED_EDGE('',*,*,#2076,.F.);
#2078=EDGE_LOOP('',(#1948,#1955,#1984,#1991,#2006,#2013,#2028,#2035,#2077));
#2079=FACE_OUTER_BOUND('',#2078,.T.);
#2080=ADVANCED_FACE('SLAT_BRACKETS',(#2079),#1939,.T.);
#2081=CARTESIAN_POINT('',(48.433613653709472,65.712602361737794,-2.938618709128772));
#2082=CARTESIAN_POINT('',(49.119606870502018,65.192235334231711,-2.636457536538183));
#2083=CARTESIAN_POINT('',(48.933269102654307,66.371291768621063,-2.938618709128769));
#2084=CARTESIAN_POINT('',(49.619262319446847,65.850924741114980,-2.636457536538180));
#2085=QUASI_UNIFORM_SURFACE('',1,1,((#2081,#2083),(#2082,#2084)),.UNSPECIFIED.,.F.,.F.,.U.);
#2086=ORIENTED_EDGE('',*,*,#2034,.T.);
#2087=CARTESIAN_POINT('',(49.104078723181367,65.290490037097513,-2.661637634254082));
#2088=CARTESIAN_POINT('',(49.520458263968742,65.839397876166885,-2.661637634254083));
#2089=QUASI_UNIFORM_CURVE('',1,(#2087,#2088),.UNSPECIFIED.,.F.,.U.);
#2090=EDGE_CURVE('',#2015,#1845,#2089,.T.);
#2091=ORIENTED_EDGE('',*,*,#2090,.T.);
#2092=ORIENTED_EDGE('',*,*,#1849,.F.);
#2093=CARTESIAN_POINT('',(48.532417709187598,65.724129226685946,-2.913438611412890));
#2094=CARTESIAN_POINT('',(48.615693669194023,65.833910755169242,-2.913438588574853));
#2095=CARTESIAN_POINT('',(48.698969629200427,65.943692283652595,-2.913438565736818));
#2096=CARTESIAN_POINT('',(48.782245589206823,66.053473812135948,-2.913438542898787));
#2097=CARTESIAN_POINT('',(48.865521549213192,66.163255340619287,-2.913438520060761));
#2098=CARTESIAN_POINT('',(48.948797509219567,66.273036869102640,-2.913438497222743));
#2099=B_SPLINE_CURVE_WITH_KNOTS('',5,(#2093,#2094,#2095,#2096,#2097,#2098),.UNSPECIFIED.,.F.,.U.,(6,6),(100.841832896777206,101.816175576849801),.UNSPECIFIED.);
#2100=EDGE_CURVE('',#2030,#1801,#2099,.T.);
#2101=ORIENTED_EDGE('',*,*,#2100,.F.);
#2102=EDGE_LOOP('',(#2086,#2091,#2092,#2101));
#2103=FACE_OUTER_BOUND('',#2102,.T.);
#2104=ADVANCED_FACE('SLAT_BRACKETS',(#2103),#2085,.T.);
#2105=CARTESIAN_POINT('',(49.172038040074824,65.217319898604245,-2.632689460287803));
#2106=CARTESIAN_POINT('',(49.609236557901561,65.793673129627123,-2.632689460287803));
#2107=CARTESIAN_POINT('',(49.150733403579252,65.233480744067265,-2.639089612671819));
#2108=CARTESIAN_POINT('',(49.587931921405989,65.809833975090143,-2.639089612671819));
#2109=CARTESIAN_POINT('',(49.129626393798439,65.249491677805864,-2.646466634756059));
#2110=CARTESIAN_POINT('',(49.566824911625162,65.825844908828742,-2.646466634756059));
#2111=CARTESIAN_POINT('',(49.108748901367214,65.265328508859398,-2.654809380579049));
#2112=CARTESIAN_POINT('',(49.545947419193936,65.841681739882276,-2.654809380579049));
#2113=CARTESIAN_POINT('',(49.088132470142149,65.280967309319493,-2.664105245064856));
#2114=CARTESIAN_POINT('',(49.525330987968886,65.857320540342371,-2.664105245064856));
#2122=(BOUNDED_SURFACE()B_SPLINE_SURFACE(1,4,((#2105,#2107,#2109,#2111,#2113),(#2106,#2108,#2110,#2112,#2114)),.UNSPECIFIED.,.F.,.F.,.U.)B_SPLINE_SURFACE_WITH_KNOTS((2,2),(5,5),(0.0,1.0),(0.0,0.109962667326552),.UNSPECIFIED.)GEOMETRIC_REPRESENTATION_ITEM()RATIONAL_B_SPLINE_SURFACE(((1.000377904077552,0.999999964303872,0.999874079568987,0.999999964303872,1.000377904077552),(1.000377904077552,0.999999964303872,0.999874079568987,0.999999964303872,1.000377904077552)))REPRESENTATION_ITEM('')SURFACE());
#2123=ORIENTED_EDGE('',*,*,#2090,.F.);
#2124=ORIENTED_EDGE('',*,*,#2027,.T.);
#2125=CARTESIAN_POINT('',(49.166934078352092,65.242810477690313,-2.637556985542153));
#2126=CARTESIAN_POINT('',(49.583313619139410,65.791718316759685,-2.637556985542153));
#2127=QUASI_UNIFORM_CURVE('',1,(#2125,#2126),.UNSPECIFIED.,.F.,.U.);
#2128=EDGE_CURVE('',#2008,#1852,#2127,.T.);
#2129=ORIENTED_EDGE('',*,*,#2128,.T.);
#2130=ORIENTED_EDGE('',*,*,#1864,.F.);
#2131=EDGE_LOOP('',(#2123,#2124,#2129,#2130));
#2132=FACE_OUTER_BOUND('',#2131,.T.);
#2133=ADVANCED_FACE('SLAT_BRACKETS',(#2132),#2122,.T.);
#2134=CARTESIAN_POINT('',(52.423408947076346,62.686103168532419,-1.558483248842711));
#2135=CARTESIAN_POINT('',(48.825467685836699,65.415357559715289,-2.735654597969375));
#2136=CARTESIAN_POINT('',(52.923064396021161,63.344792575415667,-1.558483248842710));
#2137=CARTESIAN_POINT('',(49.325123134781506,66.074046966598530,-2.735654597969374));
#2138=B_SPLINE_SURFACE_WITH_KNOTS('',1,1,((#2134,#2136),(#2135,#2137)),.UNSPECIFIED.,.F.,.F.,.U.,(2,2),(2,2),(0.0,4.666877246760029),(0.0,1.0),.UNSPECIFIED.);
#2139=CARTESIAN_POINT('',(52.165218462718421,62.968431818371300,-1.656580861269960));
#2140=CARTESIAN_POINT('',(52.581598003505789,63.517339657440623,-1.656580861269961));
#2141=QUASI_UNIFORM_CURVE('',1,(#2139,#2140),.UNSPECIFIED.,.F.,.U.);
#2142=EDGE_CURVE('',#1993,#1867,#2141,.T.);
#2143=ORIENTED_EDGE('',*,*,#2142,.T.);
#2144=ORIENTED_EDGE('',*,*,#1871,.T.);
#2145=ORIENTED_EDGE('',*,*,#2128,.F.);
#2146=ORIENTED_EDGE('',*,*,#2012,.F.);
#2147=EDGE_LOOP('',(#2143,#2144,#2145,#2146));
#2148=FACE_OUTER_BOUND('',#2147,.T.);
#2149=ADVANCED_FACE('SLAT_BRACKETS',(#2148),#2138,.F.);
#2150=CARTESIAN_POINT('',(52.134654609955291,62.969997417316257,-1.662477700207114));
#2151=CARTESIAN_POINT('',(52.571853127782006,63.546350648339114,-1.662477700207114));
#2152=CARTESIAN_POINT('',(52.179540561706702,62.935948728906716,-1.650878951888546));
#2153=CARTESIAN_POINT('',(52.616739079533410,63.512301959929573,-1.650878951888546));
#2154=CARTESIAN_POINT('',(52.222621014811381,62.903269619584741,-1.630778365713124));
#2155=CARTESIAN_POINT('',(52.659819532638096,63.479622850607591,-1.630778365713123));
#2156=CARTESIAN_POINT('',(52.262770577700174,62.872813766400370,-1.602701029710045));
#2157=CARTESIAN_POINT('',(52.699969095526889,63.449166997423234,-1.602701029710045));
#2158=CARTESIAN_POINT('',(52.298940422509681,62.845376768237450,-1.567380408709555));
#2159=CARTESIAN_POINT('',(52.736138940336403,63.421729999260307,-1.567380408709555));
#2167=(BOUNDED_SURFACE()B_SPLINE_SURFACE(1,4,((#2150,#2152,#2154,#2156,#2158),(#2151,#2153,#2155,#2157,#2159)),.UNSPECIFIED.,.F.,.F.,.U.)B_SPLINE_SURFACE_WITH_KNOTS((2,2),(5,5),(0.0,1.0),(0.0,0.229325224708032),.UNSPECIFIED.)GEOMETRIC_REPRESENTATION_ITEM()RATIONAL_B_SPLINE_SURFACE(((1.006584560907303,0.999989196428622,0.997819551126070,0.999989196428622,1.006584560907303),(1.006584560907303,0.999989196428622,0.997819551126070,0.999989196428622,1.006584560907303)))REPRESENTATION_ITEM('')SURFACE());
#2168=CARTESIAN_POINT('',(52.294693657510003,62.870217112161143,-1.581027806171096));
#2169=CARTESIAN_POINT('',(52.711073198297321,63.419124951230508,-1.581027806171096));
#2170=QUASI_UNIFORM_CURVE('',1,(#2168,#2169),.UNSPECIFIED.,.F.,.U.);
#2171=EDGE_CURVE('',#1986,#1874,#2170,.T.);
#2172=ORIENTED_EDGE('',*,*,#2171,.T.);
#2173=ORIENTED_EDGE('',*,*,#1886,.T.);
#2174=ORIENTED_EDGE('',*,*,#2142,.F.);
#2175=ORIENTED_EDGE('',*,*,#2005,.F.);
#2176=EDGE_LOOP('',(#2172,#2173,#2174,#2175));
#2177=FACE_OUTER_BOUND('',#2176,.T.);
#2178=ADVANCED_FACE('SLAT_BRACKETS',(#2177),#2167,.F.);
#2179=CARTESIAN_POINT('',(52.903495852417187,62.321928436535977,-1.003875451818156));
#2180=CARTESIAN_POINT('',(52.193924780796152,62.860180682046781,-1.633496202021379));
#2181=CARTESIAN_POINT('',(53.403151301362023,62.980617843419218,-1.003875451818139));
#2182=CARTESIAN_POINT('',(52.693580229740981,63.518870088930029,-1.633496202021362));
#2183=QUASI_UNIFORM_SURFACE('',1,1,((#2179,#2181),(#2180,#2182)),.UNSPECIFIED.,.F.,.F.,.U.);
#2184=CARTESIAN_POINT('',(52.886002883860861,62.421673574235513,-1.056343847668427));
#2185=CARTESIAN_POINT('',(53.302382424648187,62.970581413304842,-1.056343847668428));
#2186=QUASI_UNIFORM_CURVE('',1,(#2184,#2185),.UNSPECIFIED.,.F.,.U.);
#2187=EDGE_CURVE('',#1957,#1889,#2186,.T.);
#2188=ORIENTED_EDGE('',*,*,#2187,.T.);
#2189=ORIENTED_EDGE('',*,*,#1893,.T.);
#2190=ORIENTED_EDGE('',*,*,#2171,.F.);
#2191=ORIENTED_EDGE('',*,*,#1990,.F.);
#2192=EDGE_LOOP('',(#2188,#2189,#2190,#2191));
#2193=FACE_OUTER_BOUND('',#2192,.T.);
#2194=ADVANCED_FACE('SLAT_BRACKETS',(#2193),#2183,.F.);
#2195=CARTESIAN_POINT('',(49.064144910025490,65.234306560019888,-1.605954327817620));
#2196=CARTESIAN_POINT('',(51.112151650617193,63.680770528137572,-0.699623974870155));
#2197=CARTESIAN_POINT('',(49.563800358970298,65.892995966903158,-1.605954327817622));
#2198=CARTESIAN_POINT('',(51.611807099562007,64.339459935020841,-0.699623974870157));
#2199=B_SPLINE_SURFACE_WITH_KNOTS('',1,1,((#2195,#2197),(#2196,#2198)),.UNSPECIFIED.,.F.,.F.,.U.,(2,2),(2,2),(0.0,2.725663317532006),(0.0,1.0),.UNSPECIFIED.);
#2200=CARTESIAN_POINT('',(49.276450092486890,65.159736007936644,-1.530426798405342));
#2201=CARTESIAN_POINT('',(49.692829633274208,65.708643847006016,-1.530426798405343));
#2202=QUASI_UNIFORM_CURVE('',1,(#2200,#2201),.UNSPECIFIED.,.F.,.U.);
#2203=EDGE_CURVE('',#1941,#1792,#2202,.T.);
#2204=ORIENTED_EDGE('',*,*,#2203,.T.);
#2205=ORIENTED_EDGE('',*,*,#1930,.T.);
#2206=CARTESIAN_POINT('',(50.983122376313268,63.865122648034728,-0.775151504282461));
#2207=CARTESIAN_POINT('',(51.399501917100629,64.414030487104085,-0.775151504282462));
#2208=QUASI_UNIFORM_CURVE('',1,(#2206,#2207),.UNSPECIFIED.,.F.,.U.);
#2209=EDGE_CURVE('',#1950,#1896,#2208,.T.);
#2210=ORIENTED_EDGE('',*,*,#2209,.F.);
#2211=ORIENTED_EDGE('',*,*,#1954,.F.);
#2212=EDGE_LOOP('',(#2204,#2205,#2210,#2211));
#2213=FACE_OUTER_BOUND('',#2212,.T.);
#2214=ADVANCED_FACE('SLAT_BRACKETS',(#2213),#2199,.F.);
#2215=CARTESIAN_POINT('',(49.295077382917988,65.059130419014380,-1.503881613260936));
#2216=CARTESIAN_POINT('',(48.571894448799881,65.607708079198403,-1.822423834993586));
#2217=CARTESIAN_POINT('',(49.794732831862810,65.717819825897621,-1.503881613260933));
#2218=CARTESIAN_POINT('',(49.071549897744703,66.266397486081644,-1.822423834993583));
#2219=QUASI_UNIFORM_SURFACE('',1,1,((#2215,#2217),(#2216,#2218)),.UNSPECIFIED.,.F.,.F.,.U.);
#2220=ORIENTED_EDGE('',*,*,#1798,.F.);
#2221=ORIENTED_EDGE('',*,*,#2203,.F.);
#2222=ORIENTED_EDGE('',*,*,#1947,.T.);
#2223=CARTESIAN_POINT('',(49.090177787056263,66.165791442872603,-1.795878386058803));
#2224=CARTESIAN_POINT('',(49.006901759121767,66.056009965916772,-1.795878438817294));
#2225=CARTESIAN_POINT('',(48.923625731187762,65.946228488960628,-1.795878491575574));
#2226=CARTESIAN_POINT('',(48.840349703254212,65.836447012004101,-1.795878544333649));
#2227=CARTESIAN_POINT('',(48.757073675321102,65.726665535047246,-1.795878597091527));
#2228=CARTESIAN_POINT('',(48.673797647388469,65.616884058090037,-1.795878649849210));
#2229=B_SPLINE_CURVE_WITH_KNOTS('',5,(#2223,#2224,#2225,#2226,#2227,#2228),.UNSPECIFIED.,.F.,.U.,(6,6),(0.0,0.974342441924439),.UNSPECIFIED.);
#2230=EDGE_CURVE('',#1794,#1943,#2229,.T.);
#2231=ORIENTED_EDGE('',*,*,#2230,.F.);
#2232=EDGE_LOOP('',(#2220,#2221,#2222,#2231));
#2233=FACE_OUTER_BOUND('',#2232,.T.);
#2234=ADVANCED_FACE('SLAT_BRACKETS',(#2233),#2219,.T.);
#2235=CARTESIAN_POINT('',(-4.634812606765206,-7.199999999999981,0.075231394307481));
#2236=CARTESIAN_POINT('',(60.914458748975321,79.212614058036351,0.075231383829606));
#2237=CARTESIAN_POINT('',(-4.618183684645188,-7.212614058036376,0.036472421045523));
#2238=CARTESIAN_POINT('',(60.931087671095341,79.199999999999946,0.036472410567648));
#2239=B_SPLINE_SURFACE_WITH_KNOTS('',1,1,((#2235,#2237),(#2236,#2238)),.UNSPECIFIED.,.F.,.F.,.U.,(2,2),(2,2),(0.0,108.461268864104895),(0.0,0.044021512006526),.UNSPECIFIED.);
#2240=CARTESIAN_POINT('',(55.467262647940309,71.999999999999957,0.039702325879309));
#2241=VERTEX_POINT('',#2240);
#2242=CARTESIAN_POINT('',(55.445431431831061,72.0,0.072001470265538));
#2243=VERTEX_POINT('',#2242);
#2244=CARTESIAN_POINT('',(55.467262647940309,71.999999999999957,0.039702325879309));
#2245=CARTESIAN_POINT('',(55.445431431831061,72.0,0.072001470265538));
#2246=QUASI_UNIFORM_CURVE('',1,(#2244,#2245),.UNSPECIFIED.,.F.,.U.);
#2247=EDGE_CURVE('',#2241,#2243,#2246,.T.);
#2248=ORIENTED_EDGE('',*,*,#2247,.F.);
#2249=CARTESIAN_POINT('',(0.850843632499108,-1.790344E-14,0.039702334609602));
#2250=VERTEX_POINT('',#2249);
#2251=CARTESIAN_POINT('',(0.850843632499108,-1.790344E-14,0.039702334609602));
#2252=CARTESIAN_POINT('',(55.467262647940309,71.999999999999957,0.039702325879309));
#2253=QUASI_UNIFORM_CURVE('',1,(#2251,#2252),.UNSPECIFIED.,.F.,.U.);
#2254=EDGE_CURVE('',#2250,#2241,#2253,.T.);
#2255=ORIENTED_EDGE('',*,*,#2254,.F.);
#2256=CARTESIAN_POINT('',(0.829012416389845,4.475860E-15,0.072001478995832));
#2257=VERTEX_POINT('',#2256);
#2258=CARTESIAN_POINT('',(0.850843632499108,-1.790344E-14,0.039702334609602));
#2259=CARTESIAN_POINT('',(0.829012416389845,4.475860E-15,0.072001478995832));
#2260=QUASI_UNIFORM_CURVE('',1,(#2258,#2259),.UNSPECIFIED.,.F.,.U.);
#2261=EDGE_CURVE('',#2250,#2257,#2260,.T.);
#2262=ORIENTED_EDGE('',*,*,#2261,.T.);
#2263=CARTESIAN_POINT('',(0.829012416389845,4.475860E-15,0.072001478995832));
#2264=CARTESIAN_POINT('',(55.445431431831061,72.0,0.072001470265538));
#2265=QUASI_UNIFORM_CURVE('',1,(#2263,#2264),.UNSPECIFIED.,.F.,.U.);
#2266=EDGE_CURVE('',#2257,#2243,#2265,.T.);
#2267=ORIENTED_EDGE('',*,*,#2266,.T.);
#2268=EDGE_LOOP('',(#2248,#2255,#2262,#2267));
#2269=FACE_OUTER_BOUND('',#2268,.T.);
#2270=ADVANCED_FACE('SLAT',(#2269),#2239,.T.);
#2271=CARTESIAN_POINT('',(-1.433104134733989,-0.780318000815374,-2.903820395305596));
#2272=CARTESIAN_POINT('',(-1.493888079888847,-0.777890348958734,-2.909155769570253));
#2273=CARTESIAN_POINT('',(-1.554618218318118,-0.775396783875339,-2.914272204036856));
#2274=CARTESIAN_POINT('',(-1.615468824250934,-0.773086057218713,-2.919989815634131));
#2275=CARTESIAN_POINT('',(-1.683700574636535,-0.770125723041531,-2.925238591604312));
#2276=CARTESIAN_POINT('',(-1.752150658535195,-0.767619052190037,-2.931961822723320));
#2277=CARTESIAN_POINT('',(-1.759729647662866,-0.767226099140624,-2.932343008894222));
#2278=CARTESIAN_POINT('',(-1.850517305428341,-0.762605533479214,-2.937181634875375));
#2279=CARTESIAN_POINT('',(-1.936292164606896,-0.749009972438078,-2.912702518571303));
#2280=CARTESIAN_POINT('',(-1.995723368816522,-0.729995826957661,-2.865545307535579));
#2281=CARTESIAN_POINT('',(-2.030437272345837,-0.703877704798798,-2.790752644014908));
#2282=CARTESIAN_POINT('',(-2.022542440112117,-0.678906094411841,-2.710472409970940));
#2283=CARTESIAN_POINT('',(-2.021436642517232,-0.674947708120295,-2.697777846137757));
#2284=CARTESIAN_POINT('',(-1.988517756787674,-0.603409154439315,-2.465592185553816));
#2285=CARTESIAN_POINT('',(-1.793134819573404,-0.517456095654852,-2.153356124897959));
#2286=CARTESIAN_POINT('',(-1.385406783344657,-0.415764449687325,-1.746253739971689));
#2287=CARTESIAN_POINT('',(-1.171675331172191,-0.363257285325254,-1.535367205580581));
#2288=CARTESIAN_POINT('',(-0.666019596184511,-0.244869428755557,-1.054810201556907));
#2289=CARTESIAN_POINT('',(-0.303254731764663,-0.171729914846497,-0.747170578664081));
#2290=CARTESIAN_POINT('',(0.079130630311101,-0.105762346576661,-0.457915147968654));
#2291=CARTESIAN_POINT('',(0.456639011352489,-0.049759582265689,-0.201063757492544));
#2292=CARTESIAN_POINT('',(0.850843632497871,-1.581587E-12,0.039702334609581));
#2293=CARTESIAN_POINT('',(9.608563487526162,13.775745599362580,-2.903820397070575));
#2294=CARTESIAN_POINT('',(9.547779542371318,13.778173251219300,-2.909155771335257));
#2295=CARTESIAN_POINT('',(9.487049403942160,13.780666816302659,-2.914272205801796));
#2296=CARTESIAN_POINT('',(9.426198798009169,13.782977542959269,-2.919989817399147));
#2297=CARTESIAN_POINT('',(9.357967047623827,13.785937877136581,-2.925238593369248));
#2298=CARTESIAN_POINT('',(9.289516963724912,13.788444547987821,-2.931961824488289));
#2299=CARTESIAN_POINT('',(9.281937974597295,13.788837501037280,-2.932343010659181));
#2300=CARTESIAN_POINT('',(9.191150316831720,13.793458066698751,-2.937181636640402));
#2301=CARTESIAN_POINT('',(9.105375457653405,13.807053627739810,-2.912702520336191));
#2302=CARTESIAN_POINT('',(9.045944253443299,13.826067773220149,-2.865545309300662));
#2303=CARTESIAN_POINT('',(9.011230349914555,13.852185895379391,-2.790752645779859));
#2304=CARTESIAN_POINT('',(9.019125182148496,13.877157505766711,-2.710472411735917));
#2305=CARTESIAN_POINT('',(9.020230979743332,13.881115892058171,-2.697777847902727));
#2306=CARTESIAN_POINT('',(9.053149865472493,13.952654445738331,-2.465592187318686));
#2307=CARTESIAN_POINT('',(9.248532802687389,14.038607504524171,-2.153356126663020));
#2308=CARTESIAN_POINT('',(9.656260838915259,14.140299150489930,-1.746253741736535));
#2309=CARTESIAN_POINT('',(9.869992291088343,14.192806314853319,-1.535367207345598));
#2310=CARTESIAN_POINT('',(10.375648026075940,14.311194171422519,-1.054810203321791));
#2311=CARTESIAN_POINT('',(10.738412890495360,14.384333685331660,-0.747170580429192));
#2312=CARTESIAN_POINT('',(11.120798252572071,14.450301253601770,-0.457915149733426));
#2313=CARTESIAN_POINT('',(11.498306633611991,14.506304017911731,-0.201063759257638));
#2314=CARTESIAN_POINT('',(11.892511254758031,14.556063600176371,0.039702332844604));
#2315=CARTESIAN_POINT('',(20.650231109786311,28.331809199540530,-2.903820398835553));
#2316=CARTESIAN_POINT('',(20.589447164631501,28.334236851397360,-2.909155773100256));
#2317=CARTESIAN_POINT('',(20.528717026202582,28.336730416480709,-2.914272207566685));
#2318=CARTESIAN_POINT('',(20.467866420269161,28.339041143137951,-2.919989819164458));
#2319=CARTESIAN_POINT('',(20.399634669884211,28.342001477315311,-2.925238595134402));
#2320=CARTESIAN_POINT('',(20.331184585984889,28.344508148166330,-2.931961826253552));
#2321=CARTESIAN_POINT('',(20.323605596857380,28.344901101215910,-2.932343012424427));
#2322=CARTESIAN_POINT('',(20.232817939092019,28.349521666877319,-2.937181638405535));
#2323=CARTESIAN_POINT('',(20.147043079913011,28.363117227917780,-2.912702522101431));
#2324=CARTESIAN_POINT('',(20.087611875703431,28.382131373399091,-2.865545311065999));
#2325=CARTESIAN_POINT('',(20.052897972174581,28.408249495558110,-2.790752647545171));
#2326=CARTESIAN_POINT('',(20.060792804408781,28.433221105945758,-2.710472413501223));
#2327=CARTESIAN_POINT('',(20.061898602003609,28.437179492237149,-2.697777849668008));
#2328=CARTESIAN_POINT('',(20.094817487733060,28.508718045916432,-2.465592189083530));
#2329=CARTESIAN_POINT('',(20.290200424948061,28.594671104703391,-2.153356128428202));
#2330=CARTESIAN_POINT('',(20.697928461175280,28.696362750667429,-1.746253743501414));
#2331=CARTESIAN_POINT('',(20.911659913349300,28.748869915032309,-1.535367209110572));
#2332=CARTESIAN_POINT('',(21.417315648335791,28.867257771600482,-1.054810205086921));
#2333=CARTESIAN_POINT('',(21.780080512756669,28.940397285511271,-0.747170582194224));
#2334=CARTESIAN_POINT('',(22.162465874831430,29.006364853778710,-0.457915151498419));
#2335=CARTESIAN_POINT('',(22.539974255872320,29.062367618090480,-0.201063761022819));
#2336=CARTESIAN_POINT('',(22.934178877018201,29.112127200354319,0.039702331079629));
#2337=CARTESIAN_POINT('',(31.691898732046489,42.887872799718473,-2.903820400600529));
#2338=CARTESIAN_POINT('',(31.631114786891651,42.890300451575357,-2.909155774865265));
#2339=CARTESIAN_POINT('',(31.570384648462980,42.892794016658939,-2.914272209331639));
#2340=CARTESIAN_POINT('',(31.509534042529651,42.895104743315187,-2.919989820929027));
#2341=CARTESIAN_POINT('',(31.441302292144059,42.898065077493378,-2.925238596899557));
#2342=CARTESIAN_POINT('',(31.372852208244812,42.900571748343673,-2.931961828018415));
#2343=CARTESIAN_POINT('',(31.365273219117409,42.900964701393391,-2.932343014189303));
#2344=CARTESIAN_POINT('',(31.274485561353270,42.905585267055592,-2.937181640170129));
#2345=CARTESIAN_POINT('',(31.188710702172159,42.919180828094760,-2.912702523866538));
#2346=CARTESIAN_POINT('',(31.129279497963839,42.938194973577048,-2.865545312830870));
#2347=CARTESIAN_POINT('',(31.094565594434691,42.964313095735633,-2.790752649310021));
#2348=CARTESIAN_POINT('',(31.102460426669410,42.989284706123740,-2.710472415266001));
#2349=CARTESIAN_POINT('',(31.103566224264021,42.993243092414907,-2.697777851432802));
#2350=CARTESIAN_POINT('',(31.136485109992449,43.064781646093230,-2.465592190848449));
#2351=CARTESIAN_POINT('',(31.331868047208680,43.150734704881607,-2.153356130193066));
#2352=CARTESIAN_POINT('',(31.739596083434741,43.252426350844409,-1.746253745266374));
#2353=CARTESIAN_POINT('',(31.953327535609731,43.304933515210749,-1.535367210875597));
#2354=CARTESIAN_POINT('',(32.458983270595489,43.423321371778073,-1.054810206851980));
#2355=CARTESIAN_POINT('',(32.821748135017373,43.496460885688741,-0.747170583958779));
#2356=CARTESIAN_POINT('',(33.204133497091227,43.562428453957963,-0.457915153264007));
#2357=CARTESIAN_POINT('',(33.581641878133190,43.618431218267681,-0.201063762787207));
#2358=CARTESIAN_POINT('',(33.975846499278347,43.668190800532287,0.039702329314651));
#2359=CARTESIAN_POINT('',(42.733566354306653,57.443936399896423,-2.903820402365505));
#2360=CARTESIAN_POINT('',(42.672782409151807,57.446364051753349,-2.909155776630255));
#2361=CARTESIAN_POINT('',(42.612052270723147,57.448857616836769,-2.914272211096594));
#2362=CARTESIAN_POINT('',(42.551201664790320,57.451168343493393,-2.919989822693855));
#2363=CARTESIAN_POINT('',(42.482969914404528,57.454128677670980,-2.925238598664258));
#2364=CARTESIAN_POINT('',(42.414519830505547,57.456635348521573,-2.931961829783109));
#2365=CARTESIAN_POINT('',(42.406940841377953,57.457028301571221,-2.932343015954065));
#2366=CARTESIAN_POINT('',(42.316153183612677,57.461648867233350,-2.937181641935371));
#2367=CARTESIAN_POINT('',(42.230378324434099,57.475244428272163,-2.912702525630500));
#2368=CARTESIAN_POINT('',(42.170947120224170,57.494258573755111,-2.865545314595792));
#2369=CARTESIAN_POINT('',(42.136233216696219,57.520376695913818,-2.790752651074450));
#2370=CARTESIAN_POINT('',(42.144128048930433,57.545348306302166,-2.710472417030727));
#2371=CARTESIAN_POINT('',(42.145233846525237,57.549306692593348,-2.697777853197462));
#2372=CARTESIAN_POINT('',(42.178152732254013,57.620845246271926,-2.465592192613038));
#2373=CARTESIAN_POINT('',(42.373535669469057,57.706798305060431,-2.153356131958242));
#2374=CARTESIAN_POINT('',(42.781263705695913,57.808489951022842,-1.746253747031038));
#2375=CARTESIAN_POINT('',(42.994995157870861,57.860997115390347,-1.535367212640710));
#2376=CARTESIAN_POINT('',(43.500650892856328,57.979384971955938,-1.054810208616628));
#2377=CARTESIAN_POINT('',(43.863415757277323,58.052524485869412,-0.747170585724790));
#2378=CARTESIAN_POINT('',(44.245801119352883,58.118492054133469,-0.457915155027456));
#2379=CARTESIAN_POINT('',(44.623309500392637,58.174494818447641,-0.201063764553221));
#2380=CARTESIAN_POINT('',(45.017514121538497,58.224254400710187,0.039702327549675));
#2381=CARTESIAN_POINT('',(53.775233976566810,72.000000000074365,-2.903820404130480));
#2382=CARTESIAN_POINT('',(53.714450031412042,72.002427651931299,-2.909155778395198));
#2383=CARTESIAN_POINT('',(53.653719892983418,72.004921217015237,-2.914272212861696));
#2384=CARTESIAN_POINT('',(53.592869287049922,72.007231943671570,-2.919989824459167));
#2385=CARTESIAN_POINT('',(53.524637536664642,72.010192277848944,-2.925238600429271));
#2386=CARTESIAN_POINT('',(53.456187452765590,72.012698948699608,-2.931961831548183));
#2387=CARTESIAN_POINT('',(53.448608463638067,72.013091901749448,-2.932343017719158));
#2388=CARTESIAN_POINT('',(53.357820805873892,72.017712467412210,-2.937181643700176));
#2389=CARTESIAN_POINT('',(53.272045946693773,72.031308028452685,-2.912702527396596));
#2390=CARTESIAN_POINT('',(53.212614742484533,72.050322173933267,-2.865545316360766));
#2391=CARTESIAN_POINT('',(53.177900838956297,72.076440296093068,-2.790752652839919));
#2392=CARTESIAN_POINT('',(53.185795671190867,72.101411906482241,-2.710472418796333));
#2393=CARTESIAN_POINT('',(53.186901468785791,72.105370292773259,-2.697777854962955));
#2394=CARTESIAN_POINT('',(53.219820354513779,72.176908846450786,-2.465592194378525));
#2395=CARTESIAN_POINT('',(53.415203291729682,72.262861905240200,-2.153356133723634));
#2396=CARTESIAN_POINT('',(53.822931327954947,72.364553551202007,-1.746253748796972));
#2397=CARTESIAN_POINT('',(54.036662780131543,72.417060715568113,-1.535367214405384));
#2398=CARTESIAN_POINT('',(54.542318515116143,72.535448572134285,-1.054810210381894));
#2399=CARTESIAN_POINT('',(54.905083379536848,72.608588086047320,-0.747170587490056));
#2400=CARTESIAN_POINT('',(55.287468741613502,72.674555654313735,-0.457915156793029));
#2401=CARTESIAN_POINT('',(55.664977122650669,72.730558418622948,-0.201063766318245));
#2402=CARTESIAN_POINT('',(56.059181743798632,72.780318000888187,0.039702325784670));
#2403=B_SPLINE_SURFACE_WITH_KNOTS('',5,5,((#2271,#2293,#2315,#2337,#2359,#2381),(#2272,#2294,#2316,#2338,#2360,#2382),(#2273,#2295,#2317,#2339,#2361,#2383),(#2274,#2296,#2318,#2340,#2362,#2384),(#2275,#2297,#2319,#2341,#2363,#2385),(#2276,#2298,#2320,#2342,#2364,#2386),(#2277,#2299,#2321,#2343,#2365,#2387),(#2278,#2300,#2322,#2344,#2366,#2388),(#2279,#2301,#2323,#2345,#2367,#2389),(#2280,#2302,#2324,#2346,#2368,#2390),(#2281,#2303,#2325,#2347,#2369,#2391),(#2282,#2304,#2326,#2348,#2370,#2392),(#2283,#2305,#2327,#2349,#2371,#2393),(#2284,#2306,#2328,#2350,#2372,#2394),(#2285,#2307,#2329,#2351,#2373,#2395),(#2286,#2308,#2330,#2352,#2374,#2396),(#2287,#2309,#2331,#2353,#2375,#2397),(#2288,#2310,#2332,#2354,#2376,#2398),(#2289,#2311,#2333,#2355,#2377,#2399),(#2290,#2312,#2334,#2356,#2378,#2400),(#2291,#2313,#2335,#2357,#2379,#2401),(#2292,#2314,#2336,#2358,#2380,#2402)),.UNSPECIFIED.,.F.,.F.,.U.,(6,3,3,3,3,2,2,6),(6,6),(0.0,0.302586025209696,0.340409278360907,0.756465063024274,0.832111569326680,2.118102176470182,2.269395189075420,4.841376403370464),(1.988175849931255,93.338793173090679),.UNSPECIFIED.);
#2404=CARTESIAN_POINT('',(-0.841185038930776,4.475860E-15,-2.903820395400169));
#2405=VERTEX_POINT('',#2404);
#2406=CARTESIAN_POINT('',(53.775233976510549,72.000000000000114,-2.903820404130449));
#2407=VERTEX_POINT('',#2406);
#2408=CARTESIAN_POINT('',(-0.841185038930776,4.475860E-15,-2.903820395400169));
#2409=CARTESIAN_POINT('',(53.775233976510549,72.000000000000114,-2.903820404130449));
#2410=QUASI_UNIFORM_CURVE('',1,(#2408,#2409),.UNSPECIFIED.,.F.,.U.);
#2411=EDGE_CURVE('',#2405,#2407,#2410,.T.);
#2412=ORIENTED_EDGE('',*,*,#2411,.F.);
#2413=CARTESIAN_POINT('',(0.850843632499108,-1.790344E-14,0.039702334609602));
#2414=CARTESIAN_POINT('',(0.604822895512426,0.0,-0.126469550662121));
#2415=CARTESIAN_POINT('',(0.367784250581765,0.0,-0.301132426196847));
#2416=CARTESIAN_POINT('',(0.140080874306633,0.0,-0.484356767309726));
#2417=CARTESIAN_POINT('',(-0.170762512809369,0.0,-0.758095740191549));
#2418=CARTESIAN_POINT('',(-0.460388055097217,0.0,-1.049015727438916));
#2419=CARTESIAN_POINT('',(-0.545219479015639,0.0,-1.137708762939851));
#2420=CARTESIAN_POINT('',(-0.633970032753598,0.0,-1.234335785898021));
#2421=CARTESIAN_POINT('',(-0.720442908037378,0.0,-1.332693410731656));
#2422=CARTESIAN_POINT('',(-0.726200296459471,0.0,-1.339261325163241));
#2423=CARTESIAN_POINT('',(-0.737641309040129,0.0,-1.352350946693516));
#2424=CARTESIAN_POINT('',(-0.749065232120310,0.0,-1.365494133663300));
#2425=CARTESIAN_POINT('',(-0.754780601614819,0.0,-1.372087299717317));
#2426=CARTESIAN_POINT('',(-0.770133422071999,0.0,-1.389842772383256));
#2427=CARTESIAN_POINT('',(-0.785580057556908,0.0,-1.407820385970237));
#2428=CARTESIAN_POINT('',(-0.795271641047496,0.0,-1.419139329650472));
#2429=CARTESIAN_POINT('',(-0.828512124734507,0.0,-1.458090875203616));
#2430=CARTESIAN_POINT('',(-0.862821920715200,0.0,-1.498749579123862));
#2431=CARTESIAN_POINT('',(-0.887636467095710,0.0,-1.528393808315062));
#2432=CARTESIAN_POINT('',(-0.927154487335579,0.0,-1.576091711702223));
#2433=CARTESIAN_POINT('',(-0.967585166037573,0.0,-1.625838699165369));
#2434=CARTESIAN_POINT('',(-0.982242451539294,0.0,-1.644008979505407));
#2435=CARTESIAN_POINT('',(-1.013033634707670,0.0,-1.682496000525178));
#2436=CARTESIAN_POINT('',(-1.044013305826408,0.0,-1.721950247542233));
#2437=CARTESIAN_POINT('',(-1.060209561253333,0.0,-1.742798091156142));
#2438=CARTESIAN_POINT('',(-1.109079650200660,0.0,-1.806441785956597));
#2439=CARTESIAN_POINT('',(-1.157552830170524,0.0,-1.872028796527739));
#2440=CARTESIAN_POINT('',(-1.189565172326677,0.0,-1.916674903541746));
#2441=CARTESIAN_POINT('',(-1.267941895316526,0.0,-2.029973101003394));
#2442=CARTESIAN_POINT('',(-1.340392385411223,0.0,-2.146964672281746));
#2443=CARTESIAN_POINT('',(-1.380844048890609,0.0,-2.218343885524294));
#2444=CARTESIAN_POINT('',(-1.435173391609712,0.0,-2.326908385649418));
#2445=CARTESIAN_POINT('',(-1.474976279459151,0.0,-2.435847162695941));
#2446=CARTESIAN_POINT('',(-1.486420905137967,0.0,-2.472327797320502));
#2447=CARTESIAN_POINT('',(-1.500692536384000,0.0,-2.528658033002515));
#2448=CARTESIAN_POINT('',(-1.508720641356302,0.0,-2.583960775146421));
#2449=CARTESIAN_POINT('',(-1.510733089507446,0.0,-2.603508101441033));
#2450=CARTESIAN_POINT('',(-1.512101241060775,0.0,-2.627345203541537));
#2451=CARTESIAN_POINT('',(-1.512047441345124,0.0,-2.650787637370238));
#2452=CARTESIAN_POINT('',(-1.511986056831564,0.0,-2.655204329592659));
#2453=CARTESIAN_POINT('',(-1.511760211173890,0.0,-2.664005326106874));
#2454=CARTESIAN_POINT('',(-1.511327091426316,0.0,-2.672743109533529));
#2455=CARTESIAN_POINT('',(-1.511060884041511,0.0,-2.677096570874341));
#2456=CARTESIAN_POINT('',(-1.510102761977220,0.0,-2.689790309848792));
#2457=CARTESIAN_POINT('',(-1.508662378359613,0.0,-2.702336610214868));
#2458=CARTESIAN_POINT('',(-1.507527608544682,0.0,-2.710526124306805));
#2459=CARTESIAN_POINT('',(-1.506002026824021,0.0,-2.720698678948064));
#2460=CARTESIAN_POINT('',(-1.504043911326926,0.0,-2.730760095432897));
#2461=CARTESIAN_POINT('',(-1.503618018971387,0.0,-2.732839266063873));
#2462=CARTESIAN_POINT('',(-1.502729049935091,0.0,-2.736891376480151));
#2463=CARTESIAN_POINT('',(-1.501728482810934,0.0,-2.740923885430173));
#2464=CARTESIAN_POINT('',(-1.501198875258624,0.0,-2.742940645332630));
#2465=CARTESIAN_POINT('',(-1.494812753487143,0.0,-2.765985612124832));
#2466=CARTESIAN_POINT('',(-1.484814434669366,0.0,-2.788241404859796));
#2467=CARTESIAN_POINT('',(-1.472901338053157,0.0,-2.807495219197481));
#2468=CARTESIAN_POINT('',(-1.446342352577654,0.0,-2.840617109471383));
#2469=CARTESIAN_POINT('',(-1.412600323280063,0.0,-2.868431185568860));
#2470=CARTESIAN_POINT('',(-1.395782396430319,0.0,-2.879975027964933));
#2471=CARTESIAN_POINT('',(-1.350002003553762,0.0,-2.906107262818797));
#2472=CARTESIAN_POINT('',(-1.298380807230270,0.0,-2.923258926197418));
#2473=CARTESIAN_POINT('',(-1.265528442619636,0.0,-2.930170994488916));
#2474=CARTESIAN_POINT('',(-1.229051346515575,0.0,-2.933735401182739));
#2475=CARTESIAN_POINT('',(-1.192618111872925,0.0,-2.932940182074971));
#2476=CARTESIAN_POINT('',(-1.189695358231515,0.0,-2.932844753538712));
#2477=CARTESIAN_POINT('',(-1.180929334470560,0.0,-2.932509045684116));
#2478=CARTESIAN_POINT('',(-1.172168183007387,0.0,-2.932014417859038));
#2479=CARTESIAN_POINT('',(-1.166329071601566,0.0,-2.931617467087761));
#2480=CARTESIAN_POINT('',(-1.157550336801977,0.0,-2.930794392159028));
#2481=CARTESIAN_POINT('',(-1.148771703308195,0.0,-2.929977538588838));
#2482=CARTESIAN_POINT('',(-1.144181588666056,0.0,-2.929559454822424));
#2483=CARTESIAN_POINT('',(-1.081841405931072,0.0,-2.923913722900064));
#2484=CARTESIAN_POINT('',(-1.019431719178902,0.0,-2.919117608076091));
#2485=CARTESIAN_POINT('',(-0.960031989663594,0.0,-2.913748751935627));
#2486=CARTESIAN_POINT('',(-0.900605958549922,0.0,-2.908882758285321));
#2487=CARTESIAN_POINT('',(-0.841185038930873,0.0,-2.903820395400207));
#2488=B_SPLINE_CURVE_WITH_KNOTS('',5,(#2413,#2414,#2415,#2416,#2417,#2418,#2419,#2420,#2421,#2422,#2423,#2424,#2425,#2426,#2427,#2428,#2429,#2430,#2431,#2432,#2433,#2434,#2435,#2436,#2437,#2438,#2439,#2440,#2441,#2442,#2443,#2444,#2445,#2446,#2447,#2448,#2449,#2450,#2451,#2452,#2453,#2454,#2455,#2456,#2457,#2458,#2459,#2460,#2461,#2462,#2463,#2464,#2465,#2466,#2467,#2468,#2469,#2470,#2471,#2472,#2473,#2474,#2475,#2476,#2477,#2478,#2479,#2480,#2481,#2482,#2483,#2484,#2485,#2486,#2487),.UNSPECIFIED.,.F.,.U.,(6,3,3,3,3,3,3,3,3,3,3,3,3,3,3,3,3,3,3,3,3,3,3,3,6),(0.0,2.324009411520799,3.318101088176517,3.388741200629072,3.459457391225782,3.578476463400955,3.861363268647797,4.020494483665225,4.194282972723800,4.545487582205693,5.072874370111232,5.338643785023204,5.485870331416535,5.520178885822988,5.554487440229445,5.620619211719879,5.637332980432713,5.654135212944264,5.829913261908307,5.979446392737118,6.212151704447078,6.232453827137213,6.273053990043646,6.293699282696188,6.707883723276582),.UNSPECIFIED.);
#2489=EDGE_CURVE('',#2250,#2405,#2488,.T.);
#2490=ORIENTED_EDGE('',*,*,#2489,.F.);
#2491=ORIENTED_EDGE('',*,*,#2254,.T.);
#2492=CARTESIAN_POINT('',(55.467262647940267,72.0,0.039702325879285));
#2493=CARTESIAN_POINT('',(55.221241911079957,72.0,-0.126469559306824));
#2494=CARTESIAN_POINT('',(54.984203266258781,72.0,-0.301132434750991));
#2495=CARTESIAN_POINT('',(54.756499889927127,72.0,-0.484356775891961));
#2496=CARTESIAN_POINT('',(54.445656502939947,72.0,-0.758095748649384));
#2497=CARTESIAN_POINT('',(54.156030960733268,72.0,-1.049015735766673));
#2498=CARTESIAN_POINT('',(54.071199536776732,72.0,-1.137708771297342));
#2499=CARTESIAN_POINT('',(53.982448982484129,72.0,-1.234335794846044));
#2500=CARTESIAN_POINT('',(53.895976106674610,72.0,-1.332693420290731));
#2501=CARTESIAN_POINT('',(53.890218720410360,72.0,-1.339261332259796));
#2502=CARTESIAN_POINT('',(53.878777707289252,72.0,-1.352350954403125));
#2503=CARTESIAN_POINT('',(53.867353783670900,72.0,-1.365494141990344));
#2504=CARTESIAN_POINT('',(53.861638414176447,72.0,-1.372087308043454));
#2505=CARTESIAN_POINT('',(53.846285593699477,72.0,-1.389842780730147));
#2506=CARTESIAN_POINT('',(53.830838958196061,72.0,-1.407820394336871));
#2507=CARTESIAN_POINT('',(53.821147374691890,72.0,-1.419139338032038));
#2508=CARTESIAN_POINT('',(53.787906890967427,72.0,-1.458090883625978));
#2509=CARTESIAN_POINT('',(53.753597094948148,72.0,-1.498749587589396));
#2510=CARTESIAN_POINT('',(53.728782548546377,72.0,-1.528393816804214));
#2511=CARTESIAN_POINT('',(53.689264528287360,72.0,-1.576091720210948));
#2512=CARTESIAN_POINT('',(53.648833849564127,72.0,-1.625838707697165));
#2513=CARTESIAN_POINT('',(53.634176564064759,72.0,-1.644008988032984));
#2514=CARTESIAN_POINT('',(53.603385380903312,72.0,-1.682496009041027));
#2515=CARTESIAN_POINT('',(53.572405709790743,72.0,-1.721950256046771));
#2516=CARTESIAN_POINT('',(53.556209454367867,72.0,-1.742798099653215));
#2517=CARTESIAN_POINT('',(53.507339365435428,72.0,-1.806441794427584));
#2518=CARTESIAN_POINT('',(53.458866185477831,72.0,-1.872028804972200));
#2519=CARTESIAN_POINT('',(53.426853843319648,72.0,-1.916674911981300));
#2520=CARTESIAN_POINT('',(53.348477120314683,72.0,-2.029973109443238));
#2521=CARTESIAN_POINT('',(53.276026630196540,72.0,-2.146964680723533));
#2522=CARTESIAN_POINT('',(53.235574966695623,72.0,-2.218343893981244));
#2523=CARTESIAN_POINT('',(53.181245623936967,72.0,-2.326908394140176));
#2524=CARTESIAN_POINT('',(53.141442736048504,72.0,-2.435847171224311));
#2525=CARTESIAN_POINT('',(53.129998110358109,72.0,-2.472327805857442));
#2526=CARTESIAN_POINT('',(53.115726479094008,72.0,-2.528658041553877));
#2527=CARTESIAN_POINT('',(53.107698374104103,72.0,-2.583960783713418));
#2528=CARTESIAN_POINT('',(53.105685925946098,72.0,-2.603508110020568));
#2529=CARTESIAN_POINT('',(53.104317774385741,72.0,-2.627345212124993));
#2530=CARTESIAN_POINT('',(53.104371574094323,72.0,-2.650787645957879));
#2531=CARTESIAN_POINT('',(53.104432958606537,72.0,-2.655204338181216));
#2532=CARTESIAN_POINT('',(53.104658804261582,72.0,-2.664005334697275));
#2533=CARTESIAN_POINT('',(53.105091924006530,72.0,-2.672743118125807));
#2534=CARTESIAN_POINT('',(53.105358131389963,72.0,-2.677096579467550));
#2535=CARTESIAN_POINT('',(53.106316253449961,72.0,-2.689790318445017));
#2536=CARTESIAN_POINT('',(53.107756637063858,72.0,-2.702336618814209));
#2537=CARTESIAN_POINT('',(53.108891406877362,72.0,-2.710526132909924));
#2538=CARTESIAN_POINT('',(53.110416988598189,72.0,-2.720698687567352));
#2539=CARTESIAN_POINT('',(53.112375104094014,72.0,-2.730760104067974));
#2540=CARTESIAN_POINT('',(53.112800996437841,72.0,-2.732839274647937));
#2541=CARTESIAN_POINT('',(53.113689965474293,72.0,-2.736891385079115));
#2542=CARTESIAN_POINT('',(53.114690532599489,72.0,-2.740923894043948));
#2543=CARTESIAN_POINT('',(53.115220140150711,72.0,-2.742940653947376));
#2544=CARTESIAN_POINT('',(53.121606261904837,72.0,-2.765985620731769));
#2545=CARTESIAN_POINT('',(53.131604580702678,72.0,-2.788241413461384));
#2546=CARTESIAN_POINT('',(53.143517677349330,72.0,-2.807495227869378));
#2547=CARTESIAN_POINT('',(53.170076662804171,72.0,-2.840617118140149));
#2548=CARTESIAN_POINT('',(53.203818692079842,72.0,-2.868431194239656));
#2549=CARTESIAN_POINT('',(53.220636618920857,72.0,-2.879975036638284));
#2550=CARTESIAN_POINT('',(53.266417011799959,72.0,-2.906107271513971));
#2551=CARTESIAN_POINT('',(53.318038208133537,72.0,-2.923258934910324));
#2552=CARTESIAN_POINT('',(53.350890572670203,72.0,-2.930171003196576));
#2553=CARTESIAN_POINT('',(53.387367668789842,72.0,-2.933735409905280));
#2554=CARTESIAN_POINT('',(53.423800903449603,72.0,-2.932940190808550));
#2555=CARTESIAN_POINT('',(53.426723657091152,72.0,-2.932844762273117));
#2556=CARTESIAN_POINT('',(53.435489680852363,72.0,-2.932509054420265));
#2557=CARTESIAN_POINT('',(53.444250832315902,72.0,-2.932014426596804));
#2558=CARTESIAN_POINT('',(53.450089943722041,72.0,-2.931617475827221));
#2559=CARTESIAN_POINT('',(53.458868547110633,72.0,-2.930794413222032));
#2560=CARTESIAN_POINT('',(53.467647049195939,72.0,-2.929977571784959));
#2561=CARTESIAN_POINT('',(53.472237689513939,72.0,-2.929559439758275));
#2562=CARTESIAN_POINT('',(53.534577740984169,72.0,-2.923913721526716));
#2563=CARTESIAN_POINT('',(53.596987296178270,72.0,-2.919117616814042));
#2564=CARTESIAN_POINT('',(53.656387025722083,72.0,-2.913748760670423));
#2565=CARTESIAN_POINT('',(53.715813056863418,72.0,-2.908882767018016));
#2566=CARTESIAN_POINT('',(53.775233976510350,72.0,-2.903820404130479));
#2567=B_SPLINE_CURVE_WITH_KNOTS('',5,(#2492,#2493,#2494,#2495,#2496,#2497,#2498,#2499,#2500,#2501,#2502,#2503,#2504,#2505,#2506,#2507,#2508,#2509,#2510,#2511,#2512,#2513,#2514,#2515,#2516,#2517,#2518,#2519,#2520,#2521,#2522,#2523,#2524,#2525,#2526,#2527,#2528,#2529,#2530,#2531,#2532,#2533,#2534,#2535,#2536,#2537,#2538,#2539,#2540,#2541,#2542,#2543,#2544,#2545,#2546,#2547,#2548,#2549,#2550,#2551,#2552,#2553,#2554,#2555,#2556,#2557,#2558,#2559,#2560,#2561,#2562,#2563,#2564,#2565,#2566),.UNSPECIFIED.,.F.,.U.,(6,3,3,3,3,3,3,3,3,3,3,3,3,3,3,3,3,3,3,3,3,3,3,3,6),(0.0,2.324009410320574,3.318101086878416,3.388741205987889,3.459457396585899,3.578476469018328,3.861363274542361,4.020494489541334,4.194282978555984,4.545487587916869,5.072874376010701,5.338643791003910,5.485870337409721,5.520178891820185,5.554487446230657,5.620619217730638,5.637332986556729,5.654135219074370,5.829913267943287,5.979446398768315,6.212151710595378,6.232453833286056,6.273053996193579,6.293698372044760,6.707882812819271),.UNSPECIFIED.);
#2568=EDGE_CURVE('',#2241,#2407,#2567,.T.);
#2569=ORIENTED_EDGE('',*,*,#2568,.T.);
#2570=EDGE_LOOP('',(#2412,#2490,#2491,#2569));
#2571=FACE_OUTER_BOUND('',#2570,.T.);
#2572=ORIENTED_EDGE('',*,*,#1842,.F.);
#2573=ORIENTED_EDGE('',*,*,#2230,.T.);
#2574=ORIENTED_EDGE('',*,*,#2076,.T.);
#2575=ORIENTED_EDGE('',*,*,#2100,.T.);
#2576=EDGE_LOOP('',(#2572,#2573,#2574,#2575));
#2577=FACE_BOUND('',#2576,.T.);
#2578=ORIENTED_EDGE('',*,*,#751,.F.);
#2579=ORIENTED_EDGE('',*,*,#764,.T.);
#2580=ORIENTED_EDGE('',*,*,#514,.T.);
#2581=ORIENTED_EDGE('',*,*,#897,.F.);
#2582=EDGE_LOOP('',(#2578,#2579,#2580,#2581));
#2583=FACE_BOUND('',#2582,.T.);
#2584=ORIENTED_EDGE('',*,*,#206,.F.);
#2585=ORIENTED_EDGE('',*,*,#314,.T.);
#2586=ORIENTED_EDGE('',*,*,#57,.T.);
#2587=ORIENTED_EDGE('',*,*,#446,.F.);
#2588=EDGE_LOOP('',(#2584,#2585,#2586,#2587));
#2589=FACE_BOUND('',#2588,.T.);
#2590=ORIENTED_EDGE('',*,*,#1400,.F.);
#2591=ORIENTED_EDGE('',*,*,#1781,.T.);
#2592=ORIENTED_EDGE('',*,*,#1631,.T.);
#2593=ORIENTED_EDGE('',*,*,#1644,.T.);
#2594=EDGE_LOOP('',(#2590,#2591,#2592,#2593));
#2595=FACE_BOUND('',#2594,.T.);
#2596=ORIENTED_EDGE('',*,*,#958,.F.);
#2597=ORIENTED_EDGE('',*,*,#1339,.T.);
#2598=ORIENTED_EDGE('',*,*,#1189,.T.);
#2599=ORIENTED_EDGE('',*,*,#1202,.T.);
#2600=EDGE_LOOP('',(#2596,#2597,#2598,#2599));
#2601=FACE_BOUND('',#2600,.T.);
#2602=ADVANCED_FACE('SLAT',(#2571,#2577,#2583,#2589,#2595,#2601),#2403,.T.);
#2603=CARTESIAN_POINT('',(-6.305014064822624,-7.200000000000003,-2.900586551353748));
#2604=CARTESIAN_POINT('',(59.244274834757888,79.212637185815495,-2.900586561831628));
#2605=CARTESIAN_POINT('',(-6.288354653700911,-7.212637185815458,-2.939392669432863));
#2606=CARTESIAN_POINT('',(59.260934245879596,79.200000000000045,-2.939392679910743));
#2607=B_SPLINE_SURFACE_WITH_KNOTS('',1,1,((#2603,#2605),(#2604,#2606)),.UNSPECIFIED.,.F.,.F.,.U.,(2,2),(2,2),(0.0,108.461297893064398),(0.0,0.044081166552472),.UNSPECIFIED.);
#2608=CARTESIAN_POINT('',(53.797105219987763,72.000000000000043,-2.936158835864320));
#2609=VERTEX_POINT('',#2608);
#2610=CARTESIAN_POINT('',(53.797105219987763,72.000000000000043,-2.936158835864320));
#2611=CARTESIAN_POINT('',(53.775233976510549,72.000000000000114,-2.903820404130449));
#2612=QUASI_UNIFORM_CURVE('',1,(#2610,#2611),.UNSPECIFIED.,.F.,.U.);
#2613=EDGE_CURVE('',#2609,#2407,#2612,.T.);
#2614=ORIENTED_EDGE('',*,*,#2613,.F.);
#2615=CARTESIAN_POINT('',(-0.819313795453509,0.0,-2.936158827134039));
#2616=VERTEX_POINT('',#2615);
#2617=CARTESIAN_POINT('',(-0.819313795453509,0.0,-2.936158827134039));
#2618=CARTESIAN_POINT('',(53.797105219987763,72.000000000000043,-2.936158835864320));
#2619=QUASI_UNIFORM_CURVE('',1,(#2617,#2618),.UNSPECIFIED.,.F.,.U.);
#2620=EDGE_CURVE('',#2616,#2609,#2619,.T.);
#2621=ORIENTED_EDGE('',*,*,#2620,.F.);
#2622=CARTESIAN_POINT('',(-0.819313795453509,0.0,-2.936158827134039));
#2623=CARTESIAN_POINT('',(-0.841185038930776,4.475860E-15,-2.903820395400169));
#2624=QUASI_UNIFORM_CURVE('',1,(#2622,#2623),.UNSPECIFIED.,.F.,.U.);
#2625=EDGE_CURVE('',#2616,#2405,#2624,.T.);
#2626=ORIENTED_EDGE('',*,*,#2625,.T.);
#2627=ORIENTED_EDGE('',*,*,#2411,.T.);
#2628=EDGE_LOOP('',(#2614,#2621,#2626,#2627));
#2629=FACE_OUTER_BOUND('',#2628,.T.);
#2630=ADVANCED_FACE('SLAT',(#2629),#2607,.T.);
#2631=CARTESIAN_POINT('',(-2.781824690073837,-0.000000022899568,-2.925422711091242));
#2632=CARTESIAN_POINT('',(-2.782448872243096,-0.006578364179703,-2.946260423390938));
#2633=CARTESIAN_POINT('',(-2.781375867307765,-0.012828410968891,-2.965702558421408));
#2634=CARTESIAN_POINT('',(-2.778861302735878,-0.018651188035696,-2.983492175747216));
#2635=CARTESIAN_POINT('',(-2.771980588919337,-0.029397069980101,-3.015844536472830));
#2636=CARTESIAN_POINT('',(-2.761855611294251,-0.038882338540272,-3.043536700825900));
#2637=CARTESIAN_POINT('',(-2.756096782914032,-0.043444502223091,-3.056666121778893));
#2638=CARTESIAN_POINT('',(-2.742434862541441,-0.052612060169823,-3.082603271244829));
#2639=CARTESIAN_POINT('',(-2.723259832056327,-0.061889375316352,-3.107708934452680));
#2640=CARTESIAN_POINT('',(-2.711987893563404,-0.066561296198851,-3.120006869147572));
#2641=CARTESIAN_POINT('',(-2.685602171664898,-0.075590788843979,-3.142793213334429));
#2642=CARTESIAN_POINT('',(-2.651797674610127,-0.083592371935076,-3.160760595781851));
#2643=CARTESIAN_POINT('',(-2.633106960961014,-0.087236383263682,-3.168239568737297));
#2644=CARTESIAN_POINT('',(-2.592886516500830,-0.093792509911278,-3.180287898162937));
#2645=CARTESIAN_POINT('',(-2.544408635715606,-0.099297680705759,-3.187265694209164));
#2646=CARTESIAN_POINT('',(-2.517460485741571,-0.101890736181112,-3.189674133785194));
#2647=CARTESIAN_POINT('',(-2.454828451548092,-0.107188959029350,-3.192978975582945));
#2648=CARTESIAN_POINT('',(-2.364953002469308,-0.113051320648091,-3.192243476081701));
#2649=CARTESIAN_POINT('',(-2.310761437609814,-0.116208514893820,-3.190611574358757));
#2650=CARTESIAN_POINT('',(-2.179372798525645,-0.122914779625196,-3.183669959326400));
#2651=CARTESIAN_POINT('',(-1.999417317240739,-0.129045389146268,-3.164548550159481));
#2652=CARTESIAN_POINT('',(-1.896658910180600,-0.131626928182043,-3.150736854301908));
#2653=CARTESIAN_POINT('',(-1.667023789125091,-0.135191982259402,-3.112935143370112));
#2654=CARTESIAN_POINT('',(-1.392002875661257,-0.135212338880455,-3.054288055912027));
#2655=CARTESIAN_POINT('',(-1.243858676192820,-0.134249180459668,-3.019630983528192));
#2656=CARTESIAN_POINT('',(-1.085784631768855,-0.132453606845591,-2.980234181777360));
#2657=CARTESIAN_POINT('',(-0.917807844765758,-0.129843217082511,-2.936158827118238));
#2658=CARTESIAN_POINT('',(51.937275245750307,72.135362683056258,-2.925422719837795));
#2659=CARTESIAN_POINT('',(51.936651063581017,72.128784341776182,-2.946260432137510));
#2660=CARTESIAN_POINT('',(51.937724068516303,72.122534294986934,-2.965702567167974));
#2661=CARTESIAN_POINT('',(51.940238633088228,72.116711517920123,-2.983492184493801));
#2662=CARTESIAN_POINT('',(51.947119346904877,72.105965635976105,-3.015844545219462));
#2663=CARTESIAN_POINT('',(51.957244324530038,72.096480367415950,-3.043536709572549));
#2664=CARTESIAN_POINT('',(51.963003152910467,72.091918203733229,-3.056666130525477));
#2665=CARTESIAN_POINT('',(51.976665073282909,72.082750645786106,-3.082603279991318));
#2666=CARTESIAN_POINT('',(51.995840103767989,72.073473330639374,-3.107708943199129));
#2667=CARTESIAN_POINT('',(52.007112042260673,72.068801409756645,-3.120006877894042));
#2668=CARTESIAN_POINT('',(52.033497764159172,72.059771917111490,-3.142793222080927));
#2669=CARTESIAN_POINT('',(52.067302261213783,72.051770334020276,-3.160760604528337));
#2670=CARTESIAN_POINT('',(52.085992974863032,72.048126322691729,-3.168239577483771));
#2671=CARTESIAN_POINT('',(52.126213419323349,72.041570196044248,-3.180287906909374));
#2672=CARTESIAN_POINT('',(52.174691300108897,72.036065025250196,-3.187265702955608));
#2673=CARTESIAN_POINT('',(52.201639450082787,72.033471969774808,-3.189674142531621));
#2674=CARTESIAN_POINT('',(52.264271484276058,72.028173746925788,-3.192978984329302));
#2675=CARTESIAN_POINT('',(52.354146933354492,72.022311385306736,-3.192243484828062));
#2676=CARTESIAN_POINT('',(52.408338498213901,72.019154191061062,-3.190611583105186));
#2677=CARTESIAN_POINT('',(52.539727137297952,72.012447926329642,-3.183669968072866));
#2678=CARTESIAN_POINT('',(52.719682618582468,72.006317316808108,-3.164548558905962));
#2679=CARTESIAN_POINT('',(52.822441025642597,72.003735777772633,-3.150736863048483));
#2680=CARTESIAN_POINT('',(53.052076146697992,72.000170723695433,-3.112935152116843));
#2681=CARTESIAN_POINT('',(53.327097060161847,72.000150367074681,-3.054288064658814));
#2682=CARTESIAN_POINT('',(53.475241259630081,72.001113525495001,-3.019630992274946));
#2683=CARTESIAN_POINT('',(53.633315304053973,72.002909099108976,-2.980234190524060));
#2684=CARTESIAN_POINT('',(53.801292091056453,72.005519488871215,-2.936158835864962));
#2685=B_SPLINE_SURFACE_WITH_KNOTS('',5,1,((#2631,#2658),(#2632,#2659),(#2633,#2660),(#2634,#2661),(#2635,#2662),(#2636,#2663),(#2637,#2664),(#2638,#2665),(#2639,#2666),(#2640,#2667),(#2641,#2668),(#2642,#2669),(#2643,#2670),(#2644,#2671),(#2645,#2672),(#2646,#2673),(#2647,#2674),(#2648,#2675),(#2649,#2676),(#2650,#2677),(#2651,#2678),(#2652,#2679),(#2653,#2680),(#2654,#2681),(#2655,#2682),(#2656,#2683),(#2657,#2684)),.UNSPECIFIED.,.F.,.F.,.U.,(6,3,3,3,3,3,3,3,6),(2,2),(3.644946805510370,4.100565156207067,4.556183506895823,5.011801857584582,5.467420208273339,5.923038558962099,6.378656909650871,6.834275260339452,7.289893611028032),(2.818659082894937,93.359757212451498),.UNSPECIFIED.);
#2686=CARTESIAN_POINT('',(-2.781824690071972,-0.000000022897485,-2.925422711092025));
#2687=VERTEX_POINT('',#2686);
#2688=CARTESIAN_POINT('',(51.834594325369409,71.999999977102519,-2.925422719822245));
#2689=VERTEX_POINT('',#2688);
#2690=CARTESIAN_POINT('',(-2.781824690071972,-0.000000022897485,-2.925422711092025));
#2691=CARTESIAN_POINT('',(8.141459113016307,14.399999977102430,-2.925422712838035));
#2692=CARTESIAN_POINT('',(19.064742916104500,28.799999977102519,-2.925422714584150));
#2693=CARTESIAN_POINT('',(29.988026719192980,43.199999977102948,-2.925422716330251));
#2694=CARTESIAN_POINT('',(40.911310522281617,57.599999977102669,-2.925422718076045));
#2695=CARTESIAN_POINT('',(51.834594325369437,71.999999977102561,-2.925422719822246));
#2696=B_SPLINE_CURVE_WITH_KNOTS('',5,(#2690,#2691,#2692,#2693,#2694,#2695),.UNSPECIFIED.,.F.,.U.,(6,6),(2.818659082897756,93.189855965919449),.UNSPECIFIED.);
#2697=EDGE_CURVE('',#2687,#2689,#2696,.T.);
#2698=ORIENTED_EDGE('',*,*,#2697,.F.);
#2699=CARTESIAN_POINT('',(-2.781824690071972,-0.000000022897485,-2.925422711092025));
#2700=CARTESIAN_POINT('',(-2.778343054826683,0.0,-2.942037328398612));
#2701=CARTESIAN_POINT('',(-2.773934266538172,0.0,-2.957797091747633));
#2702=CARTESIAN_POINT('',(-2.768760293744623,0.0,-2.972566926742299));
#2703=CARTESIAN_POINT('',(-2.759394534146125,0.0,-2.995182937814449));
#2704=CARTESIAN_POINT('',(-2.748887581948149,0.0,-3.015447351409353));
#2705=CARTESIAN_POINT('',(-2.744625152787112,0.0,-3.023060835176496));
#2706=CARTESIAN_POINT('',(-2.735037876186727,0.0,-3.039041375484206));
#2707=CARTESIAN_POINT('',(-2.724554184110744,0.0,-3.054109103119878));
#2708=CARTESIAN_POINT('',(-2.718570172586456,0.0,-3.062082985466932));
#2709=CARTESIAN_POINT('',(-2.703641358897201,0.0,-3.080481615269562));
#2710=CARTESIAN_POINT('',(-2.686067214265021,0.0,-3.098425590413451));
#2711=CARTESIAN_POINT('',(-2.674985816767617,0.0,-3.108550194001840));
#2712=CARTESIAN_POINT('',(-2.652786834105339,0.0,-3.126260011641632));
#2713=CARTESIAN_POINT('',(-2.626943225469441,0.0,-3.141956481200411));
#2714=CARTESIAN_POINT('',(-2.614606771261295,0.0,-3.148474532635189));
#2715=CARTESIAN_POINT('',(-2.592135912405790,0.0,-3.158703366737190));
#2716=CARTESIAN_POINT('',(-2.567833034727528,0.0,-3.167098370331036));
#2717=CARTESIAN_POINT('',(-2.557315581457298,0.0,-3.170296216437827));
#2718=CARTESIAN_POINT('',(-2.532314173190375,0.0,-3.176941506128538));
#2719=CARTESIAN_POINT('',(-2.505442940212718,0.0,-3.181966155606892));
#2720=CARTESIAN_POINT('',(-2.489496046422709,0.0,-3.184333157410248));
#2721=CARTESIAN_POINT('',(-2.459245399798964,0.0,-3.187825617924299));
#2722=CARTESIAN_POINT('',(-2.425003020814569,0.0,-3.190107217428801));
#2723=CARTESIAN_POINT('',(-2.408920338428078,0.0,-3.190900212638384));
#2724=CARTESIAN_POINT('',(-2.371857263271026,0.0,-3.192161547811225));
#2725=CARTESIAN_POINT('',(-2.329058657646318,0.0,-3.192395537544697));
#2726=CARTESIAN_POINT('',(-2.304264754370958,0.0,-3.192204627861753));
#2727=CARTESIAN_POINT('',(-2.252559109158330,0.0,-3.191154439318948));
#2728=CARTESIAN_POINT('',(-2.194016389977541,0.0,-3.188651591581225));
#2729=CARTESIAN_POINT('',(-2.164214861655323,0.0,-3.187073996561486));
#2730=CARTESIAN_POINT('',(-2.116836392915431,0.0,-3.184069064987365));
#2731=CARTESIAN_POINT('',(-2.066643781776329,0.0,-3.180069801237477));
#2732=CARTESIAN_POINT('',(-2.049172111366374,0.0,-3.178581362024972));
#2733=CARTESIAN_POINT('',(-1.970515941485438,0.0,-3.171434076911020));
#2734=CARTESIAN_POINT('',(-1.886676575560591,0.0,-3.161799647567022));
#2735=CARTESIAN_POINT('',(-1.819397051765641,0.0,-3.152762941181833));
#2736=CARTESIAN_POINT('',(-1.693894745083458,0.0,-3.133656834626846));
#2737=CARTESIAN_POINT('',(-1.563920922007676,0.0,-3.110064208188622));
#2738=CARTESIAN_POINT('',(-1.504589718717140,0.0,-3.098573798098328));
#2739=CARTESIAN_POINT('',(-1.372396436263894,0.0,-3.071532660568309));
#2740=CARTESIAN_POINT('',(-1.237801018538715,0.0,-3.041141911386484));
#2741=CARTESIAN_POINT('',(-1.163653756307471,0.0,-3.023661999437219));
#2742=CARTESIAN_POINT('',(-1.050508783900986,0.0,-2.996027835467916));
#2743=CARTESIAN_POINT('',(-0.936412571062936,0.0,-2.966875873960962));
#2744=CARTESIAN_POINT('',(-0.897468248150829,0.0,-2.956787427365932));
#2745=CARTESIAN_POINT('',(-0.858435417672481,0.0,-2.946546382630464));
#2746=CARTESIAN_POINT('',(-0.819313795453421,0.0,-2.936158827133999));
#2747=B_SPLINE_CURVE_WITH_KNOTS('',5,(#2699,#2700,#2701,#2702,#2703,#2704,#2705,#2706,#2707,#2708,#2709,#2710,#2711,#2712,#2713,#2714,#2715,#2716,#2717,#2718,#2719,#2720,#2721,#2722,#2723,#2724,#2725,#2726,#2727,#2728,#2729,#2730,#2731,#2732,#2733,#2734,#2735,#2736,#2737,#2738,#2739,#2740,#2741,#2742,#2743,#2744,#2745,#2746),.UNSPECIFIED.,.F.,.U.,(6,3,3,3,3,3,3,3,3,3,3,3,3,3,3,6),(6.449189835815456,6.823799830959642,7.064102112028535,7.346672353809228,7.723610394772563,8.032614001487847,8.256303553858988,8.549391769077138,8.781915878206922,9.050957010578637,9.302281149827936,9.432891834263126,9.880862420589326,10.248942786250050,10.692983858188780,10.922123968148970),.UNSPECIFIED.);
#2748=EDGE_CURVE('',#2687,#2616,#2747,.T.);
#2749=ORIENTED_EDGE('',*,*,#2748,.T.);
#2750=ORIENTED_EDGE('',*,*,#2620,.T.);
#2751=CARTESIAN_POINT('',(51.834594325369409,71.999999977102519,-2.925422719822245));
#2752=CARTESIAN_POINT('',(51.838075960628231,72.0,-2.942037337193088));
#2753=CARTESIAN_POINT('',(51.842484748937792,72.0,-2.957797100600843));
#2754=CARTESIAN_POINT('',(51.847658721758229,72.0,-2.972566935647286));
#2755=CARTESIAN_POINT('',(51.857024481390788,72.0,-2.995182946757818));
#2756=CARTESIAN_POINT('',(51.867531433625317,72.0,-3.015447360383004));
#2757=CARTESIAN_POINT('',(51.871793862793503,72.0,-3.023060844148853));
#2758=CARTESIAN_POINT('',(51.881381139412923,72.0,-3.039041384459236));
#2759=CARTESIAN_POINT('',(51.891864831513068,72.0,-3.054109112101222));
#2760=CARTESIAN_POINT('',(51.897848843055073,72.0,-3.062082994456083));
#2761=CARTESIAN_POINT('',(51.912777656771219,72.0,-3.080481624252896));
#2762=CARTESIAN_POINT('',(51.930351801438547,72.0,-3.098425599391587));
#2763=CARTESIAN_POINT('',(51.941433198945312,72.0,-3.108550202964401));
#2764=CARTESIAN_POINT('',(51.963632181625748,72.0,-3.126260020574450));
#2765=CARTESIAN_POINT('',(51.989475790273460,72.0,-3.141956490098086));
#2766=CARTESIAN_POINT('',(52.001812244490978,72.0,-3.148474541519277));
#2767=CARTESIAN_POINT('',(52.024283103361967,72.0,-3.158703375597939));
#2768=CARTESIAN_POINT('',(52.048585981053030,72.0,-3.167098379169396));
#2769=CARTESIAN_POINT('',(52.059103434331810,72.0,-3.170296225267730));
#2770=CARTESIAN_POINT('',(52.084104842611382,72.0,-3.176941514937579));
#2771=CARTESIAN_POINT('',(52.110976075604881,72.0,-3.181966164397573));
#2772=CARTESIAN_POINT('',(52.126922969404923,72.0,-3.184333166191665));
#2773=CARTESIAN_POINT('',(52.157173616034328,72.0,-3.187825626688723));
#2774=CARTESIAN_POINT('',(52.191415995028819,72.0,-3.190107226180495));
#2775=CARTESIAN_POINT('',(52.207498677417682,72.0,-3.190900221384961));
#2776=CARTESIAN_POINT('',(52.244561752579557,72.0,-3.192161556547878));
#2777=CARTESIAN_POINT('',(52.287360358203422,72.0,-3.192395546273064));
#2778=CARTESIAN_POINT('',(52.312154261503352,72.0,-3.192204636585574));
#2779=CARTESIAN_POINT('',(52.363859906743578,72.0,-3.191154448034084));
#2780=CARTESIAN_POINT('',(52.422402625944173,72.0,-3.188651600287546));
#2781=CARTESIAN_POINT('',(52.452204154288580,72.0,-3.187074005262583));
#2782=CARTESIAN_POINT('',(52.499582623060782,72.0,-3.184069073679931));
#2783=CARTESIAN_POINT('',(52.549775234229131,72.0,-3.180069809920584));
#2784=CARTESIAN_POINT('',(52.567246904653658,72.0,-3.178581370704283));
#2785=CARTESIAN_POINT('',(52.645903074599801,72.0,-3.171434085572721));
#2786=CARTESIAN_POINT('',(52.729742440586570,72.0,-3.161799656208227));
#2787=CARTESIAN_POINT('',(52.797021964444092,72.0,-3.152762949803925));
#2788=CARTESIAN_POINT('',(52.922524271220468,72.0,-3.133656843214005));
#2789=CARTESIAN_POINT('',(53.052498094383822,72.0,-3.110064216739956));
#2790=CARTESIAN_POINT('',(53.111829297715552,72.0,-3.098573806632437));
#2791=CARTESIAN_POINT('',(53.244022580268940,72.0,-3.071532669063251));
#2792=CARTESIAN_POINT('',(53.378617998095471,72.0,-3.041141919840532));
#2793=CARTESIAN_POINT('',(53.452765260367237,72.0,-3.023662007873255));
#2794=CARTESIAN_POINT('',(53.565910232566182,72.0,-2.996027843941457));
#2795=CARTESIAN_POINT('',(53.680006445190472,72.0,-2.966875882480895));
#2796=CARTESIAN_POINT('',(53.718950767833149,72.0,-2.956787435953792));
#2797=CARTESIAN_POINT('',(53.757983598040703,72.0,-2.946546391288529));
#2798=CARTESIAN_POINT('',(53.797105219987763,72.0,-2.936158835864298));
#2799=B_SPLINE_CURVE_WITH_KNOTS('',5,(#2751,#2752,#2753,#2754,#2755,#2756,#2757,#2758,#2759,#2760,#2761,#2762,#2763,#2764,#2765,#2766,#2767,#2768,#2769,#2770,#2771,#2772,#2773,#2774,#2775,#2776,#2777,#2778,#2779,#2780,#2781,#2782,#2783,#2784,#2785,#2786,#2787,#2788,#2789,#2790,#2791,#2792,#2793,#2794,#2795,#2796,#2797,#2798),.UNSPECIFIED.,.F.,.U.,(6,3,3,3,3,3,3,3,3,3,3,3,3,3,3,6),(6.449189835802979,6.823799832382516,7.064102113582354,7.346672355761984,7.723610396317456,8.032614002877422,8.256303555259082,8.549391770327201,8.781915879103327,9.050957011271906,9.302281150526937,9.432891834999602,9.880862421527826,10.248942787410011,10.692983859646080,10.922123968013119),.UNSPECIFIED.);
#2800=EDGE_CURVE('',#2689,#2609,#2799,.T.);
#2801=ORIENTED_EDGE('',*,*,#2800,.F.);
#2802=EDGE_LOOP('',(#2698,#2749,#2750,#2801));
#2803=FACE_OUTER_BOUND('',#2802,.T.);
#2804=ADVANCED_FACE('SLAT',(#2803),#2685,.T.);
#2805=CARTESIAN_POINT('',(0.829012416388709,-1.585958E-12,0.072001478995861));
#2806=CARTESIAN_POINT('',(0.705993667591195,-0.013051490152958,0.004661728063255));
#2807=CARTESIAN_POINT('',(0.463213145389222,-0.039117425040944,-0.129205882772110));
#2808=CARTESIAN_POINT('',(0.228073749035417,-0.064943020422323,-0.260685837665565));
#2809=CARTESIAN_POINT('',(-0.455627722626949,-0.141825542102104,-0.648619272668060));
#2810=CARTESIAN_POINT('',(-1.265386506334623,-0.240415772785342,-1.131785436208254));
#2811=CARTESIAN_POINT('',(-1.852925905251267,-0.320452077279369,-1.509116415340112));
#2812=CARTESIAN_POINT('',(-2.411712194688853,-0.406286011583820,-1.898556488878124));
#2813=CARTESIAN_POINT('',(-2.885911169203640,-0.498840865613014,-2.291092166421943));
#2814=CARTESIAN_POINT('',(-3.062298022988390,-0.544981624941541,-2.473968996514542));
#2815=CARTESIAN_POINT('',(-3.172383183763543,-0.581843249194089,-2.613486960009364));
#2816=CARTESIAN_POINT('',(-3.227012050287344,-0.607678764204163,-2.706462949458668));
#2817=CARTESIAN_POINT('',(-3.264369041046836,-0.630581525642640,-2.786521302650093));
#2818=CARTESIAN_POINT('',(-3.280710617574416,-0.645069176385163,-2.835607856339112));
#2819=CARTESIAN_POINT('',(-3.289258985266979,-0.659341086446934,-2.882351709143602));
#2820=CARTESIAN_POINT('',(-3.291580354540642,-0.666247722217937,-2.904584998712046));
#2821=CARTESIAN_POINT('',(-3.292204536709777,-0.672826063497928,-2.925422711011292));
#2822=CARTESIAN_POINT('',(11.854372188815530,14.534565208132980,0.072001477233488));
#2823=CARTESIAN_POINT('',(11.731353440018040,14.521513717981589,0.004661726300895));
#2824=CARTESIAN_POINT('',(11.488572917816089,14.495447783093800,-0.129205884534521));
#2825=CARTESIAN_POINT('',(11.253433521462100,14.469622187711670,-0.260685839427805));
#2826=CARTESIAN_POINT('',(10.569732049799930,14.392739666032410,-0.648619274430388));
#2827=CARTESIAN_POINT('',(9.759973266092091,14.294149435348880,-1.131785437970559));
#2828=CARTESIAN_POINT('',(9.172433867175476,14.214113130854949,-1.509116417102439));
#2829=CARTESIAN_POINT('',(8.613647577737737,14.128279196550301,-1.898556490640451));
#2830=CARTESIAN_POINT('',(8.139448603223197,14.035724342521350,-2.291092168184240));
#2831=CARTESIAN_POINT('',(7.963061749438586,13.989583583192950,-2.473968998276820));
#2832=CARTESIAN_POINT('',(7.852976588663492,13.952721958940410,-2.613486961771614));
#2833=CARTESIAN_POINT('',(7.798347722139728,13.926886443930600,-2.706462951220996));
#2834=CARTESIAN_POINT('',(7.760990731380295,13.903983682492120,-2.786521304412390));
#2835=CARTESIAN_POINT('',(7.744649154852776,13.889496031749649,-2.835607858101399));
#2836=CARTESIAN_POINT('',(7.736100787160173,13.875224121687870,-2.882351710905907));
#2837=CARTESIAN_POINT('',(7.733779417886485,13.868317485916871,-2.904585000474358));
#2838=CARTESIAN_POINT('',(7.733155235717339,13.861739144636870,-2.925422712773615));
#2839=CARTESIAN_POINT('',(22.879731961242360,29.069130416267541,0.072001475471118));
#2840=CARTESIAN_POINT('',(22.756713212444879,29.056078926116189,0.004661724538520));
#2841=CARTESIAN_POINT('',(22.513932690242910,29.030012991228329,-0.129205886296886));
#2842=CARTESIAN_POINT('',(22.278793293888679,29.004187395846440,-0.260685841190359));
#2843=CARTESIAN_POINT('',(21.595091822226362,28.927304874166850,-0.648619276192898));
#2844=CARTESIAN_POINT('',(20.785333038518541,28.828714643483710,-1.131785439733199));
#2845=CARTESIAN_POINT('',(20.197793639601930,28.748678338989599,-1.509116418865006));
#2846=CARTESIAN_POINT('',(19.639007350164430,28.662844404684979,-1.898556492402924));
#2847=CARTESIAN_POINT('',(19.164808375649901,28.570289550655900,-2.291092169946665));
#2848=CARTESIAN_POINT('',(18.988421521865341,28.524148791327828,-2.473969000039336));
#2849=CARTESIAN_POINT('',(18.878336361090160,28.487287167075220,-2.613486963534147));
#2850=CARTESIAN_POINT('',(18.823707494566818,28.461451652065389,-2.706462952983323));
#2851=CARTESIAN_POINT('',(18.786350503807260,28.438548890627072,-2.786521306174829));
#2852=CARTESIAN_POINT('',(18.770008927279740,28.424061239884939,-2.835607859863960));
#2853=CARTESIAN_POINT('',(18.761460559587171,28.409789329822981,-2.882351712668392));
#2854=CARTESIAN_POINT('',(18.759139190313491,28.402882694051900,-2.904585002236811));
#2855=CARTESIAN_POINT('',(18.758515008144350,28.396304352771850,-2.925422714536046));
#2856=CARTESIAN_POINT('',(33.905091733669188,43.603695624402128,0.072001473708749));
#2857=CARTESIAN_POINT('',(33.782072984871668,43.590644134250709,0.004661722776139));
#2858=CARTESIAN_POINT('',(33.539292462669962,43.564578199363147,-0.129205888059242));
#2859=CARTESIAN_POINT('',(33.304153066314967,43.538752603979958,-0.260685842952616));
#2860=CARTESIAN_POINT('',(32.620451594653481,43.461870082300983,-0.648619277954991));
#2861=CARTESIAN_POINT('',(31.810692810945440,43.363279851617200,-1.131785441495164));
#2862=CARTESIAN_POINT('',(31.223153412028822,43.283243547123263,-1.509116420627042));
#2863=CARTESIAN_POINT('',(30.664367122591710,43.197409612819293,-1.898556494165004));
#2864=CARTESIAN_POINT('',(30.190168148076250,43.104854758789642,-2.291092171708977));
#2865=CARTESIAN_POINT('',(30.013781294292581,43.058713999462753,-2.473969001801633));
#2866=CARTESIAN_POINT('',(29.903696133517130,43.021852375209917,-2.613486965296502));
#2867=CARTESIAN_POINT('',(29.849067266994400,42.996016860200747,-2.706462954745628));
#2868=CARTESIAN_POINT('',(29.811710276234589,42.973114098762203,-2.786521307937170));
#2869=CARTESIAN_POINT('',(29.795368699707321,42.958626448019963,-2.835607861626145));
#2870=CARTESIAN_POINT('',(29.786820332014589,42.944354537958148,-2.882351714430710));
#2871=CARTESIAN_POINT('',(29.784498962740820,42.937447902187117,-2.904585003999191));
#2872=CARTESIAN_POINT('',(29.783874780571619,42.930869560907162,-2.925422716298470));
#2873=CARTESIAN_POINT('',(44.930451506095977,58.138260832536652,0.072001471946378));
#2874=CARTESIAN_POINT('',(44.807432757298542,58.125209342385233,0.004661721013812));
#2875=CARTESIAN_POINT('',(44.564652235096808,58.099143407497998,-0.129205889821698));
#2876=CARTESIAN_POINT('',(44.329512838742197,58.073317812113608,-0.260685844714489));
#2877=CARTESIAN_POINT('',(43.645811367080469,57.996435290435748,-0.648619279717367));
#2878=CARTESIAN_POINT('',(42.836052583372712,57.897845059751653,-1.131785443257301));
#2879=CARTESIAN_POINT('',(42.248513184455511,57.817808755257992,-1.509116422389538));
#2880=CARTESIAN_POINT('',(41.689726895018268,57.731974820952800,-1.898556495927119));
#2881=CARTESIAN_POINT('',(41.215527920503227,57.639419966924493,-2.291092173471362));
#2882=CARTESIAN_POINT('',(41.039141066719921,57.593279207597007,-2.473969003563674));
#2883=CARTESIAN_POINT('',(40.929055905944523,57.556417583344412,-2.613486967058587));
#2884=CARTESIAN_POINT('',(40.874427039421583,57.530582068335583,-2.706462956507941));
#2885=CARTESIAN_POINT('',(40.837070048661893,57.507679306896890,-2.786521309699364));
#2886=CARTESIAN_POINT('',(40.820728472134412,57.493191656154607,-2.835607863388428));
#2887=CARTESIAN_POINT('',(40.812180104441893,57.478919746092828,-2.882351716192897));
#2888=CARTESIAN_POINT('',(40.809858735168227,57.472013110321797,-2.904585005761329));
#2889=CARTESIAN_POINT('',(40.809234552999087,57.465434769041771,-2.925422718060575));
#2890=CARTESIAN_POINT('',(55.955811278522759,72.672826040671211,0.072001470183982));
#2891=CARTESIAN_POINT('',(55.832792529725310,72.659774550519799,0.004661719251416));
#2892=CARTESIAN_POINT('',(55.590012007523740,72.633708615632784,-0.129205891584103));
#2893=CARTESIAN_POINT('',(55.354872611168069,72.607883020247442,-0.260685846477050));
#2894=CARTESIAN_POINT('',(54.671171139507081,72.531000498569881,-0.648619281479678));
#2895=CARTESIAN_POINT('',(53.861412355798663,72.432410267885672,-1.131785445019889));
#2896=CARTESIAN_POINT('',(53.273872956881739,72.352373963392367,-1.509116424152108));
#2897=CARTESIAN_POINT('',(52.715086667444680,72.266540029086855,-1.898556497689514));
#2898=CARTESIAN_POINT('',(52.240887692929483,72.173985175058903,-2.291092175233940));
#2899=CARTESIAN_POINT('',(52.064500839146611,72.127844415731730,-2.473969005326166));
#2900=CARTESIAN_POINT('',(51.954415678371099,72.090982791479405,-2.613486968821207));
#2901=CARTESIAN_POINT('',(51.899786811847989,72.065147276470313,-2.706462958270531));
#2902=CARTESIAN_POINT('',(51.862429821088497,72.042244515031882,-2.786521311461972));
#2903=CARTESIAN_POINT('',(51.846088244561493,72.027756864289842,-2.835607865150917));
#2904=CARTESIAN_POINT('',(51.837539876868703,72.013484954227835,-2.882351717955416));
#2905=CARTESIAN_POINT('',(51.835218507594917,72.006578318456690,-2.904585007523855));
#2906=CARTESIAN_POINT('',(51.834594325425748,71.999999977176529,-2.925422719823093));
#2907=B_SPLINE_SURFACE_WITH_KNOTS('',5,5,((#2805,#2822,#2839,#2856,#2873,#2890),(#2806,#2823,#2840,#2857,#2874,#2891),(#2807,#2824,#2841,#2858,#2875,#2892),(#2808,#2825,#2842,#2859,#2876,#2893),(#2809,#2826,#2843,#2860,#2877,#2894),(#2810,#2827,#2844,#2861,#2878,#2895),(#2811,#2828,#2845,#2862,#2879,#2896),(#2812,#2829,#2846,#2863,#2880,#2897),(#2813,#2830,#2847,#2864,#2881,#2898),(#2814,#2831,#2848,#2865,#2882,#2899),(#2815,#2832,#2849,#2866,#2883,#2900),(#2816,#2833,#2850,#2867,#2884,#2901),(#2817,#2834,#2851,#2868,#2885,#2902),(#2818,#2835,#2852,#2869,#2886,#2903),(#2819,#2836,#2853,#2870,#2887,#2904),(#2820,#2837,#2854,#2871,#2888,#2905),(#2821,#2838,#2855,#2872,#2889,#2906)),.UNSPECIFIED.,.F.,.F.,.U.,(6,1,2,1,2,1,2,2,6),(6,6),(0.0,0.704247754816133,1.408495509632081,4.225486528896425,5.633982038528473,7.042477548160705,8.450973057793792,9.859468567425614,11.267964077055730),(1.974157769243564,93.189855966012630),.UNSPECIFIED.);
#2908=ORIENTED_EDGE('',*,*,#2266,.F.);
#2909=CARTESIAN_POINT('',(0.829012416389845,4.475860E-15,0.072001478995832));
#2910=CARTESIAN_POINT('',(0.709258875230678,0.0,0.000711802238859));
#2911=CARTESIAN_POINT('',(0.589959351897821,0.0,-0.070929764806253));
#2912=CARTESIAN_POINT('',(0.471398178982762,0.0,-0.142729708766862));
#2913=CARTESIAN_POINT('',(0.246778505915012,0.0,-0.279977639719886));
#2914=CARTESIAN_POINT('',(0.024216324350613,0.0,-0.418455127261944));
#2915=CARTESIAN_POINT('',(-0.080632387587098,0.0,-0.484286779935603));
#2916=CARTESIAN_POINT('',(-0.355919806369784,0.0,-0.658825195263565));
#2917=CARTESIAN_POINT('',(-0.626888919890805,0.0,-0.835417774810873));
#2918=CARTESIAN_POINT('',(-0.793153822120220,0.0,-0.945852491290327));
#2919=CARTESIAN_POINT('',(-1.086776734133330,0.0,-1.145139829095352));
#2920=CARTESIAN_POINT('',(-1.371239281180163,0.0,-1.347335725167484));
#2921=CARTESIAN_POINT('',(-1.494507593173669,0.0,-1.437012141797411));
#2922=CARTESIAN_POINT('',(-1.688608896892233,0.0,-1.582036451344550));
#2923=CARTESIAN_POINT('',(-1.874650942011522,0.0,-1.728536822544778));
#2924=CARTESIAN_POINT('',(-1.943418276097922,0.0,-1.783911355249211));
#2925=CARTESIAN_POINT('',(-2.065302790869734,0.0,-1.884594566098056));
#2926=CARTESIAN_POINT('',(-2.181144616978153,0.0,-1.985681918760661));
#2927=CARTESIAN_POINT('',(-2.231647168892744,0.0,-2.031012394329098));
#2928=CARTESIAN_POINT('',(-2.331663052983070,0.0,-2.123754731545649));
#2929=CARTESIAN_POINT('',(-2.423418813979688,0.0,-2.215882137414155));
#2930=CARTESIAN_POINT('',(-2.467825915490869,0.0,-2.262719712714993));
#2931=CARTESIAN_POINT('',(-2.534735777846399,0.0,-2.337515786884205));
#2932=CARTESIAN_POINT('',(-2.592285043284294,0.0,-2.409262797706301));
#2933=CARTESIAN_POINT('',(-2.612837256751256,0.0,-2.436170097278268));
#2934=CARTESIAN_POINT('',(-2.646458467784852,0.0,-2.482605974335766));
#2935=CARTESIAN_POINT('',(-2.674927541336653,0.0,-2.526280203661779));
#2936=CARTESIAN_POINT('',(-2.686355128263815,0.0,-2.544750067041828));
#2937=CARTESIAN_POINT('',(-2.709539790877309,0.0,-2.584311232629851));
#2938=CARTESIAN_POINT('',(-2.728125220137807,0.0,-2.620587872175092));
#2939=CARTESIAN_POINT('',(-2.737029417374955,0.0,-2.639479652337414));
#2940=CARTESIAN_POINT('',(-2.753893671022819,0.0,-2.678375732289564));
#2941=CARTESIAN_POINT('',(-2.766044454178865,0.0,-2.713313391821085));
#2942=CARTESIAN_POINT('',(-2.771454651753400,0.0,-2.731238565254446));
#2943=CARTESIAN_POINT('',(-2.778661703628351,0.0,-2.759221254817164));
#2944=CARTESIAN_POINT('',(-2.783563227133686,0.0,-2.785886399844786));
#2945=CARTESIAN_POINT('',(-2.785127700534358,0.0,-2.795970188224799));
#2946=CARTESIAN_POINT('',(-2.788833090568732,0.0,-2.825358559550648));
#2947=CARTESIAN_POINT('',(-2.789847142538052,0.0,-2.853732192022172));
#2948=CARTESIAN_POINT('',(-2.789353484089211,0.0,-2.872121470097199));
#2949=CARTESIAN_POINT('',(-2.787394653794749,0.0,-2.893850678918512));
#2950=CARTESIAN_POINT('',(-2.783956689403142,0.0,-2.914495576437363));
#2951=CARTESIAN_POINT('',(-2.783290658408065,0.0,-2.918177196273952));
#2952=CARTESIAN_POINT('',(-2.782579373647687,0.0,-2.921819994734172));
#2953=CARTESIAN_POINT('',(-2.781824488376333,0.0,-2.925422595967500));
#2954=B_SPLINE_CURVE_WITH_KNOTS('',5,(#2909,#2910,#2911,#2912,#2913,#2914,#2915,#2916,#2917,#2918,#2919,#2920,#2921,#2922,#2923,#2924,#2925,#2926,#2927,#2928,#2929,#2930,#2931,#2932,#2933,#2934,#2935,#2936,#2937,#2938,#2939,#2940,#2941,#2942,#2943,#2944,#2945,#2946,#2947,#2948,#2949,#2950,#2951,#2952,#2953),.UNSPECIFIED.,.F.,.U.,(6,3,3,3,3,3,3,3,3,3,3,3,3,3,6),(0.0,0.742469596295253,1.409850238193733,2.504041317559799,3.367799238243646,3.889820681725424,4.313575859084795,4.756808619377374,5.031851719924618,5.244918609893410,5.504706595898780,5.808836430123571,5.998253286988606,6.367962501212315,6.449189835815456),.UNSPECIFIED.);
#2955=EDGE_CURVE('',#2257,#2687,#2954,.T.);
#2956=ORIENTED_EDGE('',*,*,#2955,.T.);
#2957=ORIENTED_EDGE('',*,*,#2697,.T.);
#2958=CARTESIAN_POINT('',(55.445431431831103,72.0,0.072001470265565));
#2959=CARTESIAN_POINT('',(55.325677890144647,72.0,0.000711793194672));
#2960=CARTESIAN_POINT('',(55.206378366285392,72.0,-0.070929774167809));
#2961=CARTESIAN_POINT('',(55.087817192773187,72.0,-0.142729718496541));
#2962=CARTESIAN_POINT('',(54.863197519253738,72.0,-0.279977649743464));
#2963=CARTESIAN_POINT('',(54.640635337248973,72.0,-0.418455137583120));
#2964=CARTESIAN_POINT('',(54.535786625404008,72.0,-0.484286790210941));
#2965=CARTESIAN_POINT('',(54.260499206801612,72.0,-0.658825205456128));
#2966=CARTESIAN_POINT('',(53.989530093460552,72.0,-0.835417784920585));
#2967=CARTESIAN_POINT('',(53.823265191376962,72.0,-0.945852501324859));
#2968=CARTESIAN_POINT('',(53.529642279577963,72.0,-1.145139839025649));
#2969=CARTESIAN_POINT('',(53.245179732739999,72.0,-1.347335734995566));
#2970=CARTESIAN_POINT('',(53.121911420822748,72.0,-1.437012151594708));
#2971=CARTESIAN_POINT('',(52.927810117260783,72.0,-1.582036461057708));
#2972=CARTESIAN_POINT('',(52.741768072301738,72.0,-1.728536832177387));
#2973=CARTESIAN_POINT('',(52.673000738274517,72.0,-1.783911364850377));
#2974=CARTESIAN_POINT('',(52.551116223616063,72.0,-1.884594575638109));
#2975=CARTESIAN_POINT('',(52.435274397624482,72.0,-1.985681928236552));
#2976=CARTESIAN_POINT('',(52.384771845770707,72.0,-2.031012403768838));
#2977=CARTESIAN_POINT('',(52.284755961783887,72.0,-2.123754740925916));
#2978=CARTESIAN_POINT('',(52.193000200895391,72.0,-2.215882146732539));
#2979=CARTESIAN_POINT('',(52.148593099444888,72.0,-2.262719721992847));
#2980=CARTESIAN_POINT('',(52.081683237169287,72.0,-2.337515796113619));
#2981=CARTESIAN_POINT('',(52.024133971810834,72.0,-2.409262806881550));
#2982=CARTESIAN_POINT('',(52.003581758375788,72.0,-2.436170106429139));
#2983=CARTESIAN_POINT('',(51.969960547386222,72.0,-2.482605983458209));
#2984=CARTESIAN_POINT('',(51.941491473876617,72.0,-2.526280212752957));
#2985=CARTESIAN_POINT('',(51.930063886965627,72.0,-2.544750076122098));
#2986=CARTESIAN_POINT('',(51.906879224382642,72.0,-2.584311241692029));
#2987=CARTESIAN_POINT('',(51.888293795151178,72.0,-2.620587881216817));
#2988=CARTESIAN_POINT('',(51.879389597929517,72.0,-2.639479661366556));
#2989=CARTESIAN_POINT('',(51.862525344303457,72.0,-2.678375741314265));
#2990=CARTESIAN_POINT('',(51.850374561168103,72.0,-2.713313400842482));
#2991=CARTESIAN_POINT('',(51.844964363603417,72.0,-2.731238574278439));
#2992=CARTESIAN_POINT('',(51.837757311743232,72.0,-2.759221263852271));
#2993=CARTESIAN_POINT('',(51.832855788254093,72.0,-2.785886408893436));
#2994=CARTESIAN_POINT('',(51.831291314859719,72.0,-2.795970197280502));
#2995=CARTESIAN_POINT('',(51.827585924847597,72.0,-2.825358568613990));
#2996=CARTESIAN_POINT('',(51.826571872903230,72.0,-2.853732201093724));
#2997=CARTESIAN_POINT('',(51.827065531369328,72.0,-2.872121479170366));
#2998=CARTESIAN_POINT('',(51.829024361678393,72.0,-2.893850687916987));
#2999=CARTESIAN_POINT('',(51.832462326073859,72.0,-2.914495585364474));
#3000=CARTESIAN_POINT('',(51.833128357058648,72.0,-2.918177205133988));
#3001=CARTESIAN_POINT('',(51.833839641807131,72.0,-2.921820003528537));
#3002=CARTESIAN_POINT('',(51.834594527065043,72.0,-2.925422604697677));
#3003=B_SPLINE_CURVE_WITH_KNOTS('',5,(#2958,#2959,#2960,#2961,#2962,#2963,#2964,#2965,#2966,#2967,#2968,#2969,#2970,#2971,#2972,#2973,#2974,#2975,#2976,#2977,#2978,#2979,#2980,#2981,#2982,#2983,#2984,#2985,#2986,#2987,#2988,#2989,#2990,#2991,#2992,#2993,#2994,#2995,#2996,#2997,#2998,#2999,#3000,#3001,#3002),.UNSPECIFIED.,.F.,.U.,(6,3,3,3,3,3,3,3,3,3,3,3,3,3,6),(0.0,0.742469599564327,1.409850241114150,2.504041319856881,3.367799240025080,3.889820683170766,4.313575860253535,4.756808620286063,5.031851720740098,5.244918610681996,5.504706596759165,5.808836431230689,5.998253288294508,6.367962502650173,6.449189835802979),.UNSPECIFIED.);
#3004=EDGE_CURVE('',#2243,#2689,#3003,.T.);
#3005=ORIENTED_EDGE('',*,*,#3004,.F.);
#3006=EDGE_LOOP('',(#2908,#2956,#2957,#3005));
#3007=FACE_OUTER_BOUND('',#3006,.T.);
#3008=ADVANCED_FACE('SLAT',(#3007),#2907,.T.);
#3009=CARTESIAN_POINT('',(55.488059535053857,72.0,0.760824611662729));
#3010=CARTESIAN_POINT('',(51.122888758366742,72.0,-2.862786228187046));
#3011=CARTESIAN_POINT('',(56.717572760928427,72.0,-0.720304416906053));
#3012=CARTESIAN_POINT('',(52.352401984241318,72.0,-4.343915256755829));
#3013=B_SPLINE_SURFACE_WITH_KNOTS('',1,1,((#3009,#3011),(#3010,#3012)),.UNSPECIFIED.,.F.,.F.,.U.,(2,2),(2,2),(0.0,5.673206450352392),(0.0,1.0),.UNSPECIFIED.);
#3014=ORIENTED_EDGE('',*,*,#2568,.F.);
#3015=ORIENTED_EDGE('',*,*,#2247,.T.);
#3016=ORIENTED_EDGE('',*,*,#3004,.T.);
#3017=ORIENTED_EDGE('',*,*,#2800,.T.);
#3018=ORIENTED_EDGE('',*,*,#2613,.T.);
#3019=EDGE_LOOP('',(#3014,#3015,#3016,#3017,#3018));
#3020=FACE_OUTER_BOUND('',#3019,.T.);
#3021=ADVANCED_FACE('SLAT',(#3020),#3013,.T.);
#3022=CARTESIAN_POINT('',(33.004712723339722,3.959999997295839,0.022031987530331));
#3023=CARTESIAN_POINT('',(29.727136120967071,-0.360779725299287,0.022031987530353));
#3024=CARTESIAN_POINT('',(33.003684822921358,3.960779722849348,-0.022031987529720));
#3025=CARTESIAN_POINT('',(29.726108220548710,-0.359999999745779,-0.022031987529699));
#3026=B_SPLINE_SURFACE_WITH_KNOTS('',1,1,((#3022,#3024),(#3023,#3025)),.UNSPECIFIED.,.F.,.F.,.U.,(2,2),(2,2),(0.0,5.423250482469890),(0.0,0.044082858905721),.UNSPECIFIED.);
#3027=CARTESIAN_POINT('',(32.730146206390287,3.599999997592124,-0.018359989608046));
#3028=VERTEX_POINT('',#3027);
#3029=CARTESIAN_POINT('',(32.731495681440450,3.599999997542388,0.018359989608663));
#3030=VERTEX_POINT('',#3029);
#3031=CARTESIAN_POINT('',(32.730146206390287,3.599999997592124,-0.018359989608046));
#3032=CARTESIAN_POINT('',(32.731495681440450,3.599999997542388,0.018359989608663));
#3033=QUASI_UNIFORM_CURVE('',1,(#3031,#3032),.UNSPECIFIED.,.F.,.U.);
#3034=EDGE_CURVE('',#3028,#3030,#3033,.T.);
#3035=ORIENTED_EDGE('',*,*,#3034,.F.);
#3036=CARTESIAN_POINT('',(29.999325262447929,7.707430E-12,-0.018359989608029));
#3037=VERTEX_POINT('',#3036);
#3038=CARTESIAN_POINT('',(32.730146206390287,3.599999997592124,-0.018359989608046));
#3039=CARTESIAN_POINT('',(29.999325262447929,7.707430E-12,-0.018359989608029));
#3040=QUASI_UNIFORM_CURVE('',1,(#3038,#3039),.UNSPECIFIED.,.F.,.U.);
#3041=EDGE_CURVE('',#3028,#3037,#3040,.T.);
#3042=ORIENTED_EDGE('',*,*,#3041,.T.);
#3043=CARTESIAN_POINT('',(30.000674737534361,5.809666E-12,0.018359989608680));
#3044=VERTEX_POINT('',#3043);
#3045=CARTESIAN_POINT('',(30.000674737534361,5.809666E-12,0.018359989608680));
#3046=CARTESIAN_POINT('',(29.999325262447929,7.707430E-12,-0.018359989608029));
#3047=QUASI_UNIFORM_CURVE('',1,(#3045,#3046),.UNSPECIFIED.,.F.,.U.);
#3048=EDGE_CURVE('',#3044,#3037,#3047,.T.);
#3049=ORIENTED_EDGE('',*,*,#3048,.F.);
#3050=CARTESIAN_POINT('',(32.731495681440450,3.599999997542388,0.018359989608663));
#3051=CARTESIAN_POINT('',(30.000674737534361,5.809666E-12,0.018359989608680));
#3052=QUASI_UNIFORM_CURVE('',1,(#3050,#3051),.UNSPECIFIED.,.F.,.U.);
#3053=EDGE_CURVE('',#3030,#3044,#3052,.T.);
#3054=ORIENTED_EDGE('',*,*,#3053,.F.);
#3055=EDGE_LOOP('',(#3035,#3042,#3049,#3054));
#3056=FACE_OUTER_BOUND('',#3055,.T.);
#3057=ADVANCED_FACE('WING',(#3056),#3026,.F.);
#3058=CARTESIAN_POINT('',(5.524641821154819,-3.746994E-12,1.334709354028861));
#3059=CARTESIAN_POINT('',(5.508433353103551,-3.745875E-12,1.333300841992757));
#3060=CARTESIAN_POINT('',(5.492236004506027,-3.744476E-12,1.331888701567562));
#3061=CARTESIAN_POINT('',(5.459182170640535,-3.741119E-12,1.328999046193306));
#3062=CARTESIAN_POINT('',(5.409337722679335,-3.736923E-12,1.324626155950398));
#3063=CARTESIAN_POINT('',(5.326023698816602,-3.744476E-12,1.317369545067941));
#3064=CARTESIAN_POINT('',(5.242084861770744,-3.803921E-12,1.307553099888876));
#3065=CARTESIAN_POINT('',(5.158469285909375,-3.760422E-12,1.296607077715215));
#3066=CARTESIAN_POINT('',(5.075441953521240,-3.789375E-12,1.284948816697479));
#3067=CARTESIAN_POINT('',(5.009572979147055,-3.780003E-12,1.275804555018798));
#3068=CARTESIAN_POINT('',(4.573218085555842,-3.835392E-12,1.211351377207974));
#3069=CARTESIAN_POINT('',(4.091382980434327,-3.594115E-12,1.108931914272948));
#3070=CARTESIAN_POINT('',(3.586061677526877,-3.943932E-12,0.979395413669296));
#3071=CARTESIAN_POINT('',(3.120466735666884,-3.694123E-12,0.835073432365949));
#3072=CARTESIAN_POINT('',(2.691506512192470,-3.769094E-12,0.665893355790467));
#3073=CARTESIAN_POINT('',(2.658740965432060,-3.792312E-12,0.652709381233882));
#3074=CARTESIAN_POINT('',(2.562735275775180,-3.686010E-12,0.613338548816889));
#3075=CARTESIAN_POINT('',(2.478942807967637,-3.758603E-12,0.577136038373872));
#3076=CARTESIAN_POINT('',(2.359038886045630,-3.637335E-12,0.522089893493486));
#3077=CARTESIAN_POINT('',(2.255058607684819,-3.767695E-12,0.470382783429053));
#3078=CARTESIAN_POINT('',(1.946816402353017,-3.589640E-12,0.302192800641053));
#3079=CARTESIAN_POINT('',(1.725404139230522,-3.754827E-12,0.145141497157430));
#3080=CARTESIAN_POINT('',(1.545064169614863,-3.627544E-12,-0.028587502929464));
#3081=CARTESIAN_POINT('',(1.424568560145840,-3.684891E-12,-0.199052549069705));
#3082=CARTESIAN_POINT('',(1.390156788358205,-3.658316E-12,-0.372382784024543));
#3083=CARTESIAN_POINT('',(1.386849527275160,-3.673562E-12,-0.392475015325114));
#3084=CARTESIAN_POINT('',(1.385179194478394,-3.616495E-12,-0.412379829880764));
#3085=CARTESIAN_POINT('',(1.384306283866067,-3.645168E-12,-0.432546807994535));
#3086=CARTESIAN_POINT('',(1.387460610054337,-3.679297E-12,-0.504112249428365));
#3087=CARTESIAN_POINT('',(1.437820309894092,-3.605725E-12,-0.560024838543379));
#3088=CARTESIAN_POINT('',(1.514254641077621,-3.793990E-12,-0.604821138262238));
#3089=CARTESIAN_POINT('',(1.610584942505537,-3.581667E-12,-0.636688833176957));
#3090=CARTESIAN_POINT('',(1.708261082955998,-3.607403E-12,-0.655267947013584));
#3091=CARTESIAN_POINT('',(1.748032601024119,-3.605585E-12,-0.661790591726980));
#3092=CARTESIAN_POINT('',(1.788385998709716,-3.603766E-12,-0.668281945499430));
#3093=CARTESIAN_POINT('',(1.820135004485366,-3.602368E-12,-0.673316585876288));
#3094=CARTESIAN_POINT('',(1.852232777603264,-3.600829E-12,-0.678336897678231));
#3095=CARTESIAN_POINT('',(1.884677981951330,-3.600829E-12,-0.683344176456168));
#3096=CARTESIAN_POINT('',(16.447925604262839,14.400000000012151,1.334709354028861));
#3097=CARTESIAN_POINT('',(16.431717136211571,14.400000000012160,1.333300841992757));
#3098=CARTESIAN_POINT('',(16.415519787614059,14.400000000012181,1.331888701567562));
#3099=CARTESIAN_POINT('',(16.382465953748579,14.400000000012209,1.328999046193306));
#3100=CARTESIAN_POINT('',(16.332621505787369,14.400000000012209,1.324626155950398));
#3101=CARTESIAN_POINT('',(16.249307481924550,14.400000000011911,1.317369545067941));
#3102=CARTESIAN_POINT('',(16.165368644879130,14.400000000012611,1.307553099888876));
#3103=CARTESIAN_POINT('',(16.081753069017569,14.400000000012300,1.296607077715215));
#3104=CARTESIAN_POINT('',(15.998725736629501,14.400000000012490,1.284948816697479));
#3105=CARTESIAN_POINT('',(15.932856762255390,14.400000000012421,1.275804555018798));
#3106=CARTESIAN_POINT('',(15.496501868664060,14.400000000012749,1.211351377207974));
#3107=CARTESIAN_POINT('',(15.014666763542079,14.400000000011660,1.108931914272948));
#3108=CARTESIAN_POINT('',(14.509345460635251,14.400000000012660,0.979395413669296));
#3109=CARTESIAN_POINT('',(14.043750518774781,14.400000000012330,0.835073432365949));
#3110=CARTESIAN_POINT('',(13.614790295300500,14.400000000012071,0.665893355790467));
#3111=CARTESIAN_POINT('',(13.582024748539951,14.400000000011810,0.652709381233882));
#3112=CARTESIAN_POINT('',(13.486019058883130,14.400000000011911,0.613338548816889));
#3113=CARTESIAN_POINT('',(13.402226591075349,14.400000000011669,0.577136038373872));
#3114=CARTESIAN_POINT('',(13.282322669153690,14.400000000012060,0.522089893493486));
#3115=CARTESIAN_POINT('',(13.178342390792530,14.400000000011721,0.470382783429053));
#3116=CARTESIAN_POINT('',(12.870100185461000,14.400000000012080,0.302192800641053));
#3117=CARTESIAN_POINT('',(12.648687922338130,14.400000000011810,0.145141497157430));
#3118=CARTESIAN_POINT('',(12.468347952722739,14.400000000011829,-0.028587502929464));
#3119=CARTESIAN_POINT('',(12.347852343253519,14.400000000011770,-0.199052549069705));
#3120=CARTESIAN_POINT('',(12.313440571465939,14.400000000011801,-0.372382784024543));
#3121=CARTESIAN_POINT('',(12.310133310383060,14.400000000011939,-0.392475015325114));
#3122=CARTESIAN_POINT('',(12.308462977585741,14.400000000011479,-0.412379829880764));
#3123=CARTESIAN_POINT('',(12.307590066973690,14.400000000011710,-0.432546807994535));
#3124=CARTESIAN_POINT('',(12.310744393162160,14.400000000011810,-0.504112249428365));
#3125=CARTESIAN_POINT('',(12.361104093001931,14.400000000011669,-0.560024838543379));
#3126=CARTESIAN_POINT('',(12.437538424185171,14.400000000011531,-0.604821138262238));
#3127=CARTESIAN_POINT('',(12.533868725613550,14.400000000011859,-0.636688833176957));
#3128=CARTESIAN_POINT('',(12.631544866063980,14.400000000011911,-0.655267947013584));
#3129=CARTESIAN_POINT('',(12.671316384132069,14.400000000011859,-0.661790591726980));
#3130=CARTESIAN_POINT('',(12.711669781817649,14.400000000011820,-0.668281945499430));
#3131=CARTESIAN_POINT('',(12.743418787593271,14.400000000011790,-0.673316585876288));
#3132=CARTESIAN_POINT('',(12.775516560711139,14.400000000011749,-0.678336897678231));
#3133=CARTESIAN_POINT('',(12.807961765059170,14.400000000011710,-0.683344176456168));
#3134=CARTESIAN_POINT('',(27.371209387371081,28.800000000027481,1.334709354028861));
#3135=CARTESIAN_POINT('',(27.355000919319831,28.800000000027509,1.333300841992757));
#3136=CARTESIAN_POINT('',(27.338803570722341,28.800000000027541,1.331888701567562));
#3137=CARTESIAN_POINT('',(27.305749736856878,28.800000000027591,1.328999046193306));
#3138=CARTESIAN_POINT('',(27.255905288895729,28.800000000027609,1.324626155950398));
#3139=CARTESIAN_POINT('',(27.172591265032882,28.800000000027200,1.317369545067941));
#3140=CARTESIAN_POINT('',(27.088652427987821,28.800000000028149,1.307553099888876));
#3141=CARTESIAN_POINT('',(27.005036852126100,28.800000000027779,1.296607077715215));
#3142=CARTESIAN_POINT('',(26.922009519738140,28.800000000028021,1.284948816697479));
#3143=CARTESIAN_POINT('',(26.856140545363878,28.800000000028291,1.275804555018798));
#3144=CARTESIAN_POINT('',(26.419785651773310,28.800000000028970,1.211351377207974));
#3145=CARTESIAN_POINT('',(25.937950546649478,28.800000000026010,1.108931914272948));
#3146=CARTESIAN_POINT('',(25.432629243744451,28.800000000029389,0.979395413669296));
#3147=CARTESIAN_POINT('',(24.967034301882990,28.800000000027790,0.835073432365949));
#3148=CARTESIAN_POINT('',(24.538074078408989,28.800000000027410,0.665893355790467));
#3149=CARTESIAN_POINT('',(24.505308531648222,28.800000000026898,0.652709381233882));
#3150=CARTESIAN_POINT('',(24.409302841991359,28.800000000027179,0.613338548816889));
#3151=CARTESIAN_POINT('',(24.325510374183441,28.800000000026710,0.577136038373872));
#3152=CARTESIAN_POINT('',(24.205606452261762,28.800000000027030,0.522089893493486));
#3153=CARTESIAN_POINT('',(24.101626173900652,28.800000000026959,0.470382783429053));
#3154=CARTESIAN_POINT('',(23.793383968568889,28.800000000027129,0.302192800641053));
#3155=CARTESIAN_POINT('',(23.571971705446622,28.800000000027371,0.145141497157430));
#3156=CARTESIAN_POINT('',(23.391631735830732,28.800000000026749,-0.028587502929464));
#3157=CARTESIAN_POINT('',(23.271136126361551,28.800000000026959,-0.199052549069705));
#3158=CARTESIAN_POINT('',(23.236724354573870,28.800000000026952,-0.372382784024543));
#3159=CARTESIAN_POINT('',(23.233417093490999,28.800000000027332,-0.392475015325114));
#3160=CARTESIAN_POINT('',(23.231746760693550,28.800000000026021,-0.412379829880764));
#3161=CARTESIAN_POINT('',(23.230873850081611,28.800000000026689,-0.432546807994535));
#3162=CARTESIAN_POINT('',(23.234028176269920,28.800000000027829,-0.504112249428365));
#3163=CARTESIAN_POINT('',(23.284387876109591,28.800000000026500,-0.560024838543379));
#3164=CARTESIAN_POINT('',(23.360822207293189,28.800000000027499,-0.604821138262238));
#3165=CARTESIAN_POINT('',(23.457152508721300,28.800000000027509,-0.636688833176957));
#3166=CARTESIAN_POINT('',(23.554828649171821,28.800000000027580,-0.655267947013584));
#3167=CARTESIAN_POINT('',(23.594600167239879,28.800000000027481,-0.661790591726980));
#3168=CARTESIAN_POINT('',(23.634953564925389,28.800000000027389,-0.668281945499430));
#3169=CARTESIAN_POINT('',(23.666702570700970,28.800000000027332,-0.673316585876288));
#3170=CARTESIAN_POINT('',(23.698800343818789,28.800000000027261,-0.678336897678231));
#3171=CARTESIAN_POINT('',(23.731245548166779,28.800000000027190,-0.683344176456168));
#3172=CARTESIAN_POINT('',(38.294493170480472,43.200000000045193,1.334709354028861));
#3173=CARTESIAN_POINT('',(38.278284702429247,43.200000000045229,1.333300841992757));
#3174=CARTESIAN_POINT('',(38.262087353831788,43.200000000045279,1.331888701567562));
#3175=CARTESIAN_POINT('',(38.229033519966393,43.200000000045357,1.328999046193307));
#3176=CARTESIAN_POINT('',(38.179189072005293,43.200000000045392,1.324626155950398));
#3177=CARTESIAN_POINT('',(38.095875048142211,43.200000000044447,1.317369545067941));
#3178=CARTESIAN_POINT('',(38.011936211097719,43.200000000046067,1.307553099888876));
#3179=CARTESIAN_POINT('',(37.928320635235778,43.200000000045428,1.296607077715215));
#3180=CARTESIAN_POINT('',(37.845293302847473,43.200000000045947,1.284948816697479));
#3181=CARTESIAN_POINT('',(37.779424328473667,43.200000000046067,1.275804555018798));
#3182=CARTESIAN_POINT('',(37.343069434882800,43.200000000046217,1.211351377207974));
#3183=CARTESIAN_POINT('',(36.861234329757963,43.200000000043033,1.108931914272948));
#3184=CARTESIAN_POINT('',(36.355913026854637,43.200000000047133,0.979395413669296));
#3185=CARTESIAN_POINT('',(35.890318084992209,43.200000000045513,0.835073432365949));
#3186=CARTESIAN_POINT('',(35.461357861517882,43.200000000045080,0.665893355790467));
#3187=CARTESIAN_POINT('',(35.428592314757068,43.200000000044568,0.652709381233882));
#3188=CARTESIAN_POINT('',(35.332586625099893,43.200000000044177,0.613338548816889));
#3189=CARTESIAN_POINT('',(35.248794157292238,43.200000000043978,0.577136038373872));
#3190=CARTESIAN_POINT('',(35.128890235370477,43.200000000044398,0.522089893493486));
#3191=CARTESIAN_POINT('',(35.024909957009108,43.200000000044056,0.470382783429053));
#3192=CARTESIAN_POINT('',(34.716667751677520,43.200000000043673,0.302192800641053));
#3193=CARTESIAN_POINT('',(34.495255488555152,43.200000000044682,0.145141497157430));
#3194=CARTESIAN_POINT('',(34.314915518939088,43.200000000043737,-0.028587502929464));
#3195=CARTESIAN_POINT('',(34.194419909470021,43.200000000043978,-0.199052549069705));
#3196=CARTESIAN_POINT('',(34.160008137682127,43.200000000043943,-0.372382784024543));
#3197=CARTESIAN_POINT('',(34.156700876599437,43.200000000044490,-0.392475015325114));
#3198=CARTESIAN_POINT('',(34.155030543801928,43.200000000042643,-0.412379829880764));
#3199=CARTESIAN_POINT('',(34.154157633190131,43.200000000043502,-0.432546807994535));
#3200=CARTESIAN_POINT('',(34.157311959379200,43.200000000044568,-0.504112249428365));
#3201=CARTESIAN_POINT('',(34.207671659217297,43.200000000043943,-0.560024838543379));
#3202=CARTESIAN_POINT('',(34.284105990402793,43.200000000043673,-0.604821138262238));
#3203=CARTESIAN_POINT('',(34.380436291829682,43.200000000044369,-0.636688833176957));
#3204=CARTESIAN_POINT('',(34.478112432280398,43.200000000044056,-0.655267947013584));
#3205=CARTESIAN_POINT('',(34.517883950348441,43.200000000043943,-0.661790591726980));
#3206=CARTESIAN_POINT('',(34.558237348033963,43.200000000043900,-0.668281945499430));
#3207=CARTESIAN_POINT('',(34.589986353809522,43.200000000043808,-0.673316585876288));
#3208=CARTESIAN_POINT('',(34.622084126927348,43.200000000043737,-0.678336897678231));
#3209=CARTESIAN_POINT('',(34.654529331275327,43.200000000043673,-0.683344176456168));
#3210=CARTESIAN_POINT('',(49.217776953589649,57.600000000061300,1.334709354028861));
#3211=CARTESIAN_POINT('',(49.201568485538473,57.600000000061378,1.333300841992757));
#3212=CARTESIAN_POINT('',(49.185371136941022,57.600000000061407,1.331888701567562));
#3213=CARTESIAN_POINT('',(49.152317303075662,57.600000000061499,1.328999046193307));
#3214=CARTESIAN_POINT('',(49.102472855114563,57.600000000061499,1.324626155950398));
#3215=CARTESIAN_POINT('',(49.019158831251218,57.600000000060199,1.317369545067941));
#3216=CARTESIAN_POINT('',(48.935219994206378,57.600000000062828,1.307553099888876));
#3217=CARTESIAN_POINT('',(48.851604418344557,57.600000000061812,1.296607077715215));
#3218=CARTESIAN_POINT('',(48.768577085957013,57.600000000061968,1.284948816697479));
#3219=CARTESIAN_POINT('',(48.702708111582318,57.600000000062678,1.275804555018798));
#3220=CARTESIAN_POINT('',(48.266353217993149,57.600000000062479,1.211351377207974));
#3221=CARTESIAN_POINT('',(47.784518112866770,57.600000000060312,1.108931914272948));
#3222=CARTESIAN_POINT('',(47.279196809964958,57.600000000062792,0.979395413669296));
#3223=CARTESIAN_POINT('',(46.813601868100982,57.600000000061407,0.835073432365949));
#3224=CARTESIAN_POINT('',(46.384641644627372,57.600000000061613,0.665893355790468));
#3225=CARTESIAN_POINT('',(46.351876097866423,57.600000000060668,0.652709381233882));
#3226=CARTESIAN_POINT('',(46.255870408209958,57.600000000061613,0.613338548816889));
#3227=CARTESIAN_POINT('',(46.172077940401493,57.600000000060163,0.577136038373872));
#3228=CARTESIAN_POINT('',(46.052174018480308,57.600000000061463,0.522089893493486));
#3229=CARTESIAN_POINT('',(45.948193740117993,57.600000000059921,0.470382783429054));
#3230=CARTESIAN_POINT('',(45.639951534788032,57.600000000061662,0.302192800641053));
#3231=CARTESIAN_POINT('',(45.418539271663668,57.600000000060277,0.145141497157430));
#3232=CARTESIAN_POINT('',(45.238199302048429,57.600000000060433,-0.028587502929464));
#3233=CARTESIAN_POINT('',(45.117703692579063,57.600000000060199,-0.199052549069705));
#3234=CARTESIAN_POINT('',(45.083291920791019,57.600000000060227,-0.372382784024543));
#3235=CARTESIAN_POINT('',(45.079984659708508,57.600000000060902,-0.392475015325114));
#3236=CARTESIAN_POINT('',(45.078314326910117,57.600000000058273,-0.412379829880764));
#3237=CARTESIAN_POINT('',(45.077441416298662,57.600000000059453,-0.432546807994535));
#3238=CARTESIAN_POINT('',(45.080595742487048,57.600000000059687,-0.504112249428365));
#3239=CARTESIAN_POINT('',(45.130955442325323,57.600000000060433,-0.560024838543379));
#3240=CARTESIAN_POINT('',(45.207389773511181,57.600000000059048,-0.604821138262238));
#3241=CARTESIAN_POINT('',(45.303720074937587,57.600000000060348,-0.636688833176957));
#3242=CARTESIAN_POINT('',(45.401396215388900,57.600000000060511,-0.655267947013584));
#3243=CARTESIAN_POINT('',(45.441167733457050,57.600000000060199,-0.661790591726980));
#3244=CARTESIAN_POINT('',(45.481521131142557,57.600000000059921,-0.668281945499430));
#3245=CARTESIAN_POINT('',(45.513270136918109,57.600000000059723,-0.673316585876288));
#3246=CARTESIAN_POINT('',(45.545367910035907,57.600000000059609,-0.678336897678231));
#3247=CARTESIAN_POINT('',(45.577813114383822,57.600000000059410,-0.683344176456168));
#3248=CARTESIAN_POINT('',(60.141060736695160,72.000000000077677,1.334709354028861));
#3249=CARTESIAN_POINT('',(60.124852268643977,72.000000000077748,1.333300841992757));
#3250=CARTESIAN_POINT('',(60.108654920046490,72.000000000077833,1.331888701567562));
#3251=CARTESIAN_POINT('',(60.075601086181138,72.000000000077989,1.328999046193307));
#3252=CARTESIAN_POINT('',(60.025756638219960,72.000000000078145,1.324626155950398));
#3253=CARTESIAN_POINT('',(59.942442614355834,72.000000000077677,1.317369545067941));
#3254=CARTESIAN_POINT('',(59.858503777312762,72.000000000080476,1.307553099888876));
#3255=CARTESIAN_POINT('',(59.774888201450082,72.000000000079211,1.296607077715215));
#3256=CARTESIAN_POINT('',(59.691860869062367,72.000000000080590,1.284948816697479));
#3257=CARTESIAN_POINT('',(59.625991894688148,72.000000000079496,1.275804555018798));
#3258=CARTESIAN_POINT('',(59.189637001098113,72.000000000082949,1.211351377207974));
#3259=CARTESIAN_POINT('',(58.707801895970590,72.000000000072276,1.108931914272948));
#3260=CARTESIAN_POINT('',(58.202480593069247,72.000000000080817,0.979395413669296));
#3261=CARTESIAN_POINT('',(57.736885651206890,72.000000000078103,0.835073432365949));
#3262=CARTESIAN_POINT('',(57.307925427732599,72.000000000078074,0.665893355790468));
#3263=CARTESIAN_POINT('',(57.275159880971572,72.000000000077364,0.652709381233882));
#3264=CARTESIAN_POINT('',(57.179154191315313,72.000000000077947,0.613338548816889));
#3265=CARTESIAN_POINT('',(57.095361723507011,72.000000000076810,0.577136038373872));
#3266=CARTESIAN_POINT('',(56.975457801585478,72.000000000077364,0.522089893493486));
#3267=CARTESIAN_POINT('',(56.871477523224009,72.000000000076696,0.470382783429054));
#3268=CARTESIAN_POINT('',(56.563235317893302,72.000000000077520,0.302192800641053));
#3269=CARTESIAN_POINT('',(56.341823054769840,72.000000000077293,0.145141497157430));
#3270=CARTESIAN_POINT('',(56.161483085153499,72.000000000076142,-0.028587502929464));
#3271=CARTESIAN_POINT('',(56.040987475684801,72.000000000076412,-0.199052549069705));
#3272=CARTESIAN_POINT('',(56.006575703896956,72.000000000076369,-0.372382784024543));
#3273=CARTESIAN_POINT('',(56.003268442814480,72.000000000077236,-0.392475015325114));
#3274=CARTESIAN_POINT('',(56.001598110015912,72.000000000074564,-0.412379829880764));
#3275=CARTESIAN_POINT('',(56.000725199404648,72.000000000076056,-0.432546807994535));
#3276=CARTESIAN_POINT('',(56.003879525593661,72.000000000076767,-0.504112249428365));
#3277=CARTESIAN_POINT('',(56.054239225431651,72.000000000075985,-0.560024838543379));
#3278=CARTESIAN_POINT('',(56.130673556616770,72.000000000076170,-0.604821138262238));
#3279=CARTESIAN_POINT('',(56.227003858044917,72.000000000077918,-0.636688833176957));
#3280=CARTESIAN_POINT('',(56.324679998495313,72.000000000077321,-0.655267947013584));
#3281=CARTESIAN_POINT('',(56.364451516563108,72.000000000077009,-0.661790591726980));
#3282=CARTESIAN_POINT('',(56.404804914248459,72.000000000076767,-0.668281945499430));
#3283=CARTESIAN_POINT('',(56.436553920023982,72.000000000076568,-0.673316585876288));
#3284=CARTESIAN_POINT('',(56.468651693141730,72.000000000076369,-0.678336897678231));
#3285=CARTESIAN_POINT('',(56.501096897489653,72.000000000076170,-0.683344176456168));
#3286=B_SPLINE_SURFACE_WITH_KNOTS('',5,5,((#3058,#3096,#3134,#3172,#3210,#3248),(#3059,#3097,#3135,#3173,#3211,#3249),(#3060,#3098,#3136,#3174,#3212,#3250),(#3061,#3099,#3137,#3175,#3213,#3251),(#3062,#3100,#3138,#3176,#3214,#3252),(#3063,#3101,#3139,#3177,#3215,#3253),(#3064,#3102,#3140,#3178,#3216,#3254),(#3065,#3103,#3141,#3179,#3217,#3255),(#3066,#3104,#3142,#3180,#3218,#3256),(#3067,#3105,#3143,#3181,#3219,#3257),(#3068,#3106,#3144,#3182,#3220,#3258),(#3069,#3107,#3145,#3183,#3221,#3259),(#3070,#3108,#3146,#3184,#3222,#3260),(#3071,#3109,#3147,#3185,#3223,#3261),(#3072,#3110,#3148,#3186,#3224,#3262),(#3073,#3111,#3149,#3187,#3225,#3263),(#3074,#3112,#3150,#3188,#3226,#3264),(#3075,#3113,#3151,#3189,#3227,#3265),(#3076,#3114,#3152,#3190,#3228,#3266),(#3077,#3115,#3153,#3191,#3229,#3267),(#3078,#3116,#3154,#3192,#3230,#3268),(#3079,#3117,#3155,#3193,#3231,#3269),(#3080,#3118,#3156,#3194,#3232,#3270),(#3081,#3119,#3157,#3195,#3233,#3271),(#3082,#3120,#3158,#3196,#3234,#3272),(#3083,#3121,#3159,#3197,#3235,#3273),(#3084,#3122,#3160,#3198,#3236,#3274),(#3085,#3123,#3161,#3199,#3237,#3275),(#3086,#3124,#3162,#3200,#3238,#3276),(#3087,#3125,#3163,#3201,#3239,#3277),(#3088,#3126,#3164,#3202,#3240,#3278),(#3089,#3127,#3165,#3203,#3241,#3279),(#3090,#3128,#3166,#3204,#3242,#3280),(#3091,#3129,#3167,#3205,#3243,#3281),(#3092,#3130,#3168,#3206,#3244,#3282),(#3093,#3131,#3169,#3207,#3245,#3283),(#3094,#3132,#3170,#3208,#3246,#3284),(#3095,#3133,#3171,#3209,#3247,#3285)),.UNSPECIFIED.,.F.,.F.,.U.,(6,2,1,1,1,2,2,2,2,2,2,2,3,2,3,2,3,6),(6,6),(30.562097724786469,30.671097731037580,30.784694389300618,30.898291047563649,31.125484364089651,31.239081022352661,31.352677680615649,34.078997478927910,34.192594137191101,34.306190795454377,34.760577428507837,34.987770745034588,36.350930644195081,36.464527302458450,36.521325631590138,37.089308922907470,37.146107252039229,37.345263707648847),(4.518559841126011,94.889756663713584),.UNSPECIFIED.);
#3287=CARTESIAN_POINT('',(60.139002009254057,71.999999999999957,1.334530421574896));
#3288=VERTEX_POINT('',#3287);
#3289=CARTESIAN_POINT('',(5.522680647337129,-8.476412E-15,1.334538901683607));
#3290=VERTEX_POINT('',#3289);
#3291=CARTESIAN_POINT('',(60.139002009254057,72.0,1.334530421574896));
#3292=CARTESIAN_POINT('',(41.933561558940497,48.000000004824962,1.334533248299239));
#3293=CARTESIAN_POINT('',(23.728121097649229,23.999999995174559,1.334536075002618));
#3294=CARTESIAN_POINT('',(5.522680647337129,-7.993606E-15,1.334538901683608));
#3295=B_SPLINE_CURVE_WITH_KNOTS('',3,(#3291,#3292,#3293,#3294),.UNSPECIFIED.,.F.,.U.,(4,4),(6.390206526133492,134.194337030233697),.UNSPECIFIED.);
#3296=EDGE_CURVE('',#3288,#3290,#3295,.T.);
#3297=ORIENTED_EDGE('',*,*,#3296,.T.);
#3298=CARTESIAN_POINT('',(1.882732038864917,3.583114E-15,-0.683043762457364));
#3299=VERTEX_POINT('',#3298);
#3300=CARTESIAN_POINT('',(1.882732038864917,3.583114E-15,-0.683043762457364));
#3301=CARTESIAN_POINT('',(1.852400112424205,0.0,-0.678359633271000));
#3302=CARTESIAN_POINT('',(1.822202149384803,0.0,-0.673637802061528));
#3303=CARTESIAN_POINT('',(1.792140143521960,0.0,-0.668876011700496));
#3304=CARTESIAN_POINT('',(1.760087486865096,0.0,-0.663729579917525));
#3305=CARTESIAN_POINT('',(1.728206363977465,0.0,-0.658531245825055));
#3306=CARTESIAN_POINT('',(1.726049987106786,0.0,-0.658179547628982));
#3307=CARTESIAN_POINT('',(1.721729628978399,0.0,-0.657474636443507));
#3308=CARTESIAN_POINT('',(1.717506324502633,0.0,-0.656771912821798));
#3309=CARTESIAN_POINT('',(1.716325166151372,0.0,-0.656573372716909));
#3310=CARTESIAN_POINT('',(1.707108393403270,0.0,-0.654992051627095));
#3311=CARTESIAN_POINT('',(1.697899333315012,0.0,-0.653268190212340));
#3312=CARTESIAN_POINT('',(1.691048150837801,0.0,-0.651884786985584));
#3313=CARTESIAN_POINT('',(1.677373091680666,0.0,-0.649002806687528));
#3314=CARTESIAN_POINT('',(1.663763614878699,0.0,-0.645858848782713));
#3315=CARTESIAN_POINT('',(1.656978944250086,0.0,-0.644220863368566));
#3316=CARTESIAN_POINT('',(1.627725248581306,0.0,-0.636845188642242));
#3317=CARTESIAN_POINT('',(1.598956570918222,0.0,-0.628197491132257));
#3318=CARTESIAN_POINT('',(1.577310265924987,0.0,-0.620781566514986));
#3319=CARTESIAN_POINT('',(1.531265783896906,0.0,-0.602750736209402));
#3320=CARTESIAN_POINT('',(1.488935573983363,0.0,-0.580342850765025));
#3321=CARTESIAN_POINT('',(1.467450138001232,0.0,-0.566800159136477));
#3322=CARTESIAN_POINT('',(1.433698586003822,0.0,-0.540604639787608));
#3323=CARTESIAN_POINT('',(1.408321582333085,0.0,-0.509247345681869));
#3324=CARTESIAN_POINT('',(1.399408931388962,0.0,-0.495031746019402));
#3325=CARTESIAN_POINT('',(1.391799082042690,0.0,-0.477690595977986));
#3326=CARTESIAN_POINT('',(1.387492296270159,0.0,-0.459323698019542));
#3327=CARTESIAN_POINT('',(1.387002315158977,0.0,-0.456988746993242));
#3328=CARTESIAN_POINT('',(1.386131283408491,0.0,-0.452302655704466));
#3329=CARTESIAN_POINT('',(1.385469282153676,0.0,-0.447481934465861));
#3330=CARTESIAN_POINT('',(1.385190764893317,0.0,-0.445032529528433));
#3331=CARTESIAN_POINT('',(1.384672218299227,0.0,-0.439125011155738));
#3332=CARTESIAN_POINT('',(1.384522643598121,0.0,-0.433239353934899));
#3333=CARTESIAN_POINT('',(1.384553787661247,0.0,-0.429652710409291));
#3334=CARTESIAN_POINT('',(1.384782794982658,0.0,-0.422600186150878));
#3335=CARTESIAN_POINT('',(1.385236260875398,0.0,-0.415535208965716));
#3336=CARTESIAN_POINT('',(1.385488882874574,0.0,-0.412001296385223));
#3337=CARTESIAN_POINT('',(1.386534538601800,0.0,-0.399148052370182));
#3338=CARTESIAN_POINT('',(1.388082772618681,0.0,-0.386320055399220));
#3339=CARTESIAN_POINT('',(1.389515288492602,0.0,-0.377017587533651));
#3340=CARTESIAN_POINT('',(1.393442815054973,0.0,-0.355382262754438));
#3341=CARTESIAN_POINT('',(1.398669138760278,0.0,-0.333900454975030));
#3342=CARTESIAN_POINT('',(1.402079520156797,0.0,-0.321667359887733));
#3343=CARTESIAN_POINT('',(1.429852495345186,0.0,-0.232907178701343));
#3344=CARTESIAN_POINT('',(1.477778211139898,0.0,-0.147592884063106));
#3345=CARTESIAN_POINT('',(1.529484620554673,0.0,-0.077465706335276));
#3346=CARTESIAN_POINT('',(1.637235769922503,0.0,0.044309689667667));
#3347=CARTESIAN_POINT('',(1.763966583590973,0.0,0.154790878496943));
#3348=CARTESIAN_POINT('',(1.824554616801387,0.0,0.202765892843354));
#3349=CARTESIAN_POINT('',(1.911934863638710,0.0,0.266237459594433));
#3350=CARTESIAN_POINT('',(2.003173021691610,0.0,0.325472052055461));
#3351=CARTESIAN_POINT('',(2.028848116915595,0.0,0.341633953449494));
#3352=CARTESIAN_POINT('',(2.082121434579115,0.0,0.374161953333512));
#3353=CARTESIAN_POINT('',(2.136383756048089,0.0,0.405282103447994));
#3354=CARTESIAN_POINT('',(2.164499624854027,0.0,0.420891314923502));
#3355=CARTESIAN_POINT('',(2.258604396604857,0.0,0.471715261779929));
#3356=CARTESIAN_POINT('',(2.354090241783453,0.0,0.519083545700667));
#3357=CARTESIAN_POINT('',(2.419844297160881,0.0,0.550093400503647));
#3358=CARTESIAN_POINT('',(2.491369899527660,0.0,0.582188419927471));
#3359=CARTESIAN_POINT('',(2.562278872153576,0.0,0.612513180266758));
#3360=CARTESIAN_POINT('',(2.566738640944238,0.0,0.614414517869764));
#3361=CARTESIAN_POINT('',(2.575645487689523,0.0,0.618200111491322));
#3362=CARTESIAN_POINT('',(2.584561671159128,0.0,0.621966398830527));
#3363=CARTESIAN_POINT('',(2.589026134456327,0.0,0.623846441283922));
#3364=CARTESIAN_POINT('',(2.601780859373177,0.0,0.629201111189239));
#3365=CARTESIAN_POINT('',(2.614462055902275,0.0,0.634478456468481));
#3366=CARTESIAN_POINT('',(2.625777191139615,0.0,0.639157105731078));
#3367=CARTESIAN_POINT('',(2.638806344190979,0.0,0.644510819938789));
#3368=CARTESIAN_POINT('',(2.651860080095056,0.0,0.649830479313705));
#3369=CARTESIAN_POINT('',(2.654845682899076,0.0,0.651044029034691));
#3370=CARTESIAN_POINT('',(2.664006288792960,0.0,0.654758589530293));
#3371=CARTESIAN_POINT('',(2.673147228314592,0.0,0.658444908757678));
#3372=CARTESIAN_POINT('',(2.677556907065747,0.0,0.660218706274002));
#3373=CARTESIAN_POINT('',(2.690950146532139,0.0,0.665591606606180));
#3374=CARTESIAN_POINT('',(2.704391136961846,0.0,0.670940611880591));
#3375=CARTESIAN_POINT('',(2.713356181138006,0.0,0.674489214289954));
#3376=CARTESIAN_POINT('',(2.733345172915127,0.0,0.682359308609306));
#3377=CARTESIAN_POINT('',(2.753383044524428,0.0,0.690156663746237));
#3378=CARTESIAN_POINT('',(2.764411717268517,0.0,0.694421114630764));
#3379=CARTESIAN_POINT('',(2.786536191065382,0.0,0.702922545186832));
#3380=CARTESIAN_POINT('',(2.808782712190605,0.0,0.711365021758499));
#3381=CARTESIAN_POINT('',(2.819922340559259,0.0,0.715566390589047));
#3382=CARTESIAN_POINT('',(3.006793405220200,0.0,0.785616586665015));
#3383=CARTESIAN_POINT('',(3.199044600613260,0.0,0.850592905471738));
#3384=CARTESIAN_POINT('',(3.382659107983592,0.0,0.907734325165492));
#3385=CARTESIAN_POINT('',(3.676892805395321,0.0,0.992568838114667));
#3386=CARTESIAN_POINT('',(3.974067067942362,0.0,1.068414738477070));
#3387=CARTESIAN_POINT('',(4.083402976708303,0.0,1.095050784924220));
#3388=CARTESIAN_POINT('',(4.276878518771815,0.0,1.139961588874834));
#3389=CARTESIAN_POINT('',(4.469635636386811,0.0,1.180640957164306));
#3390=CARTESIAN_POINT('',(4.553018616747736,0.0,1.197448068530928));
#3391=CARTESIAN_POINT('',(4.690666996985606,0.0,1.223811737737351));
#3392=CARTESIAN_POINT('',(4.826775055179153,0.0,1.247372970164745));
#3393=CARTESIAN_POINT('',(4.877723856858382,0.0,1.255772073964851));
#3394=CARTESIAN_POINT('',(4.937484617971744,0.0,1.265209398178972));
#3395=CARTESIAN_POINT('',(4.996612481637606,0.0,1.273848655229352));
#3396=CARTESIAN_POINT('',(5.000821434409799,0.0,1.274458788490742));
#3397=CARTESIAN_POINT('',(5.012912394410445,0.0,1.276198737349652));
#3398=CARTESIAN_POINT('',(5.024940028805287,0.0,1.277904251762896));
#3399=CARTESIAN_POINT('',(5.029779004770252,0.0,1.278586382247681));
#3400=CARTESIAN_POINT('',(5.052101064079824,0.0,1.281722963674140));
#3401=CARTESIAN_POINT('',(5.074410853395252,0.0,1.284827999488763));
#3402=CARTESIAN_POINT('',(5.096219201344177,0.0,1.287865843892841));
#3403=CARTESIAN_POINT('',(5.121598975428984,0.0,1.291371370450602));
#3404=CARTESIAN_POINT('',(5.147012258985574,0.0,1.294818770214845));
#3405=CARTESIAN_POINT('',(5.156061363789016,0.0,1.296036927362456));
#3406=CARTESIAN_POINT('',(5.174167263217075,0.0,1.298453270021999));
#3407=CARTESIAN_POINT('',(5.192289401784676,0.0,1.300825319809126));
#3408=CARTESIAN_POINT('',(5.201354356475295,0.0,1.301999140189275));
#3409=CARTESIAN_POINT('',(5.219491520736587,0.0,1.304320160942368));
#3410=CARTESIAN_POINT('',(5.237642427928756,0.0,1.306582709799878));
#3411=CARTESIAN_POINT('',(5.246716050554871,0.0,1.307697460800944));
#3412=CARTESIAN_POINT('',(5.265027611969732,0.0,1.309911188840915));
#3413=CARTESIAN_POINT('',(5.283370536878437,0.0,1.312048211532378));
#3414=CARTESIAN_POINT('',(5.291972290613645,0.0,1.313030082941667));
#3415=CARTESIAN_POINT('',(5.311763496658733,0.0,1.315236680176291));
#3416=CARTESIAN_POINT('',(5.331555484298050,0.0,1.317319681496084));
#3417=CARTESIAN_POINT('',(5.342093521733642,0.0,1.318390957942043));
#3418=CARTESIAN_POINT('',(5.363662889931048,0.0,1.320506139873725));
#3419=CARTESIAN_POINT('',(5.385305829342256,0.0,1.322495723321629));
#3420=CARTESIAN_POINT('',(5.393990824307673,0.0,1.323273555298009));
#3421=CARTESIAN_POINT('',(5.416759664812174,0.0,1.325287158589586));
#3422=CARTESIAN_POINT('',(5.439546006653251,0.0,1.327276401168876));
#3423=CARTESIAN_POINT('',(5.446741918663394,0.0,1.327907462440969));
#3424=CARTESIAN_POINT('',(5.468786755190591,0.0,1.329837882963910));
#3425=CARTESIAN_POINT('',(5.490842613456909,0.0,1.331765683417842));
#3426=CARTESIAN_POINT('',(5.501452890735107,0.0,1.332691687589609));
#3427=CARTESIAN_POINT('',(5.512065592196985,0.0,1.333616166300123));
#3428=CARTESIAN_POINT('',(5.522680647337137,0.0,1.334538901683610));
#3429=B_SPLINE_CURVE_WITH_KNOTS('',5,(#3300,#3301,#3302,#3303,#3304,#3305,#3306,#3307,#3308,#3309,#3310,#3311,#3312,#3313,#3314,#3315,#3316,#3317,#3318,#3319,#3320,#3321,#3322,#3323,#3324,#3325,#3326,#3327,#3328,#3329,#3330,#3331,#3332,#3333,#3334,#3335,#3336,#3337,#3338,#3339,#3340,#3341,#3342,#3343,#3344,#3345,#3346,#3347,#3348,#3349,#3350,#3351,#3352,#3353,#3354,#3355,#3356,#3357,#3358,#3359,#3360,#3361,#3362,#3363,#3364,#3365,#3366,#3367,#3368,#3369,#3370,#3371,#3372,#3373,#3374,#3375,#3376,#3377,#3378,#3379,#3380,#3381,#3382,#3383,#3384,#3385,#3386,#3387,#3388,#3389,#3390,#3391,#3392,#3393,#3394,#3395,#3396,#3397,#3398,#3399,#3400,#3401,#3402,#3403,#3404,#3405,#3406,#3407,#3408,#3409,#3410,#3411,#3412,#3413,#3414,#3415,#3416,#3417,#3418,#3419,#3420,#3421,#3422,#3423,#3424,#3425,#3426,#3427,#3428),.UNSPECIFIED.,.F.,.U.,(6,3,3,3,3,3,3,3,3,3,3,3,3,3,3,3,3,3,3,3,3,3,3,3,3,3,3,3,3,3,3,3,3,3,3,3,3,3,3,3,3,3,6),(0.0,0.286004746366611,0.306434365493775,0.329103409853957,0.395163970283394,0.461224530712829,0.680998519143694,0.939888855453120,1.128964267477223,1.156278236822154,1.183592206167093,1.222567280277136,1.261680409424714,1.364952466922175,1.502574156687685,2.369296998324297,3.092918289077759,3.371980905371742,3.666538332068793,4.352285131205217,4.398327837956260,4.444370544707311,4.530038007684539,4.579878260893461,4.625920983034177,4.718006384223728,4.830718036376866,4.943429688530008,6.718142336604193,7.751786653433212,8.543531359801666,9.065037062906379,9.126474563148248,9.186176676659189,9.347623321857071,9.436930534241036,9.526237746625000,9.615545106612638,9.706084842919330,9.809878590784383,9.918254741181922,10.030269933317760,10.134063163072710),.UNSPECIFIED.);
#3430=EDGE_CURVE('',#3299,#3290,#3429,.T.);
#3431=ORIENTED_EDGE('',*,*,#3430,.F.);
#3432=CARTESIAN_POINT('',(56.499053400781847,71.999999999999957,-0.683028697116537));
#3433=VERTEX_POINT('',#3432);
#3434=CARTESIAN_POINT('',(56.499053400781847,71.999999999999957,-0.683028697116537));
#3435=CARTESIAN_POINT('',(29.190892725860881,36.000000007960473,-0.683036229906996));
#3436=CARTESIAN_POINT('',(1.882732038865260,-1.342758E-14,-0.683043762457589));
#3437=B_SPLINE_CURVE_WITH_KNOTS('',2,(#3434,#3435,#3436),.UNSPECIFIED.,.F.,.U.,(3,3),(6.390206526197953,134.194337031637900),.UNSPECIFIED.);
#3438=EDGE_CURVE('',#3433,#3299,#3437,.T.);
#3439=ORIENTED_EDGE('',*,*,#3438,.F.);
#3440=CARTESIAN_POINT('',(56.001007244944297,71.999998087731541,-0.432106287242498));
#3441=VERTEX_POINT('',#3440);
#3442=CARTESIAN_POINT('',(56.499053400781847,71.999999999999957,-0.683028697116537));
#3443=CARTESIAN_POINT('',(56.482746143054378,72.000000216920924,-0.680510219988303));
#3444=CARTESIAN_POINT('',(56.466504002005017,71.999999914127812,-0.677982400615091));
#3445=CARTESIAN_POINT('',(56.450332405943300,71.999998125804623,-0.675442752106655));
#3446=CARTESIAN_POINT('',(56.422447025953332,71.999994154898076,-0.671030401869075));
#3447=CARTESIAN_POINT('',(56.394775098601862,71.999993345133987,-0.666611429349776));
#3448=CARTESIAN_POINT('',(56.383117175606401,71.999993304846939,-0.664741536380820));
#3449=CARTESIAN_POINT('',(56.369360383279080,72.000003735755442,-0.662562107514235));
#3450=CARTESIAN_POINT('',(56.355658664014832,72.000008848176350,-0.660355201272292));
#3451=CARTESIAN_POINT('',(56.353537643775269,72.000009423348672,-0.660012349711391));
#3452=CARTESIAN_POINT('',(56.350404791290288,72.000009874702812,-0.659503893696207));
#3453=CARTESIAN_POINT('',(56.347123659163458,72.000009325655071,-0.658966556378660));
#3454=CARTESIAN_POINT('',(56.346014603598533,72.000009006445609,-0.658784316523494));
#3455=CARTESIAN_POINT('',(56.343820317645637,72.000008064862243,-0.658422361562280));
#3456=CARTESIAN_POINT('',(56.341692703111470,72.000006500743595,-0.658068538888016));
#3457=CARTESIAN_POINT('',(56.340647439923472,72.000005530759566,-0.657893965568903));
#3458=CARTESIAN_POINT('',(56.335377350345333,72.000000265320054,-0.657009569877139));
#3459=CARTESIAN_POINT('',(56.330113360541823,71.999994015226008,-0.656102816536212));
#3460=CARTESIAN_POINT('',(56.325900232693073,71.999991648343340,-0.655356803987657));
#3461=CARTESIAN_POINT('',(56.317307074171417,71.999991700286515,-0.653785687863006));
#3462=CARTESIAN_POINT('',(56.308720479112381,71.999997794226388,-0.652105579457807));
#3463=CARTESIAN_POINT('',(56.305179472739020,72.000000797498856,-0.651389671695457));
#3464=CARTESIAN_POINT('',(56.298505597680958,72.000004621106157,-0.649994792156207));
#3465=CARTESIAN_POINT('',(56.291879230957719,72.000006543914623,-0.648537106543213));
#3466=CARTESIAN_POINT('',(56.289829891278472,72.000005873101074,-0.648077782287794));
#3467=CARTESIAN_POINT('',(56.285942530208423,72.000005522911792,-0.647196137067680));
#3468=CARTESIAN_POINT('',(56.282062586926003,72.000006529117201,-0.646291286489623));
#3469=CARTESIAN_POINT('',(56.280019638230947,72.000007579069603,-0.645809404305125));
#3470=CARTESIAN_POINT('',(56.260554744767433,72.000006764680421,-0.641140936252032));
#3471=CARTESIAN_POINT('',(56.241317277515734,72.000001956381752,-0.635921449523820));
#3472=CARTESIAN_POINT('',(56.224537838358337,71.999999746179569,-0.630886769180907));
#3473=CARTESIAN_POINT('',(56.193760198719467,71.999998706023703,-0.620673747784377));
#3474=CARTESIAN_POINT('',(56.164360338945478,72.000000283985443,-0.608905588031949));
#3475=CARTESIAN_POINT('',(56.151027941675324,72.000001988157791,-0.603082241966154));
#3476=CARTESIAN_POINT('',(56.125178854316580,72.000003095113840,-0.590714390664219));
#3477=CARTESIAN_POINT('',(56.101231647262068,72.000000864436089,-0.576865348546371));
#3478=CARTESIAN_POINT('',(56.089800220786927,72.000000442487973,-0.569567910648758));
#3479=CARTESIAN_POINT('',(56.069731071965222,72.000002056080490,-0.555302086568942));
#3480=CARTESIAN_POINT('',(56.052083837719202,72.000002914617582,-0.539654695089950));
#3481=CARTESIAN_POINT('',(56.044512508960473,72.000002443651923,-0.532137197841417));
#3482=CARTESIAN_POINT('',(56.030634591073998,72.000000274761447,-0.516493356406565));
#3483=CARTESIAN_POINT('',(56.019541083220552,71.999998999665877,-0.499670816470889));
#3484=CARTESIAN_POINT('',(56.014755364060157,71.999998579719062,-0.490975534946582));
#3485=CARTESIAN_POINT('',(56.009155452801657,71.999995685836751,-0.478312865668115));
#3486=CARTESIAN_POINT('',(56.005279127283423,71.999998529542125,-0.465173943638225));
#3487=CARTESIAN_POINT('',(56.004250203433763,72.000003188302841,-0.461137096893576));
#3488=CARTESIAN_POINT('',(56.002511449677257,72.000003824046843,-0.452835322117406));
#3489=CARTESIAN_POINT('',(56.001471981894888,71.999998631333810,-0.444395790835542));
#3490=CARTESIAN_POINT('',(56.001147121027387,71.999995732574462,-0.440220119996678));
#3491=CARTESIAN_POINT('',(56.001008978086773,71.999996761097790,-0.436170370089646));
#3492=CARTESIAN_POINT('',(56.001007244944297,71.999998087731541,-0.432106287242498));
#3493=B_SPLINE_CURVE_WITH_KNOTS('',5,(#3442,#3443,#3444,#3445,#3446,#3447,#3448,#3449,#3450,#3451,#3452,#3453,#3454,#3455,#3456,#3457,#3458,#3459,#3460,#3461,#3462,#3463,#3464,#3465,#3466,#3467,#3468,#3469,#3470,#3471,#3472,#3473,#3474,#3475,#3476,#3477,#3478,#3479,#3480,#3481,#3482,#3483,#3484,#3485,#3486,#3487,#3488,#3489,#3490,#3491,#3492),.UNSPECIFIED.,.F.,.U.,(6,3,3,3,3,3,3,3,3,3,3,3,3,3,3,3,6),(0.0,0.131283082644724,0.227400769391965,0.244983445813087,0.253774805551275,0.262566165289449,0.297731388035178,0.334278192510513,0.353253341151817,0.372228489793122,0.517776943205210,0.644391705302633,0.771006467400057,0.879348497631424,0.987690527862790,1.032552130893107,1.077413733923425),.UNSPECIFIED.);
#3494=EDGE_CURVE('',#3433,#3441,#3493,.T.);
#3495=ORIENTED_EDGE('',*,*,#3494,.T.);
#3496=CARTESIAN_POINT('',(56.001007244944297,71.999998087731541,-0.432106287242498));
#3497=CARTESIAN_POINT('',(56.004677141628093,71.999998866307195,-0.382213460127939));
#3498=CARTESIAN_POINT('',(56.022894614632079,72.000000191030338,-0.286645099569924));
#3499=CARTESIAN_POINT('',(56.113037312429299,71.999996439408832,-0.111336252417235));
#3500=CARTESIAN_POINT('',(56.214221212471941,72.000001203947406,-0.001829432776334));
#3501=CARTESIAN_POINT('',(56.353752962464370,72.000001332947960,0.134452351498741));
#3502=CARTESIAN_POINT('',(56.508541732285742,71.999998707789885,0.256495043522812));
#3503=CARTESIAN_POINT('',(56.838923329652680,71.999995325645429,0.465898429625493));
#3504=CARTESIAN_POINT('',(57.109706016735508,72.000000181138688,0.584393333374482));
#3505=CARTESIAN_POINT('',(57.471408695965088,72.000000766638820,0.733192848538834));
#3506=CARTESIAN_POINT('',(58.027385713402239,72.000001133476957,0.924989703913621));
#3507=CARTESIAN_POINT('',(58.974268470179318,71.999999328837788,1.176526895168496));
#3508=CARTESIAN_POINT('',(59.748375072787290,71.999997322153135,1.303085452844997));
#3509=CARTESIAN_POINT('',(60.139002009254057,71.999999999999957,1.334530421574896));
#3510=B_SPLINE_CURVE_WITH_KNOTS('',3,(#3496,#3497,#3498,#3499,#3500,#3501,#3502,#3503,#3504,#3505,#3506,#3507,#3508,#3509),.UNSPECIFIED.,.F.,.U.,(4,1,1,2,1,1,2,1,1,4),(0.004520709912595,0.150745825309847,0.297346079838731,0.590441422899406,0.884004630996298,1.177670098308286,1.764859562767558,2.352293257500714,3.527464982241593,4.702405245252113),.UNSPECIFIED.);
#3511=EDGE_CURVE('',#3441,#3288,#3510,.T.);
#3512=ORIENTED_EDGE('',*,*,#3511,.T.);
#3513=EDGE_LOOP('',(#3297,#3431,#3439,#3495,#3512));
#3514=FACE_OUTER_BOUND('',#3513,.T.);
#3515=ADVANCED_FACE('WING',(#3514),#3286,.T.);
#3516=CARTESIAN_POINT('',(87.359978694986111,75.615726016495486,0.022031987530098));
#3517=CARTESIAN_POINT('',(54.576523274501611,32.397791974957208,0.022031987530196));
#3518=CARTESIAN_POINT('',(87.358950794567747,75.616505742049000,-0.022031987530115));
#3519=CARTESIAN_POINT('',(54.575495374083253,32.398571700510722,-0.022031987530017));
#3520=B_SPLINE_SURFACE_WITH_KNOTS('',1,1,((#3516,#3518),(#3517,#3519)),.UNSPECIFIED.,.F.,.F.,.U.,(2,2),(2,2),(0.0,54.245228104651268),(0.0,0.044082858905882),.UNSPECIFIED.);
#3521=CARTESIAN_POINT('',(57.307535650825123,36.000001226842798,-0.018359989608205));
#3522=VERTEX_POINT('',#3521);
#3523=CARTESIAN_POINT('',(57.308885113702047,36.000001210745289,0.018359989608504));
#3524=VERTEX_POINT('',#3523);
#3525=CARTESIAN_POINT('',(57.307535650825123,36.000001226842798,-0.018359989608205));
#3526=CARTESIAN_POINT('',(57.308885113702047,36.000001210745289,0.018359989608504));
#3527=QUASI_UNIFORM_CURVE('',1,(#3525,#3526),.UNSPECIFIED.,.F.,.U.);
#3528=EDGE_CURVE('',#3522,#3524,#3527,.T.);
#3529=ORIENTED_EDGE('',*,*,#3528,.T.);
#3530=CARTESIAN_POINT('',(84.617093653025037,72.000000000000043,0.018359989608420));
#3531=VERTEX_POINT('',#3530);
#3532=CARTESIAN_POINT('',(84.617093653025037,72.000000000000043,0.018359989608420));
#3533=CARTESIAN_POINT('',(57.308885113702047,36.000001210745289,0.018359989608504));
#3534=QUASI_UNIFORM_CURVE('',1,(#3532,#3533),.UNSPECIFIED.,.F.,.U.);
#3535=EDGE_CURVE('',#3531,#3524,#3534,.T.);
#3536=ORIENTED_EDGE('',*,*,#3535,.F.);
#3537=CARTESIAN_POINT('',(84.615744177937117,72.000000000000043,-0.018359989608423));
#3538=VERTEX_POINT('',#3537);
#3539=CARTESIAN_POINT('',(84.615744177937117,72.0,-0.018359989608423));
#3540=CARTESIAN_POINT('',(84.630536714605228,72.019500777627911,-0.018359989608423));
#3541=CARTESIAN_POINT('',(84.631886189693105,72.019500777627954,0.018359989608421));
#3542=CARTESIAN_POINT('',(84.617093653025037,72.000000000000043,0.018359989608420));
#3543=B_SPLINE_CURVE_WITH_KNOTS('',3,(#3539,#3540,#3541,#3542),.UNSPECIFIED.,.F.,.U.,(4,4),(0.0,0.044600467994287),.UNSPECIFIED.);
#3544=EDGE_CURVE('',#3538,#3531,#3543,.T.);
#3545=ORIENTED_EDGE('',*,*,#3544,.F.);
#3546=CARTESIAN_POINT('',(84.615744177937117,72.000000000000043,-0.018359989608423));
#3547=CARTESIAN_POINT('',(57.307535650825123,36.000001226842798,-0.018359989608205));
#3548=QUASI_UNIFORM_CURVE('',1,(#3546,#3547),.UNSPECIFIED.,.F.,.U.);
#3549=EDGE_CURVE('',#3538,#3522,#3548,.T.);
#3550=ORIENTED_EDGE('',*,*,#3549,.T.);
#3551=EDGE_LOOP('',(#3529,#3536,#3545,#3550));
#3552=FACE_OUTER_BOUND('',#3551,.T.);
#3553=ADVANCED_FACE('WING',(#3552),#3520,.F.);
#3554=CARTESIAN_POINT('',(30.000674737538560,-3.601109E-12,0.018359989608416));
#3555=CARTESIAN_POINT('',(29.885916846808389,-3.603627E-12,0.066395585409633));
#3556=CARTESIAN_POINT('',(29.682263543417839,-3.558868E-12,0.144892181110392));
#3557=CARTESIAN_POINT('',(29.402496908666620,-3.724335E-12,0.236092907470997));
#3558=CARTESIAN_POINT('',(28.934563007419580,-3.604746E-12,0.363093483779366));
#3559=CARTESIAN_POINT('',(28.031085282679630,-3.675800E-12,0.538206088840044));
#3560=CARTESIAN_POINT('',(26.914719191108009,-3.679436E-12,0.709062363819315));
#3561=CARTESIAN_POINT('',(25.965582046870232,-3.668666E-12,0.839038466444072));
#3562=CARTESIAN_POINT('',(25.017522982511860,-3.629922E-12,0.965832457051353));
#3563=CARTESIAN_POINT('',(24.289802310818310,-3.702655E-12,1.058670211282257));
#3564=CARTESIAN_POINT('',(23.530184621592898,-3.674261E-12,1.151139024914681));
#3565=CARTESIAN_POINT('',(22.728651295890391,-3.713145E-12,1.242893657439805));
#3566=CARTESIAN_POINT('',(21.862626761893299,-3.704054E-12,1.329727749294519));
#3567=CARTESIAN_POINT('',(20.964630032119882,-3.732867E-12,1.408781897435291));
#3568=CARTESIAN_POINT('',(19.782128975739170,-3.677758E-12,1.491883381399641));
#3569=CARTESIAN_POINT('',(18.666121694088240,-3.742658E-12,1.552227977653627));
#3570=CARTESIAN_POINT('',(17.866821204058589,-3.693284E-12,1.585146248179184));
#3571=CARTESIAN_POINT('',(16.763167092345231,-3.709089E-12,1.618905158679706));
#3572=CARTESIAN_POINT('',(15.629418295974009,-3.712306E-12,1.642249680581833));
#3573=CARTESIAN_POINT('',(14.481454438280640,-3.687549E-12,1.655309315675600));
#3574=CARTESIAN_POINT('',(13.327506831216510,-3.764758E-12,1.658357782776309));
#3575=CARTESIAN_POINT('',(12.150655230999890,-3.731748E-12,1.647448756915012));
#3576=CARTESIAN_POINT('',(10.980600929968320,-3.741119E-12,1.625056187911838));
#3577=CARTESIAN_POINT('',(9.983733471173441,-3.712586E-12,1.595913887958499));
#3578=CARTESIAN_POINT('',(9.156837354846818,-3.744197E-12,1.564533834609225));
#3579=CARTESIAN_POINT('',(8.624433148233701,-3.722656E-12,1.540565601075052));
#3580=CARTESIAN_POINT('',(7.718071500373508,-3.724335E-12,1.493339506213270));
#3581=CARTESIAN_POINT('',(7.009658397520106,-3.750910E-12,1.449751346767047));
#3582=CARTESIAN_POINT('',(6.462486259597543,-3.692444E-12,1.411337790452939));
#3583=CARTESIAN_POINT('',(6.029763546462070,-3.723076E-12,1.377908342173374));
#3584=CARTESIAN_POINT('',(5.602807688355007,-3.714264E-12,1.341508586700001));
#3585=CARTESIAN_POINT('',(5.520620554274476,-3.710767E-12,1.334370987955846));
#3586=CARTESIAN_POINT('',(40.923958628994917,14.400000142846229,0.018359989608416));
#3587=CARTESIAN_POINT('',(40.809200738264721,14.400000142846229,0.066395585409633));
#3588=CARTESIAN_POINT('',(40.605547434874289,14.400000142846229,0.144892181110392));
#3589=CARTESIAN_POINT('',(40.325780800121727,14.400000142845970,0.236092907470997));
#3590=CARTESIAN_POINT('',(39.857846898875792,14.400000142845769,0.363093483779366));
#3591=CARTESIAN_POINT('',(38.954369174134790,14.400000142845769,0.538206088840044));
#3592=CARTESIAN_POINT('',(37.838003082563951,14.400000142845640,0.709062363819315));
#3593=CARTESIAN_POINT('',(36.888865938325878,14.400000142845540,0.839038466444072));
#3594=CARTESIAN_POINT('',(35.940806873967702,14.400000142845480,0.965832457051353));
#3595=CARTESIAN_POINT('',(35.213086202274049,14.400000142845711,1.058670211282257));
#3596=CARTESIAN_POINT('',(34.453468513048620,14.400000142845609,1.151139024914681));
#3597=CARTESIAN_POINT('',(33.651935187346133,14.400000142845579,1.242893657439805));
#3598=CARTESIAN_POINT('',(32.785910653348807,14.400000142845620,1.329727749294519));
#3599=CARTESIAN_POINT('',(31.887913923575329,14.400000142845560,1.408781897435291));
#3600=CARTESIAN_POINT('',(30.705412867195140,14.400000142845920,1.491883381399641));
#3601=CARTESIAN_POINT('',(29.589405585543510,14.400000142845631,1.552227977653627));
#3602=CARTESIAN_POINT('',(28.790105095514200,14.400000142845840,1.585146248179184));
#3603=CARTESIAN_POINT('',(27.686450983800601,14.400000142845890,1.618905158679706));
#3604=CARTESIAN_POINT('',(26.552702187429539,14.400000142846061,1.642249680581833));
#3605=CARTESIAN_POINT('',(25.404738329735981,14.400000142846260,1.655309315675600));
#3606=CARTESIAN_POINT('',(24.250790722672040,14.400000142846020,1.658357782776309));
#3607=CARTESIAN_POINT('',(23.073939122455371,14.400000142846091,1.647448756915012));
#3608=CARTESIAN_POINT('',(21.903884821424079,14.400000142846229,1.625056187911838));
#3609=CARTESIAN_POINT('',(20.907017362628949,14.400000142845849,1.595913887958499));
#3610=CARTESIAN_POINT('',(20.080121246302490,14.400000142845990,1.564533834609225));
#3611=CARTESIAN_POINT('',(19.547717039689410,14.400000142845920,1.540565601075052));
#3612=CARTESIAN_POINT('',(18.641355391829389,14.400000142846221,1.493339506213270));
#3613=CARTESIAN_POINT('',(17.932942288975809,14.400000142846020,1.449751346767047));
#3614=CARTESIAN_POINT('',(17.385770151053531,14.400000142846350,1.411337790452939));
#3615=CARTESIAN_POINT('',(16.953047437917711,14.400000142846020,1.377908342173374));
#3616=CARTESIAN_POINT('',(16.526091579810441,14.400000142845879,1.341508586700001));
#3617=CARTESIAN_POINT('',(16.443904445729871,14.400000142845860,1.334370987955846));
#3618=CARTESIAN_POINT('',(51.847242520451303,28.800000285696061,0.018359989608416));
#3619=CARTESIAN_POINT('',(51.732484629721100,28.800000285696040,0.066395585409633));
#3620=CARTESIAN_POINT('',(51.528831326330433,28.800000285696029,0.144892181110392));
#3621=CARTESIAN_POINT('',(51.249064691579640,28.800000285695379,0.236092907470997));
#3622=CARTESIAN_POINT('',(50.781130790331261,28.800000285695120,0.363093483779366));
#3623=CARTESIAN_POINT('',(49.877653065591737,28.800000285695049,0.538206088840044));
#3624=CARTESIAN_POINT('',(48.761286974020507,28.800000285694590,0.709062363819315));
#3625=CARTESIAN_POINT('',(47.812149829782157,28.800000285694349,0.839038466444072));
#3626=CARTESIAN_POINT('',(46.864090765423740,28.800000285694281,0.965832457051353));
#3627=CARTESIAN_POINT('',(46.136370093730307,28.800000285694669,1.058670211282257));
#3628=CARTESIAN_POINT('',(45.376752404504920,28.800000285694509,1.151139024914681));
#3629=CARTESIAN_POINT('',(44.575219078801538,28.800000285694480,1.242893657439805));
#3630=CARTESIAN_POINT('',(43.709194544805683,28.800000285694470,1.329727749294519));
#3631=CARTESIAN_POINT('',(42.811197815031647,28.800000285694399,1.408781897435291));
#3632=CARTESIAN_POINT('',(41.628696758652318,28.800000285694878,1.491883381399641));
#3633=CARTESIAN_POINT('',(40.512689476999853,28.800000285694448,1.552227977653627));
#3634=CARTESIAN_POINT('',(39.713388986970863,28.800000285694669,1.585146248179184));
#3635=CARTESIAN_POINT('',(38.609734875257203,28.800000285694772,1.618905158679706));
#3636=CARTESIAN_POINT('',(37.475986078886123,28.800000285695049,1.642249680581833));
#3637=CARTESIAN_POINT('',(36.328022221193002,28.800000285695340,1.655309315675600));
#3638=CARTESIAN_POINT('',(35.174074614128827,28.800000285695312,1.658357782776309));
#3639=CARTESIAN_POINT('',(33.997223013912382,28.800000285695290,1.647448756915012));
#3640=CARTESIAN_POINT('',(32.827168712880919,28.800000285695571,1.625056187911838));
#3641=CARTESIAN_POINT('',(31.830301254085850,28.800000285694971,1.595913887958499));
#3642=CARTESIAN_POINT('',(31.003405137759259,28.800000285695170,1.564533834609225));
#3643=CARTESIAN_POINT('',(30.471000931146239,28.800000285694999,1.540565601075052));
#3644=CARTESIAN_POINT('',(29.564639283286660,28.800000285695770,1.493339506213270));
#3645=CARTESIAN_POINT('',(28.856226180433069,28.800000285695450,1.449751346767047));
#3646=CARTESIAN_POINT('',(28.309054042510969,28.800000285695809,1.411337790452939));
#3647=CARTESIAN_POINT('',(27.876331329374992,28.800000285695440,1.377908342173374));
#3648=CARTESIAN_POINT('',(27.449375471267551,28.800000285695209,1.341508586700001));
#3649=CARTESIAN_POINT('',(27.367188337186949,28.800000285695170,1.334370987955846));
#3650=CARTESIAN_POINT('',(62.770526411907667,43.200000428545913,0.018359989608416));
#3651=CARTESIAN_POINT('',(62.655768521177443,43.200000428545941,0.066395585409633));
#3652=CARTESIAN_POINT('',(62.452115217787011,43.200000428545508,0.144892181110392));
#3653=CARTESIAN_POINT('',(62.172348583034839,43.200000428545437,0.236092907470997));
#3654=CARTESIAN_POINT('',(61.704414681787682,43.200000428543817,0.363093483779366));
#3655=CARTESIAN_POINT('',(60.800936957047483,43.200000428544449,0.538206088840044));
#3656=CARTESIAN_POINT('',(59.684570865475983,43.200000428543973,0.709062363819315));
#3657=CARTESIAN_POINT('',(58.735433721237762,43.200000428543497,0.839038466444072));
#3658=CARTESIAN_POINT('',(57.787374656879763,43.200000428543269,0.965832457051353));
#3659=CARTESIAN_POINT('',(57.059653985186223,43.200000428543703,1.058670211282257));
#3660=CARTESIAN_POINT('',(56.300036295960943,43.200000428543383,1.151139024914681));
#3661=CARTESIAN_POINT('',(55.498502970258457,43.200000428542907,1.242893657439805));
#3662=CARTESIAN_POINT('',(54.632478436261970,43.200000428543177,1.329727749294519));
#3663=CARTESIAN_POINT('',(53.734481706488232,43.200000428542957,1.408781897435291));
#3664=CARTESIAN_POINT('',(52.551980650108703,43.200000428543269,1.491883381399641));
#3665=CARTESIAN_POINT('',(51.435973368456303,43.200000428543149,1.552227977653627));
#3666=CARTESIAN_POINT('',(50.636672878427483,43.200000428543227,1.585146248179184));
#3667=CARTESIAN_POINT('',(49.533018766714171,43.200000428543312,1.618905158679706));
#3668=CARTESIAN_POINT('',(48.399269970343113,43.200000428543859,1.642249680581833));
#3669=CARTESIAN_POINT('',(47.251306112650433,43.200000428543582,1.655309315675600));
#3670=CARTESIAN_POINT('',(46.097358505585987,43.200000428544207,1.658357782776309));
#3671=CARTESIAN_POINT('',(44.920506905369614,43.200000428543888,1.647448756915012));
#3672=CARTESIAN_POINT('',(43.750452604338498,43.200000428544250,1.625056187911838));
#3673=CARTESIAN_POINT('',(42.753585145542907,43.200000428543547,1.595913887958499));
#3674=CARTESIAN_POINT('',(41.926689029216888,43.200000428543937,1.564533834609225));
#3675=CARTESIAN_POINT('',(41.394284822603417,43.200000428543738,1.540565601075052));
#3676=CARTESIAN_POINT('',(40.487923174743699,43.200000428544683,1.493339506213270));
#3677=CARTESIAN_POINT('',(39.779510071890080,43.200000428544342,1.449751346767047));
#3678=CARTESIAN_POINT('',(39.232337933968132,43.200000428544762,1.411337790452939));
#3679=CARTESIAN_POINT('',(38.799615220832209,43.200000428544143,1.377908342173374));
#3680=CARTESIAN_POINT('',(38.372659362724669,43.200000428543618,1.341508586700001));
#3681=CARTESIAN_POINT('',(38.290472228644049,43.200000428543497,1.334370987955846));
#3682=CARTESIAN_POINT('',(73.693810303364017,57.600000571395753,0.018359989608416));
#3683=CARTESIAN_POINT('',(73.579052412633899,57.600000571395753,0.066395585409633));
#3684=CARTESIAN_POINT('',(73.375399109242764,57.600000571395363,0.144892181110392));
#3685=CARTESIAN_POINT('',(73.095632474494053,57.600000571394880,0.236092907470997));
#3686=CARTESIAN_POINT('',(72.627698573243464,57.600000571393380,0.363093483779366));
#3687=CARTESIAN_POINT('',(71.724220848505908,57.600000571394609,0.538206088840044));
#3688=CARTESIAN_POINT('',(70.607854756931971,57.600000571394062,0.709062363819315));
#3689=CARTESIAN_POINT('',(69.658717612694602,57.600000571393302,0.839038466444072));
#3690=CARTESIAN_POINT('',(68.710658548336255,57.600000571393537,0.965832457051353));
#3691=CARTESIAN_POINT('',(67.982937876643390,57.600000571393188,1.058670211282257));
#3692=CARTESIAN_POINT('',(67.223320187417670,57.600000571393473,1.151139024914681));
#3693=CARTESIAN_POINT('',(66.421786861715660,57.600000571393380,1.242893657439805));
#3694=CARTESIAN_POINT('',(65.555762327718298,57.600000571393231,1.329727749294519));
#3695=CARTESIAN_POINT('',(64.657765597944916,57.600000571392883,1.408781897435291));
#3696=CARTESIAN_POINT('',(63.475264541565053,57.600000571394091,1.491883381399641));
#3697=CARTESIAN_POINT('',(62.359257259913541,57.600000571392641,1.552227977653627));
#3698=CARTESIAN_POINT('',(61.559956769884167,57.600000571393700,1.585146248179184));
#3699=CARTESIAN_POINT('',(60.456302658170912,57.600000571394062,1.618905158679706));
#3700=CARTESIAN_POINT('',(59.322553861799918,57.600000571394411,1.642249680581833));
#3701=CARTESIAN_POINT('',(58.174590004107010,57.600000571395157,1.655309315675600));
#3702=CARTESIAN_POINT('',(57.020642397042238,57.600000571394681,1.658357782776309));
#3703=CARTESIAN_POINT('',(55.843790796826141,57.600000571395199,1.647448756915012));
#3704=CARTESIAN_POINT('',(54.673736495795197,57.600000571395711,1.625056187911839));
#3705=CARTESIAN_POINT('',(53.676869036999491,57.600000571393942,1.595913887958499));
#3706=CARTESIAN_POINT('',(52.849972920673501,57.600000571394482,1.564533834609225));
#3707=CARTESIAN_POINT('',(52.317568714059959,57.600000571394837,1.540565601075052));
#3708=CARTESIAN_POINT('',(51.411207066200511,57.600000571395711,1.493339506213270));
#3709=CARTESIAN_POINT('',(50.702793963346650,57.600000571394723,1.449751346767047));
#3710=CARTESIAN_POINT('',(50.155621825424802,57.600000571395711,1.411337790452939));
#3711=CARTESIAN_POINT('',(49.722899112288502,57.600000571394958,1.377908342173374));
#3712=CARTESIAN_POINT('',(49.295943254180912,57.600000571394567,1.341508586700001));
#3713=CARTESIAN_POINT('',(49.213756120100278,57.600000571394531,1.334370987955846));
#3714=CARTESIAN_POINT('',(84.617094194820282,72.000000714245544,0.018359989608416));
#3715=CARTESIAN_POINT('',(84.502336304090235,72.000000714245587,0.066395585409633));
#3716=CARTESIAN_POINT('',(84.298683000699569,72.000000714244678,0.144892181110392));
#3717=CARTESIAN_POINT('',(84.018916365947675,72.000000714245402,0.236092907470997));
#3718=CARTESIAN_POINT('',(83.550982464700311,72.000000714243498,0.363093483779366));
#3719=CARTESIAN_POINT('',(82.647504739959402,72.000000714244806,0.538206088840044));
#3720=CARTESIAN_POINT('',(81.531138648388975,72.000000714244052,0.709062363819315));
#3721=CARTESIAN_POINT('',(80.582001504149730,72.000000714243541,0.839038466444072));
#3722=CARTESIAN_POINT('',(79.633942439791184,72.000000714243740,0.965832457051353));
#3723=CARTESIAN_POINT('',(78.906221768098902,72.000000714243825,1.058670211282257));
#3724=CARTESIAN_POINT('',(78.146604078872826,72.000000714244052,1.151139024914681));
#3725=CARTESIAN_POINT('',(77.345070753171100,72.000000714243825,1.242893657439805));
#3726=CARTESIAN_POINT('',(76.479046219173000,72.000000714244479,1.329727749294519));
#3727=CARTESIAN_POINT('',(75.581049489400044,72.000000714244337,1.408781897435291));
#3728=CARTESIAN_POINT('',(74.398548433018505,72.000000714244962,1.491883381399641));
#3729=CARTESIAN_POINT('',(73.282541151368818,72.000000714245076,1.552227977653627));
#3730=CARTESIAN_POINT('',(72.483240661337916,72.000000714244877,1.585146248179184));
#3731=CARTESIAN_POINT('',(71.379586549624960,72.000000714245076,1.618905158679706));
#3732=CARTESIAN_POINT('',(70.245837753254179,72.000000714245942,1.642249680581833));
#3733=CARTESIAN_POINT('',(69.097873895561648,72.000000714245829,1.655309315675600));
#3734=CARTESIAN_POINT('',(67.943926288496300,72.000000714246369,1.658357782776309));
#3735=CARTESIAN_POINT('',(66.767074688280189,72.000000714245672,1.647448756915012));
#3736=CARTESIAN_POINT('',(65.597020387249174,72.000000714246539,1.625056187911839));
#3737=CARTESIAN_POINT('',(64.600152928453099,72.000000714244095,1.595913887958499));
#3738=CARTESIAN_POINT('',(63.773256812127038,72.000000714245857,1.564533834609225));
#3739=CARTESIAN_POINT('',(63.240852605513858,72.000000714245431,1.540565601075052));
#3740=CARTESIAN_POINT('',(62.334490957655163,72.000000714246340,1.493339506213270));
#3741=CARTESIAN_POINT('',(61.626077854800627,72.000000714245715,1.449751346767047));
#3742=CARTESIAN_POINT('',(61.078905716880151,72.000000714247008,1.411337790452939));
#3743=CARTESIAN_POINT('',(60.646183003743467,72.000000714245829,1.377908342173374));
#3744=CARTESIAN_POINT('',(60.219227145635671,72.000000714244877,1.341508586700001));
#3745=CARTESIAN_POINT('',(60.137040011555037,72.000000714244720,1.334370987955846));
#3746=B_SPLINE_SURFACE_WITH_KNOTS('',5,5,((#3554,#3586,#3618,#3650,#3682,#3714),(#3555,#3587,#3619,#3651,#3683,#3715),(#3556,#3588,#3620,#3652,#3684,#3716),(#3557,#3589,#3621,#3653,#3685,#3717),(#3558,#3590,#3622,#3654,#3686,#3718),(#3559,#3591,#3623,#3655,#3687,#3719),(#3560,#3592,#3624,#3656,#3688,#3720),(#3561,#3593,#3625,#3657,#3689,#3721),(#3562,#3594,#3626,#3658,#3690,#3722),(#3563,#3595,#3627,#3659,#3691,#3723),(#3564,#3596,#3628,#3660,#3692,#3724),(#3565,#3597,#3629,#3661,#3693,#3725),(#3566,#3598,#3630,#3662,#3694,#3726),(#3567,#3599,#3631,#3663,#3695,#3727),(#3568,#3600,#3632,#3664,#3696,#3728),(#3569,#3601,#3633,#3665,#3697,#3729),(#3570,#3602,#3634,#3666,#3698,#3730),(#3571,#3603,#3635,#3667,#3699,#3731),(#3572,#3604,#3636,#3668,#3700,#3732),(#3573,#3605,#3637,#3669,#3701,#3733),(#3574,#3606,#3638,#3670,#3702,#3734),(#3575,#3607,#3639,#3671,#3703,#3735),(#3576,#3608,#3640,#3672,#3704,#3736),(#3577,#3609,#3641,#3673,#3705,#3737),(#3578,#3610,#3642,#3674,#3706,#3738),(#3579,#3611,#3643,#3675,#3707,#3739),(#3580,#3612,#3644,#3676,#3708,#3740),(#3581,#3613,#3645,#3677,#3709,#3741),(#3582,#3614,#3646,#3678,#3710,#3742),(#3583,#3615,#3647,#3679,#3711,#3743),(#3584,#3616,#3648,#3680,#3712,#3744),(#3585,#3617,#3649,#3681,#3713,#3745)),.UNSPECIFIED.,.F.,.F.,.U.,(6,1,1,1,1,1,2,2,1,2,1,1,2,1,1,1,2,1,1,2,1,6),(6,6),(0.0,1.487706117515077,2.975412235029683,4.463118352544148,5.950824470058677,7.438530587573116,8.926236705087419,10.413942822601539,11.901648940115640,13.389355057629681,14.877061175143700,16.364767292657891,17.852473410172180,19.340179527686480,20.827885645200759,22.315591762715130,23.803297880229671,25.291003997744209,26.034857056501391,26.778710115258679,29.010269291530740,29.544534237104820),(4.518559841126035,94.889757560230947),.UNSPECIFIED.);
#3747=ORIENTED_EDGE('',*,*,#3053,.T.);
#3748=CARTESIAN_POINT('',(30.000674737534361,5.809666E-12,0.018359989608680));
#3749=CARTESIAN_POINT('',(29.952206307328900,5.797920E-12,0.038647984431845));
#3750=CARTESIAN_POINT('',(29.904803616049971,5.786440E-12,0.057887925870743));
#3751=CARTESIAN_POINT('',(29.858319674408659,5.775191E-12,0.076136248439884));
#3752=CARTESIAN_POINT('',(29.783252145248010,5.757037E-12,0.104597447844870));
#3753=CARTESIAN_POINT('',(29.708888952813549,5.739074E-12,0.131163629579492));
#3754=CARTESIAN_POINT('',(29.680021115659450,5.732104E-12,0.141234545744401));
#3755=CARTESIAN_POINT('',(29.600102470645819,5.712816E-12,0.168462932343069));
#3756=CARTESIAN_POINT('',(29.519148277537720,5.693301E-12,0.194285353672659));
#3757=CARTESIAN_POINT('',(29.466720896212319,5.680671E-12,0.210340335257105));
#3758=CARTESIAN_POINT('',(29.346169031401399,5.651647E-12,0.245819001928241));
#3759=CARTESIAN_POINT('',(29.219477719852922,5.621185E-12,0.279998331425467));
#3760=CARTESIAN_POINT('',(29.146962799704792,5.603761E-12,0.298680427090447));
#3761=CARTESIAN_POINT('',(29.009787559988609,5.570819E-12,0.332477994874990));
#3762=CARTESIAN_POINT('',(28.866345953442831,5.536406E-12,0.365191527139959));
#3763=CARTESIAN_POINT('',(28.799643222002398,5.520410E-12,0.379900138755158));
#3764=CARTESIAN_POINT('',(28.612164407116030,5.475466E-12,0.419954755462329));
#3765=CARTESIAN_POINT('',(28.417478454857211,5.428837E-12,0.458279274953189));
#3766=CARTESIAN_POINT('',(28.290725997227948,5.398492E-12,0.482102679559781));
#3767=CARTESIAN_POINT('',(28.051251494203139,5.341185E-12,0.525321220224175));
#3768=CARTESIAN_POINT('',(27.806881828542920,5.282744E-12,0.566542774695195));
#3769=CARTESIAN_POINT('',(27.692668213222799,5.255436E-12,0.585276818359586));
#3770=CARTESIAN_POINT('',(27.423099916150910,5.190997E-12,0.628412498007621));
#3771=CARTESIAN_POINT('',(27.150518248474551,5.125867E-12,0.669828423033014));
#3772=CARTESIAN_POINT('',(26.993495182953112,5.088355E-12,0.693109009418057));
#3773=CARTESIAN_POINT('',(26.728646389921440,5.025095E-12,0.731596830026163));
#3774=CARTESIAN_POINT('',(26.462745132959071,4.961596E-12,0.769171180452038));
#3775=CARTESIAN_POINT('',(26.354938493108751,4.935853E-12,0.784257614500626));
#3776=CARTESIAN_POINT('',(26.101042825333629,4.875230E-12,0.819490518457077));
#3777=CARTESIAN_POINT('',(25.846700332220060,4.814508E-12,0.854170469342659));
#3778=CARTESIAN_POINT('',(25.699970477802179,4.779480E-12,0.874011642885598));
#3779=CARTESIAN_POINT('',(25.420230847313189,4.712702E-12,0.911550538476695));
#3780=CARTESIAN_POINT('',(25.140092414999749,4.645837E-12,0.948565801482924));
#3781=CARTESIAN_POINT('',(25.006486283450911,4.613948E-12,0.966083582158990));
#3782=CARTESIAN_POINT('',(24.759174534666979,4.554925E-12,0.998227945262260));
#3783=CARTESIAN_POINT('',(24.511195468616179,4.495750E-12,1.029879740278503));
#3784=CARTESIAN_POINT('',(24.397387513766070,4.468593E-12,1.044274400005561));
#3785=CARTESIAN_POINT('',(24.129704196489818,4.404724E-12,1.077799920561577));
#3786=CARTESIAN_POINT('',(23.860759000698049,4.340565E-12,1.110628367580306));
#3787=CARTESIAN_POINT('',(23.706191018318290,4.303695E-12,1.129182631135680));
#3788=CARTESIAN_POINT('',(23.448627669084960,4.242265E-12,1.159521954763312));
#3789=CARTESIAN_POINT('',(23.189738253021019,4.180532E-12,1.188984213179601));
#3790=CARTESIAN_POINT('',(23.086502471089879,4.155918E-12,1.200562097646584));
#3791=CARTESIAN_POINT('',(22.767396869072471,4.079839E-12,1.235802668791103));
#3792=CARTESIAN_POINT('',(22.446524645405070,4.003362E-12,1.269486227999878));
#3793=CARTESIAN_POINT('',(22.228737061028099,3.951465E-12,1.291487729830306));
#3794=CARTESIAN_POINT('',(21.737807577049431,3.834507E-12,1.339044483802135));
#3795=CARTESIAN_POINT('',(21.244806798109430,3.717115E-12,1.382130545663034));
#3796=CARTESIAN_POINT('',(20.970278608005511,3.651764E-12,1.404647472036369));
#3797=CARTESIAN_POINT('',(20.506237694638429,3.541332E-12,1.440210416226255));
#3798=CARTESIAN_POINT('',(20.043181397725469,3.431186E-12,1.471605496621245));
#3799=CARTESIAN_POINT('',(19.854067804617930,3.386210E-12,1.483758105298119));
#3800=CARTESIAN_POINT('',(19.539337881953529,3.311374E-12,1.502900924294739));
#3801=CARTESIAN_POINT('',(19.225468982952879,3.236765E-12,1.520262783136325));
#3802=CARTESIAN_POINT('',(19.100094956315100,3.206966E-12,1.526928941913558));
#3803=CARTESIAN_POINT('',(18.842408240696141,3.145726E-12,1.540095603339456));
#3804=CARTESIAN_POINT('',(18.585123895836009,3.084594E-12,1.552174514127949));
#3805=CARTESIAN_POINT('',(18.452970342899711,3.053198E-12,1.558106030165324));
#3806=CARTESIAN_POINT('',(18.239855751680810,3.002573E-12,1.567245015738250));
#3807=CARTESIAN_POINT('',(18.026746154896170,2.951957E-12,1.575718178335692));
#3808=CARTESIAN_POINT('',(17.945738579716650,2.932718E-12,1.578844847032150));
#3809=CARTESIAN_POINT('',(17.783692881902560,2.894235E-12,1.584914980864790));
#3810=CARTESIAN_POINT('',(17.621559844028901,2.855736E-12,1.590627133806999));
#3811=CARTESIAN_POINT('',(17.540464785073880,2.836481E-12,1.593395826784328));
#3812=CARTESIAN_POINT('',(17.341193220029979,2.789169E-12,1.599986468426720));
#3813=CARTESIAN_POINT('',(17.141710193489679,2.741813E-12,1.606070957057733));
#3814=CARTESIAN_POINT('',(17.023356966066309,2.713720E-12,1.609505460227434));
#3815=CARTESIAN_POINT('',(16.741699774038359,2.646867E-12,1.617271063681041));
#3816=CARTESIAN_POINT('',(16.459601525209450,2.579922E-12,1.624097885290897));
#3817=CARTESIAN_POINT('',(16.296611433652359,2.541246E-12,1.627733247731408));
#3818=CARTESIAN_POINT('',(15.958404677179569,2.461002E-12,1.634651562868877));
#3819=CARTESIAN_POINT('',(15.619812981164539,2.380682E-12,1.640314331224857));
#3820=CARTESIAN_POINT('',(15.445054328681000,2.339231E-12,1.642908908402458));
#3821=CARTESIAN_POINT('',(15.072740664802790,2.250929E-12,1.647749516916354));
#3822=CARTESIAN_POINT('',(14.700169819077679,2.162586E-12,1.651145999079321));
#3823=CARTESIAN_POINT('',(14.502169869661531,2.115641E-12,1.652547982816941));
#3824=CARTESIAN_POINT('',(14.166879810948901,2.036154E-12,1.654241471735677));
#3825=CARTESIAN_POINT('',(13.831385700264979,1.956634E-12,1.654781422249573));
#3826=CARTESIAN_POINT('',(13.693732839351179,1.924010E-12,1.654808607115253));
#3827=CARTESIAN_POINT('',(13.351350043475030,1.842869E-12,1.654391717881720));
#3828=CARTESIAN_POINT('',(13.008756074536590,1.761694E-12,1.652763719533392));
#3829=CARTESIAN_POINT('',(12.803865390809840,1.713152E-12,1.651354161154081));
#3830=CARTESIAN_POINT('',(12.460126858834940,1.631725E-12,1.648246991257333));
#3831=CARTESIAN_POINT('',(12.116379258037460,1.550311E-12,1.643872591973417));
#3832=CARTESIAN_POINT('',(11.977574363090230,1.517439E-12,1.641897094982027));
#3833=CARTESIAN_POINT('',(11.577160727189060,1.422620E-12,1.635587231314939));
#3834=CARTESIAN_POINT('',(11.177073108206310,1.327901E-12,1.627499230264137));
#3835=CARTESIAN_POINT('',(10.915708770016471,1.266034E-12,1.621436680880491));
#3836=CARTESIAN_POINT('',(10.447150541356219,1.155141E-12,1.609137366732131));
#3837=CARTESIAN_POINT('',(9.980062884005898,1.044629E-12,1.594244777083500));
#3838=CARTESIAN_POINT('',(9.773192660789055,9.956908E-13,1.587120558155120));
#3839=CARTESIAN_POINT('',(9.475539301107991,9.252864E-13,1.576098244452071));
#3840=CARTESIAN_POINT('',(9.178798393623397,8.551122E-13,1.563977283391107));
#3841=CARTESIAN_POINT('',(9.087867635852819,8.336100E-13,1.560155445308870));
#3842=CARTESIAN_POINT('',(8.909908254737410,7.915311E-13,1.552463260195447));
#3843=CARTESIAN_POINT('',(8.732301207549570,7.495408E-13,1.544366574196288));
#3844=CARTESIAN_POINT('',(8.645435419778311,7.290050E-13,1.540305079812900));
#3845=CARTESIAN_POINT('',(8.472317082072136,6.880811E-13,1.532006843161498));
#3846=CARTESIAN_POINT('',(8.299539948399893,6.472431E-13,1.523314666356491));
#3847=CARTESIAN_POINT('',(8.213456852267482,6.268977E-13,1.518880950955621));
#3848=CARTESIAN_POINT('',(8.043582013041926,5.867509E-13,1.509925500574284));
#3849=CARTESIAN_POINT('',(7.874093332017980,5.467006E-13,1.500579432271727));
#3850=CARTESIAN_POINT('',(7.790132533480858,5.268619E-13,1.495847516013777));
#3851=CARTESIAN_POINT('',(7.630246233901799,4.890856E-13,1.486641859962744));
#3852=CARTESIAN_POINT('',(7.470809587270917,4.514203E-13,1.477089547862160));
#3853=CARTESIAN_POINT('',(7.394723996989014,4.334469E-13,1.472445541752592));
#3854=CARTESIAN_POINT('',(7.212409140878252,3.903821E-13,1.461110334405392));
#3855=CARTESIAN_POINT('',(7.030716142129966,3.474706E-13,1.449309843751418));
#3856=CARTESIAN_POINT('',(6.924980653447020,3.225007E-13,1.442267921012055));
#3857=CARTESIAN_POINT('',(6.707206467335529,2.710770E-13,1.427396305652215));
#3858=CARTESIAN_POINT('',(6.490085093456667,2.198172E-13,1.411796587863670));
#3859=CARTESIAN_POINT('',(6.378377370682310,1.934471E-13,1.403561502568421));
#3860=CARTESIAN_POINT('',(6.198160031714183,1.509086E-13,1.389933414943684));
#3861=CARTESIAN_POINT('',(6.018163560888079,1.084295E-13,1.375758327468718));
#3862=CARTESIAN_POINT('',(5.949662428393045,9.226426E-14,1.370281021645931));
#3863=CARTESIAN_POINT('',(5.823094113989623,6.239808E-14,1.360005530307765));
#3864=CARTESIAN_POINT('',(5.696636702526709,3.256180E-14,1.349446137555243));
#3865=CARTESIAN_POINT('',(5.638618109054592,1.887373E-14,1.344538681139237));
#3866=CARTESIAN_POINT('',(5.580630696956410,5.193838E-15,1.339569785262312));
#3867=CARTESIAN_POINT('',(5.522680647337129,-8.476412E-15,1.334538901683607));
#3868=B_SPLINE_CURVE_WITH_KNOTS('',5,(#3748,#3749,#3750,#3751,#3752,#3753,#3754,#3755,#3756,#3757,#3758,#3759,#3760,#3761,#3762,#3763,#3764,#3765,#3766,#3767,#3768,#3769,#3770,#3771,#3772,#3773,#3774,#3775,#3776,#3777,#3778,#3779,#3780,#3781,#3782,#3783,#3784,#3785,#3786,#3787,#3788,#3789,#3790,#3791,#3792,#3793,#3794,#3795,#3796,#3797,#3798,#3799,#3800,#3801,#3802,#3803,#3804,#3805,#3806,#3807,#3808,#3809,#3810,#3811,#3812,#3813,#3814,#3815,#3816,#3817,#3818,#3819,#3820,#3821,#3822,#3823,#3824,#3825,#3826,#3827,#3828,#3829,#3830,#3831,#3832,#3833,#3834,#3835,#3836,#3837,#3838,#3839,#3840,#3841,#3842,#3843,#3844,#3845,#3846,#3847,#3848,#3849,#3850,#3851,#3852,#3853,#3854,#3855,#3856,#3857,#3858,#3859,#3860,#3861,#3862,#3863,#3864,#3865,#3866,#3867),.UNSPECIFIED.,.F.,.U.,(6,3,3,3,3,3,3,3,3,3,3,3,3,3,3,3,3,3,3,3,3,3,3,3,3,3,3,3,3,3,3,3,3,3,3,3,3,3,3,6),(0.0,0.374457646742199,0.612324120345968,1.031601511364010,1.555838811387918,1.996267539451794,2.774531658803780,3.448428131609367,4.355577547331460,4.972900389305296,5.808103083407985,6.568445102719701,7.214016048640492,8.081051416593843,8.653587596393276,9.848555293846335,11.342049272448049,12.376383415501991,13.065547406262450,13.794247303675739,14.241029519587530,14.687811735499320,15.338453604011191,16.235157196092509,17.190745689716881,18.270266297230961,19.021029689628271,20.137149055885459,20.893165082242810,22.318435362187099,23.453670684414440,23.955936636316970,24.437655971435682,24.916920949408709,25.384446449225500,25.812367457737981,26.411341561166068,27.047691534165320,27.438911835253801,27.770839356240138),.UNSPECIFIED.);
#3869=EDGE_CURVE('',#3044,#3290,#3868,.T.);
#3870=ORIENTED_EDGE('',*,*,#3869,.T.);
#3871=ORIENTED_EDGE('',*,*,#3296,.F.);
#3872=CARTESIAN_POINT('',(60.553314006949762,72.000000000000043,1.369220892252045));
#3873=VERTEX_POINT('',#3872);
#3874=CARTESIAN_POINT('',(60.553314006949762,72.000000000000043,1.369220892252045));
#3875=CARTESIAN_POINT('',(60.512108160139988,71.999995901331573,1.365902133217024));
#3876=CARTESIAN_POINT('',(60.470929256951798,71.999995019570278,1.362549031550448));
#3877=CARTESIAN_POINT('',(60.429778634594257,71.999995696447712,1.359168547968574));
#3878=CARTESIAN_POINT('',(60.356037044498827,71.999997582009655,1.353063589947081));
#3879=CARTESIAN_POINT('',(60.282402566781727,71.999998839234848,1.346864936970211));
#3880=CARTESIAN_POINT('',(60.249851691422840,71.999999385040383,1.344105013305670));
#3881=CARTESIAN_POINT('',(60.208852699501840,71.999997874403036,1.340581231208187));
#3882=CARTESIAN_POINT('',(60.167897590274762,71.999997217260216,1.337035883331130));
#3883=CARTESIAN_POINT('',(60.158625221462813,71.999998604503602,1.336232322936359));
#3884=CARTESIAN_POINT('',(60.148862518762940,71.999999549701982,1.335385679919840));
#3885=CARTESIAN_POINT('',(60.139002009254057,71.999999999999957,1.334530421574896));
#3886=B_SPLINE_CURVE_WITH_KNOTS('',5,(#3874,#3875,#3876,#3877,#3878,#3879,#3880,#3881,#3882,#3883,#3884,#3885),.UNSPECIFIED.,.F.,.U.,(6,3,3,6),(0.000000843466669,0.345715235143559,0.619965400494054,0.691429626820449),.UNSPECIFIED.);
#3887=EDGE_CURVE('',#3873,#3288,#3886,.T.);
#3888=ORIENTED_EDGE('',*,*,#3887,.F.);
#3889=CARTESIAN_POINT('',(84.617093653024995,72.000000000000043,0.018359989608420));
#3890=CARTESIAN_POINT('',(84.482543117191469,72.000000000000043,0.074706559403064));
#3891=CARTESIAN_POINT('',(84.346298463826656,72.000000000000043,0.127007821652225));
#3892=CARTESIAN_POINT('',(84.211096055140118,72.000000000081300,0.172761241311106));
#3893=CARTESIAN_POINT('',(83.886049008460077,71.999999999892083,0.271244222516616));
#3894=CARTESIAN_POINT('',(83.555793145749732,72.000000000143302,0.350874664507420));
#3895=CARTESIAN_POINT('',(83.366804322636256,72.000000000000711,0.392248923545673));
#3896=CARTESIAN_POINT('',(82.888144032011340,71.999999999999801,0.488924907503685));
#3897=CARTESIAN_POINT('',(82.406700644305701,71.999999999998892,0.570897412492130));
#3898=CARTESIAN_POINT('',(82.117227000450669,72.000000000664372,0.617151745868265));
#3899=CARTESIAN_POINT('',(81.503557089939562,71.999999999265896,0.710196624108803));
#3900=CARTESIAN_POINT('',(80.888871775707955,72.000000000811099,0.796290167270227));
#3901=CARTESIAN_POINT('',(80.565749146220867,71.999999999999957,0.840554726071211));
#3902=CARTESIAN_POINT('',(79.636809735182126,71.999999999999957,0.965928875064544));
#3903=CARTESIAN_POINT('',(78.707014949163423,71.999999999999957,1.084821049450033));
#3904=CARTESIAN_POINT('',(78.114588907326407,72.000000000002245,1.157024821392253));
#3905=CARTESIAN_POINT('',(76.780558804153742,71.999999999999758,1.305658214647125));
#3906=CARTESIAN_POINT('',(75.443243192674288,71.999999999997286,1.421481613368715));
#3907=CARTESIAN_POINT('',(74.714315757732166,72.000000000002672,1.473522452898272));
#3908=CARTESIAN_POINT('',(73.262468947478069,72.0,1.557471641107156));
#3909=CARTESIAN_POINT('',(71.809091506827087,71.999999999997314,1.608438112709661));
#3910=CARTESIAN_POINT('',(71.085739652234807,72.000000002001372,1.627193909696864));
#3911=CARTESIAN_POINT('',(69.817104706817759,71.999999998492825,1.650164409288412));
#3912=CARTESIAN_POINT('',(68.548279003160161,72.000000001134993,1.656362880072322));
#3913=CARTESIAN_POINT('',(68.002644491458653,72.0,1.656038707960677));
#3914=CARTESIAN_POINT('',(66.698719238801814,72.0,1.647933549393011));
#3915=CARTESIAN_POINT('',(65.395015079214289,72.0,1.621528248509700));
#3916=CARTESIAN_POINT('',(64.638299790406222,72.000000000002785,1.599578292676586));
#3917=CARTESIAN_POINT('',(63.572804593145108,72.000000000000824,1.558716176226326));
#3918=CARTESIAN_POINT('',(62.508065304214171,71.999999999998863,1.502316261421970));
#3919=CARTESIAN_POINT('',(62.199447113691143,72.000000000001094,1.484614691617997));
#3920=CARTESIAN_POINT('',(61.685692745035979,72.000000000000156,1.452818852111217));
#3921=CARTESIAN_POINT('',(61.172213739751193,71.999999999999204,1.416863537106524));
#3922=CARTESIAN_POINT('',(60.965852414176460,71.999999997937792,1.401709806113438));
#3923=CARTESIAN_POINT('',(60.759552392278231,71.999999999950276,1.385847628946326));
#3924=CARTESIAN_POINT('',(60.553314007014372,72.000000000000043,1.369220892257255));
#3925=B_SPLINE_CURVE_WITH_KNOTS('',5,(#3889,#3890,#3891,#3892,#3893,#3894,#3895,#3896,#3897,#3898,#3899,#3900,#3901,#3902,#3903,#3904,#3905,#3906,#3907,#3908,#3909,#3910,#3911,#3912,#3913,#3914,#3915,#3916,#3917,#3918,#3919,#3920,#3921,#3922,#3923,#3924),.UNSPECIFIED.,.F.,.U.,(6,3,3,3,3,3,3,3,3,3,3,6),(3.766737E-14,0.728187036891259,1.694944871057791,3.165698569671457,4.793317518935035,7.844934398145457,11.493510938918940,15.104104718769211,17.827359041798960,21.613238154854091,23.149880220849550,24.182750592526919),.UNSPECIFIED.);
#3926=EDGE_CURVE('',#3531,#3873,#3925,.T.);
#3927=ORIENTED_EDGE('',*,*,#3926,.F.);
#3928=ORIENTED_EDGE('',*,*,#3535,.T.);
#3929=CARTESIAN_POINT('',(53.183209448296061,35.999999987550147,0.850228138955629));
#3930=VERTEX_POINT('',#3929);
#3931=CARTESIAN_POINT('',(57.308885113702047,36.000001210745289,0.018359989608504));
#3932=CARTESIAN_POINT('',(57.260416670726727,36.000001191684603,0.038648004896220));
#3933=CARTESIAN_POINT('',(57.213013966730472,36.000001173313187,0.057887966604960));
#3934=CARTESIAN_POINT('',(57.166530012523737,36.000001155573727,0.076136309239002));
#3935=CARTESIAN_POINT('',(57.091462464020040,36.000001127375661,0.104597540906863));
#3936=CARTESIAN_POINT('',(57.017099252742128,36.000001100168078,0.131163754856703));
#3937=CARTESIAN_POINT('',(56.988231408933459,36.000001089714033,0.141234683353461));
#3938=CARTESIAN_POINT('',(56.908312740434923,36.000001061063550,0.168463105974921));
#3939=CARTESIAN_POINT('',(56.827358524441877,36.000001032826091,0.194285563675899));
#3940=CARTESIAN_POINT('',(56.774931126712993,36.000001014836897,0.210340569334421));
#3941=CARTESIAN_POINT('',(56.654379226544613,36.000000974113803,0.245819290700723));
#3942=CARTESIAN_POINT('',(56.527687879894572,36.000000932701823,0.279998677265266));
#3943=CARTESIAN_POINT('',(56.455172941069293,36.000000909391623,0.298680805286496));
#3944=CARTESIAN_POINT('',(56.317997667476533,36.000000865984163,0.332478434052389));
#3945=CARTESIAN_POINT('',(56.174556027517831,36.000000821765610,0.365192029852082));
#3946=CARTESIAN_POINT('',(56.107853281062759,36.000000801427873,0.379900670944247));
#3947=CARTESIAN_POINT('',(55.920374423932962,36.000000744838943,0.419955370632274));
#3948=CARTESIAN_POINT('',(55.725688430096142,36.000000687532648,0.458279976098778));
#3949=CARTESIAN_POINT('',(55.598935945733309,36.000000650725831,0.482103436708437));
#3950=CARTESIAN_POINT('',(55.359461392752870,36.000000581985113,0.525322083218719));
#3951=CARTESIAN_POINT('',(55.115091677660430,36.000000513123638,0.566543745623020));
#3952=CARTESIAN_POINT('',(55.000878039308553,36.000000481176407,0.585277839752193));
#3953=CARTESIAN_POINT('',(54.731309689042007,36.000000406256042,0.628413638374332));
#3954=CARTESIAN_POINT('',(54.458727968481263,36.000000331480038,0.669829683660754));
#3955=CARTESIAN_POINT('',(54.301704873270857,36.000000288662143,0.693110339226620));
#3956=CARTESIAN_POINT('',(54.036856031802323,36.000000216789218,0.731598276297040));
#3957=CARTESIAN_POINT('',(53.770954726477562,36.000000145106213,0.769172743625913));
#3958=CARTESIAN_POINT('',(53.663148068091807,36.000000116108993,0.784259224923436));
#3959=CARTESIAN_POINT('',(53.502526503824733,36.000000072989756,0.806548620790939));
#3960=CARTESIAN_POINT('',(53.341726111881137,36.000000029932252,0.828616714782768));
#3961=CARTESIAN_POINT('',(53.288916404810593,36.000000015802442,0.835839531044678));
#3962=CARTESIAN_POINT('',(53.236074845182678,36.000000001674508,0.843043363211218));
#3963=CARTESIAN_POINT('',(53.183209448296033,35.999999987550162,0.850228115952589));
#3964=B_SPLINE_CURVE_WITH_KNOTS('',5,(#3931,#3932,#3933,#3934,#3935,#3936,#3937,#3938,#3939,#3940,#3941,#3942,#3943,#3944,#3945,#3946,#3947,#3948,#3949,#3950,#3951,#3952,#3953,#3954,#3955,#3956,#3957,#3958,#3959,#3960,#3961,#3962,#3963),.UNSPECIFIED.,.F.,.U.,(6,3,3,3,3,3,3,3,3,3,6),(0.0,0.374457665779276,0.612324143654321,1.031601586226652,1.555838938293530,1.996267708304392,2.774531908334630,3.448428453947116,4.355577962463729,4.972900857561626,5.274486527536507),.UNSPECIFIED.);
#3965=EDGE_CURVE('',#3524,#3930,#3964,.T.);
#3966=ORIENTED_EDGE('',*,*,#3965,.T.);
#3967=CARTESIAN_POINT('',(28.605820951269830,3.600000007245026,0.850228138955642));
#3968=VERTEX_POINT('',#3967);
#3969=CARTESIAN_POINT('',(28.605820951269830,3.600000007245026,0.850228138955642));
#3970=CARTESIAN_POINT('',(53.183209448296061,35.999999987550147,0.850228138955629));
#3971=QUASI_UNIFORM_CURVE('',1,(#3969,#3970),.UNSPECIFIED.,.F.,.U.);
#3972=EDGE_CURVE('',#3968,#3930,#3971,.T.);
#3973=ORIENTED_EDGE('',*,*,#3972,.F.);
#3974=CARTESIAN_POINT('',(32.731495681440450,3.599999997542388,0.018359989608663));
#3975=CARTESIAN_POINT('',(32.683027249389937,3.599999997638850,0.038648006408891));
#3976=CARTESIAN_POINT('',(32.635624556303121,3.599999997738856,0.057887969326455));
#3977=CARTESIAN_POINT('',(32.589140612890503,3.599999997837661,0.076136312942580));
#3978=CARTESIAN_POINT('',(32.514073080880408,3.599999997998424,0.104597546308803));
#3979=CARTESIAN_POINT('',(32.439709885627678,3.599999998159617,0.131163761646295));
#3980=CARTESIAN_POINT('',(32.410842047382630,3.599999998222481,0.141234690849132));
#3981=CARTESIAN_POINT('',(32.330923399343312,3.599999998397291,0.168463113529086));
#3982=CARTESIAN_POINT('',(32.249969203171347,3.599999998576461,0.194285571365934));
#3983=CARTESIAN_POINT('',(32.197541819882851,3.599999998693292,0.210340576570792));
#3984=CARTESIAN_POINT('',(32.076989950505236,3.599999998963644,0.245819297538193));
#3985=CARTESIAN_POINT('',(31.950298634150791,3.599999999251463,0.279998684023686));
#3986=CARTESIAN_POINT('',(31.877783711260260,3.599999999417255,0.298680812284727));
#3987=CARTESIAN_POINT('',(31.740608466341062,3.599999999732716,0.332478441696965));
#3988=CARTESIAN_POINT('',(31.597166854345240,3.600000000065718,0.365192038343712));
#3989=CARTESIAN_POINT('',(31.530464120372990,3.600000000221169,0.379900679884570));
#3990=CARTESIAN_POINT('',(31.342985298359199,3.600000000659623,0.419955380675125));
#3991=CARTESIAN_POINT('',(31.148299338690851,3.600000001118826,0.458279987402739));
#3992=CARTESIAN_POINT('',(31.021546876265109,3.600000001419140,0.482103448774167));
#3993=CARTESIAN_POINT('',(30.782072364105769,3.600000001988658,0.525322096654800));
#3994=CARTESIAN_POINT('',(30.537702689126078,3.600000002573248,0.566543760462239));
#3995=CARTESIAN_POINT('',(30.423489069457322,3.600000002847108,0.585277855214495));
#3996=CARTESIAN_POINT('',(30.153920762052358,3.600000003494762,0.628413655426131));
#3997=CARTESIAN_POINT('',(29.881339083927291,3.600000004152279,0.669829702308224));
#3998=CARTESIAN_POINT('',(29.724316012341301,3.600000004531736,0.693110358882992));
#3999=CARTESIAN_POINT('',(29.459467209070759,3.600000005172687,0.731598297862368));
#4000=CARTESIAN_POINT('',(29.193565941826989,3.600000005817456,0.769172767103700));
#4001=CARTESIAN_POINT('',(29.085759297772672,3.600000006079047,0.784259249326365));
#4002=CARTESIAN_POINT('',(28.925137796639351,3.600000006469014,0.806548640767236));
#4003=CARTESIAN_POINT('',(28.764337467905570,3.600000006859710,0.828616730444084));
#4004=CARTESIAN_POINT('',(28.711527809778129,3.600000006988051,0.835839541457612));
#4005=CARTESIAN_POINT('',(28.658686299143529,3.600000007116496,0.843043368403164));
#4006=CARTESIAN_POINT('',(28.605820951269820,3.600000007245027,0.850228115952742));
#4007=B_SPLINE_CURVE_WITH_KNOTS('',5,(#3974,#3975,#3976,#3977,#3978,#3979,#3980,#3981,#3982,#3983,#3984,#3985,#3986,#3987,#3988,#3989,#3990,#3991,#3992,#3993,#3994,#3995,#3996,#3997,#3998,#3999,#4000,#4001,#4002,#4003,#4004,#4005,#4006),.UNSPECIFIED.,.F.,.U.,(6,3,3,3,3,3,3,3,3,3,6),(0.0,0.374457646666867,0.612324120185861,1.031601511109754,1.555838810998974,1.996267538921117,2.774531658068022,3.448428130752494,4.355577546535106,4.972900388917787,5.274485793909436),.UNSPECIFIED.);
#4008=EDGE_CURVE('',#3030,#3968,#4007,.T.);
#4009=ORIENTED_EDGE('',*,*,#4008,.F.);
#4010=EDGE_LOOP('',(#3747,#3870,#3871,#3888,#3927,#3928,#3966,#3973,#4009));
#4011=FACE_OUTER_BOUND('',#4010,.T.);
#4012=ADVANCED_FACE('WING',(#4011),#3746,.T.);
#4013=CARTESIAN_POINT('',(62.015030255389533,72.759060129236261,-0.927324442105908));
#4014=CARTESIAN_POINT('',(61.838355347376613,72.791120967791414,-0.896293709261839));
#4015=CARTESIAN_POINT('',(61.677787417555429,72.820847388423701,-0.864942463213222));
#4016=CARTESIAN_POINT('',(61.533547855777080,72.848277138028109,-0.833349339252645));
#4017=CARTESIAN_POINT('',(61.345565322927158,72.885582222602750,-0.786773967702085));
#4018=CARTESIAN_POINT('',(61.193427952252158,72.918874783870237,-0.740665079551308));
#4019=CARTESIAN_POINT('',(61.148046503558263,72.929227674517293,-0.725863201025635));
#4020=CARTESIAN_POINT('',(61.067666885476413,72.948486716648034,-0.697556925733935));
#4021=CARTESIAN_POINT('',(60.999752866037952,72.966683183155112,-0.669508090969441));
#4022=CARTESIAN_POINT('',(60.969863424386567,72.975212124547085,-0.656095305912267));
#4023=CARTESIAN_POINT('',(60.937421519473190,72.985101107394598,-0.640259184690566));
#4024=CARTESIAN_POINT('',(60.907993981503310,72.994794479443513,-0.624392544177492));
#4025=CARTESIAN_POINT('',(60.903526193178777,72.996284686889211,-0.621944958502570));
#4026=CARTESIAN_POINT('',(60.894779254701056,72.999238653516301,-0.617076545776000));
#4027=CARTESIAN_POINT('',(60.886294235621492,73.002175838636731,-0.612202278034035));
#4028=CARTESIAN_POINT('',(60.882140132179757,73.003631586871563,-0.609778073994939));
#4029=CARTESIAN_POINT('',(60.861552066910697,73.010934439344211,-0.597574132755739));
#4030=CARTESIAN_POINT('',(60.842469368997207,73.018139221423141,-0.585315254312291));
#4031=CARTESIAN_POINT('',(60.828033801074049,73.023853319384102,-0.575442393291833));
#4032=CARTESIAN_POINT('',(60.802107923020117,73.034570055853862,-0.556610369909600));
#4033=CARTESIAN_POINT('',(60.778671867373347,73.045058421187676,-0.537530354322176));
#4034=CARTESIAN_POINT('',(60.768109968865510,73.049959422953862,-0.528457319719164));
#4035=CARTESIAN_POINT('',(60.749299594141377,73.058997797271019,-0.511413688805887));
#4036=CARTESIAN_POINT('',(60.732088238550197,73.067836191847448,-0.494140954576872));
#4037=CARTESIAN_POINT('',(60.724433408909839,73.071893361119834,-0.486074969191232));
#4038=CARTESIAN_POINT('',(60.713540781360990,73.077853011010120,-0.474015207628369));
#4039=CARTESIAN_POINT('',(60.703342171517598,73.083715103276930,-0.461829557156156));
#4040=CARTESIAN_POINT('',(60.700083984946453,73.085619637422795,-0.457835173170730));
#4041=CARTESIAN_POINT('',(60.690517868360907,73.091307577098860,-0.445797905044481));
#4042=CARTESIAN_POINT('',(60.681601224556253,73.096900676461033,-0.433631846312627));
#4043=CARTESIAN_POINT('',(60.675937007430633,73.100588444907601,-0.425457735997974));
#4044=CARTESIAN_POINT('',(60.643685977717013,73.122422066400475,-0.376121206779993));
#4045=CARTESIAN_POINT('',(60.621420396153617,73.142669704624126,-0.324536333287924));
#4046=CARTESIAN_POINT('',(60.609449127654948,73.158335338520118,-0.279789741771626));
#4047=CARTESIAN_POINT('',(60.597613417012788,73.189394791277238,-0.178233912278176));
#4048=CARTESIAN_POINT('',(60.616257767515833,73.212593139070592,-0.067484539772197));
#4049=CARTESIAN_POINT('',(60.635120178259449,73.222417419103067,-0.004907998228217));
#4050=CARTESIAN_POINT('',(60.676246763510669,73.232179309848576,0.092063638058467));
#4051=CARTESIAN_POINT('',(60.736804999038966,73.233652320481184,0.193383090382019));
#4052=CARTESIAN_POINT('',(60.758784340783500,73.233188186202909,0.227051065931782));
#4053=CARTESIAN_POINT('',(60.807336405471453,73.230244119373893,0.295572455127090));
#4054=CARTESIAN_POINT('',(60.864460434423862,73.223104516572235,0.365011591743209));
#4055=CARTESIAN_POINT('',(60.895436264528421,73.218402335574638,0.400144296081181));
#4056=CARTESIAN_POINT('',(60.957510317817750,73.207490377896647,0.465928382947906));
#4057=CARTESIAN_POINT('',(61.027383151051687,73.192594418744761,0.531398348183778));
#4058=CARTESIAN_POINT('',(61.061621784979330,73.184790814921541,0.561732294122742));
#4059=CARTESIAN_POINT('',(61.134132531151607,73.167321181568298,0.622409231486568));
#4060=CARTESIAN_POINT('',(61.214001761127598,73.146414404419062,0.681828176798863));
#4061=CARTESIAN_POINT('',(61.256182572070713,73.135027590091497,0.711357498600408));
#4062=CARTESIAN_POINT('',(61.346290520572083,73.110177259368456,0.770478388554632));
#4063=CARTESIAN_POINT('',(61.445950551535901,73.082087601492006,0.827248141342912));
#4064=CARTESIAN_POINT('',(61.499395241321139,73.066993711595089,0.855448748361005));
#4065=CARTESIAN_POINT('',(61.603037862017437,73.037924552920913,0.905763756176680));
#4066=CARTESIAN_POINT('',(61.718412418116422,73.006295861980746,0.953401329079133));
#4067=CARTESIAN_POINT('',(61.773483407818937,72.991399016453101,0.974466292844344));
#4068=CARTESIAN_POINT('',(61.875323213978383,72.964279421063580,1.010423121262348));
#4069=CARTESIAN_POINT('',(61.986628096213202,72.935454092304681,1.044429090784048));
#4070=CARTESIAN_POINT('',(62.036441099089373,72.922705763930239,1.058712099890154));
#4071=CARTESIAN_POINT('',(62.120386910098347,72.901471668478266,1.081268703335329));
#4072=CARTESIAN_POINT('',(62.209498413320752,72.879327454569449,1.102779701143349));
#4073=CARTESIAN_POINT('',(62.244480518286487,72.870690004250037,1.110880740440669));
#4074=CARTESIAN_POINT('',(62.298104846896301,72.857530758338896,1.122788000432277));
#4075=CARTESIAN_POINT('',(62.353513263297792,72.844051196012288,1.134331575421082));
#4076=CARTESIAN_POINT('',(62.372163113092952,72.839526646829569,1.138135029209427));
#4077=CARTESIAN_POINT('',(62.408917052577713,72.830633980251378,1.145471428557373));
#4078=CARTESIAN_POINT('',(62.446433541556182,72.821602759762627,1.152650660373598));
#4079=CARTESIAN_POINT('',(62.464890912486730,72.817170168850708,1.156110302638824));
#4080=CARTESIAN_POINT('',(62.496753336232253,72.809536121056610,1.161959714791760));
#4081=CARTESIAN_POINT('',(62.529149372753473,72.801804075744329,1.167698539967307));
#4082=CARTESIAN_POINT('',(62.542685798004207,72.798578324316566,1.170061057612556));
#4083=CARTESIAN_POINT('',(62.578239088648068,72.790118792850507,1.176173752661555));
#4084=CARTESIAN_POINT('',(62.614420992885833,72.781542788288306,1.182154473162470));
#4085=CARTESIAN_POINT('',(62.636972889365239,72.776209632922786,1.185792018474295));
#4086=CARTESIAN_POINT('',(62.687090317306783,72.764383903731300,1.193679171391385));
#4087=CARTESIAN_POINT('',(62.738370022766262,72.752340169098389,1.201319323433326));
#4088=CARTESIAN_POINT('',(62.766675269040107,72.745708388665278,1.205410989432001));
#4089=CARTESIAN_POINT('',(62.795326883428807,72.739011061512286,1.209428296917004));
#4090=CARTESIAN_POINT('',(62.824325017397157,72.732247954414049,1.213370994384007));
#4091=CARTESIAN_POINT('',(62.060725270402401,72.692091309251538,-0.976719881874089));
#4092=CARTESIAN_POINT('',(61.861160468074573,72.726560234961653,-0.945330622796691));
#4093=CARTESIAN_POINT('',(61.677405224583268,72.758672507658190,-0.913533359789529));
#4094=CARTESIAN_POINT('',(61.509318083286260,72.788415864048702,-0.881351801080195));
#4095=CARTESIAN_POINT('',(61.285043996838859,72.828974258245040,-0.833648187917905));
#4096=CARTESIAN_POINT('',(61.095116494204007,72.865097803547314,-0.786084889789013));
#4097=CARTESIAN_POINT('',(61.037385523521017,72.876310860070674,-0.770785954546672));
#4098=CARTESIAN_POINT('',(60.933033062719609,72.897098297158593,-0.741499102696861));
#4099=CARTESIAN_POINT('',(60.840817837094839,72.916589771212202,-0.712479722785101));
#4100=CARTESIAN_POINT('',(60.799146916525793,72.925689687895627,-0.698595361067390));
#4101=CARTESIAN_POINT('',(60.752762790414558,72.936171752595627,-0.682231420731539));
#4102=CARTESIAN_POINT('',(60.709363504791582,72.946384411015671,-0.665869016702684));
#4103=CARTESIAN_POINT('',(60.702740408356178,72.947952961183304,-0.663345736864003));
#4104=CARTESIAN_POINT('',(60.689706419356973,72.951059278219958,-0.658328270064890));
#4105=CARTESIAN_POINT('',(60.676929515743460,72.954142092066959,-0.653307736038831));
#4106=CARTESIAN_POINT('',(60.670641007222599,72.955668565964530,-0.650811517104890));
#4107=CARTESIAN_POINT('',(60.639309463415273,72.963318872088465,-0.638248610140744));
#4108=CARTESIAN_POINT('',(60.609448663565587,72.970829552742714,-0.625647127603566));
#4109=CARTESIAN_POINT('',(60.586360428529609,72.976761535184053,-0.615512156302551));
#4110=CARTESIAN_POINT('',(60.544035946743342,72.987838997786852,-0.596210364950601));
#4111=CARTESIAN_POINT('',(60.504337550526849,72.998596224032440,-0.576733288606946));
#4112=CARTESIAN_POINT('',(60.486155044822993,73.003603112440985,-0.567496352796931));
#4113=CARTESIAN_POINT('',(60.453253594672447,73.012810240651604,-0.550181235122929));
#4114=CARTESIAN_POINT('',(60.422269393901729,73.021777750793078,-0.532704488697757));
#4115=CARTESIAN_POINT('',(60.408300832747592,73.025888638974834,-0.524557521189930));
#4116=CARTESIAN_POINT('',(60.388151843687012,73.031921705784214,-0.512395448674476));
#4117=CARTESIAN_POINT('',(60.368890987949840,73.037852490299642,-0.500131263811333));
#4118=CARTESIAN_POINT('',(60.362693719770789,73.039779144147985,-0.496113627988971));
#4119=CARTESIAN_POINT('',(60.344366063499287,73.045532855041500,-0.484013462830963));
#4120=CARTESIAN_POINT('',(60.326885169957833,73.051190936818855,-0.471804341253134));
#4121=CARTESIAN_POINT('',(60.315600027244493,73.054922878418154,-0.463609462259717));
#4122=CARTESIAN_POINT('',(60.250237401535323,73.077031702851258,-0.414190875291246));
#4123=CARTESIAN_POINT('',(60.198248808482333,73.097632200031327,-0.362754314775810));
#4124=CARTESIAN_POINT('',(60.164091914287013,73.113718075954054,-0.318213230985923));
#4125=CARTESIAN_POINT('',(60.109420918647011,73.145987307977279,-0.217166282065057));
#4126=CARTESIAN_POINT('',(60.097307087248417,73.171175582972197,-0.106696509881592));
#4127=CARTESIAN_POINT('',(60.103128176611023,73.182337710022281,-0.044091634012075));
#4128=CARTESIAN_POINT('',(60.130071828562478,73.194454049910860,0.053358133983917));
#4129=CARTESIAN_POINT('',(60.184240535082473,73.198697869568818,0.155922284062145));
#4130=CARTESIAN_POINT('',(60.204957632594720,73.199181605229995,0.190087468814102));
#4131=CARTESIAN_POINT('',(60.252662091272640,73.198208533664285,0.259789085191720));
#4132=CARTESIAN_POINT('',(60.312334204037278,73.193130013749794,0.330753050772339));
#4133=CARTESIAN_POINT('',(60.345455227214728,73.189481018345433,0.366738604360012));
#4134=CARTESIAN_POINT('',(60.413148781969717,73.180552832205549,0.434266111732047));
#4135=CARTESIAN_POINT('',(60.491569897084183,73.167639617605033,0.501742571367647));
#4136=CARTESIAN_POINT('',(60.530412324481887,73.160753852433700,0.533065012935375));
#4137=CARTESIAN_POINT('',(60.613406345229883,73.145111197691620,0.595841196326930));
#4138=CARTESIAN_POINT('',(60.706006846205668,73.125956555756773,0.657566001477389));
#4139=CARTESIAN_POINT('',(60.755120570410512,73.115425897762947,0.688307264554574));
#4140=CARTESIAN_POINT('',(60.860241849009839,73.092250639935429,0.749984036676548));
#4141=CARTESIAN_POINT('',(60.976422066929757,73.065699906668584,0.809448484230245));
#4142=CARTESIAN_POINT('',(61.038582879507118,73.051351774290779,0.839047689659050));
#4143=CARTESIAN_POINT('',(61.158661972017839,73.023581250874798,0.891963017264457));
#4144=CARTESIAN_POINT('',(61.291222620643083,72.993114192057519,0.942246292539294));
#4145=CARTESIAN_POINT('',(61.354230812159287,72.978711334481133,0.964519194215862));
#4146=CARTESIAN_POINT('',(61.470185396463783,72.952409065174720,1.002598838169644));
#4147=CARTESIAN_POINT('',(61.595905388700118,72.924292799609248,1.038724300751425));
#4148=CARTESIAN_POINT('',(61.651979038566893,72.911828195772827,1.053917824895765));
#4149=CARTESIAN_POINT('',(61.746143276907723,72.891020062961957,1.077946799382192));
#4150=CARTESIAN_POINT('',(61.845559805229051,72.869246045331067,1.100919288293300));
#4151=CARTESIAN_POINT('',(61.884508077451770,72.860742548530311,1.109575616439749));
#4152=CARTESIAN_POINT('',(61.944091588902523,72.847772917828621,1.122309292287260));
#4153=CARTESIAN_POINT('',(62.005469414126459,72.834468618106968,1.134677830024637));
#4154=CARTESIAN_POINT('',(62.026107962072828,72.830000883692719,1.138754754666629));
#4155=CARTESIAN_POINT('',(62.066740373936653,72.821215639200901,1.146621925097759));
#4156=CARTESIAN_POINT('',(62.108135501091617,72.812285853821649,1.154330483700406));
#4157=CARTESIAN_POINT('',(62.128482068313232,72.807901348346064,1.158048124014245));
#4158=CARTESIAN_POINT('',(62.163573927226302,72.800346735278112,1.164333610815675));
#4159=CARTESIAN_POINT('',(62.199199183990707,72.792689466591767,1.170499448280427));
#4160=CARTESIAN_POINT('',(62.214075673173859,72.789493953677720,1.173037525478052));
#4161=CARTESIAN_POINT('',(62.253123953330430,72.781111921165632,1.179609857940865));
#4162=CARTESIAN_POINT('',(62.292798648660309,72.772609784515666,1.186053674230736));
#4163=CARTESIAN_POINT('',(62.317503619706542,72.767320769181609,1.189977463509107));
#4164=CARTESIAN_POINT('',(62.372354213828821,72.755588237129686,1.198487273097784));
#4165=CARTESIAN_POINT('',(62.428363762427047,72.743630550272400,1.206740697904283));
#4166=CARTESIAN_POINT('',(62.459246821359059,72.737043859113342,1.211165730532174));
#4167=CARTESIAN_POINT('',(62.490475360934838,72.730390228108746,1.215515410392142));
#4168=CARTESIAN_POINT('',(62.522049689095901,72.723669751473267,1.219789467768797));
#4169=CARTESIAN_POINT('',(62.088264027329679,72.621689190067556,-1.020445624500671));
#4170=CARTESIAN_POINT('',(61.866350676158433,72.658622237635043,-0.988778155685483));
#4171=CARTESIAN_POINT('',(61.660312665244213,72.693113418800479,-0.956802778320993));
#4172=CARTESIAN_POINT('',(61.470075982078512,72.725239924748422,-0.924371848966856));
#4173=CARTESIAN_POINT('',(61.212089144854133,72.769233400797091,-0.875743561144426));
#4174=CARTESIAN_POINT('',(60.987784613309167,72.808444242949605,-0.827157722127550));
#4175=CARTESIAN_POINT('',(60.918965220001610,72.820612860518182,-0.811518152969514));
#4176=CARTESIAN_POINT('',(60.793109461045873,72.843158190534169,-0.781513354796117));
#4177=CARTESIAN_POINT('',(60.679181454831571,72.864098957860591,-0.751676043113707));
#4178=CARTESIAN_POINT('',(60.627311880849263,72.873784205580549,-0.737455494522165));
#4179=CARTESIAN_POINT('',(60.568802336498187,72.884968825571733,-0.720695238155827));
#4180=CARTESIAN_POINT('',(60.512955005606138,72.895815278075744,-0.703906004705744));
#4181=CARTESIAN_POINT('',(60.504404823917667,72.897479819577839,-0.701316200373887));
#4182=CARTESIAN_POINT('',(60.487525637528897,72.900773297186575,-0.696165402971201));
#4183=CARTESIAN_POINT('',(60.470878308085148,72.904035346645628,-0.691010172167765));
#4184=CARTESIAN_POINT('',(60.462660613877908,72.905648791096539,-0.688446845429759));
#4185=CARTESIAN_POINT('',(60.421601315944763,72.913725686336733,-0.675546910686905));
#4186=CARTESIAN_POINT('',(60.381918431850231,72.921606949535757,-0.662617200575886));
#4187=CARTESIAN_POINT('',(60.350959767450000,72.927798234119322,-0.652237004654514));
#4188=CARTESIAN_POINT('',(60.293875121941653,72.939301449612671,-0.632537700182161));
#4189=CARTESIAN_POINT('',(60.239778616895791,72.950392365272634,-0.612769418563745));
#4190=CARTESIAN_POINT('',(60.214880796119999,72.955545717637008,-0.603408817889907));
#4191=CARTESIAN_POINT('',(60.169677812601101,72.965008609545123,-0.585900597108112));
#4192=CARTESIAN_POINT('',(60.126757797519303,72.974201386691860,-0.568278804631657));
#4193=CARTESIAN_POINT('',(60.107333123888417,72.978411535990475,-0.560073477798558));
#4194=CARTESIAN_POINT('',(60.079219088726020,72.984586665822789,-0.547838987027797));
#4195=CARTESIAN_POINT('',(60.052182962649567,72.990647404476462,-0.535525159408512));
#4196=CARTESIAN_POINT('',(60.043465911396453,72.992615175737015,-0.531493755941850));
#4197=CARTESIAN_POINT('',(60.017633506348702,72.998488859711770,-0.519359234408863));
#4198=CARTESIAN_POINT('',(59.992836803550162,73.004257464101542,-0.507135707498135));
#4199=CARTESIAN_POINT('',(59.976758557268852,73.008059875797002,-0.498939154829657));
#4200=CARTESIAN_POINT('',(59.883173664473311,73.030571253458305,-0.449551048838517));
#4201=CARTESIAN_POINT('',(59.806031565447640,73.051493353441145,-0.398353686383916));
#4202=CARTESIAN_POINT('',(59.753078050974601,73.067856443425157,-0.354066192044590));
#4203=CARTESIAN_POINT('',(59.662318757740188,73.100834830156543,-0.253538296867795));
#4204=CARTESIAN_POINT('',(59.624498537318658,73.127170751057434,-0.143177069757675));
#4205=CARTESIAN_POINT('',(59.619412096805817,73.139132612104291,-0.080387035716523));
#4206=CARTESIAN_POINT('',(59.634606496066418,73.152771370285947,0.017748731401089));
#4207=CARTESIAN_POINT('',(59.683663657270714,73.158990144954913,0.121742129821282));
#4208=CARTESIAN_POINT('',(59.703426751466928,73.160169465400159,0.156464611254486));
#4209=CARTESIAN_POINT('',(59.750632822245350,73.160685641179796,0.227464612594152));
#4210=CARTESIAN_POINT('',(59.812739646737477,73.157240415055625,0.300071804056931));
#4211=CARTESIAN_POINT('',(59.847835984471018,73.154444577809400,0.336970803406491));
#4212=CARTESIAN_POINT('',(59.920614282411933,73.147155280282675,0.406355063862789));
#4213=CARTESIAN_POINT('',(60.006754717207158,73.135930744222989,0.475943282094782));
#4214=CARTESIAN_POINT('',(60.049760463416419,73.129836655880126,0.508299925203474));
#4215=CARTESIAN_POINT('',(60.142292256105591,73.115793336786609,0.573256858405177));
#4216=CARTESIAN_POINT('',(60.246668249208462,73.098209187693968,0.637357201395151));
#4217=CARTESIAN_POINT('',(60.302267137092990,73.088454616175582,0.669345109437683));
#4218=CARTESIAN_POINT('',(60.421605249579642,73.066786749599331,0.733669740065004));
#4219=CARTESIAN_POINT('',(60.553525603303903,73.041580386237868,0.795940281023858));
#4220=CARTESIAN_POINT('',(60.623956593213663,73.027879239878231,0.826987091385439));
#4221=CARTESIAN_POINT('',(60.759466824119208,73.001249751750436,0.882566910688955));
#4222=CARTESIAN_POINT('',(60.908112662933902,72.971827171323469,0.935529128895788));
#4223=CARTESIAN_POINT('',(60.978640531426578,72.957883258676887,0.959021945659828));
#4224=CARTESIAN_POINT('',(61.108205139067749,72.932284197065400,0.999247465311311));
#4225=CARTESIAN_POINT('',(61.247857854613109,72.904760146213661,1.037491172641439));
#4226=CARTESIAN_POINT('',(61.309983993367482,72.892534156810868,1.053594743462879));
#4227=CARTESIAN_POINT('',(61.414073981656060,72.872077736524247,1.079089568156584));
#4228=CARTESIAN_POINT('',(61.523504563312912,72.850607048904209,1.103510118723024));
#4229=CARTESIAN_POINT('',(61.566304961172563,72.842214551558655,1.112731460284401));
#4230=CARTESIAN_POINT('',(61.631672933769330,72.829402464736617,1.126308881373383));
#4231=CARTESIAN_POINT('',(61.698859241998314,72.816237550403983,1.139486617908041));
#4232=CARTESIAN_POINT('',(61.721434825825632,72.811814379434026,1.143832245120472));
#4233=CARTESIAN_POINT('',(61.765847568125750,72.803112871095081,1.152221615385598));
#4234=CARTESIAN_POINT('',(61.811030418222117,72.794259747201210,1.160439884384666));
#4235=CARTESIAN_POINT('',(61.833223945922320,72.789910798626451,1.164401605952303));
#4236=CARTESIAN_POINT('',(61.871474176817557,72.782415791481768,1.171114975881988));
#4237=CARTESIAN_POINT('',(61.910259807695589,72.774816414303544,1.177725418824474));
#4238=CARTESIAN_POINT('',(61.926448187334287,72.771644664476497,1.180450857080202));
#4239=CARTESIAN_POINT('',(61.968921704339330,72.763321974077201,1.187499750559947));
#4240=CARTESIAN_POINT('',(62.012028720859718,72.754872990207403,1.194389903532846));
#4241=CARTESIAN_POINT('',(62.038852538135792,72.749615034443494,1.198580104130305));
#4242=CARTESIAN_POINT('',(62.098365036521812,72.737950749996926,1.207685259771868));
#4243=CARTESIAN_POINT('',(62.159044669905313,72.726059312625665,1.216540051632500));
#4244=CARTESIAN_POINT('',(62.192477025592993,72.719507698915706,1.221289331771132));
#4245=CARTESIAN_POINT('',(62.226257793078503,72.712887806315820,1.225960046229308));
#4246=CARTESIAN_POINT('',(62.260387162135068,72.706199475565356,1.230552469945198));
#4247=CARTESIAN_POINT('',(62.096117379287008,72.547434112108434,-1.058430888120439));
#4248=CARTESIAN_POINT('',(61.853933450614413,72.586849924737322,-1.026991373192630));
#4249=CARTESIAN_POINT('',(61.626997076243299,72.623822641433037,-0.994725509159600));
#4250=CARTESIAN_POINT('',(61.415497832270162,72.658290483760581,-0.961921233059220));
#4251=CARTESIAN_POINT('',(61.126911920878932,72.705498426696721,-0.913437473430253));
#4252=CARTESIAN_POINT('',(60.871868988727009,72.747644830101891,-0.864424055129380));
#4253=CARTESIAN_POINT('',(60.793020684104263,72.760718592839254,-0.848586684490839));
#4254=CARTESIAN_POINT('',(60.647922015962642,72.784866790182448,-0.818147103371177));
#4255=CARTESIAN_POINT('',(60.514763220654132,72.807383829627213,-0.787882527878191));
#4256=CARTESIAN_POINT('',(60.453370894782473,72.817873018553968,-0.773393122923800));
#4257=CARTESIAN_POINT('',(60.383203173235827,72.829904908725354,-0.756237224974519));
#4258=CARTESIAN_POINT('',(60.315863238892952,72.841524989772751,-0.739084115115815));
#4259=CARTESIAN_POINT('',(60.305546061580550,72.843307086996461,-0.736439244599704));
#4260=CARTESIAN_POINT('',(60.285165814348069,72.846830911704998,-0.731181300384616));
#4261=CARTESIAN_POINT('',(60.265044025405473,72.850317273155980,-0.725923824709388));
#4262=CARTESIAN_POINT('',(60.255106838838230,72.852040873444921,-0.723310979264256));
#4263=CARTESIAN_POINT('',(60.205437122624453,72.860665432909329,-0.710168208855700));
#4264=CARTESIAN_POINT('',(60.157346397320353,72.869063398383858,-0.697025977692913));
#4265=CARTESIAN_POINT('',(60.119800419583818,72.875651860810038,-0.686494893718486));
#4266=CARTESIAN_POINT('',(60.050459498026143,72.887886322172633,-0.666517710876043));
#4267=CARTESIAN_POINT('',(59.984519676345158,72.899655921727359,-0.646488833180659));
#4268=CARTESIAN_POINT('',(59.954121053527800,72.905115123276801,-0.637013150223358));
#4269=CARTESIAN_POINT('',(59.898791784332637,72.915117126941297,-0.619298981839653));
#4270=CARTESIAN_POINT('',(59.846053550774492,72.924788025422401,-0.601505978194548));
#4271=CARTESIAN_POINT('',(59.822139996518459,72.929205795312754,-0.593230324857542));
#4272=CARTESIAN_POINT('',(59.787449443869562,72.935665861863853,-0.580905360606502));
#4273=CARTESIAN_POINT('',(59.753989227461332,72.941981415638580,-0.568520432356201));
#4274=CARTESIAN_POINT('',(59.743190354662786,72.944029313347642,-0.564467856676130));
#4275=CARTESIAN_POINT('',(59.711156034975112,72.950134160475670,-0.552276119578909));
#4276=CARTESIAN_POINT('',(59.680307510701567,72.956105601540230,-0.540014735636698));
#4277=CARTESIAN_POINT('',(59.660259162885858,72.960030717928305,-0.531801820296143));
#4278=CARTESIAN_POINT('',(59.543322260920817,72.983210055016855,-0.482367883379358));
#4279=CARTESIAN_POINT('',(59.445386527723016,73.004419939382871,-0.431414421051956));
#4280=CARTESIAN_POINT('',(59.377052250747013,73.020883110976925,-0.387411813114615));
#4281=CARTESIAN_POINT('',(59.256949350390897,73.054025286004133,-0.287380196436224));
#4282=CARTESIAN_POINT('',(59.198671137014372,73.080619832363865,-0.176947364548810));
#4283=CARTESIAN_POINT('',(59.185086100750738,73.092846567013737,-0.113844415316162));
#4284=CARTESIAN_POINT('',(59.191349634370162,73.107131411563344,-0.014767560518134));
#4285=CARTESIAN_POINT('',(59.237059508282947,73.114449787799245,0.090891140984364));
#4286=CARTESIAN_POINT('',(59.256318616668807,73.116041467054572,0.126238383452996));
#4287=CARTESIAN_POINT('',(59.303732702619612,73.117493088141998,0.198664646107449));
#4288=CARTESIAN_POINT('',(59.368479162713861,73.115190821416533,0.273029577410108));
#4289=CARTESIAN_POINT('',(59.405522103558503,73.113022058605623,0.310898417408770));
#4290=CARTESIAN_POINT('',(59.483108332558110,73.106989485949683,0.382249121131136));
#4291=CARTESIAN_POINT('',(59.576221851029437,73.097148388538855,0.454067357395417));
#4292=CARTESIAN_POINT('',(59.622942115015313,73.091720004100665,0.487515500151694));
#4293=CARTESIAN_POINT('',(59.723918640314011,73.079045262427158,0.554767511605979));
#4294=CARTESIAN_POINT('',(59.838675259396616,73.062859220244050,0.621330137339929));
#4295=CARTESIAN_POINT('',(59.900001621541023,73.053808962827205,0.654593373931677));
#4296=CARTESIAN_POINT('',(60.032045937284842,73.033571949492952,0.721580302715967));
#4297=CARTESIAN_POINT('',(60.178788495977876,73.009710996979294,0.786679691925192));
#4298=CARTESIAN_POINT('',(60.257301085278030,72.996640596312005,0.819221509810868));
#4299=CARTESIAN_POINT('',(60.408245815739463,72.971049463593388,0.877597641356538));
#4300=CARTESIAN_POINT('',(60.572722731937951,72.942485278271263,0.933396028502641));
#4301=CARTESIAN_POINT('',(60.650318071792682,72.928904957218151,0.958171276404741));
#4302=CARTESIAN_POINT('',(60.792336261347991,72.903966412921420,1.000646899890673));
#4303=CARTESIAN_POINT('',(60.944869647034167,72.876971045553105,1.041100894425081));
#4304=CARTESIAN_POINT('',(61.012626200849922,72.864936921818696,1.058136967559966));
#4305=CARTESIAN_POINT('',(61.125886665433029,72.844751469991806,1.085106227448867));
#4306=CARTESIAN_POINT('',(61.244628890075120,72.823479399246139,1.110920781717105));
#4307=CARTESIAN_POINT('',(61.291031227468032,72.815150256526493,1.120647634608676));
#4308=CARTESIAN_POINT('',(61.361839638618541,72.802416781938305,1.134967739515781));
#4309=CARTESIAN_POINT('',(61.434506475679683,72.789316860198582,1.148908548396272));
#4310=CARTESIAN_POINT('',(61.458910860273072,72.784913710443107,1.153506467112543));
#4311=CARTESIAN_POINT('',(61.506900370608513,72.776248643434599,1.162384224291738));
#4312=CARTESIAN_POINT('',(61.555679617852242,72.767428716392672,1.171095599031284));
#4313=CARTESIAN_POINT('',(61.579629535544569,72.763095447195710,1.175300193564069));
#4314=CARTESIAN_POINT('',(61.620891856878814,72.755623886688852,1.182407775994073));
#4315=CARTESIAN_POINT('',(61.662705596726809,72.748042267909014,1.189380635903464));
#4316=CARTESIAN_POINT('',(61.680153326006852,72.744876913092043,1.192251251963949));
#4317=CARTESIAN_POINT('',(61.725916108583313,72.736571218654532,1.199693176846202));
#4318=CARTESIAN_POINT('',(61.772322921428113,72.728139237703815,1.207012042130091));
#4319=CARTESIAN_POINT('',(61.801186070038931,72.722890931830506,1.211476179293826));
#4320=CARTESIAN_POINT('',(61.865195321352047,72.711240701045114,1.221161549232059));
#4321=CARTESIAN_POINT('',(61.930394863939760,72.699350196318619,1.230565987498659));
#4322=CARTESIAN_POINT('',(61.966297183019293,72.692795966350474,1.235611972694320));
#4323=CARTESIAN_POINT('',(62.002552932819093,72.686170624244099,1.240576403494753));
#4324=CARTESIAN_POINT('',(62.039161963929132,72.679474217424769,1.245459139628955));
#4325=CARTESIAN_POINT('',(62.013425424248027,72.384105105687169,-1.116630456959400));
#4326=CARTESIAN_POINT('',(61.732114988172277,72.429241317770305,-1.086405090556002));
#4327=CARTESIAN_POINT('',(61.466353820909880,72.471563879157330,-1.055643982127948));
#4328=CARTESIAN_POINT('',(61.215688380957907,72.511193234890044,-1.023821004544194));
#4329=CARTESIAN_POINT('',(60.866588677309643,72.565711949269129,-0.974585082929683));
#4330=CARTESIAN_POINT('',(60.549110784862123,72.614527250817403,-0.924634200146857));
#4331=CARTESIAN_POINT('',(60.450048465066061,72.629704498500118,-0.908479193789005));
#4332=CARTESIAN_POINT('',(60.266132630297633,72.657906272722556,-0.877521321769202));
#4333=CARTESIAN_POINT('',(60.094598468006538,72.684218804373813,-0.846805743890722));
#4334=CARTESIAN_POINT('',(60.015127967881263,72.696414868435824,-0.832151528948949));
#4335=CARTESIAN_POINT('',(59.924678110950040,72.710355579046890,-0.814972921626664));
#4336=CARTESIAN_POINT('',(59.838026942957910,72.723750561021774,-0.797900052772581));
#4337=CARTESIAN_POINT('',(59.824754711265982,72.725803172421536,-0.795269710870622));
#4338=CARTESIAN_POINT('',(59.798543915205549,72.729858493344722,-0.790044525114017));
#4339=CARTESIAN_POINT('',(59.772677536854047,72.733863411674406,-0.784826817197409));
#4340=CARTESIAN_POINT('',(59.759905994718189,72.735841434009998,-0.782235272037134));
#4341=CARTESIAN_POINT('',(59.696080704782680,72.745729213993698,-0.769207164894681));
#4342=CARTESIAN_POINT('',(59.634335544023109,72.755306923836386,-0.756215535747039));
#4343=CARTESIAN_POINT('',(59.586142491986728,72.762786684673301,-0.745820804913105));
#4344=CARTESIAN_POINT('',(59.497150778936742,72.776602910176095,-0.726139905587652));
#4345=CARTESIAN_POINT('',(59.412522482229292,72.789756759477399,-0.706473644939882));
#4346=CARTESIAN_POINT('',(59.373498064566718,72.795826294150984,-0.697180562833908));
#4347=CARTESIAN_POINT('',(59.302453336630123,72.806889429005778,-0.679828014609735));
#4348=CARTESIAN_POINT('',(59.234653065474959,72.817480464569400,-0.662422943548376));
#4349=CARTESIAN_POINT('',(59.203886304348927,72.822295862532869,-0.654331403416570));
#4350=CARTESIAN_POINT('',(59.159219042202089,72.829305145611855,-0.642284852145275));
#4351=CARTESIAN_POINT('',(59.116065986375780,72.836107606991845,-0.630185423472726));
#4352=CARTESIAN_POINT('',(59.102130570441183,72.838307940989253,-0.626226815646037));
#4353=CARTESIAN_POINT('',(59.060766232085271,72.844850995769448,-0.614319103762499));
#4354=CARTESIAN_POINT('',(59.020853468710079,72.851202919975705,-0.602346563628768));
#4355=CARTESIAN_POINT('',(58.994876790364053,72.855357049515987,-0.594327735073395));
#4356=CARTESIAN_POINT('',(58.843104648359450,72.879761548850752,-0.546062701835162));
#4357=CARTESIAN_POINT('',(58.714442918340708,72.901350448702601,-0.496298723562701));
#4358=CARTESIAN_POINT('',(58.623278288803313,72.917661146556853,-0.453259385160208));
#4359=CARTESIAN_POINT('',(58.459877151303303,72.949956607280157,-0.354809798376394));
#4360=CARTESIAN_POINT('',(58.372252146581218,72.975391312073029,-0.244266937568133));
#4361=CARTESIAN_POINT('',(58.346923278879210,72.987177693053866,-0.180390071523366));
#4362=CARTESIAN_POINT('',(58.341870055211928,73.001358620009725,-0.078963560272221));
#4363=CARTESIAN_POINT('',(58.385506615401219,73.009526410754887,0.030883040298512));
#4364=CARTESIAN_POINT('',(58.405086855326367,73.011509656093551,0.067806831616525));
#4365=CARTESIAN_POINT('',(58.455165232273188,73.013984209455046,0.143808479991800));
#4366=CARTESIAN_POINT('',(58.526664463554802,73.013160248548942,0.222527371507294));
#4367=CARTESIAN_POINT('',(58.568151270710239,73.011849049174415,0.262781605212237));
#4368=CARTESIAN_POINT('',(58.655989649235323,73.007618414853539,0.338932640898542));
#4369=CARTESIAN_POINT('',(58.762960040093148,72.999904277453581,0.416124991581026));
#4370=CARTESIAN_POINT('',(58.816909537901608,72.995528223192323,0.452188716056911));
#4371=CARTESIAN_POINT('',(58.933995853692011,72.985078206545069,0.524914067238851));
#4372=CARTESIAN_POINT('',(59.067929326978742,72.971264324090399,0.597288736108834));
#4373=CARTESIAN_POINT('',(59.139679651241572,72.963431316766105,0.633549367409139));
#4374=CARTESIAN_POINT('',(59.294478899673663,72.945673628723341,0.706733513551004));
#4375=CARTESIAN_POINT('',(59.467101245188942,72.924189395829018,0.778122425262706));
#4376=CARTESIAN_POINT('',(59.559591225156730,72.912285148658384,0.813859990009107));
#4377=CARTESIAN_POINT('',(59.737803368077913,72.888642454888341,0.878080206429596));
#4378=CARTESIAN_POINT('',(59.932307963896143,72.861604781954412,0.939612654696555));
#4379=CARTESIAN_POINT('',(60.024141635086337,72.848601244898305,0.966960249920016));
#4380=CARTESIAN_POINT('',(60.191547528628433,72.824469637679414,1.013850343740821));
#4381=CARTESIAN_POINT('',(60.370032470410592,72.798067894878983,1.058543570023677));
#4382=CARTESIAN_POINT('',(60.449102522450467,72.786258047041500,1.077383120426020));
#4383=CARTESIAN_POINT('',(60.581084886922241,72.766347553176729,1.107232142930794));
#4384=CARTESIAN_POINT('',(60.718923921735467,72.745226204151408,1.135839851042087));
#4385=CARTESIAN_POINT('',(60.772694569733822,72.736940739576966,1.146646529071300));
#4386=CARTESIAN_POINT('',(60.854596591542673,72.724249009349563,1.162547382285219));
#4387=CARTESIAN_POINT('',(60.938448039304653,72.711142730805548,1.177946915585344));
#4388=CARTESIAN_POINT('',(60.966587280728660,72.706732438889560,1.183021756238033));
#4389=CARTESIAN_POINT('',(61.021876081521810,72.698042876091847,1.192812926548459));
#4390=CARTESIAN_POINT('',(61.077988533112723,72.689176096599297,1.202390024357026));
#4391=CARTESIAN_POINT('',(61.105518832394637,72.684814472097671,1.207002921330677));
#4392=CARTESIAN_POINT('',(61.152911543218423,72.677288752815159,1.214818380591790));
#4393=CARTESIAN_POINT('',(61.200872274673337,72.669643395381101,1.222509165245057));
#4394=CARTESIAN_POINT('',(61.220873787834478,72.666449968535829,1.225678893799094));
#4395=CARTESIAN_POINT('',(61.273309420577519,72.658063143997907,1.233866956519957));
#4396=CARTESIAN_POINT('',(61.326415776555471,72.649530761982447,1.241844667655502));
#4397=CARTESIAN_POINT('',(61.359419092183188,72.644214531580673,1.246687475126918));
#4398=CARTESIAN_POINT('',(61.432546258025901,72.632409380853659,1.257205219676316));
#4399=CARTESIAN_POINT('',(61.506897680832132,72.620349090095502,1.267422010469832));
#4400=CARTESIAN_POINT('',(61.547800456936180,72.613697167121103,1.272900200776768));
#4401=CARTESIAN_POINT('',(61.589068178376849,72.606968698454835,1.278284726046530));
#4402=CARTESIAN_POINT('',(61.630701381510193,72.600163536011493,1.283574981407748));
#4403=CARTESIAN_POINT('',(61.665961827127319,72.224697915612751,-1.128129120834536));
#4404=CARTESIAN_POINT('',(61.361010978127752,72.275356022026415,-1.100957852905133));
#4405=CARTESIAN_POINT('',(61.070334632966500,72.323303368446020,-1.071710985563842));
#4406=CARTESIAN_POINT('',(60.794514864885038,72.368385453065315,-1.041151781827385));
#4407=CARTESIAN_POINT('',(60.410019741958273,72.430578276215627,-0.995295569151831));
#4408=CARTESIAN_POINT('',(60.060932338147239,72.486616113629012,-0.948531415118466));
#4409=CARTESIAN_POINT('',(59.952125222041609,72.504031985330585,-0.933459411235480));
#4410=CARTESIAN_POINT('',(59.749892336083981,72.536232428541453,-0.904479104811842));
#4411=CARTESIAN_POINT('',(59.561041237536301,72.566003048835356,-0.875630164534352));
#4412=CARTESIAN_POINT('',(59.473412328761810,72.579744699515672,-0.861822463558377));
#4413=CARTESIAN_POINT('',(59.373194560981332,72.595348566593657,-0.845534578232947));
#4414=CARTESIAN_POINT('',(59.277031501601890,72.610211069666022,-0.829328377210800));
#4415=CARTESIAN_POINT('',(59.262299685605832,72.612485298924057,-0.826831507024748));
#4416=CARTESIAN_POINT('',(59.233203344747643,72.616971910221537,-0.821871918552831));
#4417=CARTESIAN_POINT('',(59.204487575683594,72.621390019272837,-0.816921257814868));
#4418=CARTESIAN_POINT('',(59.190309782566018,72.623569029490241,-0.814463062462592));
#4419=CARTESIAN_POINT('',(59.119464799387480,72.634445779755950,-0.802109107523024));
#4420=CARTESIAN_POINT('',(59.050989469288858,72.644901674716451,-0.789810714227458));
#4421=CARTESIAN_POINT('',(58.997636490930738,72.653014338563978,-0.779991975322256));
#4422=CARTESIAN_POINT('',(58.899327775133621,72.667900360211178,-0.761429419156974));
#4423=CARTESIAN_POINT('',(58.806260108507090,72.681877757516105,-0.742923115646459));
#4424=CARTESIAN_POINT('',(58.763448654170467,72.688282589791342,-0.734187880703043));
#4425=CARTESIAN_POINT('',(58.685689882712211,72.699870828390360,-0.717888643312482));
#4426=CARTESIAN_POINT('',(58.611825659682872,72.710803462882197,-0.701558575635834));
#4427=CARTESIAN_POINT('',(58.578380935396538,72.715738318970708,-0.693969543457311));
#4428=CARTESIAN_POINT('',(58.529925228967521,72.722867498949839,-0.682672445605070));
#4429=CARTESIAN_POINT('',(58.483257671714142,72.729709048641539,-0.671322668919404));
#4430=CARTESIAN_POINT('',(58.468202888594888,72.731913704769838,-0.667608765009367));
#4431=CARTESIAN_POINT('',(58.423560867817791,72.738444790262051,-0.656434840749339));
#4432=CARTESIAN_POINT('',(58.380615532400121,72.744711072068739,-0.645191293633893));
#4433=CARTESIAN_POINT('',(58.352718737376378,72.748776436849681,-0.637655253175134));
#4434=CARTESIAN_POINT('',(58.190038644317909,72.772471456869852,-0.592251763834689));
#4435=CARTESIAN_POINT('',(58.053815609892077,72.792346612213663,-0.545106699716337));
#4436=CARTESIAN_POINT('',(57.958091743157198,72.806720974443550,-0.503884306330844));
#4437=CARTESIAN_POINT('',(57.787762044875159,72.834315482171803,-0.408366109964742));
#4438=CARTESIAN_POINT('',(57.699076456070117,72.854914918726692,-0.298001429005697));
#4439=CARTESIAN_POINT('',(57.674672131111343,72.864378589048968,-0.233259090440475));
#4440=CARTESIAN_POINT('',(57.673353982887868,72.875728220419717,-0.129039115112810));
#4441=CARTESIAN_POINT('',(57.724464834769407,72.882091777344641,-0.014319980257822));
#4442=CARTESIAN_POINT('',(57.746913948851500,72.883595161166696,0.024419793401211));
#4443=CARTESIAN_POINT('',(57.803639946786028,72.885327177577636,0.104499787056034));
#4444=CARTESIAN_POINT('',(57.883535077629773,72.884209639689018,0.188076718768977));
#4445=CARTESIAN_POINT('',(57.929702546222359,72.882862703190071,0.230962923599003));
#4446=CARTESIAN_POINT('',(58.027142558961728,72.878765002782956,0.312349256184753));
#4447=CARTESIAN_POINT('',(58.145292506819438,72.871531647422046,0.395288433375309));
#4448=CARTESIAN_POINT('',(58.204787388379053,72.867449726705743,0.434124916157567));
#4449=CARTESIAN_POINT('',(58.333747717609882,72.857719922220241,0.512602820072068));
#4450=CARTESIAN_POINT('',(58.481013702695080,72.844841457992558,0.590984017842555));
#4451=CARTESIAN_POINT('',(58.559867393969647,72.837522871146646,0.630314415622064));
#4452=CARTESIAN_POINT('',(58.729981188052683,72.820871659757714,0.709793244238576));
#4453=CARTESIAN_POINT('',(58.919786991092437,72.800519150879609,0.787447845224758));
#4454=CARTESIAN_POINT('',(59.021553081648861,72.789158757021099,0.826339178145451));
#4455=CARTESIAN_POINT('',(59.217710438220386,72.766440912339448,0.896161395652774));
#4456=CARTESIAN_POINT('',(59.432133363770227,72.740061348238427,0.962794684158493));
#4457=CARTESIAN_POINT('',(59.533421628484128,72.727292243739882,0.992324435804995));
#4458=CARTESIAN_POINT('',(59.718562070777388,72.703405992544845,1.042760565693378));
#4459=CARTESIAN_POINT('',(59.916415776943893,72.676865232994373,1.090412167924415));
#4460=CARTESIAN_POINT('',(60.004071768405858,72.664920470320737,1.110398210417815));
#4461=CARTESIAN_POINT('',(60.150199862235198,72.644712145073470,1.141910948407219));
#4462=CARTESIAN_POINT('',(60.302651053755483,72.623147437865669,1.171821741137960));
#4463=CARTESIAN_POINT('',(60.362111234845472,72.614665482256584,1.183043884187732));
#4464=CARTESIAN_POINT('',(60.452648352619093,72.601646157559614,1.199498298006971));
#4465=CARTESIAN_POINT('',(60.545232263596141,72.588185364831020,1.215428867937445));
#4466=CARTESIAN_POINT('',(60.576288305985898,72.583653943845704,1.220671693281512));
#4467=CARTESIAN_POINT('',(60.637281469400669,72.574723709814563,1.230771130468124));
#4468=CARTESIAN_POINT('',(60.699125995418541,72.565610823157954,1.240639548995019));
#4469=CARTESIAN_POINT('',(60.729454174589648,72.561128550682668,1.245393168829491));
#4470=CARTESIAN_POINT('',(60.781643445733152,72.553390502715743,1.253404380579801));
#4471=CARTESIAN_POINT('',(60.834424104957243,72.545522887091849,1.261224553940034));
#4472=CARTESIAN_POINT('',(60.856429885717048,72.542235549119994,1.264437450368790));
#4473=CARTESIAN_POINT('',(60.914099606403070,72.533604438311926,1.272760451211155));
#4474=CARTESIAN_POINT('',(60.972455698713581,72.524828293657947,1.280929587501271));
#4475=CARTESIAN_POINT('',(61.008703824198847,72.519360459204407,1.285904757132524));
#4476=CARTESIAN_POINT('',(61.088988938789960,72.507209367043984,1.296663933466613));
#4477=CARTESIAN_POINT('',(61.170543776086141,72.494779855873233,1.307038184913152));
#4478=CARTESIAN_POINT('',(61.215386941079807,72.487920868811258,1.312582173619689));
#4479=CARTESIAN_POINT('',(61.260605894846101,72.480980373120701,1.318015771987689));
#4480=CARTESIAN_POINT('',(61.306199723881420,72.473958694172751,1.323339995026809));
#4481=CARTESIAN_POINT('',(61.386263752328738,72.147531565614415,-1.118048920444391));
#4482=CARTESIAN_POINT('',(61.074988833019489,72.201290313550544,-1.093480937916543));
#4483=CARTESIAN_POINT('',(60.779448697929382,72.251742032700591,-1.067816337584079));
#4484=CARTESIAN_POINT('',(60.498288646086571,72.299205425655870,-1.039964031386747));
#4485=CARTESIAN_POINT('',(60.106890376465827,72.365025386498147,-0.996341592394807));
#4486=CARTESIAN_POINT('',(59.751111158773739,72.423952117100711,-0.951797560699418));
#4487=CARTESIAN_POINT('',(59.640031674742282,72.442243346307080,-0.937340988596875));
#4488=CARTESIAN_POINT('',(59.433590404781178,72.476057314292404,-0.909541765651730));
#4489=CARTESIAN_POINT('',(59.240764358838582,72.507246597892831,-0.881863410494723));
#4490=CARTESIAN_POINT('',(59.151339635079957,72.521610054145711,-0.868647183485885));
#4491=CARTESIAN_POINT('',(59.049348769493697,72.537877976695981,-0.853130297190689));
#4492=CARTESIAN_POINT('',(58.951622942718338,72.553308268904175,-0.837710421014875));
#4493=CARTESIAN_POINT('',(58.936654612395657,72.555667698541072,-0.835334800799478));
#4494=CARTESIAN_POINT('',(58.907095932778859,72.560318903466225,-0.830615818867350));
#4495=CARTESIAN_POINT('',(58.877931811873459,72.564891459457911,-0.825904059964396));
#4496=CARTESIAN_POINT('',(58.863534228974601,72.567144562569325,-0.823563927947895));
#4497=CARTESIAN_POINT('',(58.791597291931339,72.578380543829056,-0.811800893808546));
#4498=CARTESIAN_POINT('',(58.722093267069688,72.589127352556844,-0.800078316586517));
#4499=CARTESIAN_POINT('',(58.667944008374761,72.597427100071499,-0.790706544388108));
#4500=CARTESIAN_POINT('',(58.568197900189489,72.612581571247915,-0.772979034743715));
#4501=CARTESIAN_POINT('',(58.473863234466968,72.626671292740909,-0.755291997262362));
#4502=CARTESIAN_POINT('',(58.430494889317558,72.633093816391295,-0.746939097461947));
#4503=CARTESIAN_POINT('',(58.351793589627121,72.644652238416768,-0.731347582991019));
#4504=CARTESIAN_POINT('',(58.277168957653743,72.655442495071213,-0.715712373393235));
#4505=CARTESIAN_POINT('',(58.243413104870243,72.660288088386892,-0.708442991006649));
#4506=CARTESIAN_POINT('',(58.194562547231932,72.667252475613580,-0.697616657994132));
#4507=CARTESIAN_POINT('',(58.147597210987563,72.673882590328859,-0.686732206172536));
#4508=CARTESIAN_POINT('',(58.132455497746811,72.676013310586768,-0.683169726695644));
#4509=CARTESIAN_POINT('',(58.087583846456063,72.682308159922130,-0.672448683019597));
#4510=CARTESIAN_POINT('',(58.044503202627169,72.688297111561923,-0.661652112468914));
#4511=CARTESIAN_POINT('',(58.016558766392123,72.692160516183861,-0.654411073473427));
#4512=CARTESIAN_POINT('',(57.853833503772087,72.714548696591464,-0.610755580384159));
#4513=CARTESIAN_POINT('',(57.718992768772559,72.732579797402508,-0.565229087412492));
#4514=CARTESIAN_POINT('',(57.625195220018263,72.745221453161491,-0.525203230520475));
#4515=CARTESIAN_POINT('',(57.460059466701807,72.768962506120076,-0.431633330185982));
#4516=CARTESIAN_POINT('',(57.378103632743858,72.785964314584021,-0.321583052377167));
#4517=CARTESIAN_POINT('',(57.357521163270512,72.793714028170783,-0.256434002337686));
#4518=CARTESIAN_POINT('',(57.362156644798347,72.802928648451413,-0.150764050716786));
#4519=CARTESIAN_POINT('',(57.419774821270437,72.807722393260789,-0.033477009043892));
#4520=CARTESIAN_POINT('',(57.444428088159292,72.808771636129563,0.006219380254136));
#4521=CARTESIAN_POINT('',(57.505758821491689,72.809700692368381,0.088433122233333));
#4522=CARTESIAN_POINT('',(57.590635562705351,72.807989602736342,0.174524496845453));
#4523=CARTESIAN_POINT('',(57.639422596127993,72.806391244413220,0.218764907988550));
#4524=CARTESIAN_POINT('',(57.741987496740947,72.801904679610359,0.302834074416833));
#4525=CARTESIAN_POINT('',(57.865717835871962,72.794419945941968,0.388708543053318));
#4526=CARTESIAN_POINT('',(57.927917516886502,72.790247971065938,0.428961360682149));
#4527=CARTESIAN_POINT('',(58.062553652920670,72.780386470795193,0.510385675544896));
#4528=CARTESIAN_POINT('',(58.215971355804442,72.767461871554730,0.591863666612571));
#4529=CARTESIAN_POINT('',(58.298051110043779,72.760138918958191,0.632784093486535));
#4530=CARTESIAN_POINT('',(58.474989208443461,72.743504745305074,0.715530537553191));
#4531=CARTESIAN_POINT('',(58.672156043546018,72.723206132830271,0.796402927372467));
#4532=CARTESIAN_POINT('',(58.777795870945873,72.711892734847396,0.836882417498263));
#4533=CARTESIAN_POINT('',(58.981387701793743,72.689244280669328,0.909482027274343));
#4534=CARTESIAN_POINT('',(59.203755162738823,72.662905728311969,0.978549591761747));
#4535=CARTESIAN_POINT('',(59.308772102469248,72.650140275191305,1.009099125703169));
#4536=CARTESIAN_POINT('',(59.500396296980711,72.626246237572488,1.061153411839743));
#4537=CARTESIAN_POINT('',(59.704780801949333,72.599699565706501,1.110050220792615));
#4538=CARTESIAN_POINT('',(59.795290955551607,72.587750269853075,1.130502798606396));
#4539=CARTESIAN_POINT('',(59.946219125122553,72.567492082521056,1.162594601732335));
#4540=CARTESIAN_POINT('',(60.103702344420903,72.545814237499684,1.192910014843115));
#4541=CARTESIAN_POINT('',(60.165120353522909,72.537286013699998,1.204315626812109));
#4542=CARTESIAN_POINT('',(60.258667095022282,72.524179325171886,1.221003171846726));
#4543=CARTESIAN_POINT('',(60.354415186336418,72.510580127828902,1.236981575140553));
#4544=CARTESIAN_POINT('',(60.386542096407993,72.505997682213547,1.242229854608505));
#4545=CARTESIAN_POINT('',(60.449653246378460,72.496958118578789,1.252325199663302));
#4546=CARTESIAN_POINT('',(60.513671510713500,72.487714914815470,1.262132293145496));
#4547=CARTESIAN_POINT('',(60.545070849559998,72.483164108175671,1.266838840886505));
#4548=CARTESIAN_POINT('',(60.599100682435108,72.475309098986813,1.274807508140094));
#4549=CARTESIAN_POINT('',(60.653733541945591,72.467325231448427,1.282635813449702));
#4550=CARTESIAN_POINT('',(60.676509379839409,72.463989866715949,1.285859573168651));
#4551=CARTESIAN_POINT('',(60.736197974052118,72.455226381658861,1.294153221685457));
#4552=CARTESIAN_POINT('',(60.796594626283742,72.446301855379360,1.302146002658339));
#4553=CARTESIAN_POINT('',(60.834105467450939,72.440739028821653,1.306968395417493));
#4554=CARTESIAN_POINT('',(60.917164186473308,72.428386983223817,1.317422628033446));
#4555=CARTESIAN_POINT('',(61.001489282940348,72.415767583096297,1.327521536366609));
#4556=CARTESIAN_POINT('',(61.047840856091383,72.408806831190191,1.332918518229482));
#4557=CARTESIAN_POINT('',(61.094569502627401,72.401764965170628,1.338201598691558));
#4558=CARTESIAN_POINT('',(61.141676863710273,72.394641477736144,1.343368337115571));
#4559=CARTESIAN_POINT('',(60.884303007856033,72.048251518149172,-1.101544342111980));
#4560=CARTESIAN_POINT('',(60.575730896993221,72.105268866636223,-1.081230630156798));
#4561=CARTESIAN_POINT('',(60.280831971328823,72.159577060844327,-1.056846910076249));
#4562=CARTESIAN_POINT('',(60.001282829813150,72.210671956178459,-1.029388111520412));
#4563=CARTESIAN_POINT('',(59.613077390436374,72.280553375218773,-0.987727115797806));
#4564=CARTESIAN_POINT('',(59.260351301437950,72.342733372938696,-0.944821313201462));
#4565=CARTESIAN_POINT('',(59.150354823109303,72.361971904869606,-0.930971883617853));
#4566=CARTESIAN_POINT('',(58.945953628027482,72.397386077748379,-0.904389817426596));
#4567=CARTESIAN_POINT('',(58.755279070628667,72.429743063674564,-0.878060744119343));
#4568=CARTESIAN_POINT('',(58.666895720981813,72.444572389286975,-0.865500488170701));
#4569=CARTESIAN_POINT('',(58.566049028407548,72.461277578739399,-0.850760900634493));
#4570=CARTESIAN_POINT('',(58.469518195892121,72.477002812647370,-0.836154415508256));
#4571=CARTESIAN_POINT('',(58.454735882606577,72.479404351875544,-0.833905406490603));
#4572=CARTESIAN_POINT('',(58.425551522800589,72.484132564653507,-0.829440791602256));
#4573=CARTESIAN_POINT('',(58.396772214701407,72.488769237734999,-0.824989477012674));
#4574=CARTESIAN_POINT('',(58.382568859269803,72.491051144209990,-0.822780553983559));
#4575=CARTESIAN_POINT('',(58.311625698086686,72.502416277477835,-0.811685307461898));
#4576=CARTESIAN_POINT('',(58.243205846041057,72.513212216031064,-0.800668304708966));
#4577=CARTESIAN_POINT('',(58.189996650667240,72.521499029448663,-0.791888921903639));
#4578=CARTESIAN_POINT('',(58.092164925951771,72.536522803971380,-0.775317226838212));
#4579=CARTESIAN_POINT('',(57.999997067880827,72.550272606353857,-0.758836069425179));
#4580=CARTESIAN_POINT('',(57.957712113166458,72.556488862638858,-0.751064413230063));
#4581=CARTESIAN_POINT('',(57.881139624226137,72.567576642298860,-0.736572822156639));
#4582=CARTESIAN_POINT('',(57.808853198089842,72.577739220979083,-0.722059450722559));
#4583=CARTESIAN_POINT('',(57.776227561756848,72.582260224985120,-0.715313636188212));
#4584=CARTESIAN_POINT('',(57.729120614411777,72.588693812252629,-0.705266390123453));
#4585=CARTESIAN_POINT('',(57.683997194764693,72.594724447490620,-0.695158352644681));
#4586=CARTESIAN_POINT('',(57.669467665992478,72.596652158518509,-0.691848985433041));
#4587=CARTESIAN_POINT('',(57.626465390732562,72.602316325168033,-0.681885848723684));
#4588=CARTESIAN_POINT('',(57.585346218354957,72.607612575325163,-0.671838724436112));
#4589=CARTESIAN_POINT('',(57.558749404238377,72.610987611167786,-0.665092392350902));
#4590=CARTESIAN_POINT('',(57.404333838584009,72.630304569248111,-0.624357393798266));
#4591=CARTESIAN_POINT('',(57.279120868108073,72.644463114819686,-0.581436036178767));
#4592=CARTESIAN_POINT('',(57.194048271143153,72.653555752117640,-0.543171709950147));
#4593=CARTESIAN_POINT('',(57.048154394153542,72.669766314222628,-0.452443948932429));
#4594=CARTESIAN_POINT('',(56.984572732898847,72.680491530780870,-0.342845172736116));
#4595=CARTESIAN_POINT('',(56.973158622973223,72.685522392126060,-0.277167752448583));
#4596=CARTESIAN_POINT('',(56.990476210847319,72.691458333122483,-0.169649565654773));
#4597=CARTESIAN_POINT('',(57.059911686908379,72.693786569079649,-0.049317447302922));
#4598=CARTESIAN_POINT('',(57.088381359411187,72.694094802502320,-0.008511660375544));
#4599=CARTESIAN_POINT('',(57.157346788527917,72.693637543163703,0.076114506045980));
#4600=CARTESIAN_POINT('',(57.249863862345080,72.690704720791842,0.164889496853410));
#4601=CARTESIAN_POINT('',(57.302535145852673,72.688520203018584,0.210530670183313));
#4602=CARTESIAN_POINT('',(57.412483342969487,72.682977336522086,0.297278885627222));
#4603=CARTESIAN_POINT('',(57.543877339351383,72.674500296337200,0.385925254397789));
#4604=CARTESIAN_POINT('',(57.609716534950863,72.669877949657518,0.427485094462343));
#4605=CARTESIAN_POINT('',(57.751847410533188,72.659131276787434,0.511583535682412));
#4606=CARTESIAN_POINT('',(57.913077091021059,72.645371063997359,0.595848027720726));
#4607=CARTESIAN_POINT('',(57.999170510638898,72.637639930404291,0.638207893792712));
#4608=CARTESIAN_POINT('',(58.184432432776262,72.620207608740316,0.723985768880535));
#4609=CARTESIAN_POINT('',(58.390143063298552,72.599178140310940,0.808097980812717));
#4610=CARTESIAN_POINT('',(58.500170459054253,72.587501667283419,0.850291902375548));
#4611=CARTESIAN_POINT('',(58.711749436521288,72.564227693999797,0.926082464511634));
#4612=CARTESIAN_POINT('',(58.941886318371033,72.537310543155002,0.998117450624397));
#4613=CARTESIAN_POINT('',(59.050343579163233,72.524294392167519,1.029916269226986));
#4614=CARTESIAN_POINT('',(59.248000881836653,72.499965644188023,1.083845732787739));
#4615=CARTESIAN_POINT('',(59.458204834894367,72.472981869515479,1.133926730021248));
#4616=CARTESIAN_POINT('',(59.551160169032009,72.460845688633739,1.154736062773466));
#4617=CARTESIAN_POINT('',(59.705887132582987,72.440325043605981,1.187252069517780));
#4618=CARTESIAN_POINT('',(59.866957800752203,72.418443539607054,1.217582096079771));
#4619=CARTESIAN_POINT('',(59.929735583101618,72.409835383057796,1.228850624869885));
#4620=CARTESIAN_POINT('',(60.025262471540202,72.396627465558865,1.245263089239782));
#4621=CARTESIAN_POINT('',(60.122890598749493,72.382979545513706,1.261067011252378));
#4622=CARTESIAN_POINT('',(60.155635346965347,72.378384921653733,1.266253481405728));
#4623=CARTESIAN_POINT('',(60.219943159371333,72.369328126247879,1.276211653214516));
#4624=CARTESIAN_POINT('',(60.285148090579291,72.360081935197840,1.285892828477000));
#4625=CARTESIAN_POINT('',(60.317125073010317,72.355532863482722,1.290546191578603));
#4626=CARTESIAN_POINT('',(60.372158384081459,72.347672521269416,1.298333563631867));
#4627=CARTESIAN_POINT('',(60.427825028143459,72.339669548072095,1.305847889254589));
#4628=CARTESIAN_POINT('',(60.451035538789483,72.336323850044451,1.308920436982932));
#4629=CARTESIAN_POINT('',(60.511861097829723,72.327539485758862,1.316885158509937));
#4630=CARTESIAN_POINT('',(60.573405218004723,72.318607157825895,1.324715241413408));
#4631=CARTESIAN_POINT('',(60.611630987573143,72.313041111679254,1.329482249513691));
#4632=CARTESIAN_POINT('',(60.696293689074210,72.300662365212091,1.339717571368019));
#4633=CARTESIAN_POINT('',(60.782283546731733,72.287984815648315,1.349453545365171));
#4634=CARTESIAN_POINT('',(60.829561240525237,72.280985886286103,1.354620771437353));
#4635=CARTESIAN_POINT('',(60.877227794919683,72.273901899436382,1.359654946436571));
#4636=CARTESIAN_POINT('',(60.925279917414223,72.266733848294251,1.364560290203962));
#4637=CARTESIAN_POINT('',(60.251446201640242,71.941922257653857,-1.065420014829411));
#4638=CARTESIAN_POINT('',(59.955632838008967,72.001519392345472,-1.045167606989915));
#4639=CARTESIAN_POINT('',(59.674553979711341,72.058002564417009,-1.022035146900781));
#4640=CARTESIAN_POINT('',(59.408272720895233,72.111390296088260,-0.996130539831021));
#4641=CARTESIAN_POINT('',(59.039542435199998,72.184818158248618,-0.956265623009744));
#4642=CARTESIAN_POINT('',(58.705592908471807,72.250228898495592,-0.915381678126169));
#4643=CARTESIAN_POINT('',(58.601512959636693,72.270471422698932,-0.902183944431590));
#4644=CARTESIAN_POINT('',(58.408340308003417,72.307711546854719,-0.876932526275976));
#4645=CARTESIAN_POINT('',(58.228545945886061,72.341630907300896,-0.852070264698366));
#4646=CARTESIAN_POINT('',(58.145329975030990,72.357123628541771,-0.840262798760515));
#4647=CARTESIAN_POINT('',(58.050598152478699,72.374480252337051,-0.826453621898691));
#4648=CARTESIAN_POINT('',(57.960189015962328,72.390679550617918,-0.812805199315838));
#4649=CARTESIAN_POINT('',(57.946350833800587,72.393149822399010,-0.810704321912921));
#4650=CARTESIAN_POINT('',(57.919043877335938,72.398005754334875,-0.806534786321989));
#4651=CARTESIAN_POINT('',(57.892143329694491,72.402751532636572,-0.802378757464538));
#4652=CARTESIAN_POINT('',(57.878874185557720,72.405082843417475,-0.800316341294015));
#4653=CARTESIAN_POINT('',(57.812633114037673,72.416671944256962,-0.789957657866148));
#4654=CARTESIAN_POINT('',(57.748934210057918,72.427565986640587,-0.779674576473865));
#4655=CARTESIAN_POINT('',(57.699533794226731,72.435842830369722,-0.771473185942855));
#4656=CARTESIAN_POINT('',(57.609006954977602,72.450670925466895,-0.755975587867208));
#4657=CARTESIAN_POINT('',(57.524351418103983,72.463882106919996,-0.740509153888346));
#4658=CARTESIAN_POINT('',(57.485668345444253,72.469763885276265,-0.733197921485629));
#4659=CARTESIAN_POINT('',(57.415927552469569,72.480077870526486,-0.719525372924197));
#4660=CARTESIAN_POINT('',(57.350682929499449,72.489194336802200,-0.705750366493819));
#4661=CARTESIAN_POINT('',(57.321370978695398,72.493172662707877,-0.699328864345333));
#4662=CARTESIAN_POINT('',(57.279253561177633,72.498719691134411,-0.689736168699977));
#4663=CARTESIAN_POINT('',(57.239212911834088,72.503752357426762,-0.680044332607282));
#4664=CARTESIAN_POINT('',(57.226353323403217,72.505342636744729,-0.676866910683197));
#4665=CARTESIAN_POINT('',(57.188393491218108,72.509960697157055,-0.667288268735070));
#4666=CARTESIAN_POINT('',(57.152394639670000,72.514117959890470,-0.657591563663990));
#4667=CARTESIAN_POINT('',(57.129243948751729,72.516696710666807,-0.651064603428123));
#4668=CARTESIAN_POINT('',(56.995619098824413,72.531055785534917,-0.611568288593665));
#4669=CARTESIAN_POINT('',(56.891853130495832,72.539342632537839,-0.569483351297873));
#4670=CARTESIAN_POINT('',(56.824244374197598,72.543679127297324,-0.531846113124152));
#4671=CARTESIAN_POINT('',(56.713538012364758,72.551116531962904,-0.442305518593024));
#4672=CARTESIAN_POINT('',(56.678528356765433,72.556260101308780,-0.333022539127367));
#4673=CARTESIAN_POINT('',(56.680376582286378,72.559172889439139,-0.267100375242248));
#4674=CARTESIAN_POINT('',(56.714928893466890,72.562530998804363,-0.158534343960061));
#4675=CARTESIAN_POINT('',(56.798699419562517,72.562719918463898,-0.036758815677094));
#4676=CARTESIAN_POINT('',(56.831609453800873,72.562348151592829,0.004534000066110));
#4677=CARTESIAN_POINT('',(56.909082425167533,72.560526865148304,0.090091390333506));
#4678=CARTESIAN_POINT('',(57.009351098935348,72.556203335005975,0.179585036027478));
#4679=CARTESIAN_POINT('',(57.065774021452363,72.553299794230739,0.225505087871363));
#4680=CARTESIAN_POINT('',(57.182498282072402,72.546373786577874,0.312586372015571));
#4681=CARTESIAN_POINT('',(57.320247620952003,72.536464481645311,0.401207191622271));
#4682=CARTESIAN_POINT('',(57.388961419925238,72.531168738992633,0.442676400855114));
#4683=CARTESIAN_POINT('',(57.536711776885227,72.519069759971615,0.526449533988682));
#4684=CARTESIAN_POINT('',(57.703167186865990,72.504010450410007,0.610170418223418));
#4685=CARTESIAN_POINT('',(57.791782842992127,72.495649964687473,0.652218982505043));
#4686=CARTESIAN_POINT('',(57.981907635749451,72.477012687763107,0.737343644907162));
#4687=CARTESIAN_POINT('',(58.191792703596853,72.454985146908896,0.820915790559604));
#4688=CARTESIAN_POINT('',(58.303731264201502,72.442869519977634,0.862895323644924));
#4689=CARTESIAN_POINT('',(58.518349092780511,72.418935984701733,0.938530252540923));
#4690=CARTESIAN_POINT('',(58.750514647193583,72.391665395855554,1.010965605249052));
#4691=CARTESIAN_POINT('',(58.859673960821652,72.378554883311054,1.043081352638446));
#4692=CARTESIAN_POINT('',(59.058021976968703,72.354185946473422,1.097788161410631));
#4693=CARTESIAN_POINT('',(59.268021836273228,72.327360369235393,1.148692500306018));
#4694=CARTESIAN_POINT('',(59.360728834546379,72.315325560164055,1.169830276705297));
#4695=CARTESIAN_POINT('',(59.514815906943390,72.294986471543737,1.202589898047692));
#4696=CARTESIAN_POINT('',(59.674822743857668,72.273317836054730,1.232724921309477));
#4697=CARTESIAN_POINT('',(59.737117731519767,72.264806461245087,1.243927081588894));
#4698=CARTESIAN_POINT('',(59.831841348072793,72.251744782987160,1.260095822444506));
#4699=CARTESIAN_POINT('',(59.928573072351021,72.238222046516881,1.275248023584783));
#4700=CARTESIAN_POINT('',(59.961006718698307,72.233668732802684,1.280188735831419));
#4701=CARTESIAN_POINT('',(60.024679272616972,72.224693323446303,1.289625939636756));
#4702=CARTESIAN_POINT('',(60.089196721009813,72.215527684647952,1.298669882016051));
#4703=CARTESIAN_POINT('',(60.120826486900697,72.211017676516178,1.302981956636073));
#4704=CARTESIAN_POINT('',(60.175232085850787,72.203237455044530,1.310245538374689));
#4705=CARTESIAN_POINT('',(60.230215742425429,72.195336093878737,1.317325339291553));
#4706=CARTESIAN_POINT('',(60.253133591726382,72.192036191605354,1.320232125841039));
#4707=CARTESIAN_POINT('',(60.313185361473309,72.183367756508545,1.327681685470951));
#4708=CARTESIAN_POINT('',(60.373928045963112,72.174544888852523,1.334795148429576));
#4709=CARTESIAN_POINT('',(60.411646894343782,72.169047335663691,1.339068543321296));
#4710=CARTESIAN_POINT('',(60.495147821973973,72.156845928835793,1.348319588713068));
#4711=CARTESIAN_POINT('',(60.579875171187247,72.144393407395754,1.357230282399394));
#4712=CARTESIAN_POINT('',(60.626431330474773,72.137528887497211,1.361987555629574));
#4713=CARTESIAN_POINT('',(60.673348062233892,72.130589000365504,1.366642095165316));
#4714=CARTESIAN_POINT('',(60.720626054396689,72.123573564488538,1.371193429954279));
#4715=CARTESIAN_POINT('',(60.066333128148067,71.910867267077037,-1.054105012522149));
#4716=CARTESIAN_POINT('',(59.774610963608673,71.971275124298501,-1.033649187028942));
#4717=CARTESIAN_POINT('',(59.497928136154137,72.028490646652600,-1.010693317362067));
#4718=CARTESIAN_POINT('',(59.236486097281578,72.082388765100703,-0.985256311931908));
#4719=CARTESIAN_POINT('',(58.874177638131961,72.156797013112993,-0.945696050201412));
#4720=CARTESIAN_POINT('',(58.546589184684599,72.223124101580638,-0.905378920493031));
#4721=CARTESIAN_POINT('',(58.444538257175267,72.243658594942275,-0.892367946179266));
#4722=CARTESIAN_POINT('',(58.255173152750068,72.281454858244487,-0.867495655033122));
#4723=CARTESIAN_POINT('',(58.079095943168028,72.315843424052488,-0.843062129493100));
#4724=CARTESIAN_POINT('',(57.997638300968063,72.331541313554098,-0.831464796940320));
#4725=CARTESIAN_POINT('',(57.904959324810306,72.349109719069688,-0.817920019091223));
#4726=CARTESIAN_POINT('',(57.816598094934477,72.365465485196253,-0.804539958970173));
#4727=CARTESIAN_POINT('',(57.803075710659527,72.367958542772556,-0.802480615698829));
#4728=CARTESIAN_POINT('',(57.776396955093070,72.372856928376692,-0.798393584824165));
#4729=CARTESIAN_POINT('',(57.750125361002723,72.377639735485388,-0.794320782020853));
#4730=CARTESIAN_POINT('',(57.737168992753823,72.379988187313586,-0.792300244418824));
#4731=CARTESIAN_POINT('',(57.672503215561413,72.391656283952202,-0.782151924141024));
#4732=CARTESIAN_POINT('',(57.610391678620203,72.402591110473779,-0.772073832211251));
#4733=CARTESIAN_POINT('',(57.562272174529717,72.410874807494764,-0.764035985153370));
#4734=CARTESIAN_POINT('',(57.474197761431888,72.425660720157950,-0.748830831139619));
#4735=CARTESIAN_POINT('',(57.392053459621494,72.438717523696965,-0.733619888221495));
#4736=CARTESIAN_POINT('',(57.354572600211966,72.444500712963034,-0.726420428895175));
#4737=CARTESIAN_POINT('',(57.287106715543537,72.454582176783902,-0.712937304520997));
#4738=CARTESIAN_POINT('',(57.224199696453233,72.463378242035077,-0.699317133636374));
#4739=CARTESIAN_POINT('',(57.195986090331253,72.467189504203546,-0.692959944509091));
#4740=CARTESIAN_POINT('',(57.155519198550778,72.472462292502840,-0.683452247247348));
#4741=CARTESIAN_POINT('',(57.117155715137280,72.477185558041967,-0.673830754346038));
#4742=CARTESIAN_POINT('',(57.104846739459333,72.478671165147674,-0.670674821831713));
#4743=CARTESIAN_POINT('',(57.068547863664961,72.482964793637052,-0.661156496703274));
#4744=CARTESIAN_POINT('',(57.034231244336418,72.486768557063030,-0.651508113737516));
#4745=CARTESIAN_POINT('',(57.012210017657708,72.489100356685313,-0.645008973959004));
#4746=CARTESIAN_POINT('',(56.885387612373187,72.501924624704017,-0.605656018943268));
#4747=CARTESIAN_POINT('',(56.788545712690549,72.508417816155116,-0.563602590813543));
#4748=CARTESIAN_POINT('',(56.726480707791147,72.511352519194247,-0.526013320777598));
#4749=CARTESIAN_POINT('',(56.626782760979680,72.516305966004055,-0.436621882304261));
#4750=CARTESIAN_POINT('',(56.600453962260588,72.520018230597643,-0.327414224964128));
#4751=CARTESIAN_POINT('',(56.606279387364090,72.522418091035945,-0.261454623414005));
#4752=CARTESIAN_POINT('',(56.645944397658660,72.525141171822327,-0.152676924586844));
#4753=CARTESIAN_POINT('',(56.733870024332560,72.524778616629163,-0.030651968636186));
#4754=CARTESIAN_POINT('',(56.768055211402128,72.524227280963146,0.010717639327345));
#4755=CARTESIAN_POINT('',(56.847945543202279,72.522038220222683,0.096396370710360));
#4756=CARTESIAN_POINT('',(56.950361627552837,72.517323809619100,0.185910545052136));
#4757=CARTESIAN_POINT('',(57.007808415172519,72.514214776457479,0.231806780637359));
#4758=CARTESIAN_POINT('',(57.126350540281663,72.506888268295867,0.318770579501264));
#4759=CARTESIAN_POINT('',(57.265741019617359,72.496558084981061,0.407137520386533));
#4760=CARTESIAN_POINT('',(57.335181528326757,72.491063746569097,0.448458889389667));
#4761=CARTESIAN_POINT('',(57.484319124972679,72.478565571923824,0.531879126124087));
#4762=CARTESIAN_POINT('',(57.651990144916731,72.463124888546133,0.615157149596369));
#4763=CARTESIAN_POINT('',(57.741170459301571,72.454580721515313,0.656965134003220));
#4764=CARTESIAN_POINT('',(57.932334776588071,72.435595964580671,0.741580570953603));
#4765=CARTESIAN_POINT('',(58.142998615174641,72.413293168185902,0.824655444834866));
#4766=CARTESIAN_POINT('',(58.255251678017203,72.401058988376221,0.866387193972424));
#4767=CARTESIAN_POINT('',(58.470281410142363,72.376962739438540,0.941652260822104));
#4768=CARTESIAN_POINT('',(58.702500160665828,72.349637016674649,1.013917943618334));
#4769=CARTESIAN_POINT('',(58.811592774862319,72.336527033535191,1.046010705448953));
#4770=CARTESIAN_POINT('',(59.009695659422682,72.312205237965230,1.100799964574676));
#4771=CARTESIAN_POINT('',(59.219192834195738,72.285497977318542,1.152009631683192));
#4772=CARTESIAN_POINT('',(59.311627741693307,72.273523961833732,1.173295536788957));
#4773=CARTESIAN_POINT('',(59.465172888746771,72.253313187530622,1.206436259318582));
#4774=CARTESIAN_POINT('',(59.624550788575782,72.231765722944047,1.236597151875807));
#4775=CARTESIAN_POINT('',(59.686615137725042,72.223275657705983,1.247569229455489));
#4776=CARTESIAN_POINT('',(59.780959636122667,72.210244697529532,1.263287837636961));
#4777=CARTESIAN_POINT('',(59.877210467023701,72.196800426078809,1.278249754464808));
#4778=CARTESIAN_POINT('',(59.909477101971383,72.192275033328499,1.283126028460302));
#4779=CARTESIAN_POINT('',(59.972814581270590,72.183355819383507,1.292415113195018));
#4780=CARTESIAN_POINT('',(60.036964515009963,72.174259524096456,1.301358542334897));
#4781=CARTESIAN_POINT('',(60.068406006631889,72.169787367923703,1.305643778751615));
#4782=CARTESIAN_POINT('',(60.122496452722991,72.162055160949649,1.312698340279054));
#4783=CARTESIAN_POINT('',(60.177168841003578,72.154180073870478,1.319340778400171));
#4784=CARTESIAN_POINT('',(60.199957456126853,72.150887962545823,1.322031229823193));
#4785=CARTESIAN_POINT('',(60.259646085798977,72.142257819517837,1.329064588335608));
#4786=CARTESIAN_POINT('',(60.319964505646539,72.133516183370475,1.336131346681979));
#4787=CARTESIAN_POINT('',(60.357406249893970,72.128078953549988,1.340472945006183));
#4788=CARTESIAN_POINT('',(60.440313632734522,72.115986897307678,1.349688274024055));
#4789=CARTESIAN_POINT('',(60.524475833673833,72.103617452000265,1.358340426226280));
#4790=CARTESIAN_POINT('',(60.570735756093192,72.096796502173859,1.362929249593394));
#4791=CARTESIAN_POINT('',(60.617360056420161,72.089900952999372,1.367417775548339));
#4792=CARTESIAN_POINT('',(60.664342944026970,72.082931611428307,1.371819095166920));
#4793=CARTESIAN_POINT('',(59.739423344446926,71.855091740069952,-1.033089507102489));
#4794=CARTESIAN_POINT('',(59.456051133326262,71.916689060031416,-1.012306408292384));
#4795=CARTESIAN_POINT('',(59.187979512315827,71.975030894918191,-0.989280619620380));
#4796=CARTESIAN_POINT('',(58.935204204648542,72.030133797950313,-0.964098229576798));
#4797=CARTESIAN_POINT('',(58.585894505190787,72.106194854341609,-0.925264428730476));
#4798=CARTESIAN_POINT('',(58.270796805024453,72.174256436001926,-0.885681677405427));
#4799=CARTESIAN_POINT('',(58.172736114605911,72.195336486312868,-0.872948654403400));
#4800=CARTESIAN_POINT('',(57.990955772165513,72.234134226717273,-0.848666144948799));
#4801=CARTESIAN_POINT('',(57.822239792438417,72.269427067658654,-0.824934994542504));
#4802=CARTESIAN_POINT('',(57.744270976746222,72.285523941349339,-0.813706162665656));
#4803=CARTESIAN_POINT('',(57.655681559702558,72.303502485398653,-0.800613341978331));
#4804=CARTESIAN_POINT('',(57.571395453192601,72.320178486806967,-0.787694137586080));
#4805=CARTESIAN_POINT('',(57.558501177971813,72.322718659325986,-0.785705888802588));
#4806=CARTESIAN_POINT('',(57.533070504868661,72.327706230524683,-0.781760862803271));
#4807=CARTESIAN_POINT('',(57.508047059199690,72.332568155581541,-0.777828711054320));
#4808=CARTESIAN_POINT('',(57.495711370936100,72.334953110549336,-0.775876789759339));
#4809=CARTESIAN_POINT('',(57.434168588269763,72.346791681297049,-0.766072682831214));
#4810=CARTESIAN_POINT('',(57.375186594943663,72.357830069489879,-0.756336885204466));
#4811=CARTESIAN_POINT('',(57.329593434726462,72.366143725715546,-0.748551704701130));
#4812=CARTESIAN_POINT('',(57.246357528769011,72.380878197435152,-0.733790581897703));
#4813=CARTESIAN_POINT('',(57.169170316146733,72.393668385177875,-0.718930505147662));
#4814=CARTESIAN_POINT('',(57.134062737422951,72.399275057069886,-0.711871679814427));
#4815=CARTESIAN_POINT('',(57.071090106973152,72.408931885624526,-0.698602376393807));
#4816=CARTESIAN_POINT('',(57.012798431460119,72.417130194246852,-0.685104517120373));
#4817=CARTESIAN_POINT('',(56.986753035625433,72.420627618075073,-0.678784695609366));
#4818=CARTESIAN_POINT('',(56.949543764733072,72.425383803657397,-0.669305449205615));
#4819=CARTESIAN_POINT('',(56.914487181647480,72.429521828111291,-0.659677293804418));
#4820=CARTESIAN_POINT('',(56.903263343531769,72.430809331102751,-0.656515654804932));
#4821=CARTESIAN_POINT('',(56.870237084902953,72.434488150312959,-0.646970387659055));
#4822=CARTESIAN_POINT('',(56.839229144317677,72.437622685952874,-0.637268565401896));
#4823=CARTESIAN_POINT('',(56.819427809378382,72.439487189725739,-0.630723951561894));
#4824=CARTESIAN_POINT('',(56.705948769226850,72.449413969118780,-0.591057377261558));
#4825=CARTESIAN_POINT('',(56.622540760572093,72.452578252324798,-0.548520230385921));
#4826=CARTESIAN_POINT('',(56.571017533905980,72.453044526919598,-0.510724989534332));
#4827=CARTESIAN_POINT('',(56.491872812953147,72.453894774913110,-0.421181978980922));
#4828=CARTESIAN_POINT('',(56.481277218708193,72.455572703300746,-0.312087994959063));
#4829=CARTESIAN_POINT('',(56.494252024790548,72.457286484332755,-0.246145773888030));
#4830=CARTESIAN_POINT('',(56.543030560969207,72.459121738077044,-0.137193706219399));
#4831=CARTESIAN_POINT('',(56.638221031870913,72.457917520773776,-0.015064595682192));
#4832=CARTESIAN_POINT('',(56.674616559556497,72.457084013678781,0.026314703228134));
#4833=CARTESIAN_POINT('',(56.758654418289801,72.454301621786144,0.111919503713533));
#4834=CARTESIAN_POINT('',(56.864656433628660,72.448931798327678,0.201116770797359));
#4835=CARTESIAN_POINT('',(56.923783776915279,72.445473241684965,0.246776974702041));
#4836=CARTESIAN_POINT('',(57.045248086380752,72.437459039680277,0.333144432922013));
#4837=CARTESIAN_POINT('',(57.187144939125197,72.426400569403427,0.420630268102126));
#4838=CARTESIAN_POINT('',(57.257662290476297,72.420562577281345,0.461480648754771));
#4839=CARTESIAN_POINT('',(57.408780293465952,72.407376788725244,0.543839167493784));
#4840=CARTESIAN_POINT('',(57.578018254106453,72.391290288790898,0.625863371410994));
#4841=CARTESIAN_POINT('',(57.667875137392009,72.382439615077871,0.666999897100595));
#4842=CARTESIAN_POINT('',(57.860162850761057,72.362887196558901,0.750193076813878));
#4843=CARTESIAN_POINT('',(58.071362251863746,72.340158589597678,0.831769175209058));
#4844=CARTESIAN_POINT('',(58.183724357992872,72.327757599448304,0.872773795629700));
#4845=CARTESIAN_POINT('',(58.398593859433703,72.303451454254997,0.946750619514672));
#4846=CARTESIAN_POINT('',(58.629942452192950,72.276125318344612,1.018027958205484));
#4847=CARTESIAN_POINT('',(58.738488073757793,72.263061499612789,1.049754113903336));
#4848=CARTESIAN_POINT('',(58.935325444866812,72.238912772574849,1.104137488208119));
#4849=CARTESIAN_POINT('',(59.143021359248387,72.212541359174296,1.155334643311339));
#4850=CARTESIAN_POINT('',(59.234580550300151,72.200745812429759,1.176722773673857));
#4851=CARTESIAN_POINT('',(59.386572510727348,72.180854936654256,1.209978998953203));
#4852=CARTESIAN_POINT('',(59.544079701464327,72.159728910093861,1.240847494961459));
#4853=CARTESIAN_POINT('',(59.605329875380001,72.151461180120776,1.252541095008659));
#4854=CARTESIAN_POINT('',(59.698431892791113,72.138750312507725,1.269233881017072));
#4855=CARTESIAN_POINT('',(59.793516604656062,72.125490387369680,1.283945900593814));
#4856=CARTESIAN_POINT('',(59.825393360716141,72.121018701076295,1.288661631399023));
#4857=CARTESIAN_POINT('',(59.887957233836808,72.112195111770006,1.297540587450267));
#4858=CARTESIAN_POINT('',(59.951332084013032,72.103161828847078,1.305734275024265));
#4859=CARTESIAN_POINT('',(59.982397342345159,72.098712260282866,1.309563681692786));
#4860=CARTESIAN_POINT('',(60.035795776238622,72.091058669550279,1.316140693919203));
#4861=CARTESIAN_POINT('',(60.089707863329878,72.083316508424801,1.322724155901294));
#4862=CARTESIAN_POINT('',(60.112170529868301,72.080087732864598,1.325454970524533));
#4863=CARTESIAN_POINT('',(60.171037015450551,72.071587912731729,1.332253236087491));
#4864=CARTESIAN_POINT('',(60.230589390714961,72.062896373540084,1.338269757223162));
#4865=CARTESIAN_POINT('',(60.267560629306693,72.057474854078706,1.341775879348075));
#4866=CARTESIAN_POINT('',(60.349331026918698,72.045483946519610,1.349640426060440));
#4867=CARTESIAN_POINT('',(60.432166754480740,72.033307016474993,1.357644560855437));
#4868=CARTESIAN_POINT('',(60.477649777886690,72.026605232764993,1.362025609260851));
#4869=CARTESIAN_POINT('',(60.523457094212517,72.019836682136884,1.366375965759118));
#4870=CARTESIAN_POINT('',(60.569593391443377,72.012999370389366,1.370668058792112));
#4871=CARTESIAN_POINT('',(59.393998922225073,71.794318464417557,-1.008494355963621));
#4872=CARTESIAN_POINT('',(59.120528808901327,71.857060606537203,-0.987286821440812));
#4873=CARTESIAN_POINT('',(58.862700643356767,71.916460627278298,-0.964210595958574));
#4874=CARTESIAN_POINT('',(58.620554231978069,71.972517965596566,-0.939326023893793));
#4875=CARTESIAN_POINT('',(58.286686843061659,72.050310760414490,-0.900871334770089));
#4876=CARTESIAN_POINT('',(57.987100978740393,72.120016613949375,-0.861945001655102));
#4877=CARTESIAN_POINT('',(57.894013486943933,72.141636599262171,-0.849425993326438));
#4878=CARTESIAN_POINT('',(57.721718518528228,72.181432313846344,-0.825640844708529));
#4879=CARTESIAN_POINT('',(57.562305972947790,72.217639488815948,-0.802571252778961));
#4880=CARTESIAN_POINT('',(57.488747880472047,72.234146629468583,-0.791702460111243));
#4881=CARTESIAN_POINT('',(57.405308609349213,72.252565912812400,-0.779089602913961));
#4882=CARTESIAN_POINT('',(57.326131064450593,72.269596835505752,-0.766652517339720));
#4883=CARTESIAN_POINT('',(57.314023723786732,72.272189583745046,-0.764738521976533));
#4884=CARTESIAN_POINT('',(57.290156795221378,72.277276822111816,-0.760939383046683));
#4885=CARTESIAN_POINT('',(57.266695146115467,72.282229146551771,-0.757151769244892));
#4886=CARTESIAN_POINT('',(57.255135074572912,72.284656910999772,-0.755272309543296));
#4887=CARTESIAN_POINT('',(57.197493967857483,72.296697288773188,-0.745826074302041));
#4888=CARTESIAN_POINT('',(57.142421336710363,72.307863608275824,-0.736401596124094));
#4889=CARTESIAN_POINT('',(57.099971087882437,72.316227942401895,-0.728836980598154));
#4890=CARTESIAN_POINT('',(57.022748287311757,72.330934907908500,-0.714376752351019));
#4891=CARTESIAN_POINT('',(56.951722878025834,72.343438495235205,-0.699576738622752));
#4892=CARTESIAN_POINT('',(56.919567262172720,72.348847160673898,-0.692487030736131));
#4893=CARTESIAN_POINT('',(56.862189754142321,72.358012412914889,-0.679048712870024));
#4894=CARTESIAN_POINT('',(56.809657930342951,72.365497355466303,-0.665198544752681));
#4895=CARTESIAN_POINT('',(56.786320486892521,72.368617219148774,-0.658679622558814));
#4896=CARTESIAN_POINT('',(56.753181317719452,72.372748007598901,-0.648862336255108));
#4897=CARTESIAN_POINT('',(56.722253727498227,72.376176946023620,-0.638848316370586));
#4898=CARTESIAN_POINT('',(56.712384376830123,72.377224433363466,-0.635556356686508));
#4899=CARTESIAN_POINT('',(56.683439686403979,72.380159907696225,-0.625609366538050));
#4900=CARTESIAN_POINT('',(56.656549563486656,72.382488556594168,-0.615481081036724));
#4901=CARTESIAN_POINT('',(56.639502844903767,72.383794391173581,-0.608647633991585));
#4902=CARTESIAN_POINT('',(56.542528095484222,72.390287774111215,-0.567253195006632));
#4903=CARTESIAN_POINT('',(56.475317121319328,72.389748805097682,-0.523142520645000));
#4904=CARTESIAN_POINT('',(56.435873271193778,72.387903056525161,-0.484580754030874));
#4905=CARTESIAN_POINT('',(56.379809284208697,72.385345778299609,-0.394040077268072));
#4906=CARTESIAN_POINT('',(56.386281665142050,72.385906418428078,-0.285139008809523));
#4907=CARTESIAN_POINT('',(56.406967610226729,72.387309067894449,-0.219443869883568));
#4908=CARTESIAN_POINT('',(56.465534105185121,72.388568531258855,-0.110757605828582));
#4909=CARTESIAN_POINT('',(56.568334619233028,72.386653048980435,0.010780224239753));
#4910=CARTESIAN_POINT('',(56.607014752922950,72.385568250287250,0.051910686647554));
#4911=CARTESIAN_POINT('',(56.695269364153781,72.382236880686023,0.136855532816756));
#4912=CARTESIAN_POINT('',(56.804750258137517,72.376225539691774,0.225028199878402));
#4913=CARTESIAN_POINT('',(56.865455778187012,72.372418634752705,0.270067076439381));
#4914=CARTESIAN_POINT('',(56.989542890534167,72.363716275457705,0.355081270912451));
#4915=CARTESIAN_POINT('',(57.133424225497173,72.351936629694094,0.440877657779166));
#4916=CARTESIAN_POINT('',(57.204723152889173,72.345762182013743,0.480872510837166));
#4917=CARTESIAN_POINT('',(57.357116636257132,72.331914497941895,0.561379461954650));
#4918=CARTESIAN_POINT('',(57.526988062619637,72.315238582491730,0.641335961485761));
#4919=CARTESIAN_POINT('',(57.616991257070083,72.306119642487801,0.681386517892926));
#4920=CARTESIAN_POINT('',(57.809223345049801,72.286097051459919,0.762276192464251));
#4921=CARTESIAN_POINT('',(58.019519028443312,72.263093561127093,0.841517190396278));
#4922=CARTESIAN_POINT('',(58.131189466950119,72.250607778208746,0.881311910879087));
#4923=CARTESIAN_POINT('',(58.344343566981017,72.226265860366851,0.953131695439679));
#4924=CARTESIAN_POINT('',(58.573107030723229,72.199130196980192,1.022421589954377));
#4925=CARTESIAN_POINT('',(58.680287497700078,72.186202784360148,1.053303979457991));
#4926=CARTESIAN_POINT('',(58.874389320007523,72.162384262075193,1.106341314300346));
#4927=CARTESIAN_POINT('',(59.078745351047637,72.136509910446136,1.156604607980583));
#4928=CARTESIAN_POINT('',(59.168753212271923,72.124957683172525,1.177655401118226));
#4929=CARTESIAN_POINT('',(59.318014870210199,72.105526417879133,1.210676468120214));
#4930=CARTESIAN_POINT('',(59.472582292748463,72.084882054517792,1.240979603957426));
#4931=CARTESIAN_POINT('',(59.532742630950509,72.076741511238538,1.251916931718729));
#4932=CARTESIAN_POINT('',(59.624086943750711,72.064292587726030,1.267912895801939));
#4933=CARTESIAN_POINT('',(59.717137336643262,72.051496800807598,1.283538531509734));
#4934=CARTESIAN_POINT('',(59.748322153533152,72.047189177937128,1.288635066137406));
#4935=CARTESIAN_POINT('',(59.809533787991491,72.038683110808734,1.298220662158083));
#4936=CARTESIAN_POINT('',(59.871533235719397,72.029963551136845,1.307060699382029));
#4937=CARTESIAN_POINT('',(59.901924936000000,72.025661491435670,1.311155304416322));
#4938=CARTESIAN_POINT('',(59.954232171831613,72.018179865985985,1.317484812755931));
#4939=CARTESIAN_POINT('',(60.007116936313267,72.010509530854250,1.322887048211325));
#4940=CARTESIAN_POINT('',(60.029160479434921,72.007296830380085,1.324990459166101));
#4941=CARTESIAN_POINT('',(60.086873639142638,71.998883269349250,1.330506452787902));
#4942=CARTESIAN_POINT('',(60.145123933484143,71.990393720570353,1.336183879062663));
#4943=CARTESIAN_POINT('',(60.181253204998377,71.985128418508779,1.339738999933185));
#4944=CARTESIAN_POINT('',(60.261201265602907,71.973436346137319,1.347285983796886));
#4945=CARTESIAN_POINT('',(60.342226646136773,71.961519317786497,1.354531287232582));
#4946=CARTESIAN_POINT('',(60.386725186200159,71.954953448288023,1.358406502113696));
#4947=CARTESIAN_POINT('',(60.431549889923900,71.948318325928938,1.362206929542704));
#4948=CARTESIAN_POINT('',(60.476703175655977,71.941613652059687,1.365930629491298));
#4949=CARTESIAN_POINT('',(59.249421092469923,71.768523444937117,-0.997792508966687));
#4950=CARTESIAN_POINT('',(58.980283704128503,71.831720015822555,-0.976442418264717));
#4951=CARTESIAN_POINT('',(58.726893754306538,71.891552355813147,-0.953326836984052));
#4952=CARTESIAN_POINT('',(58.489315009708939,71.947986377076177,-0.928547415127676));
#4953=CARTESIAN_POINT('',(58.162283298941567,72.026407894462551,-0.890280591853037));
#4954=CARTESIAN_POINT('',(57.869523664032563,72.096781168587910,-0.851577339592143));
#4955=CARTESIAN_POINT('',(57.778646382348853,72.118600072191299,-0.839147256374990));
#4956=CARTESIAN_POINT('',(57.610576549589489,72.158796917825157,-0.815545228998865));
#4957=CARTESIAN_POINT('',(57.455317517338067,72.195361945054842,-0.792736755685528));
#4958=CARTESIAN_POINT('',(57.383730902717517,72.212033506749876,-0.782020325749744));
#4959=CARTESIAN_POINT('',(57.302594055075232,72.230628273353901,-0.769605706681860));
#4960=CARTESIAN_POINT('',(57.225697625944647,72.247803862294603,-0.757374629736416));
#4961=CARTESIAN_POINT('',(57.213941556932873,72.250418175421657,-0.755492405499325));
#4962=CARTESIAN_POINT('',(57.190771240300833,72.255547294326689,-0.751758414173057));
#4963=CARTESIAN_POINT('',(57.168005456906378,72.260537376556385,-0.748032880136533));
#4964=CARTESIAN_POINT('',(57.156791672994842,72.262982222677721,-0.746180955002604));
#4965=CARTESIAN_POINT('',(57.100890760096419,72.275104098140503,-0.736873392162052));
#4966=CARTESIAN_POINT('',(57.047549192261499,72.286330670311415,-0.727591615234637));
#4967=CARTESIAN_POINT('',(57.006496742540037,72.294716073206416,-0.720100950234296));
#4968=CARTESIAN_POINT('',(56.931945346170750,72.309411972724490,-0.705727730722031));
#4969=CARTESIAN_POINT('',(56.863655968677037,72.321792429497521,-0.690884600103858));
#4970=CARTESIAN_POINT('',(56.832811950986851,72.327114945322435,-0.683741407087413));
#4971=CARTESIAN_POINT('',(56.777921446934293,72.336065186283548,-0.670146335158122));
#4972=CARTESIAN_POINT('',(56.727952221787241,72.343235478273897,-0.656044473591739));
#4973=CARTESIAN_POINT('',(56.705820603068389,72.346187971912997,-0.649391327665669));
#4974=CARTESIAN_POINT('',(56.674493927818112,72.350041753074805,-0.639354311154032));
#4975=CARTESIAN_POINT('',(56.645405181798381,72.353156304601413,-0.629099768611347));
#4976=CARTESIAN_POINT('',(56.636138889798673,72.354097502324919,-0.625727428008911));
#4977=CARTESIAN_POINT('',(56.609012159504921,72.356703179952959,-0.615534967153807));
#4978=CARTESIAN_POINT('',(56.583952795107599,72.358676574317556,-0.605153609893111));
#4979=CARTESIAN_POINT('',(56.568130646373902,72.359736223196606,-0.598150589281229));
#4980=CARTESIAN_POINT('',(56.478477763559248,72.364725978537834,-0.555756414542987));
#4981=CARTESIAN_POINT('',(56.418367828368389,72.362620171005631,-0.510794377827791));
#4982=CARTESIAN_POINT('',(56.384102563243673,72.359884793234400,-0.471811744404850));
#4983=CARTESIAN_POINT('',(56.337870503751112,72.356102443063776,-0.380702170872502));
#4984=CARTESIAN_POINT('',(56.351534108142133,72.356388369722950,-0.271903843455743));
#4985=CARTESIAN_POINT('',(56.375468417048502,72.357733292851819,-0.206360727826008));
#4986=CARTESIAN_POINT('',(56.438159682667951,72.358808683372843,-0.097871692140562));
#4987=CARTESIAN_POINT('',(56.544141807782481,72.356619568882678,0.023287474290031));
#4988=CARTESIAN_POINT('',(56.583772020988853,72.355436123120043,0.064265733711480));
#4989=CARTESIAN_POINT('',(56.673769051920587,72.351885829586138,0.148827768055679));
#4990=CARTESIAN_POINT('',(56.784659351715092,72.345613548427124,0.236447600334969));
#4991=CARTESIAN_POINT('',(56.845995009679761,72.341663964470939,0.281159870414847));
#4992=CARTESIAN_POINT('',(56.971105791061852,72.332680540352399,0.365480969578697));
#4993=CARTESIAN_POINT('',(57.115707867146853,72.320609674672724,0.450442107593924));
#4994=CARTESIAN_POINT('',(57.187274938488301,72.314300735946020,0.490019960032667));
#4995=CARTESIAN_POINT('',(57.340073665892533,72.300191111041059,0.569634761593492));
#4996=CARTESIAN_POINT('',(57.510044407529293,72.283289381808345,0.648606651807288));
#4997=CARTESIAN_POINT('',(57.600021167690592,72.274069531196176,0.688138373075626));
#4998=CARTESIAN_POINT('',(57.791989780018113,72.253879851571938,0.767967845918132));
#4999=CARTESIAN_POINT('',(58.001661245810077,72.230793469316183,0.846101783833445));
#5000=CARTESIAN_POINT('',(58.112904881690589,72.218292405512713,0.885344103731976));
#5001=CARTESIAN_POINT('',(58.325080283320943,72.193970707894607,0.956147317356591));
#5002=CARTESIAN_POINT('',(58.552481517131177,72.166950589087563,1.024479948953607));
#5003=CARTESIAN_POINT('',(58.658963334382321,72.154095279698268,1.054939691562334));
#5004=CARTESIAN_POINT('',(58.851689477258503,72.130439204946143,1.107287363960808));
#5005=CARTESIAN_POINT('',(59.054417906116029,72.104786085131252,1.156943384778569));
#5006=CARTESIAN_POINT('',(59.143674495499013,72.093342353950703,1.177779262026094));
#5007=CARTESIAN_POINT('',(59.291668957163218,72.074094044515746,1.210395874170364));
#5008=CARTESIAN_POINT('',(59.444810380138968,72.053689162629809,1.240680452474723));
#5009=CARTESIAN_POINT('',(59.504310950228032,72.045724678076226,1.252292921995527));
#5010=CARTESIAN_POINT('',(59.594832134661488,72.033375357585626,1.267932473372720));
#5011=CARTESIAN_POINT('',(59.687182325486020,72.020537197350166,1.281885882493637));
#5012=CARTESIAN_POINT('',(59.718114188977587,72.016228272302243,1.286512291756748));
#5013=CARTESIAN_POINT('',(59.778737422297787,72.007796783017639,1.295847197582281));
#5014=CARTESIAN_POINT('',(59.840073058045952,71.999219821988774,1.305059595075625));
#5015=CARTESIAN_POINT('',(59.870131404503148,71.994999742533736,1.309465356987931));
#5016=CARTESIAN_POINT('',(59.921878113624288,71.987660139632439,1.316289170950814));
#5017=CARTESIAN_POINT('',(59.974248298002081,71.980100671535268,1.321784443334710));
#5018=CARTESIAN_POINT('',(59.996087741767283,71.976926529564679,1.323836096250475));
#5019=CARTESIAN_POINT('',(60.053292579949293,71.968590372400044,1.328990541492292));
#5020=CARTESIAN_POINT('',(60.111070711115310,71.960137939541809,1.333953552378485));
#5021=CARTESIAN_POINT('',(60.146894612210588,71.954903593593144,1.337180926867208));
#5022=CARTESIAN_POINT('',(60.226139070626459,71.943307082269484,1.344312130875804));
#5023=CARTESIAN_POINT('',(60.306445242512360,71.931499566947124,1.351320267311753));
#5024=CARTESIAN_POINT('',(60.350553186405470,71.924994147354994,1.355050430038499));
#5025=CARTESIAN_POINT('',(60.394982646093382,71.918420258585385,1.358684739486254));
#5026=CARTESIAN_POINT('',(60.439733314437603,71.911777581866261,1.362224197349040));
#5027=CARTESIAN_POINT('',(59.007333650934022,71.724653712307600,-0.979191440258755));
#5028=CARTESIAN_POINT('',(58.745686963512803,71.788585505984997,-0.957627035424261));
#5029=CARTESIAN_POINT('',(58.499971000573979,71.849114337543739,-0.934478648013220));
#5030=CARTESIAN_POINT('',(58.270211151207121,71.906230237974725,-0.909819022408370));
#5031=CARTESIAN_POINT('',(57.954989643327792,71.985586749086139,-0.871880397587022));
#5032=CARTESIAN_POINT('',(57.674304475596571,72.056902225566972,-0.833574901522085));
#5033=CARTESIAN_POINT('',(57.587344980990473,72.079019355879609,-0.821279901157914));
#5034=CARTESIAN_POINT('',(57.426808491996113,72.119754547378420,-0.797966948408233));
#5035=CARTESIAN_POINT('',(57.279013960516806,72.156815421304913,-0.775587654750419));
#5036=CARTESIAN_POINT('',(57.210976089704609,72.173707758167041,-0.765111292064024));
#5037=CARTESIAN_POINT('',(57.133965784433663,72.192557943131348,-0.753061003428026));
#5038=CARTESIAN_POINT('',(57.061148206532238,72.209948747185038,-0.741193178926568));
#5039=CARTESIAN_POINT('',(57.050019961865942,72.212595165552443,-0.739366865908994));
#5040=CARTESIAN_POINT('',(57.028097930833823,72.217784169862043,-0.735737165124029));
#5041=CARTESIAN_POINT('',(57.006576063662948,72.222830368035545,-0.732117497661839));
#5042=CARTESIAN_POINT('',(56.995978506477790,72.225303255609290,-0.730323099407090));
#5043=CARTESIAN_POINT('',(56.943176516043543,72.237557264310595,-0.721290860981832));
#5044=CARTESIAN_POINT('',(56.892938034708578,72.248863968666100,-0.712197439753954));
#5045=CARTESIAN_POINT('',(56.854366011883030,72.257287636942280,-0.704838277761992));
#5046=CARTESIAN_POINT('',(56.784554096968151,72.271966970452169,-0.690553862330222));
#5047=CARTESIAN_POINT('',(56.721118857988898,72.284134717129021,-0.675487070765975));
#5048=CARTESIAN_POINT('',(56.692601751721099,72.289307463314444,-0.668164222643160));
#5049=CARTESIAN_POINT('',(56.642129865189133,72.297878096193543,-0.654101602473462));
#5050=CARTESIAN_POINT('',(56.596723389430629,72.304486091531217,-0.639331658747479));
#5051=CARTESIAN_POINT('',(56.576739413796851,72.307139574135903,-0.632332557984964));
#5052=CARTESIAN_POINT('',(56.548644288962628,72.310496099624530,-0.621745955092142));
#5053=CARTESIAN_POINT('',(56.522833157618621,72.313048287325429,-0.610909178915984));
#5054=CARTESIAN_POINT('',(56.514641911666423,72.313799263975000,-0.607344379488087));
#5055=CARTESIAN_POINT('',(56.490751835459022,72.315818043168420,-0.596570361747279));
#5056=CARTESIAN_POINT('',(56.468952738681097,72.317158961349335,-0.585603232446226));
#5057=CARTESIAN_POINT('',(56.455304949574682,72.317784725968778,-0.578216564765935));
#5058=CARTESIAN_POINT('',(56.378637230014533,72.320136010513139,-0.533588711330718));
#5059=CARTESIAN_POINT('',(56.330941450225083,72.315403120039093,-0.486899740921036));
#5060=CARTESIAN_POINT('',(56.305416807851337,72.311415109058615,-0.447047960277547));
#5061=CARTESIAN_POINT('',(56.275801507007174,72.306026496236058,-0.354687548430148));
#5062=CARTESIAN_POINT('',(56.301564449035602,72.306192242023741,-0.246144798453000));
#5063=CARTESIAN_POINT('',(56.330963045862752,72.307569767002207,-0.180951886060790));
#5064=CARTESIAN_POINT('',(56.400632377549798,72.308409332087237,-0.072968013295547));
#5065=CARTESIAN_POINT('',(56.511958935681847,72.305786422477553,0.047306866267794));
#5066=CARTESIAN_POINT('',(56.553177531559761,72.304444513290548,0.087939159578093));
#5067=CARTESIAN_POINT('',(56.646069717872237,72.300539620853854,0.171658462974149));
#5068=CARTESIAN_POINT('',(56.759257563052799,72.293838559882715,0.258121704433499));
#5069=CARTESIAN_POINT('',(56.821605139319253,72.289653416829253,0.302165287137134));
#5070=CARTESIAN_POINT('',(56.948317930808187,72.280209272479453,0.385097871405660));
#5071=CARTESIAN_POINT('',(57.093949566855741,72.267671365096930,0.468439640437355));
#5072=CARTESIAN_POINT('',(57.165879912213043,72.261148574894534,0.507219180093263));
#5073=CARTESIAN_POINT('',(57.319121887369207,72.246632251075908,0.585141683497657));
#5074=CARTESIAN_POINT('',(57.488971061564882,72.229394521396372,0.662283084575309));
#5075=CARTESIAN_POINT('',(57.578724374724167,72.220031689763900,0.700869104096794));
#5076=CARTESIAN_POINT('',(57.769917816740353,72.199616873657916,0.778735122281104));
#5077=CARTESIAN_POINT('',(57.978105844624721,72.176460815253819,0.854893646948305));
#5078=CARTESIAN_POINT('',(58.088414415836972,72.163968359429958,0.893129318692395));
#5079=CARTESIAN_POINT('',(58.298519097777437,72.139749555716620,0.962124684637332));
#5080=CARTESIAN_POINT('',(58.523197411446972,72.112991159618574,1.028749872099269));
#5081=CARTESIAN_POINT('',(58.628303897059062,72.100288342822083,1.058470210889962));
#5082=CARTESIAN_POINT('',(58.818372738096969,72.076956254946495,1.109575392897076));
#5083=CARTESIAN_POINT('',(59.018034112468513,72.051725960210661,1.158190940789498));
#5084=CARTESIAN_POINT('',(59.105901584884727,72.040477657376343,1.178573175420213));
#5085=CARTESIAN_POINT('',(59.251494539885897,72.021594590770619,1.210717912281403));
#5086=CARTESIAN_POINT('',(59.402126814498352,72.001562049779523,1.240374010898234));
#5087=CARTESIAN_POINT('',(59.460723508232711,71.993677390059645,1.251200477720628));
#5088=CARTESIAN_POINT('',(59.549700222901727,71.981614819327788,1.267021690708512));
#5089=CARTESIAN_POINT('',(59.640437930206652,71.969122440259298,1.281685789157673));
#5090=CARTESIAN_POINT('',(59.670850943160268,71.964912207948856,1.286423238169037));
#5091=CARTESIAN_POINT('',(59.730548406641020,71.956592216360590,1.295247222298559));
#5092=CARTESIAN_POINT('',(59.791011659188783,71.948062240511646,1.303255022142473));
#5093=CARTESIAN_POINT('',(59.820652183050939,71.943852328170863,1.306902283401572));
#5094=CARTESIAN_POINT('',(59.871605946969247,71.936594738520043,1.313013870840502));
#5095=CARTESIAN_POINT('',(59.923037859473538,71.929246657859409,1.319083780421058));
#5096=CARTESIAN_POINT('',(59.944464581072012,71.926181931330632,1.321602574323346));
#5097=CARTESIAN_POINT('',(60.000606615855240,71.918118006934677,1.327887737009717));
#5098=CARTESIAN_POINT('',(60.057388953289639,71.909875208989732,1.333410127716751));
#5099=CARTESIAN_POINT('',(60.092649755571060,71.904722722183735,1.336496850559266));
#5100=CARTESIAN_POINT('',(60.170671599283388,71.893287359233938,1.343044734935620));
#5101=CARTESIAN_POINT('',(60.249753043143109,71.881628186016016,1.349202133305566));
#5102=CARTESIAN_POINT('',(60.293182712946702,71.875206633598864,1.352486158845422));
#5103=CARTESIAN_POINT('',(60.336929063120671,71.868718332322644,1.355682868147301));
#5104=CARTESIAN_POINT('',(60.380994566722990,71.862161834274758,1.358779347821057));
#5105=CARTESIAN_POINT('',(58.760739247763070,71.678448022709915,-0.959175250972565));
#5106=CARTESIAN_POINT('',(58.507139516746143,71.743064957616724,-0.937473202261714));
#5107=CARTESIAN_POINT('',(58.269621210032831,71.804252049758389,-0.914323220145022));
#5108=CARTESIAN_POINT('',(58.048208310167830,71.862007044971151,-0.889791738340459));
#5109=CARTESIAN_POINT('',(57.745535415229568,71.942240958073029,-0.852183525311271));
#5110=CARTESIAN_POINT('',(57.478060629382362,72.014214438545594,-0.814364328662659));
#5111=CARTESIAN_POINT('',(57.395431985465748,72.036525243774804,-0.802230365884839));
#5112=CARTESIAN_POINT('',(57.243341725264763,72.077579804723030,-0.779241642812741));
#5113=CARTESIAN_POINT('',(57.104052417019410,72.114884258630354,-0.757267808972412));
#5114=CARTESIAN_POINT('',(57.040089753051447,72.131883804994331,-0.747043556525537));
#5115=CARTESIAN_POINT('',(56.967846270724444,72.150856879924220,-0.735372257054181));
#5116=CARTESIAN_POINT('',(56.899706159978031,72.168371660918183,-0.723929704119211));
#5117=CARTESIAN_POINT('',(56.889297410714263,72.171037013476266,-0.722169200910795));
#5118=CARTESIAN_POINT('',(56.868799395666663,72.176265565128261,-0.718679493907759));
#5119=CARTESIAN_POINT('',(56.848696553001503,72.181347725906775,-0.715189545534641));
#5120=CARTESIAN_POINT('',(56.838804525371970,72.183835915455361,-0.713450246422299));
#5121=CARTESIAN_POINT('',(56.789542083752089,72.196165443765082,-0.704694579466312));
#5122=CARTESIAN_POINT('',(56.742797107818383,72.207537773923065,-0.695855028272143));
#5123=CARTESIAN_POINT('',(56.707024529571576,72.215977772469373,-0.688563009077987));
#5124=CARTESIAN_POINT('',(56.642541056762752,72.230604696667285,-0.674137084156695));
#5125=CARTESIAN_POINT('',(56.584538639405707,72.242520922137317,-0.658401936218437));
#5126=CARTESIAN_POINT('',(56.558624363033431,72.247521549004603,-0.650641183683206));
#5127=CARTESIAN_POINT('',(56.513093848741917,72.255663306586143,-0.635581639675423));
#5128=CARTESIAN_POINT('',(56.472797316267723,72.261639848826974,-0.619566913683297));
#5129=CARTESIAN_POINT('',(56.455223272917557,72.263955727355125,-0.611954842122704));
#5130=CARTESIAN_POINT('',(56.430757135591342,72.266751706077599,-0.600432711869484));
#5131=CARTESIAN_POINT('',(56.408628497274762,72.268670815604125,-0.588656961803502));
#5132=CARTESIAN_POINT('',(56.401644499302627,72.269208383705148,-0.584786643812489));
#5133=CARTESIAN_POINT('',(56.381390827991652,72.270567702270981,-0.573103183491596));
#5134=CARTESIAN_POINT('',(56.363236753106577,72.271211523784288,-0.561263362956484));
#5135=CARTESIAN_POINT('',(56.352014156488622,72.271363110489489,-0.553318534481526));
#5136=CARTESIAN_POINT('',(56.289728007602562,72.270899647925035,-0.505525552017422));
#5137=CARTESIAN_POINT('',(56.255183325391457,72.263770837205158,-0.456735139846448));
#5138=CARTESIAN_POINT('',(56.238432419992208,72.259095882161262,-0.415563989548257));
#5139=CARTESIAN_POINT('',(56.225933050115358,72.252860637224643,-0.321422595497750));
#5140=CARTESIAN_POINT('',(56.264071861621026,72.253487011544408,-0.213331362016750));
#5141=CARTESIAN_POINT('',(56.299096112958154,72.255104507410550,-0.148705661033532));
#5142=CARTESIAN_POINT('',(56.376039601322283,72.255789788652436,-0.041559213006674));
#5143=CARTESIAN_POINT('',(56.492899366911367,72.252733342425870,0.077315177822010));
#5144=CARTESIAN_POINT('',(56.535749043333297,72.251234381677790,0.117411856526085));
#5145=CARTESIAN_POINT('',(56.631582962606863,72.246978286255981,0.199893820172269));
#5146=CARTESIAN_POINT('',(56.747037554739450,72.239841169260671,0.284755150710098));
#5147=CARTESIAN_POINT('',(56.810362411361460,72.235411071189176,0.327885478696161));
#5148=CARTESIAN_POINT('',(56.938540708867912,72.225507074178026,0.408990789194641));
#5149=CARTESIAN_POINT('',(57.084944770340897,72.212532469465543,0.490306288835527));
#5150=CARTESIAN_POINT('',(57.157065006809177,72.205820676697087,0.528104788647880));
#5151=CARTESIAN_POINT('',(57.310389082843272,72.190950501965631,0.603969173145869));
#5152=CARTESIAN_POINT('',(57.479623081605588,72.173455526590757,0.678945037777752));
#5153=CARTESIAN_POINT('',(57.568885480295791,72.163994839900397,0.716424088947322));
#5154=CARTESIAN_POINT('',(57.758683920319527,72.143458716793035,0.792032847322796));
#5155=CARTESIAN_POINT('',(57.964696743258777,72.120348364308938,0.865950986234761));
#5156=CARTESIAN_POINT('',(58.073692994917160,72.107925937282275,0.903064119933202));
#5157=CARTESIAN_POINT('',(58.281024976590913,72.083921772542212,0.970044328493655));
#5158=CARTESIAN_POINT('',(58.502270299512013,72.057533958119521,1.034786438951409));
#5159=CARTESIAN_POINT('',(58.605685496025039,72.045030911315195,1.063682201671807));
#5160=CARTESIAN_POINT('',(58.792563648200229,72.022102967236535,1.113430224216608));
#5161=CARTESIAN_POINT('',(58.988708570078231,71.997353643758984,1.160803968392261));
#5162=CARTESIAN_POINT('',(59.075004225733700,71.986328097483735,1.180706267082246));
#5163=CARTESIAN_POINT('',(59.218003844183777,71.967806750385478,1.211972853855322));
#5164=CARTESIAN_POINT('',(59.365958557732320,71.948162551175912,1.240855600363354));
#5165=CARTESIAN_POINT('',(59.423503791297037,71.940446809174531,1.251528313587501));
#5166=CARTESIAN_POINT('',(59.510940494932399,71.928586173428897,1.266665510676074));
#5167=CARTESIAN_POINT('',(59.600095468566451,71.916308048578770,1.280648833392734));
#5168=CARTESIAN_POINT('',(59.629976916683027,71.912171736066611,1.285162408230144));
#5169=CARTESIAN_POINT('',(59.688614867479011,71.904016142063782,1.293705023766053));
#5170=CARTESIAN_POINT('',(59.747980288571178,71.895686188710073,1.301771118825396));
#5171=CARTESIAN_POINT('',(59.777069593393783,71.891589586089296,1.305614616256430));
#5172=CARTESIAN_POINT('',(59.827099995311258,71.884507039324291,1.311905127030890));
#5173=CARTESIAN_POINT('',(59.877657910519993,71.877281896271214,1.317638760552250));
#5174=CARTESIAN_POINT('',(59.898730355234960,71.874258785055318,1.319918832076006));
#5175=CARTESIAN_POINT('',(59.953925211110978,71.866321861185355,1.325741736561173));
#5176=CARTESIAN_POINT('',(60.009701715176767,71.858253397953462,1.331250784767239));
#5177=CARTESIAN_POINT('',(60.044318062416970,71.853228563292276,1.334542127251552));
#5178=CARTESIAN_POINT('',(60.120936292276816,71.842057925886920,1.341421623380687));
#5179=CARTESIAN_POINT('',(60.198646168045229,71.830628647695519,1.347592409423013));
#5180=CARTESIAN_POINT('',(60.241337451335589,71.824323478334719,1.350776690060562));
#5181=CARTESIAN_POINT('',(60.284348305393820,71.817946399207671,1.353801998612160));
#5182=CARTESIAN_POINT('',(60.327678282662802,71.811498004948035,1.356678081663225));
#5183=CARTESIAN_POINT('',(58.663129948169839,71.659885558493343,-0.951092408900755));
#5184=CARTESIAN_POINT('',(58.412779635365709,71.724762565407360,-0.929349128881027));
#5185=CARTESIAN_POINT('',(58.178569865151218,71.786198706070707,-0.906208721797428));
#5186=CARTESIAN_POINT('',(57.960514505615080,71.844196232316889,-0.881729331267825));
#5187=CARTESIAN_POINT('',(57.662902822206263,71.924760289003345,-0.844257234817690));
#5188=CARTESIAN_POINT('',(57.400761218438419,71.996957018435623,-0.806642122706685));
#5189=CARTESIAN_POINT('',(57.319917096446218,72.019320771882988,-0.794587761519171));
#5190=CARTESIAN_POINT('',(57.171278373381448,72.060460191904326,-0.771720710073148));
#5191=CARTESIAN_POINT('',(57.035509162332012,72.097817401566843,-0.749926185342048));
#5192=CARTESIAN_POINT('',(56.973234519086773,72.114829475522043,-0.739764443046460));
#5193=CARTESIAN_POINT('',(56.902952649880753,72.133840235478587,-0.728283127048975));
#5194=CARTESIAN_POINT('',(56.836761267461448,72.151379922467598,-0.717010268130619));
#5195=CARTESIAN_POINT('',(56.826651929151218,72.154049280361292,-0.715276778349828));
#5196=CARTESIAN_POINT('',(56.806752252635270,72.159281210061181,-0.711822309471570));
#5197=CARTESIAN_POINT('',(56.787240035206807,72.164370845427797,-0.708381863206141));
#5198=CARTESIAN_POINT('',(56.777636889666852,72.166866498010037,-0.706681172445485));
#5199=CARTESIAN_POINT('',(56.729827563403703,72.179228333840626,-0.698093259664400));
#5200=CARTESIAN_POINT('',(56.684539368237047,72.190603853574132,-0.689289328334958));
#5201=CARTESIAN_POINT('',(56.649918291574807,72.199047624231341,-0.682026350675440));
#5202=CARTESIAN_POINT('',(56.587624382423137,72.213647510835514,-0.667506717898369));
#5203=CARTESIAN_POINT('',(56.531854634836691,72.225453883724640,-0.651414332876845));
#5204=CARTESIAN_POINT('',(56.507007022486810,72.230383348217401,-0.643435126273481));
#5205=CARTESIAN_POINT('',(56.463502266780949,72.238348036987801,-0.627883235034218));
#5206=CARTESIAN_POINT('',(56.425301843811098,72.244064924700268,-0.611276037547423));
#5207=CARTESIAN_POINT('',(56.408715014010752,72.246243580479245,-0.603375106852243));
#5208=CARTESIAN_POINT('',(56.385739774208297,72.248808385028866,-0.591418042588030));
#5209=CARTESIAN_POINT('',(56.365123681241137,72.250467551447201,-0.579212074261454));
#5210=CARTESIAN_POINT('',(56.358635915236967,72.250917152981543,-0.575202706659816));
#5211=CARTESIAN_POINT('',(56.339872322148111,72.252008263507207,-0.563108094984497));
#5212=CARTESIAN_POINT('',(56.323216446537373,72.252365378561265,-0.550877044111967));
#5213=CARTESIAN_POINT('',(56.312984260829843,72.252326360597948,-0.542687066159933));
#5214=CARTESIAN_POINT('',(56.256562939132053,72.250737499712486,-0.493507208285341));
#5215=CARTESIAN_POINT('',(56.227266809123932,72.242731641435313,-0.443843173956649));
#5216=CARTESIAN_POINT('',(56.213946351374247,72.237893672425827,-0.402072458891533));
#5217=CARTESIAN_POINT('',(56.208246620206261,72.231449577960859,-0.307142068010168));
#5218=CARTESIAN_POINT('',(56.251286821445227,72.232350870945396,-0.199266684492066));
#5219=CARTESIAN_POINT('',(56.288547427786689,72.234096474078896,-0.134898613998167));
#5220=CARTESIAN_POINT('',(56.368401706783779,72.234729048052756,-0.028140374856357));
#5221=CARTESIAN_POINT('',(56.487470608599757,72.231500092044755,0.090094364592621));
#5222=CARTESIAN_POINT('',(56.530969992437363,72.229938749347994,0.129946846270645));
#5223=CARTESIAN_POINT('',(56.627969602740471,72.225544642608426,0.211876879399867));
#5224=CARTESIAN_POINT('',(56.744312848463231,72.218233681581893,0.296035249956535));
#5225=CARTESIAN_POINT('',(56.808017655738503,72.213705564096884,0.338766670349977));
#5226=CARTESIAN_POINT('',(56.936755297859683,72.203617639228341,0.419078808298862));
#5227=CARTESIAN_POINT('',(57.083415185084007,72.190479901064691,0.499533660085771));
#5228=CARTESIAN_POINT('',(57.155589811584207,72.183696467314761,0.536917047031163));
#5229=CARTESIAN_POINT('',(57.308883515685551,72.168697638300273,0.611914485742007));
#5230=CARTESIAN_POINT('',(57.477801734837520,72.151114603022918,0.685986346495009));
#5231=CARTESIAN_POINT('',(57.566825981394331,72.141623670211658,0.723006528565186));
#5232=CARTESIAN_POINT('',(57.755982426311533,72.121057235838819,0.797681251862272));
#5233=CARTESIAN_POINT('',(57.961031239473577,72.097983976775438,0.870681314040502));
#5234=CARTESIAN_POINT('',(58.069455503053753,72.085598748433341,0.907334702744415));
#5235=CARTESIAN_POINT('',(58.275590696067923,72.061696388538195,0.973493897087346));
#5236=CARTESIAN_POINT('',(58.495383449327093,72.035470483252709,1.037470222725560));
#5237=CARTESIAN_POINT('',(58.598088626877008,72.023052493052830,1.066030369169787));
#5238=CARTESIAN_POINT('',(58.783635139614802,72.000294944455590,1.115217233065289));
#5239=CARTESIAN_POINT('',(58.978346893314487,71.975740902503617,1.162078191773305));
#5240=CARTESIAN_POINT('',(59.064012349944882,71.964802224739088,1.181762445714324));
#5241=CARTESIAN_POINT('',(59.205972703633229,71.946423485660162,1.212659665154939));
#5242=CARTESIAN_POINT('',(59.352870174896758,71.926919055268698,1.241072253746895));
#5243=CARTESIAN_POINT('',(59.410003644592052,71.919256059340512,1.251544110008067));
#5244=CARTESIAN_POINT('',(59.496787663327872,71.907501856716578,1.266588962978367));
#5245=CARTESIAN_POINT('',(59.585294711491542,71.895325878310388,1.280439100348371));
#5246=CARTESIAN_POINT('',(59.614957616181933,71.891225256611023,1.284924556967959));
#5247=CARTESIAN_POINT('',(59.673169046544437,71.883137857400783,1.293403151107080));
#5248=CARTESIAN_POINT('',(59.732113510045551,71.874867405674493,1.301312129403262));
#5249=CARTESIAN_POINT('',(59.761003933154370,71.870793066470739,1.305007432479542));
#5250=CARTESIAN_POINT('',(59.810683757800547,71.863757380369336,1.311116710465517));
#5251=CARTESIAN_POINT('',(59.860862473201408,71.856605478334416,1.316927744066560));
#5252=CARTESIAN_POINT('',(59.881772386379957,71.853617700989801,1.319291432786970));
#5253=CARTESIAN_POINT('',(59.936551737866807,71.845764671340191,1.325261822554218));
#5254=CARTESIAN_POINT('',(59.991931463222592,71.837761626039537,1.330747417893431));
#5255=CARTESIAN_POINT('',(60.026309283537557,71.832770917210979,1.333957872483079));
#5256=CARTESIAN_POINT('',(60.102392866039530,71.821683552976026,1.340726957795682));
#5257=CARTESIAN_POINT('',(60.179555123255753,71.810346935423453,1.346869684885076));
#5258=CARTESIAN_POINT('',(60.221946553107358,71.804092076472870,1.350038834919212));
#5259=CARTESIAN_POINT('',(60.264658202307480,71.797763968234761,1.353036695173262));
#5260=CARTESIAN_POINT('',(60.307689861393143,71.791363052739442,1.355869636757349));
#5261=CARTESIAN_POINT('',(58.471364577618779,71.622776753384954,-0.934916368040662));
#5262=CARTESIAN_POINT('',(58.227531833812009,71.688135261532707,-0.913121690609523));
#5263=CARTESIAN_POINT('',(57.999951516102051,71.750031874618941,-0.890020053101030));
#5264=CARTESIAN_POINT('',(57.788628155196221,71.808475189012242,-0.865665642083343));
#5265=CARTESIAN_POINT('',(57.501162779185911,71.889624687447522,-0.828475206162340));
#5266=CARTESIAN_POINT('',(57.249749108605073,71.962180920517085,-0.791294072634144));
#5267=CARTESIAN_POINT('',(57.172418996509720,71.984634062935868,-0.779387639779022));
#5268=CARTESIAN_POINT('',(57.030842347555037,72.025851922866622,-0.756856044001313));
#5269=CARTESIAN_POINT('',(56.902268352906567,72.063203511280108,-0.735353701533303));
#5270=CARTESIAN_POINT('',(56.843470996211288,72.080213272737595,-0.725410719147908));
#5271=CARTESIAN_POINT('',(56.777294307850440,72.099191647602723,-0.714172916330590));
#5272=CARTESIAN_POINT('',(56.715097848687442,72.116750803493261,-0.703297117743141));
#5273=CARTESIAN_POINT('',(56.705603003378577,72.119423323968036,-0.701624057273192));
#5274=CARTESIAN_POINT('',(56.686910817283660,72.124672127821540,-0.698328903137484));
#5275=CARTESIAN_POINT('',(56.668607986409057,72.129769875819918,-0.695006936888526));
#5276=CARTESIAN_POINT('',(56.659612482936019,72.132261308173497,-0.693331288083004));
#5277=CARTESIAN_POINT('',(56.614841110254758,72.144611873759374,-0.684902058608561));
#5278=CARTESIAN_POINT('',(56.572493858001287,72.156026804876660,-0.676391121377926));
#5279=CARTESIAN_POINT('',(56.540230180091612,72.164463436440784,-0.669129529706334));
#5280=CARTESIAN_POINT('',(56.482428617968743,72.178971180948196,-0.654247369199276));
#5281=CARTESIAN_POINT('',(56.431211802966892,72.190537381761260,-0.637221157646123));
#5282=CARTESIAN_POINT('',(56.408542419778897,72.195311145238591,-0.628669006107802));
#5283=CARTESIAN_POINT('',(56.369158783731727,72.202910179286604,-0.611908250085298));
#5284=CARTESIAN_POINT('',(56.335215642326382,72.208103845651650,-0.593903177524203));
#5285=CARTESIAN_POINT('',(56.320641224096612,72.210000837118855,-0.585334858009231));
#5286=CARTESIAN_POINT('',(56.300697659190227,72.212099884266763,-0.572385792816986));
#5287=CARTESIAN_POINT('',(56.283161461204450,72.213231872776618,-0.559219556382905));
#5288=CARTESIAN_POINT('',(56.277683029848461,72.213504322842994,-0.554901117768197));
#5289=CARTESIAN_POINT('',(56.261963544021377,72.214045230615540,-0.541895924468796));
#5290=CARTESIAN_POINT('',(56.248340847855438,72.213834107199489,-0.528822541030702));
#5291=CARTESIAN_POINT('',(56.240123574880940,72.213410615111030,-0.520101882941869));
#5292=CARTESIAN_POINT('',(56.195550708151501,72.209608576490353,-0.467970081980653));
#5293=CARTESIAN_POINT('',(56.176506825618659,72.200126320507721,-0.416569741723185));
#5294=CARTESIAN_POINT('',(56.169807246059342,72.195214807728888,-0.373383202110416));
#5295=CARTESIAN_POINT('',(56.177529123221490,72.188595866784098,-0.276769178522720));
#5296=CARTESIAN_POINT('',(56.230185008662517,72.190229977957713,-0.169377615256599));
#5297=CARTESIAN_POINT('',(56.271873113311223,72.192281072199521,-0.105613455569173));
#5298=CARTESIAN_POINT('',(56.357511379648109,72.192827550756931,0.000279679265005));
#5299=CARTESIAN_POINT('',(56.480977184129053,72.189247026370438,0.117064854224325));
#5300=CARTESIAN_POINT('',(56.525763268518112,72.187562899635935,0.156366915355030));
#5301=CARTESIAN_POINT('',(56.625062931386807,72.182896398809845,0.237079161421746));
#5302=CARTESIAN_POINT('',(56.743140436482477,72.175239650449399,0.319715153832961));
#5303=CARTESIAN_POINT('',(56.807584324456457,72.170510628626815,0.361576355397809));
#5304=CARTESIAN_POINT('',(56.937374795562953,72.160063386265520,0.440191680569719));
#5305=CARTESIAN_POINT('',(57.084449397254609,72.146619136442325,0.518836492079246));
#5306=CARTESIAN_POINT('',(57.156675965495829,72.139706886941340,0.555351733656098));
#5307=CARTESIAN_POINT('',(57.309797791306892,72.124476756201219,0.628538897286067));
#5308=CARTESIAN_POINT('',(57.477945452903377,72.106751826526533,0.700740228383562));
#5309=CARTESIAN_POINT('',(57.566420390443618,72.097219507496177,0.736817930217261));
#5310=CARTESIAN_POINT('',(57.754135476911927,72.076631222603226,0.809579401442960));
#5311=CARTESIAN_POINT('',(57.957098557509333,72.053668539653273,0.880709878891541));
#5312=CARTESIAN_POINT('',(58.064298464742173,72.041374404674684,0.916429307266559));
#5313=CARTESIAN_POINT('',(58.267898894090628,72.017703938488665,0.980925272568343));
#5314=CARTESIAN_POINT('',(58.484673019457681,71.991820244840312,1.043347830807518));
#5315=CARTESIAN_POINT('',(58.585911153080467,71.979580299412049,1.071225534291962));
#5316=CARTESIAN_POINT('',(58.768751938221342,71.957168212260072,1.119282554930504));
#5317=CARTESIAN_POINT('',(58.960588480452593,71.932998290757837,1.165037119811138));
#5318=CARTESIAN_POINT('',(59.044987917247077,71.922230842326812,1.184245964494035));
#5319=CARTESIAN_POINT('',(59.184870757999562,71.904128091420546,1.214270388150513));
#5320=CARTESIAN_POINT('',(59.329617617235471,71.884925429096654,1.241906198422773));
#5321=CARTESIAN_POINT('',(59.385914142540948,71.877384758661449,1.252120274512341));
#5322=CARTESIAN_POINT('',(59.471439494029262,71.865808331742528,1.266698620816770));
#5323=CARTESIAN_POINT('',(59.558651843270667,71.853828511752084,1.280204149665062));
#5324=CARTESIAN_POINT('',(59.587882779388153,71.849793025087166,1.284567819103835));
#5325=CARTESIAN_POINT('',(59.645247836195708,71.841834790719133,1.292818732062237));
#5326=CARTESIAN_POINT('',(59.703330907062998,71.833704205049841,1.300592073958132));
#5327=CARTESIAN_POINT('',(59.731794584960312,71.829704039316141,1.304280730520477));
#5328=CARTESIAN_POINT('',(59.780745607047479,71.822793424524761,1.310368382954657));
#5329=CARTESIAN_POINT('',(59.830205091775632,71.815755037106726,1.316043180322278));
#5330=CARTESIAN_POINT('',(59.850818565361699,71.812811925915952,1.318324563903685));
#5331=CARTESIAN_POINT('',(59.904815796659527,71.805082713719841,1.324145617903075));
#5332=CARTESIAN_POINT('',(59.959396260918503,71.797217194790505,1.329612172937505));
#5333=CARTESIAN_POINT('',(59.993277197334251,71.792314218231411,1.332844273306766));
#5334=CARTESIAN_POINT('',(60.068272792567520,71.781413687752675,1.339607999241352));
#5335=CARTESIAN_POINT('',(60.144350227056457,71.770256017072683,1.345665241387091));
#5336=CARTESIAN_POINT('',(60.186150921312041,71.764097506492917,1.348773357923871));
#5337=CARTESIAN_POINT('',(60.228271846368820,71.757864720582830,1.351696182787979));
#5338=CARTESIAN_POINT('',(60.270712630866853,71.751558038424648,1.354438429472468));
#5339=CARTESIAN_POINT('',(58.278706729290668,71.584018632685158,-0.918116549687672));
#5340=CARTESIAN_POINT('',(58.041695879873899,71.649797914613742,-0.896334456800678));
#5341=CARTESIAN_POINT('',(57.821048142212909,71.712090745635081,-0.873324376858759));
#5342=CARTESIAN_POINT('',(57.616775297823978,71.770901630781182,-0.849135600566745));
#5343=CARTESIAN_POINT('',(57.340001030270393,71.852489157377050,-0.812315873600120));
#5344=CARTESIAN_POINT('',(57.099978120064677,71.925186305707868,-0.775667414474466));
#5345=CARTESIAN_POINT('',(57.026386640352911,71.947658618930319,-0.763960146589936));
#5346=CARTESIAN_POINT('',(56.892184249276340,71.988833264237599,-0.741805678874241));
#5347=CARTESIAN_POINT('',(56.771468113610119,72.025998107522199,-0.720810254209337));
#5348=CARTESIAN_POINT('',(56.716497538089207,72.042862767914414,-0.710921517721761));
#5349=CARTESIAN_POINT('',(56.654807826298502,72.061736125774061,-0.700059434912465));
#5350=CARTESIAN_POINT('',(56.597030277640627,72.079199902899049,-0.689526208877940));
#5351=CARTESIAN_POINT('',(56.588213198906303,72.081859659769009,-0.687911062581547));
#5352=CARTESIAN_POINT('',(56.570876442117211,72.087072071902398,-0.684678707771321));
#5353=CARTESIAN_POINT('',(56.553901500019450,72.092153475555904,-0.681477606528249));
#5354=CARTESIAN_POINT('',(56.545550255364802,72.094650220973392,-0.679908033096006));
#5355=CARTESIAN_POINT('',(56.504020077999613,72.107015360560467,-0.671925058030461));
#5356=CARTESIAN_POINT('',(56.464949954457524,72.118351699634999,-0.663330155578270));
#5357=CARTESIAN_POINT('',(56.435299288797196,72.126702940165387,-0.655834122005365));
#5358=CARTESIAN_POINT('',(56.382457418868661,72.140973985170746,-0.640057602158734));
#5359=CARTESIAN_POINT('',(56.336242694027597,72.152160471351181,-0.621439788453956));
#5360=CARTESIAN_POINT('',(56.315929910364318,72.156741405577165,-0.612066249556416));
#5361=CARTESIAN_POINT('',(56.280968396185351,72.163933669141997,-0.593632081260863));
#5362=CARTESIAN_POINT('',(56.251553214489491,72.168597877008537,-0.573836735010400));
#5363=CARTESIAN_POINT('',(56.239109540789208,72.170219342179493,-0.564427063653341));
#5364=CARTESIAN_POINT('',(56.222406941090789,72.171838381350753,-0.550249857668237));
#5365=CARTESIAN_POINT('',(56.208174585477082,72.172421014624959,-0.535926843117721));
#5366=CARTESIAN_POINT('',(56.203781125380509,72.172506774150747,-0.531240684692447));
#5367=CARTESIAN_POINT('',(56.191316035857049,72.172481162690161,-0.517167066384350));
#5368=CARTESIAN_POINT('',(56.180951118133422,72.171672934387757,-0.503128600071079));
#5369=CARTESIAN_POINT('',(56.174861717635977,72.170869562702677,-0.493826018937911));
#5370=CARTESIAN_POINT('',(56.142663617958227,72.164979047694288,-0.438455831883053));
#5371=CARTESIAN_POINT('',(56.133313584620147,72.154860985360671,-0.385096704243328));
#5372=CARTESIAN_POINT('',(56.133276835560387,72.150190420341843,-0.339988911682626));
#5373=CARTESIAN_POINT('',(56.154516909945038,72.143913700340150,-0.241495338090965));
#5374=CARTESIAN_POINT('',(56.216872934144803,72.146601748081210,-0.134653286764615));
#5375=CARTESIAN_POINT('',(56.263052790408857,72.149076273122290,-0.071762543608008));
#5376=CARTESIAN_POINT('',(56.354658794790197,72.149564283858027,0.033092484751301));
#5377=CARTESIAN_POINT('',(56.482671056479958,72.145607450347001,0.147983816192575));
#5378=CARTESIAN_POINT('',(56.528781084446180,72.143793459442207,0.186573057741607));
#5379=CARTESIAN_POINT('',(56.630425579560907,72.138844248982565,0.265790481586146));
#5380=CARTESIAN_POINT('',(56.750233518872868,72.130819569659963,0.346590834533084));
#5381=CARTESIAN_POINT('',(56.815404512646488,72.125873408817014,0.387406392576788));
#5382=CARTESIAN_POINT('',(56.946163266840387,72.115065303058387,0.464033714217768));
#5383=CARTESIAN_POINT('',(57.093467882353423,72.101352922517009,0.540632241389491));
#5384=CARTESIAN_POINT('',(57.165646889428942,72.094331233706299,0.576165300158281));
#5385=CARTESIAN_POINT('',(57.318368309504223,72.078913014362954,0.647306144250730));
#5386=CARTESIAN_POINT('',(57.485442181002050,72.061115172516139,0.717451654302565));
#5387=CARTESIAN_POINT('',(57.573200442896770,72.051578912231491,0.752500047122900));
#5388=CARTESIAN_POINT('',(57.759121734877439,72.031045600871892,0.823183439077620));
#5389=CARTESIAN_POINT('',(57.959626667855282,72.008266362798864,0.892299867337952));
#5390=CARTESIAN_POINT('',(58.065407628819173,71.996098516539959,0.927017853002141));
#5391=CARTESIAN_POINT('',(58.266122146377597,71.972717466789206,0.989734205869139));
#5392=CARTESIAN_POINT('',(58.479566316058389,71.947222752077082,1.050503333627713));
#5393=CARTESIAN_POINT('',(58.579215996327292,71.935177448582010,1.077659423069733));
#5394=CARTESIAN_POINT('',(58.759164933302507,71.913132113913079,1.124472806111332));
#5395=CARTESIAN_POINT('',(58.947973838466808,71.889358306430978,1.168965286763187));
#5396=CARTESIAN_POINT('',(59.031049343776097,71.878765438536220,1.187610988690475));
#5397=CARTESIAN_POINT('',(59.168750462419723,71.860955351368190,1.216736966340842));
#5398=CARTESIAN_POINT('',(59.311260820694763,71.842063210416725,1.243504833031226));
#5399=CARTESIAN_POINT('',(59.366689320324760,71.834643991598028,1.253381926292320));
#5400=CARTESIAN_POINT('',(59.450892459462239,71.823263546008036,1.267565499867890));
#5401=CARTESIAN_POINT('',(59.536766586361338,71.811485444995782,1.280689631611450));
#5402=CARTESIAN_POINT('',(59.565548430619252,71.807519299137283,1.284944769923216));
#5403=CARTESIAN_POINT('',(59.622032692689572,71.799698887751575,1.293006093726689));
#5404=CARTESIAN_POINT('',(59.679231381923422,71.791706262295662,1.300585289308707));
#5405=CARTESIAN_POINT('',(59.707266005709329,71.787770875583661,1.304152761622940));
#5406=CARTESIAN_POINT('',(59.755478532968382,71.780974483579882,1.310059676565726));
#5407=CARTESIAN_POINT('',(59.804186153862560,71.774061348092829,1.315659065925458));
#5408=CARTESIAN_POINT('',(59.824485080580317,71.771172397838299,1.317931347065642));
#5409=CARTESIAN_POINT('',(59.877664953210591,71.763580783913099,1.323696169828433));
#5410=CARTESIAN_POINT('',(59.931432348410752,71.755847051337994,1.329051490997469));
#5411=CARTESIAN_POINT('',(59.964811991819332,71.751024591003628,1.332204460449613));
#5412=CARTESIAN_POINT('',(60.038699402977237,71.740305382557082,1.338832979961752));
#5413=CARTESIAN_POINT('',(60.113662964527443,71.729332686573699,1.344792115435389));
#5414=CARTESIAN_POINT('',(60.154855142444880,71.723274717403939,1.347842972922920));
#5415=CARTESIAN_POINT('',(60.196367265994567,71.717141789329247,1.350700241682427));
#5416=CARTESIAN_POINT('',(60.238199317510002,71.710934174835188,1.353367463781883));
#5417=CARTESIAN_POINT('',(58.184414609993581,71.564645241130236,-0.909770475440102));
#5418=CARTESIAN_POINT('',(57.950810948865353,71.630613439646609,-0.888011187827244));
#5419=CARTESIAN_POINT('',(57.733629039587413,71.693080490180904,-0.865057968183506));
#5420=CARTESIAN_POINT('',(57.532872719166527,71.752053211154049,-0.840967724132934));
#5421=CARTESIAN_POINT('',(57.261484940300953,71.833802585569842,-0.804351495695442));
#5422=CARTESIAN_POINT('',(57.027199196610468,71.906512725808781,-0.768006534862522));
#5423=CARTESIAN_POINT('',(56.955518305730394,71.928959510787521,-0.756395973365291));
#5424=CARTESIAN_POINT('',(56.825015684083588,71.970089335820902,-0.734478234228988));
#5425=CARTESIAN_POINT('',(56.708205538825673,72.007124877599139,-0.713705112412283));
#5426=CARTESIAN_POINT('',(56.655158921446649,72.023961624350392,-0.704063551443306));
#5427=CARTESIAN_POINT('',(56.595855917286343,72.042653768704568,-0.693059669412339));
#5428=CARTESIAN_POINT('',(56.540302322163782,72.060081552423028,-0.682807079654813));
#5429=CARTESIAN_POINT('',(56.531826708049017,72.062736552267566,-0.681234548205551));
#5430=CARTESIAN_POINT('',(56.515139977751140,72.067965606180948,-0.678184873446980));
#5431=CARTESIAN_POINT('',(56.498836840009488,72.073037433212832,-0.675053272354861));
#5432=CARTESIAN_POINT('',(56.490841383392599,72.075506890345110,-0.673428857364346));
#5433=CARTESIAN_POINT('',(56.451078452869218,72.087753008669452,-0.665241268804845));
#5434=CARTESIAN_POINT('',(56.413603037299957,72.099114518116650,-0.656934187434553));
#5435=CARTESIAN_POINT('',(56.385253505987009,72.107435986082677,-0.649334714561897));
#5436=CARTESIAN_POINT('',(56.335007275535439,72.121498961217753,-0.632788822375233));
#5437=CARTESIAN_POINT('',(56.291338333556062,72.132470779114797,-0.613261896164612));
#5438=CARTESIAN_POINT('',(56.272234379116107,72.136934939268343,-0.603385592255171));
#5439=CARTESIAN_POINT('',(56.239505508073108,72.143917877682711,-0.584031686358426));
#5440=CARTESIAN_POINT('',(56.212360242713032,72.148328490093391,-0.563273045282630));
#5441=CARTESIAN_POINT('',(56.200995606482557,72.149809710747476,-0.553418574357527));
#5442=CARTESIAN_POINT('',(56.185918585824211,72.151199650032197,-0.538594179711650));
#5443=CARTESIAN_POINT('',(56.173350159859289,72.151512184927213,-0.523670570783409));
#5444=CARTESIAN_POINT('',(56.169502235755267,72.151507335939527,-0.518793709342793));
#5445=CARTESIAN_POINT('',(56.158693493416337,72.151191152115388,-0.504165944210933));
#5446=CARTESIAN_POINT('',(56.149941907007282,72.150107973609835,-0.489649675310859));
#5447=CARTESIAN_POINT('',(56.144920770790698,72.149119835268820,-0.480049517896845));
#5448=CARTESIAN_POINT('',(56.118865573197873,72.142264674841300,-0.423046643484706));
#5449=CARTESIAN_POINT('',(56.114005220485858,72.132117276993384,-0.368678605632067));
#5450=CARTESIAN_POINT('',(56.117279135349129,72.127609878126535,-0.322473099024714));
#5451=CARTESIAN_POINT('',(56.145129020865511,72.121632654155107,-0.223045938786015));
#5452=CARTESIAN_POINT('',(56.212251535710628,72.124904069249610,-0.116467524839376));
#5453=CARTESIAN_POINT('',(56.260640214622249,72.127612082467635,-0.054087974576669));
#5454=CARTESIAN_POINT('',(56.355206723014717,72.128080780933303,0.050226621164167));
#5455=CARTESIAN_POINT('',(56.485481923433383,72.123931447465907,0.164070925769266));
#5456=CARTESIAN_POINT('',(56.532248283741261,72.122053289542876,0.202272499374497));
#5457=CARTESIAN_POINT('',(56.635053163949920,72.116959715579569,0.280684170287810));
#5458=CARTESIAN_POINT('',(56.755706588712130,72.108749496989560,0.360512431679020));
#5459=CARTESIAN_POINT('',(56.821230194183698,72.103691952454255,0.400770114596808));
#5460=CARTESIAN_POINT('',(56.952441219024053,72.092707762411493,0.476356216438918));
#5461=CARTESIAN_POINT('',(57.099811121916566,72.078875496384640,0.551899349275072));
#5462=CARTESIAN_POINT('',(57.171943239174723,72.071804661304611,0.586922492871330));
#5463=CARTESIAN_POINT('',(57.324411786306342,72.056306652686530,0.657007919941981));
#5464=CARTESIAN_POINT('',(57.490889595223067,72.038489589878893,0.726100755138842));
#5465=CARTESIAN_POINT('',(57.578255473994567,72.028962454594648,0.760629181758583));
#5466=CARTESIAN_POINT('',(57.763219445761727,72.008474006934605,0.830253948651712));
#5467=CARTESIAN_POINT('',(57.962435778060588,71.985802823881457,0.898353606822450));
#5468=CARTESIAN_POINT('',(58.067479688541702,71.973703692026177,0.932561399965516));
#5469=CARTESIAN_POINT('',(58.266702245736141,71.950478426600512,0.994385960455140));
#5470=CARTESIAN_POINT('',(58.478454404041813,71.925181967923663,1.054317606729093));
#5471=CARTESIAN_POINT('',(58.577301027583509,71.913236929534008,1.081115343161177));
#5472=CARTESIAN_POINT('',(58.755796878456458,71.891372353214010,1.127278777791516));
#5473=CARTESIAN_POINT('',(58.943087249705037,71.867798494565079,1.171129269684531));
#5474=CARTESIAN_POINT('',(59.025503381789527,71.857291934615475,1.189496654822117));
#5475=CARTESIAN_POINT('',(59.162114581175153,71.839627493953273,1.218158868081357));
#5476=CARTESIAN_POINT('',(59.303507551493382,71.820891708412248,1.244506040449367));
#5477=CARTESIAN_POINT('',(59.358503236024923,71.813535061279637,1.254241762588496));
#5478=CARTESIAN_POINT('',(59.442050763829492,71.802249013374805,1.268189289295264));
#5479=CARTESIAN_POINT('',(59.527258729415003,71.790571726846224,1.281133307035846));
#5480=CARTESIAN_POINT('',(59.555818360442593,71.786639036849408,1.285325008436213));
#5481=CARTESIAN_POINT('',(59.611868361251020,71.778884342284414,1.293264558897255));
#5482=CARTESIAN_POINT('',(59.668627419190443,71.770960880915425,1.300748832154729));
#5483=CARTESIAN_POINT('',(59.696445406016863,71.767061233126540,1.304289956565945));
#5484=CARTESIAN_POINT('',(59.744287595084963,71.760325623679250,1.310151122146777));
#5485=CARTESIAN_POINT('',(59.792627552438901,71.753469982632282,1.315671903120946));
#5486=CARTESIAN_POINT('',(59.812774530367079,71.750604152328108,1.317903699577048));
#5487=CARTESIAN_POINT('',(59.865554850592950,71.743075504686885,1.323586459500482));
#5488=CARTESIAN_POINT('',(59.918917533979531,71.735408925099492,1.328899067243739));
#5489=CARTESIAN_POINT('',(59.952046954399997,71.730628300157719,1.332031606539848));
#5490=CARTESIAN_POINT('',(60.025385039293269,71.719999662863273,1.338601760122612));
#5491=CARTESIAN_POINT('',(60.099798641412242,71.709116441103731,1.344488986587014));
#5492=CARTESIAN_POINT('',(60.140690949161097,71.703107353587555,1.347501393845072));
#5493=CARTESIAN_POINT('',(60.181902968289208,71.697023309431330,1.350320023205528));
#5494=CARTESIAN_POINT('',(60.223434636808342,71.690864483855364,1.352947089704908));
#5495=CARTESIAN_POINT('',(58.025975202843263,71.531321522707714,-0.895550822647348));
#5496=CARTESIAN_POINT('',(57.798214353492952,71.597577365477051,-0.873857360533883));
#5497=CARTESIAN_POINT('',(57.586968171854487,71.660308500237164,-0.851029380237405));
#5498=CARTESIAN_POINT('',(57.392275751315871,71.719503436382368,-0.827117384225881));
#5499=CARTESIAN_POINT('',(57.130179671588508,71.801452139271461,-0.790917450551895));
#5500=CARTESIAN_POINT('',(56.905904581872747,71.874057182439756,-0.755173494900161));
#5501=CARTESIAN_POINT('',(56.837514047103973,71.896448923959795,-0.743804295159952));
#5502=CARTESIAN_POINT('',(56.713562606324608,71.937363935135593,-0.722307076436027));
#5503=CARTESIAN_POINT('',(56.603521138888937,71.974139822768151,-0.702026390051018));
#5504=CARTESIAN_POINT('',(56.553838682688621,71.990759453333382,-0.692481385099528));
#5505=CARTESIAN_POINT('',(56.498464065449369,72.009373303824447,-0.681948781265646));
#5506=CARTESIAN_POINT('',(56.446881602695633,72.026615684810153,-0.671813684219980));
#5507=CARTESIAN_POINT('',(56.439015024006572,72.029243672215429,-0.670264613264452));
#5508=CARTESIAN_POINT('',(56.423582336303859,72.034374097522914,-0.667072646828065));
#5509=CARTESIAN_POINT('',(56.408459429889838,72.039414066303735,-0.664026055945169));
#5510=CARTESIAN_POINT('',(56.400998415687212,72.041916693672206,-0.662621683279217));
#5511=CARTESIAN_POINT('',(56.363919400836650,72.054319156716332,-0.655406684166756));
#5512=CARTESIAN_POINT('',(56.329354284259843,72.065551257998152,-0.646632821958582));
#5513=CARTESIAN_POINT('',(56.303623587230469,72.073472453606740,-0.637625236527407));
#5514=CARTESIAN_POINT('',(56.257992855081099,72.087065138214015,-0.619514175330816));
#5515=CARTESIAN_POINT('',(56.218908411199138,72.097507020573303,-0.598065603227857));
#5516=CARTESIAN_POINT('',(56.201896097057947,72.101771091345427,-0.587407486464457));
#5517=CARTESIAN_POINT('',(56.173031783819098,72.108388993207953,-0.566455459548163));
#5518=CARTESIAN_POINT('',(56.149749934234677,72.112417073908887,-0.544061762142627));
#5519=CARTESIAN_POINT('',(56.140187444082201,72.113711579010939,-0.533426354248520));
#5520=CARTESIAN_POINT('',(56.127911202348379,72.114724079442240,-0.517462667218928));
#5521=CARTESIAN_POINT('',(56.118224106792603,72.114585010999164,-0.501482118692726));
#5522=CARTESIAN_POINT('',(56.115325437592638,72.114423707397961,-0.496272856246494));
#5523=CARTESIAN_POINT('',(56.107345159676143,72.113646583780977,-0.480694187587037));
#5524=CARTESIAN_POINT('',(56.101446354319023,72.112058006024412,-0.465344960660598));
#5525=CARTESIAN_POINT('',(56.098236094668380,72.110782845888068,-0.455282984794787));
#5526=CARTESIAN_POINT('',(56.082472317412197,72.102526681189175,-0.395680857120051));
#5527=CARTESIAN_POINT('',(56.084426292280938,72.093042453393892,-0.339095723133766));
#5528=CARTESIAN_POINT('',(56.093659138101927,72.088649338631257,-0.291012281972267));
#5529=CARTESIAN_POINT('',(56.132433663850513,72.083521476178305,-0.189944165803903));
#5530=CARTESIAN_POINT('',(56.207740670596728,72.087775296572119,-0.083807003253463));
#5531=CARTESIAN_POINT('',(56.259773157353337,72.090974830731852,-0.022459738698761));
#5532=CARTESIAN_POINT('',(56.359442613021848,72.091392667065946,0.080921146328692));
#5533=CARTESIAN_POINT('',(56.493557733348297,72.086936173518183,0.192772816731167));
#5534=CARTESIAN_POINT('',(56.541459101842428,72.084932482822552,0.230235050551362));
#5535=CARTESIAN_POINT('',(56.646234975711742,72.079592058262520,0.307196240921960));
#5536=CARTESIAN_POINT('',(56.768318308542639,72.071043513208465,0.385215745375646));
#5537=CARTESIAN_POINT('',(56.834422550308886,72.065798138939485,0.424486498663515));
#5538=CARTESIAN_POINT('',(56.966343701157612,72.054522785327919,0.498200842408093));
#5539=CARTESIAN_POINT('',(57.113750093321180,72.040507766488190,0.571881332982717));
#5540=CARTESIAN_POINT('',(57.185760558650550,72.033363506076611,0.605999628210925));
#5541=CARTESIAN_POINT('',(57.337723520911418,72.017741350171093,0.674185823301859));
#5542=CARTESIAN_POINT('',(57.503046444137453,71.999940269532047,0.741473514695937));
#5543=CARTESIAN_POINT('',(57.589693719754571,71.990438129086613,0.775077522468788));
#5544=CARTESIAN_POINT('',(57.772903632343038,71.970060839081214,0.842869046961182));
#5545=CARTESIAN_POINT('',(57.969824735550283,71.947595455997998,0.909192557353659));
#5546=CARTESIAN_POINT('',(58.073555723017677,71.935626826932520,0.942525093584821));
#5547=CARTESIAN_POINT('',(58.270153729038583,71.912680851512675,1.002793844094983));
#5548=CARTESIAN_POINT('',(58.478962687502317,71.887735020479724,1.061279356693029));
#5549=CARTESIAN_POINT('',(58.576420029171572,71.875959962895394,1.087430899353482));
#5550=CARTESIAN_POINT('',(58.752405648369127,71.854414997626421,1.132489820425758));
#5551=CARTESIAN_POINT('',(58.937093686243031,71.831177962575197,1.175209330133000));
#5552=CARTESIAN_POINT('',(59.018367677086303,71.820822865065153,1.193086020117071));
#5553=CARTESIAN_POINT('',(59.153108671883537,71.803409358515594,1.220967608511545));
#5554=CARTESIAN_POINT('',(59.292587947755777,71.784941937523854,1.246593857926825));
#5555=CARTESIAN_POINT('',(59.346842473415244,71.777690649645280,1.256057239485822));
#5556=CARTESIAN_POINT('',(59.429269055824768,71.766568658042914,1.269645751321876));
#5557=CARTESIAN_POINT('',(59.513343213603342,71.755061035071620,1.282253788452102));
#5558=CARTESIAN_POINT('',(59.541523568655471,71.751185964098980,1.286343077445831));
#5559=CARTESIAN_POINT('',(59.596830821881220,71.743545365260943,1.294096104156335));
#5560=CARTESIAN_POINT('',(59.652843684202438,71.735737726786809,1.301407745312708));
#5561=CARTESIAN_POINT('',(59.680298150411097,71.731894123102791,1.304859741262863));
#5562=CARTESIAN_POINT('',(59.727516776317913,71.725255596721581,1.310577639168202));
#5563=CARTESIAN_POINT('',(59.775228234279837,71.718500748763773,1.315989558907081));
#5564=CARTESIAN_POINT('',(59.795113489516460,71.715677443306376,1.318183002959750));
#5565=CARTESIAN_POINT('',(59.847211647571967,71.708258827621492,1.323757747863644));
#5566=CARTESIAN_POINT('',(59.899891886946811,71.700701546495395,1.328954757725371));
#5567=CARTESIAN_POINT('',(59.932599523723347,71.695988798167832,1.332019203383529));
#5568=CARTESIAN_POINT('',(60.005007951814648,71.685510792410668,1.338452601588812));
#5569=CARTESIAN_POINT('',(60.078489441257283,71.674779491678891,1.344216266804261));
#5570=CARTESIAN_POINT('',(60.118872935074407,71.668853187721382,1.347160352479520));
#5571=CARTESIAN_POINT('',(60.159575828055353,71.662851787632164,1.349908581980508));
#5572=CARTESIAN_POINT('',(60.200598180668393,71.656775424241857,1.352462759659917));
#5573=CARTESIAN_POINT('',(57.867894087590777,71.496658016444727,-0.881053783056464));
#5574=CARTESIAN_POINT('',(57.646149671171891,71.563152520278024,-0.859469412998823));
#5575=CARTESIAN_POINT('',(57.441028021542436,71.626092525418613,-0.836792672809235));
#5576=CARTESIAN_POINT('',(57.252596928624612,71.685455689171022,-0.813120657909157));
#5577=CARTESIAN_POINT('',(57.000294340653383,71.767428520903934,-0.777394255378913));
#5578=CARTESIAN_POINT('',(56.786550949381059,71.839779376806618,-0.742466335631091));
#5579=CARTESIAN_POINT('',(56.721689940216770,71.862026786854372,-0.731320545366438));
#5580=CARTESIAN_POINT('',(56.604572361822910,71.902706056390002,-0.710581928478515));
#5581=CARTESIAN_POINT('',(56.501728405028580,71.939080433026575,-0.690791969180059));
#5582=CARTESIAN_POINT('',(56.455373776466850,71.955679657504177,-0.682065366262085));
#5583=CARTESIAN_POINT('',(56.404266594335041,71.973946969840824,-0.671390882672088));
#5584=CARTESIAN_POINT('',(56.356737891255513,71.991064233350784,-0.661476738033842));
#5585=CARTESIAN_POINT('',(56.349484232233891,71.993684409669683,-0.659993753242882));
#5586=CARTESIAN_POINT('',(56.335155409012280,71.998906530029871,-0.657319990372440));
#5587=CARTESIAN_POINT('',(56.321194873266528,72.003969659346581,-0.654469821922453));
#5588=CARTESIAN_POINT('',(56.314388304290148,72.006406323481571,-0.652853621373968));
#5589=CARTESIAN_POINT('',(56.280733111367709,72.018344993975006,-0.644101718062856));
#5590=CARTESIAN_POINT('',(56.249874655844692,72.028817684181419,-0.632822951318379));
#5591=CARTESIAN_POINT('',(56.226701651850988,72.036514308837681,-0.623364663267407));
#5592=CARTESIAN_POINT('',(56.186184764774289,72.049361921535080,-0.603092791841591));
#5593=CARTESIAN_POINT('',(56.151914239114838,72.059252421628500,-0.580088806396567));
#5594=CARTESIAN_POINT('',(56.137168408735981,72.063243408278893,-0.568597083013349));
#5595=CARTESIAN_POINT('',(56.112460017022627,72.069398171345242,-0.546141781782573));
#5596=CARTESIAN_POINT('',(56.093281654825432,72.072996061105002,-0.522138142315237));
#5597=CARTESIAN_POINT('',(56.085627200187197,72.074090388380469,-0.510747785986365));
#5598=CARTESIAN_POINT('',(56.076233214060913,72.074776941186613,-0.493659857906863));
#5599=CARTESIAN_POINT('',(56.069550729181302,72.074204685788700,-0.476650168889850));
#5600=CARTESIAN_POINT('',(56.067642335937443,72.073893748398703,-0.471117415966544));
#5601=CARTESIAN_POINT('',(56.062662162524369,72.072635626575988,-0.454613882659163));
#5602=CARTESIAN_POINT('',(56.059546172123149,72.070683264369336,-0.438518479018580));
#5603=CARTESIAN_POINT('',(56.058042917642091,72.069253123357996,-0.427999378894425));
#5604=CARTESIAN_POINT('',(56.051605597043071,72.060613727014442,-0.365928504977547));
#5605=CARTESIAN_POINT('',(56.060097579881408,72.052323581005112,-0.305866397367875));
#5606=CARTESIAN_POINT('',(56.075528921243460,72.048037728507239,-0.256204687763105));
#5607=CARTESIAN_POINT('',(56.125021110335709,72.044275991934768,-0.153165041141461));
#5608=CARTESIAN_POINT('',(56.208701219815040,72.049550071627280,-0.047704901189166));
#5609=CARTESIAN_POINT('',(56.264347494681061,72.053333012181298,0.012571057649129));
#5610=CARTESIAN_POINT('',(56.369264612194918,72.053739485347592,0.114779886708702));
#5611=CARTESIAN_POINT('',(56.507278769946140,72.049004605779643,0.224274572587518));
#5612=CARTESIAN_POINT('',(56.556357456632988,72.046866905791262,0.260960896825852));
#5613=CARTESIAN_POINT('',(56.663166772854453,72.041227636113305,0.336148853886900));
#5614=CARTESIAN_POINT('',(56.786703378304168,72.032294977015553,0.412110593064223));
#5615=CARTESIAN_POINT('',(56.853350202679017,72.026860638081104,0.450263702829433));
#5616=CARTESIAN_POINT('',(56.985835425709453,72.015363580753032,0.522069799997940));
#5617=CARTESIAN_POINT('',(57.133182382800953,72.001151347710433,0.593601552052369));
#5618=CARTESIAN_POINT('',(57.205006146685392,71.993954108469680,0.626751954350051));
#5619=CARTESIAN_POINT('',(57.356268135830938,71.978258706076971,0.692907668782434));
#5620=CARTESIAN_POINT('',(57.520231876032717,71.960517785929838,0.758254180605188));
#5621=CARTESIAN_POINT('',(57.606053937487438,71.951066977273101,0.790880551335527));
#5622=CARTESIAN_POINT('',(57.787288922074019,71.930848808767209,0.856725805634336));
#5623=CARTESIAN_POINT('',(57.981701328225277,71.908633648841800,0.921179183991718));
#5624=CARTESIAN_POINT('',(58.084008399728027,71.896815062444574,0.953587525563239));
#5625=CARTESIAN_POINT('',(58.277800637628779,71.874182416993349,1.012223424111438));
#5626=CARTESIAN_POINT('',(58.483513497347090,71.849609933445151,1.069167554312826));
#5627=CARTESIAN_POINT('',(58.579516068028028,71.838016469091812,1.094640585711418));
#5628=CARTESIAN_POINT('',(58.752888513292199,71.816801611643143,1.138505471920126));
#5629=CARTESIAN_POINT('',(58.934871262410347,71.793919092296846,1.180045733686999));
#5630=CARTESIAN_POINT('',(59.014967076643742,71.783719762696094,1.197415244077921));
#5631=CARTESIAN_POINT('',(59.147771183932413,71.766568441500283,1.224493903310176));
#5632=CARTESIAN_POINT('',(59.285280313172827,71.748378063859136,1.249381430823335));
#5633=CARTESIAN_POINT('',(59.338773359818113,71.741235973590790,1.258578736781879));
#5634=CARTESIAN_POINT('',(59.420051218506927,71.730280776319958,1.271777823448887));
#5635=CARTESIAN_POINT('',(59.502966359422601,71.718946397284839,1.284046000328141));
#5636=CARTESIAN_POINT('',(59.530759887799640,71.715129413254019,1.288023790384448));
#5637=CARTESIAN_POINT('',(59.585311412101532,71.707603016294371,1.295566301527909));
#5638=CARTESIAN_POINT('',(59.640564667230827,71.699912021292477,1.302685674931185));
#5639=CARTESIAN_POINT('',(59.667647838053462,71.696126218582165,1.306052981939924));
#5640=CARTESIAN_POINT('',(59.714230904907168,71.689587112466967,1.311632485830252));
#5641=CARTESIAN_POINT('',(59.761306331056417,71.682931605873705,1.316903959465599));
#5642=CARTESIAN_POINT('',(59.780927620156618,71.680149456876535,1.319038135321115));
#5643=CARTESIAN_POINT('',(59.832335607899047,71.672839457877473,1.324469479740105));
#5644=CARTESIAN_POINT('',(59.884323060419050,71.665392821146739,1.329542082340147));
#5645=CARTESIAN_POINT('',(59.916603201325628,71.660748449899131,1.332531849723495));
#5646=CARTESIAN_POINT('',(59.988071135970948,71.650420971551739,1.338802591840333));
#5647=CARTESIAN_POINT('',(60.060610409218498,71.639840919699452,1.344409428028734));
#5648=CARTESIAN_POINT('',(60.100479871628458,71.633997297118668,1.347270220869003));
#5649=CARTESIAN_POINT('',(60.140668463611647,71.628078663900823,1.349935946543841));
#5650=CARTESIAN_POINT('',(60.181176287060310,71.622085067584365,1.352407418985859));
#5651=CARTESIAN_POINT('',(57.803941306751021,71.482388122454211,-0.875139179135221));
#5652=CARTESIAN_POINT('',(57.584659889436423,71.548971788481538,-0.853606235187860));
#5653=CARTESIAN_POINT('',(57.382042864558429,71.611987920343623,-0.831004641444659));
#5654=CARTESIAN_POINT('',(57.196198235062283,71.671405924003309,-0.807412097516873));
#5655=CARTESIAN_POINT('',(56.947918822275597,71.753371867926774,-0.771928068743341));
#5656=CARTESIAN_POINT('',(56.738554626346300,71.825579882191448,-0.737319994664560));
#5657=CARTESIAN_POINT('',(56.675127918274008,71.847783958473826,-0.726349667944015));
#5658=CARTESIAN_POINT('',(56.560888442078863,71.888305011020705,-0.705763686091367));
#5659=CARTESIAN_POINT('',(56.460922760006497,71.924600912451226,-0.686513218445860));
#5660=CARTESIAN_POINT('',(56.416067965115353,71.941060974796414,-0.677653482413833));
#5661=CARTESIAN_POINT('',(56.366565608972238,71.959345564622282,-0.667485424752324));
#5662=CARTESIAN_POINT('',(56.320520028589172,71.976565894822954,-0.658113440000535));
#5663=CARTESIAN_POINT('',(56.313502064352242,71.979194334899688,-0.656677136407515));
#5664=CARTESIAN_POINT('',(56.299775245812711,71.984303158499173,-0.653595277174938));
#5665=CARTESIAN_POINT('',(56.286515506886502,71.989158929152907,-0.650003256927190));
#5666=CARTESIAN_POINT('',(56.280047652776339,71.991502404823351,-0.648068561866480));
#5667=CARTESIAN_POINT('',(56.248017674063497,72.003048316283383,-0.638039950707346));
#5668=CARTESIAN_POINT('',(56.218432896894413,72.013463996029799,-0.626887801846295));
#5669=CARTESIAN_POINT('',(56.196441610642950,72.020942283599297,-0.616758119596805));
#5670=CARTESIAN_POINT('',(56.157965845435278,72.033550060044092,-0.595936009244208));
#5671=CARTESIAN_POINT('',(56.125721771396933,72.043178615745589,-0.572251123431754));
#5672=CARTESIAN_POINT('',(56.111908325588701,72.047060982698824,-0.560479382331091));
#5673=CARTESIAN_POINT('',(56.088947598602161,72.052998278015039,-0.537412577236154));
#5674=CARTESIAN_POINT('',(56.071508443186147,72.056386937775073,-0.512794639812036));
#5675=CARTESIAN_POINT('',(56.064591139662163,72.057438018120507,-0.501101504447868));
#5676=CARTESIAN_POINT('',(56.056410454111223,72.057974453006068,-0.483570608939688));
#5677=CARTESIAN_POINT('',(56.050972341502948,72.057228143623391,-0.466153855290400));
#5678=CARTESIAN_POINT('',(56.049479745899013,72.056850882399843,-0.460497538918448));
#5679=CARTESIAN_POINT('',(56.045666707714368,72.055449173722124,-0.443653869964561));
#5680=CARTESIAN_POINT('',(56.043751341211113,72.053314994916818,-0.427216999378919));
#5681=CARTESIAN_POINT('',(56.042892414077762,72.051864931492361,-0.416533747400402));
#5682=CARTESIAN_POINT('',(56.039913413282292,72.043345722106096,-0.353558420100799));
#5683=CARTESIAN_POINT('',(56.051176781759409,72.035518365444247,-0.291703060975827));
#5684=CARTESIAN_POINT('',(56.069072794199919,72.031324026945910,-0.241593651254705));
#5685=CARTESIAN_POINT('',(56.122905124351490,72.028183992842912,-0.137608498484171));
#5686=CARTESIAN_POINT('',(56.209983642789290,72.033886092889531,-0.032546398940896));
#5687=CARTESIAN_POINT('',(56.267104447737481,72.037912385343589,0.027361310260686));
#5688=CARTESIAN_POINT('',(56.374160322237678,72.038326876844565,0.128993902531262));
#5689=CARTESIAN_POINT('',(56.513765948802082,72.033485031920435,0.237507240087193));
#5690=CARTESIAN_POINT('',(56.563325499294841,72.031293598240751,0.273866974177095));
#5691=CARTESIAN_POINT('',(56.670975976938067,72.025518246240267,0.348277261898227));
#5692=CARTESIAN_POINT('',(56.795101020088147,72.016425533848391,0.423366930697379));
#5693=CARTESIAN_POINT('',(56.861969526198394,72.010906519043544,0.461026384572264));
#5694=CARTESIAN_POINT('',(56.994632742994327,71.999354330846529,0.532109355100816));
#5695=CARTESIAN_POINT('',(57.141962484676853,71.985038625098582,0.602671534973767));
#5696=CARTESIAN_POINT('',(57.213686660830078,71.977832867905704,0.635438551645068));
#5697=CARTESIAN_POINT('',(57.364631479960913,71.962116962840071,0.700755965493354));
#5698=CARTESIAN_POINT('',(57.528017935448148,71.944403251672554,0.765283427198251));
#5699=CARTESIAN_POINT('',(57.613489011263461,71.934978849782510,0.797508790370899));
#5700=CARTESIAN_POINT('',(57.793886161936292,71.914831922817129,0.862545631535412));
#5701=CARTESIAN_POINT('',(57.987251893258467,71.892725364335632,0.926225895685893));
#5702=CARTESIAN_POINT('',(58.088961927945078,71.880970816298102,0.958252694890497));
#5703=CARTESIAN_POINT('',(58.281591866594212,71.858470210962054,1.016212409425309));
#5704=CARTESIAN_POINT('',(58.486025313136018,71.834053017728891,1.072517509242199));
#5705=CARTESIAN_POINT('',(58.581428872177867,71.822534519932873,1.097708178579688));
#5706=CARTESIAN_POINT('',(58.753724954294881,71.801456070364011,1.141077183271149));
#5707=CARTESIAN_POINT('',(58.934596561749800,71.778719290734287,1.182131373646406));
#5708=CARTESIAN_POINT('',(59.014207732426492,71.768584428916853,1.199292716600208));
#5709=CARTESIAN_POINT('',(59.146217591911153,71.751540787580950,1.226042979037977));
#5710=CARTESIAN_POINT('',(59.282919330534128,71.733464235131962,1.250629897066122));
#5711=CARTESIAN_POINT('',(59.336100874136967,71.726366595190584,1.259714665855955));
#5712=CARTESIAN_POINT('',(59.416908620953699,71.715479985252799,1.272759787805092));
#5713=CARTESIAN_POINT('',(59.499350711570557,71.704215839376417,1.284882901279110));
#5714=CARTESIAN_POINT('',(59.526986257700273,71.700422584421574,1.288815258567485));
#5715=CARTESIAN_POINT('',(59.581229023911689,71.692942921412993,1.296272846992397));
#5716=CARTESIAN_POINT('',(59.636172483524447,71.685299406585671,1.303313593659227));
#5717=CARTESIAN_POINT('',(59.663104718696893,71.681536706679410,1.306642102888410));
#5718=CARTESIAN_POINT('',(59.709429331457912,71.675037362654052,1.312156990843682));
#5719=CARTESIAN_POINT('',(59.756245232116193,71.668422541517046,1.317372591823948));
#5720=CARTESIAN_POINT('',(59.775758619262561,71.665657448175949,1.319485252604565));
#5721=CARTESIAN_POINT('',(59.826885308744529,71.658391743063419,1.324858718848253));
#5722=CARTESIAN_POINT('',(59.878591343942723,71.650989416350043,1.329873512447541));
#5723=CARTESIAN_POINT('',(59.910697644687481,71.646372625610439,1.332829851687719));
#5724=CARTESIAN_POINT('',(59.981782879885507,71.636106096270979,1.339030159424728));
#5725=CARTESIAN_POINT('',(60.053939044474291,71.625587381500779,1.344570893947485));
#5726=CARTESIAN_POINT('',(60.093599496135120,71.619777248782512,1.347396033792439));
#5727=CARTESIAN_POINT('',(60.133579002124918,71.613892129639638,1.350026318671169));
#5728=CARTESIAN_POINT('',(60.173877689617051,71.607932058442557,1.352462443928410));
#5729=CARTESIAN_POINT('',(57.725494667789143,71.464566953294209,-0.867826426760990));
#5730=CARTESIAN_POINT('',(57.509267502990042,71.531251702389966,-0.846362952689178));
#5731=CARTESIAN_POINT('',(57.309756705501378,71.594353271246064,-0.823852343537160));
#5732=CARTESIAN_POINT('',(57.127136332529020,71.653824050921259,-0.800383794782982));
#5733=CARTESIAN_POINT('',(56.883899319658823,71.735746240685160,-0.765190623056635));
#5734=CARTESIAN_POINT('',(56.680024310998043,71.807752034651173,-0.731015997739304));
#5735=CARTESIAN_POINT('',(56.618395922932557,71.829888862717056,-0.720233160261968));
#5736=CARTESIAN_POINT('',(56.507746287716458,71.870218821669567,-0.699927546780531));
#5737=CARTESIAN_POINT('',(56.411401462686499,71.906381517114411,-0.681185692067855));
#5738=CARTESIAN_POINT('',(56.368436703287948,71.922656748964599,-0.672165005816864));
#5739=CARTESIAN_POINT('',(56.320793003945980,71.941072513164414,-0.662844389558650));
#5740=CARTESIAN_POINT('',(56.277172309736073,71.957868673373142,-0.652200742814458));
#5741=CARTESIAN_POINT('',(56.270547837627561,71.960412789674052,-0.650499937128581));
#5742=CARTESIAN_POINT('',(56.257586532414052,71.965371040883383,-0.646968755690425));
#5743=CARTESIAN_POINT('',(56.245044825718537,71.970123842663668,-0.643123356685151));
#5744=CARTESIAN_POINT('',(56.238915935790232,71.972433845220863,-0.641131843939939));
#5745=CARTESIAN_POINT('',(56.208627550737631,71.983773544270676,-0.630659663128716));
#5746=CARTESIAN_POINT('',(56.180934890198458,71.993825965979838,-0.618463951559805));
#5747=CARTESIAN_POINT('',(56.160294037657707,72.001161766186343,-0.608110057653677));
#5748=CARTESIAN_POINT('',(56.124400385729487,72.013440668318310,-0.586481004280637));
#5749=CARTESIAN_POINT('',(56.094649663727317,72.022772564832238,-0.562044810177645));
#5750=CARTESIAN_POINT('',(56.082027076130743,72.026494706552313,-0.549857652905124));
#5751=CARTESIAN_POINT('',(56.061296764708899,72.032127430942012,-0.526046670921796));
#5752=CARTESIAN_POINT('',(56.046150898225427,72.035167289118974,-0.500655836404941));
#5753=CARTESIAN_POINT('',(56.040364151059649,72.036012748837436,-0.488636016376010));
#5754=CARTESIAN_POINT('',(56.033590413727993,72.036457043934647,-0.470611854711227));
#5755=CARTESIAN_POINT('',(56.029687886403337,72.035511084732946,-0.452755622392569));
#5756=CARTESIAN_POINT('',(56.028700325186101,72.035066819591023,-0.446957083214685));
#5757=CARTESIAN_POINT('',(56.026491347345271,72.033387192828101,-0.429722630704818));
#5758=CARTESIAN_POINT('',(56.025773212177747,72.031236092220780,-0.413062468479256));
#5759=CARTESIAN_POINT('',(56.025537140551137,72.029895703872043,-0.402067334316188));
#5760=CARTESIAN_POINT('',(56.026593487800497,72.021767052868341,-0.337643034414955));
#5761=CARTESIAN_POINT('',(56.041371572336338,72.014466531017476,-0.273737855950396));
#5762=CARTESIAN_POINT('',(56.062250221360117,72.010462118182673,-0.222887781396433));
#5763=CARTESIAN_POINT('',(56.121385247924103,72.008176415484570,-0.117771442215739));
#5764=CARTESIAN_POINT('',(56.212666149846378,72.014416193189803,-0.013243360106155));
#5765=CARTESIAN_POINT('',(56.271609194385697,72.018742484368701,0.046299031581687));
#5766=CARTESIAN_POINT('',(56.381301210606367,72.019196458251102,0.147047582520936));
#5767=CARTESIAN_POINT('',(56.522879645201463,72.014225668613619,0.254341864016986));
#5768=CARTESIAN_POINT('',(56.573027132548113,72.011979466040899,0.290325615676642));
#5769=CARTESIAN_POINT('',(56.681732246944762,72.006010988158778,0.363659455533457));
#5770=CARTESIAN_POINT('',(56.806594047543030,71.996707213280473,0.437632140531595));
#5771=CARTESIAN_POINT('',(56.873698241067089,71.991105160682835,0.474690645686421));
#5772=CARTESIAN_POINT('',(57.006583977735907,71.979468510746258,0.544810177709646));
#5773=CARTESIAN_POINT('',(57.153832103882444,71.965059048093536,0.614204350363819));
#5774=CARTESIAN_POINT('',(57.225433489121450,71.957829645864024,0.646446144823806));
#5775=CARTESIAN_POINT('',(57.375945582776033,71.942105585997879,0.710729123137613));
#5776=CARTESIAN_POINT('',(57.538595844765943,71.924427236204806,0.774210495134315));
#5777=CARTESIAN_POINT('',(57.623609314513502,71.915041125847168,0.805934593855513));
#5778=CARTESIAN_POINT('',(57.802947427428073,71.894988892618429,0.869950698178005));
#5779=CARTESIAN_POINT('',(57.994971372525427,71.873025410531426,0.932666151171922));
#5780=CARTESIAN_POINT('',(58.095936999800067,71.861352077718308,0.964210175759736));
#5781=CARTESIAN_POINT('',(58.287102348885000,71.839021023739448,1.021324077669652));
#5782=CARTESIAN_POINT('',(58.489936584540708,71.814799646036661,1.076826250696566));
#5783=CARTESIAN_POINT('',(58.584592189356023,71.803374304754257,1.101657646862377));
#5784=CARTESIAN_POINT('',(58.755544233019918,71.782467211615398,1.144405804846503));
#5785=CARTESIAN_POINT('',(58.935031286482207,71.759912272638189,1.184850934372150));
#5786=CARTESIAN_POINT('',(59.014039235166301,71.749857944757210,1.201753932281189));
#5787=CARTESIAN_POINT('',(59.145060607248190,71.732948715211649,1.228096746149845));
#5788=CARTESIAN_POINT('',(59.280759933335403,71.715013533816773,1.252309426187570));
#5789=CARTESIAN_POINT('',(59.333554561120387,71.707971341583743,1.261257466690176));
#5790=CARTESIAN_POINT('',(59.413779937935672,71.697169287755202,1.274105964576382));
#5791=CARTESIAN_POINT('',(59.495635815639837,71.685992340448692,1.286051955674169));
#5792=CARTESIAN_POINT('',(59.523075866672947,71.682228320262126,1.289926745906676));
#5793=CARTESIAN_POINT('',(59.576936763376139,71.674806173575391,1.297276048595843));
#5794=CARTESIAN_POINT('',(59.631497244567868,71.667221031527745,1.304215475424112));
#5795=CARTESIAN_POINT('',(59.658242582025203,71.663487040751647,1.307496997513579));
#5796=CARTESIAN_POINT('',(59.704247342896103,71.657037123729083,1.312935000564863));
#5797=CARTESIAN_POINT('',(59.750743027639963,71.650472029715388,1.318076295888678));
#5798=CARTESIAN_POINT('',(59.770123485567559,71.647727610589769,1.320158452241121));
#5799=CARTESIAN_POINT('',(59.820903023803780,71.640516190917907,1.325455657388503));
#5800=CARTESIAN_POINT('',(59.872261330137952,71.633168726151538,1.330399890375230));
#5801=CARTESIAN_POINT('',(59.904153123815391,71.628585840150237,1.333313596675774));
#5802=CARTESIAN_POINT('',(59.974766497654343,71.618394129025518,1.339422942291983));
#5803=CARTESIAN_POINT('',(60.046450372878617,71.607950669759916,1.344877395406035));
#5804=CARTESIAN_POINT('',(60.085853258381142,71.602181659587828,1.347656582102525));
#5805=CARTESIAN_POINT('',(60.125575145977123,71.596337712315631,1.350241488171118));
#5806=CARTESIAN_POINT('',(60.165616171050907,71.590418837318467,1.352632503880536));
#5807=CARTESIAN_POINT('',(57.647230861240821,71.446387401177915,-0.860460976257910));
#5808=CARTESIAN_POINT('',(57.434085251659681,71.513165048849061,-0.839073167252491));
#5809=CARTESIAN_POINT('',(57.237714837461702,71.576341580790356,-0.816656249307429));
#5810=CARTESIAN_POINT('',(57.058380794278072,71.635845247290632,-0.793332616566971));
#5811=CARTESIAN_POINT('',(56.820297552467132,71.717685876854020,-0.758434081378427));
#5812=CARTESIAN_POINT('',(56.622042424597872,71.789456144046568,-0.724719454170822));
#5813=CARTESIAN_POINT('',(56.562270902296177,71.811499290062955,-0.714071446735351));
#5814=CARTESIAN_POINT('',(56.455254872356967,71.851655458804643,-0.694165421142708));
#5815=CARTESIAN_POINT('',(56.362699725518617,71.887581875568898,-0.675591060394912));
#5816=CARTESIAN_POINT('',(56.321537357372158,71.903780787122045,-0.666782569252574));
#5817=CARTESIAN_POINT('',(56.276102939840278,71.922018559270541,-0.657189463281007));
#5818=CARTESIAN_POINT('',(56.234910373916378,71.938426851223738,-0.645526662082836));
#5819=CARTESIAN_POINT('',(56.228661208769999,71.940910408736769,-0.643667417936186));
#5820=CARTESIAN_POINT('',(56.216446368064368,71.945748361370164,-0.639826368152191));
#5821=CARTESIAN_POINT('',(56.204649734544212,71.950382523803270,-0.635684285565216));
#5822=CARTESIAN_POINT('',(56.198891082541181,71.952633641195746,-0.633546983584940));
#5823=CARTESIAN_POINT('',(56.170442837676489,71.963698439075870,-0.622427929005997));
#5824=CARTESIAN_POINT('',(56.144576000947559,71.973481967052194,-0.609592997435745));
#5825=CARTESIAN_POINT('',(56.125396969694371,71.980590891319807,-0.598700734705710));
#5826=CARTESIAN_POINT('',(56.092132096675627,71.992542977125893,-0.576335755628131));
#5827=CARTESIAN_POINT('',(56.064969941877877,72.001536862455197,-0.551059535062844));
#5828=CARTESIAN_POINT('',(56.053558007314798,72.005101004693927,-0.538467450574278));
#5829=CARTESIAN_POINT('',(56.035183470150791,72.010360591842016,-0.513840134588639));
#5830=CARTESIAN_POINT('',(56.022495545937240,72.012970119389607,-0.487692848225709));
#5831=CARTESIAN_POINT('',(56.017913483819207,72.013568707536763,-0.475351027461159));
#5832=CARTESIAN_POINT('',(56.012891232861492,72.013700058342479,-0.456919936777292));
#5833=CARTESIAN_POINT('',(56.010579892932157,72.012547619437086,-0.438728138381815));
#5834=CARTESIAN_POINT('',(56.010136304347910,72.012012384794957,-0.432836135082746));
#5835=CARTESIAN_POINT('',(56.009237456623353,72.010285144809885,-0.415348321217150));
#5836=CARTESIAN_POINT('',(56.009341411865194,72.008399690404133,-0.398420993018880));
#5837=CARTESIAN_POINT('',(56.009757644616997,72.007162501148187,-0.387182431250402));
#5838=CARTESIAN_POINT('',(56.014640823337238,71.999686159422922,-0.320800518984268));
#5839=CARTESIAN_POINT('',(56.032932336195628,71.992946726601019,-0.255220080577733));
#5840=CARTESIAN_POINT('',(56.056827236309097,71.989179247055120,-0.203170264461658));
#5841=CARTESIAN_POINT('',(56.121174296815511,71.987881337097278,-0.097146406669806));
#5842=CARTESIAN_POINT('',(56.216715414685467,71.994668754461969,0.006951840882753));
#5843=CARTESIAN_POINT('',(56.277488791949573,71.999297864082251,0.066111962851858));
#5844=CARTESIAN_POINT('',(56.389826024157088,71.999825589355268,0.165850770324990));
#5845=CARTESIAN_POINT('',(56.533395264822957,71.994733756960983,0.271888928949855));
#5846=CARTESIAN_POINT('',(56.584134135066137,71.992430962894218,0.307472390289969));
#5847=CARTESIAN_POINT('',(56.693913564912293,71.986255856023504,0.379659890723048));
#5848=CARTESIAN_POINT('',(56.819499703656582,71.976736801997603,0.452443405438741));
#5849=CARTESIAN_POINT('',(56.886824756807947,71.971061829152561,0.488908982627191));
#5850=CARTESIAN_POINT('',(57.019926112230984,71.959324328379452,0.557960410538845));
#5851=CARTESIAN_POINT('',(57.167036622492049,71.944849455377280,0.626200945134158));
#5852=CARTESIAN_POINT('',(57.238502134077720,71.937592786455241,0.657877701995356));
#5853=CARTESIAN_POINT('',(57.388539893838228,71.921871752949059,0.721098047424289));
#5854=CARTESIAN_POINT('',(57.550409574723943,71.904237608461102,0.783499701697591));
#5855=CARTESIAN_POINT('',(57.634943943872443,71.894894118831175,0.814705733030903));
#5856=CARTESIAN_POINT('',(57.813172231608227,71.874947125464132,0.877673410594988));
#5857=CARTESIAN_POINT('',(58.003805989414168,71.853135916865554,0.939397519816976));
#5858=CARTESIAN_POINT('',(58.104004321897442,71.841548905894527,0.970447832326285));
#5859=CARTESIAN_POINT('',(58.293665255632867,71.819394689851734,1.026692611876633));
#5860=CARTESIAN_POINT('',(58.494864177456492,71.795375174716654,1.081368956911931));
#5861=CARTESIAN_POINT('',(58.588755998691219,71.784045805083935,1.105832338701504));
#5862=CARTESIAN_POINT('',(58.758338625743903,71.763313713716727,1.147941310904300));
#5863=CARTESIAN_POINT('',(58.936417286666533,71.740944576778858,1.187766039206104));
#5864=CARTESIAN_POINT('',(59.014812367540507,71.730972245345512,1.204405788936710));
#5865=CARTESIAN_POINT('',(59.144830608427519,71.714199824822131,1.230335559963832));
#5866=CARTESIAN_POINT('',(59.279514723351497,71.696407982043937,1.254169304031683));
#5867=CARTESIAN_POINT('',(59.331918029772012,71.689421811972522,1.262977767359987));
#5868=CARTESIAN_POINT('',(59.411554490155822,71.678705328590468,1.275627869167829));
#5869=CARTESIAN_POINT('',(59.492818725452793,71.667616099469086,1.287391552996679));
#5870=CARTESIAN_POINT('',(59.520061465593592,71.663881536679682,1.291207598277939));
#5871=CARTESIAN_POINT('',(59.573537167683043,71.656517252541462,1.298445879042161));
#5872=CARTESIAN_POINT('',(59.627711600944103,71.648990803290985,1.305281484337645));
#5873=CARTESIAN_POINT('',(59.654268715947872,71.645285580359968,1.308514037607166));
#5874=CARTESIAN_POINT('',(59.699951491821572,71.638885110807479,1.313870847605162));
#5875=CARTESIAN_POINT('',(59.746124822289573,71.632369937581885,1.318935599311488));
#5876=CARTESIAN_POINT('',(59.765371445504677,71.629646313565274,1.320986772617934));
#5877=CARTESIAN_POINT('',(59.815801770331028,71.622489287178112,1.326204691286893));
#5878=CARTESIAN_POINT('',(59.866810639257480,71.615196621737951,1.331073972213473));
#5879=CARTESIAN_POINT('',(59.898486885201457,71.610647674559246,1.333943090043836));
#5880=CARTESIAN_POINT('',(59.968626243355473,71.600530812550161,1.339957065529522));
#5881=CARTESIAN_POINT('',(60.039836107598887,71.590162608130044,1.345321286052432));
#5882=CARTESIAN_POINT('',(60.078980586824848,71.584434711431967,1.348052443974611));
#5883=CARTESIAN_POINT('',(60.118444107373939,71.578631926058065,1.350590069490449));
#5884=CARTESIAN_POINT('',(60.158226796078893,71.572754240209804,1.352934263574570));
#5885=CARTESIAN_POINT('',(57.632668431244838,71.442990789146464,-0.859088077478939));
#5886=CARTESIAN_POINT('',(57.420097357526529,71.509785460309757,-0.837714558649342));
#5887=CARTESIAN_POINT('',(57.224312644600708,71.572975624256998,-0.815315319306266));
#5888=CARTESIAN_POINT('',(57.045592633985002,71.632484621659529,-0.792018992934634));
#5889=CARTESIAN_POINT('',(56.808472497156743,71.714308909241495,-0.757176055593592));
#5890=CARTESIAN_POINT('',(56.611268143020702,71.786034019863934,-0.723547119924306));
#5891=CARTESIAN_POINT('',(56.551843939039010,71.808059200671494,-0.712923894464787));
#5892=CARTESIAN_POINT('',(56.445506859060593,71.848182576514802,-0.693092364120654));
#5893=CARTESIAN_POINT('',(56.353661624617992,71.884062787303264,-0.674542508857641));
#5894=CARTESIAN_POINT('',(56.312834614852093,71.900248419742326,-0.665775719771987));
#5895=CARTESIAN_POINT('',(56.267820549317477,71.918445420372763,-0.656105767855433));
#5896=CARTESIAN_POINT('',(56.227080177647707,71.934782657587832,-0.644260812388581));
#5897=CARTESIAN_POINT('',(56.220900958810191,71.937255068263539,-0.642373044109098));
#5898=CARTESIAN_POINT('',(56.208825362576583,71.942070736706142,-0.638475537174508));
#5899=CARTESIAN_POINT('',(56.197167943336339,71.946682693061447,-0.634278452209222));
#5900=CARTESIAN_POINT('',(56.191478378230038,71.948922872888389,-0.632114418162711));
#5901=CARTESIAN_POINT('',(56.163375180450117,71.959934974957761,-0.620870473577472));
#5902=CARTESIAN_POINT('',(56.137848629207276,71.969669064187642,-0.607921015257547));
#5903=CARTESIAN_POINT('',(56.118943067340631,71.976735240307789,-0.596926331401047));
#5904=CARTESIAN_POINT('',(56.086170709929171,71.988624995749731,-0.574420912575938));
#5905=CARTESIAN_POINT('',(56.059492944798578,71.997555324254208,-0.548988232590505));
#5906=CARTESIAN_POINT('',(56.048308293245952,72.001089124209642,-0.536319765960715));
#5907=CARTESIAN_POINT('',(56.030374813483938,72.006278451338389,-0.511539086794282));
#5908=CARTESIAN_POINT('',(56.018152174420052,72.008803316634840,-0.485250719971488));
#5909=CARTESIAN_POINT('',(56.013794088586337,72.009356986369596,-0.472849598381610));
#5910=CARTESIAN_POINT('',(56.009107945635037,72.009423356105117,-0.454344810648923));
#5911=CARTESIAN_POINT('',(56.007107050935431,72.008223481374060,-0.436094898719114));
#5912=CARTESIAN_POINT('',(56.006759107683067,72.007675631126062,-0.430187869636448));
#5913=CARTESIAN_POINT('',(56.006085937179840,72.005952711148623,-0.412658486188313));
#5914=CARTESIAN_POINT('',(56.006340195386016,72.004119836938230,-0.395676908080050));
#5915=CARTESIAN_POINT('',(56.006875295478821,72.002903981957715,-0.384395434349601));
#5916=CARTESIAN_POINT('',(56.012463252843979,71.995558010509143,-0.317638042859668));
#5917=CARTESIAN_POINT('',(56.031409069854170,71.988924526082556,-0.251749509337819));
#5918=CARTESIAN_POINT('',(56.055865872255673,71.985202952892720,-0.199466958116679));
#5919=CARTESIAN_POINT('',(56.121180867332157,71.984093127232086,-0.093277947560171));
#5920=CARTESIAN_POINT('',(56.217516275544213,71.990983255090910,0.010741235747944));
#5921=CARTESIAN_POINT('',(56.278631134215949,71.995668611781568,0.069830770979877));
#5922=CARTESIAN_POINT('',(56.391460761473468,71.996211374938270,0.169376695365321));
#5923=CARTESIAN_POINT('',(56.535401384129493,71.991097222435002,0.275180283787718));
#5924=CARTESIAN_POINT('',(56.586250424039868,71.988783756500638,0.310687526973298));
#5925=CARTESIAN_POINT('',(56.696230486849608,71.982569889201528,0.382660332796334));
#5926=CARTESIAN_POINT('',(56.821950930367883,71.973010594329210,0.455219318750223));
#5927=CARTESIAN_POINT('',(56.889316723570403,71.967322339244717,0.491575010224714));
#5928=CARTESIAN_POINT('',(57.022457846464413,71.955565587723342,0.560424003991578));
#5929=CARTESIAN_POINT('',(57.169540962590013,71.941079384377289,0.628450087835938));
#5930=CARTESIAN_POINT('',(57.240980616147880,71.933817622570473,0.660020496526858));
#5931=CARTESIAN_POINT('',(57.390928727977013,71.918097453332123,0.723041882768927));
#5932=CARTESIAN_POINT('',(57.552651509828152,71.900471900974409,0.785241497994820));
#5933=CARTESIAN_POINT('',(57.637095974101527,71.891136467720557,0.816350458768372));
#5934=CARTESIAN_POINT('',(57.815115902527637,71.871209443958264,0.879122041246194));
#5935=CARTESIAN_POINT('',(58.005489228102682,71.849426883664918,0.940660654998325));
#5936=CARTESIAN_POINT('',(58.105543922621543,71.837856126613772,0.971618703571263));
#5937=CARTESIAN_POINT('',(58.294923438439987,71.815735074003300,1.027700863106259));
#5938=CARTESIAN_POINT('',(58.495816689512253,71.791753352773071,1.082222711749858));
#5939=CARTESIAN_POINT('',(58.589565788585190,71.780441939083033,1.106617257739501));
#5940=CARTESIAN_POINT('',(58.758892609057440,71.759742560256882,1.148606649513666));
#5941=CARTESIAN_POINT('',(58.936708276613352,71.737408141890512,1.188315471098337));
#5942=CARTESIAN_POINT('',(59.014988936521767,71.727451127612085,1.204906056300152));
#5943=CARTESIAN_POINT('',(59.144819936478108,71.710704255557431,1.230758740405956));
#5944=CARTESIAN_POINT('',(59.279314630925903,71.692939162159561,1.254521766127351));
#5945=CARTESIAN_POINT('',(59.331644934792799,71.685963444172913,1.263304183069827));
#5946=CARTESIAN_POINT('',(59.411171549428268,71.675262918574376,1.275917229821809));
#5947=CARTESIAN_POINT('',(59.492325455641847,71.664190041394917,1.287646843716483));
#5948=CARTESIAN_POINT('',(59.519531405149529,71.660460968391149,1.291451900850916));
#5949=CARTESIAN_POINT('',(59.572935287226613,71.653107468082197,1.298669424259604));
#5950=CARTESIAN_POINT('',(59.627037753967173,71.645591952966697,1.305485588924058));
#5951=CARTESIAN_POINT('',(59.653559783550357,71.641892088423262,1.308708965460149));
#5952=CARTESIAN_POINT('',(59.699182542730902,71.635500829904601,1.314050571806297));
#5953=CARTESIAN_POINT('',(59.745295795648389,71.628994953362010,1.319100971250060));
#5954=CARTESIAN_POINT('',(59.764517477416447,71.626275201527989,1.321146331533532));
#5955=CARTESIAN_POINT('',(59.814882724033303,71.619128304602015,1.326349386806598));
#5956=CARTESIAN_POINT('',(59.865826482305437,71.611845841935477,1.331204602713449));
#5957=CARTESIAN_POINT('',(59.897462568217946,71.607303212630427,1.334065344138113));
#5958=CARTESIAN_POINT('',(59.967513615890347,71.597200285004917,1.340061420162271));
#5959=CARTESIAN_POINT('',(60.038635182139721,71.586846089445629,1.345408707358234));
#5960=CARTESIAN_POINT('',(60.077731530699367,71.581125845934679,1.348130858086045));
#5961=CARTESIAN_POINT('',(60.117146931382237,71.575330722692158,1.350659622004967));
#5962=CARTESIAN_POINT('',(60.156881508480630,71.569460704063061,1.352995045283083));
#5963=CARTESIAN_POINT('',(57.617465279694677,71.439430070517957,-0.857652252499950));
#5964=CARTESIAN_POINT('',(57.405495166420280,71.506242260528936,-0.836293860893816));
#5965=CARTESIAN_POINT('',(57.210323394804853,71.569446320544600,-0.813913383153325));
#5966=CARTESIAN_POINT('',(57.032247106174843,71.628960038820637,-0.790645781858977));
#5967=CARTESIAN_POINT('',(56.796136752180793,71.710766106016294,-0.755861932490740));
#5968=CARTESIAN_POINT('',(56.600034755080323,71.782442613270987,-0.722322152907277));
#5969=CARTESIAN_POINT('',(56.540974886345673,71.804448652213622,-0.711725090676973));
#5970=CARTESIAN_POINT('',(56.435350135099249,71.844536789558305,-0.691969545609583));
#5971=CARTESIAN_POINT('',(56.344250407309517,71.880367019142398,-0.673440527972728));
#5972=CARTESIAN_POINT('',(56.303775210407167,71.896538104892016,-0.664713782447242));
#5973=CARTESIAN_POINT('',(56.259207277543887,71.914686927520947,-0.654945503513693));
#5974=CARTESIAN_POINT('',(56.218940060113859,71.930950496318857,-0.642915336566008));
#5975=CARTESIAN_POINT('',(56.212834157775120,71.933411223063700,-0.640998073668399));
#5976=CARTESIAN_POINT('',(56.200904526575471,71.938203508594569,-0.637041994708249));
#5977=CARTESIAN_POINT('',(56.189392975156650,71.942792221091054,-0.632787971137314));
#5978=CARTESIAN_POINT('',(56.183775677878891,71.945021068328856,-0.630596690210779));
#5979=CARTESIAN_POINT('',(56.156034869248003,71.955977141280513,-0.619219802315749));
#5980=CARTESIAN_POINT('',(56.130865296182129,71.965659114383655,-0.606151054324852));
#5981=CARTESIAN_POINT('',(56.112245966271892,71.972680869977196,-0.595050109655958));
#5982=CARTESIAN_POINT('',(56.079991748529650,71.984503581003537,-0.572393076549485));
#5983=CARTESIAN_POINT('',(56.053822554599847,71.993366865530945,-0.546797185408568));
#5984=CARTESIAN_POINT('',(56.042877840011691,71.996867614729524,-0.534047674199791));
#5985=CARTESIAN_POINT('',(56.025407425741498,72.001982996467518,-0.509105984879038));
#5986=CARTESIAN_POINT('',(56.013679223864372,72.004414392862358,-0.482670110468626));
#5987=CARTESIAN_POINT('',(56.009553752378260,72.004922966743422,-0.470208000207678));
#5988=CARTESIAN_POINT('',(56.005230765674177,72.004913475853655,-0.451627756717206));
#5989=CARTESIAN_POINT('',(56.003562708449877,72.003658669181064,-0.433322080360037));
#5990=CARTESIAN_POINT('',(56.003308404825830,72.003102509369526,-0.427401116822262));
#5991=CARTESIAN_POINT('',(56.002858278917493,72.001393532531608,-0.409832092354798));
#5992=CARTESIAN_POINT('',(56.003268443732367,71.999617619419283,-0.392790991164825));
#5993=CARTESIAN_POINT('',(56.003923620099641,71.998427276585005,-0.381465855929103));
#5994=CARTESIAN_POINT('',(56.010237781805444,71.991227885369170,-0.314310214613768));
#5995=CARTESIAN_POINT('',(56.029868622642987,71.984706141275907,-0.248096859845951));
#5996=CARTESIAN_POINT('',(56.054911598755943,71.981034912147877,-0.195566324519814));
#5997=CARTESIAN_POINT('',(56.121236088222091,71.980125452254612,-0.089205721638429));
#5998=CARTESIAN_POINT('',(56.218401680221220,71.987124066981565,0.014729850003633));
#5999=CARTESIAN_POINT('',(56.279874400681450,71.991867863229373,0.073747093231340));
#6000=CARTESIAN_POINT('',(56.393218069543899,71.992427794728698,0.173086158591274));
#6001=CARTESIAN_POINT('',(56.537547534843263,71.987290471850940,0.278644127722963));
#6002=CARTESIAN_POINT('',(56.588511701780398,71.984965722382398,0.314069708223949));
#6003=CARTESIAN_POINT('',(56.698701951080707,71.978711116177720,0.385817230658373));
#6004=CARTESIAN_POINT('',(56.824562084539409,71.969109653543384,0.458138365351762));
#6005=CARTESIAN_POINT('',(56.891970127360707,71.963407737491849,0.494379598238209));
#6006=CARTESIAN_POINT('',(57.025152275888381,71.951630519590708,0.563013747840817));
#6007=CARTESIAN_POINT('',(57.172205069216332,71.937133212349806,0.630815775160241));
#6008=CARTESIAN_POINT('',(57.243617049780028,71.929866201592915,0.662274120738284));
#6009=CARTESIAN_POINT('',(57.393470162457533,71.914147197909131,0.725086371177707));
#6010=CARTESIAN_POINT('',(57.555037828305743,71.896531026990587,0.787073941579117));
#6011=CARTESIAN_POINT('',(57.639387643272322,71.887204126662084,0.818080834426626));
#6012=CARTESIAN_POINT('',(57.817188111615387,71.867298357009290,0.880646635353852));
#6013=CARTESIAN_POINT('',(58.007287720316462,71.845546031563387,0.941990499028263));
#6014=CARTESIAN_POINT('',(58.107191541579333,71.833992443527563,0.972851802593893));
#6015=CARTESIAN_POINT('',(58.296275700939212,71.811906284473196,1.028763240400932));
#6016=CARTESIAN_POINT('',(58.496848373960987,71.787964266461501,1.083122927045287));
#6017=CARTESIAN_POINT('',(58.590447842846757,71.776671699131057,1.107445225387624));
#6018=CARTESIAN_POINT('',(58.759506543996928,71.756006634486539,1.149309112167150));
#6019=CARTESIAN_POINT('',(58.937046675479962,71.733708612887440,1.188896432995539));
#6020=CARTESIAN_POINT('',(59.015207472650467,71.723767653618182,1.205435493336251));
#6021=CARTESIAN_POINT('',(59.144842379807237,71.707047550017919,1.231207454934303));
#6022=CARTESIAN_POINT('',(59.279138775297952,71.689310464649012,1.254896424393648));
#6023=CARTESIAN_POINT('',(59.331392665134047,71.682345688291335,1.263651571669843));
#6024=CARTESIAN_POINT('',(59.410804322840590,71.671661859147122,1.276225775585573));
#6025=CARTESIAN_POINT('',(59.491842790204288,71.660606085965071,1.287919671427594));
#6026=CARTESIAN_POINT('',(59.519010249340589,71.656882753482705,1.291713197203272));
#6027=CARTESIAN_POINT('',(59.572338997376058,71.649540529491844,1.298908942133707));
#6028=CARTESIAN_POINT('',(59.626366189634801,71.642036443503656,1.305704681080138));
#6029=CARTESIAN_POINT('',(59.652851523150630,71.638342179664804,1.308918414599536));
#6030=CARTESIAN_POINT('',(59.698411513902798,71.631960549163225,1.314244056043857));
#6031=CARTESIAN_POINT('',(59.744461943945353,71.625464386617196,1.319279355762332));
#6032=CARTESIAN_POINT('',(59.763657546356420,71.622748680063708,1.321318594334374));
#6033=CARTESIAN_POINT('',(59.813954746325003,71.615612367140557,1.326506014848842));
#6034=CARTESIAN_POINT('',(59.864830432356499,71.608340563988307,1.331346433771953));
#6035=CARTESIAN_POINT('',(59.896424535263662,71.603804533886972,1.334198350534382));
#6036=CARTESIAN_POINT('',(59.966383270531217,71.593716161713076,1.340175582426627));
#6037=CARTESIAN_POINT('',(60.037412550307870,71.583376598339456,1.345505047234746));
#6038=CARTESIAN_POINT('',(60.076458598742398,71.577664348347952,1.348217723196262));
#6039=CARTESIAN_POINT('',(60.115823714853192,71.571877227875078,1.350737172334755));
#6040=CARTESIAN_POINT('',(60.155508019305550,71.566015217302720,1.353063382273164));
#6041=CARTESIAN_POINT('',(57.602269412307791,71.435855690520398,-0.856214489392033));
#6042=CARTESIAN_POINT('',(57.390901110050869,71.502685144858035,-0.834871423115185));
#6043=CARTESIAN_POINT('',(57.196343589416607,71.565902721890666,-0.812510030205067));
#6044=CARTESIAN_POINT('',(57.018913463847518,71.625420288778585,-0.789271331193479));
#6045=CARTESIAN_POINT('',(56.783816914437438,71.707206948020826,-0.754547695168117));
#6046=CARTESIAN_POINT('',(56.588822334507952,71.778833328736027,-0.721096532138513));
#6047=CARTESIAN_POINT('',(56.530128383464287,71.800819890630436,-0.710526098080966));
#6048=CARTESIAN_POINT('',(56.425219527043147,71.840871519299370,-0.690843802925752));
#6049=CARTESIAN_POINT('',(56.334869270148737,71.876650184127797,-0.672331393704395));
#6050=CARTESIAN_POINT('',(56.294748433222587,71.892805131429100,-0.663638126844547));
#6051=CARTESIAN_POINT('',(56.250632414517483,71.910901525131266,-0.653758596419174));
#6052=CARTESIAN_POINT('',(56.210839819967873,71.927091414154603,-0.641546063995738));
#6053=CARTESIAN_POINT('',(56.204807526102002,71.929540390216488,-0.639599487358898));
#6054=CARTESIAN_POINT('',(56.193024435265308,71.934309157420898,-0.635585124132652));
#6055=CARTESIAN_POINT('',(56.181659265736727,71.938874541536066,-0.631274537628017));
#6056=CARTESIAN_POINT('',(56.176114454691728,71.941092049042595,-0.629056308439728));
#6057=CARTESIAN_POINT('',(56.148737813921727,71.951991369099758,-0.617545116320686));
#6058=CARTESIAN_POINT('',(56.123927205896813,71.961620359509084,-0.604355775605607));
#6059=CARTESIAN_POINT('',(56.105594663494408,71.968598007605905,-0.593149946747206));
#6060=CARTESIAN_POINT('',(56.073862389307173,71.980351737856452,-0.570336434366693));
#6061=CARTESIAN_POINT('',(56.048204861053030,71.989146995952751,-0.544577045181297));
#6062=CARTESIAN_POINT('',(56.037502791044133,71.992613269445030,-0.531745340620135));
#6063=CARTESIAN_POINT('',(56.020498501511142,71.997653753725984,-0.506642077389559));
#6064=CARTESIAN_POINT('',(56.009272974834019,71.999986893349131,-0.480058966825725));
#6065=CARTESIAN_POINT('',(56.005379362382207,72.000451751134023,-0.467536875294037));
#6066=CARTESIAN_POINT('',(56.001432267833970,72.000358140783973,-0.448882706014813));
#6067=CARTESIAN_POINT('',(56.000098096716528,71.999048085346772,-0.430526124791804));
#6068=CARTESIAN_POINT('',(55.999932548991659,71.998487509613028,-0.424592300540648));
#6069=CARTESIAN_POINT('',(55.999699368200901,71.996797525070548,-0.406985598165406));
#6070=CARTESIAN_POINT('',(56.000264207341417,71.995080659356603,-0.389884196789799));
#6071=CARTESIAN_POINT('',(56.001034753514247,71.993919587687955,-0.378515485304845));
#6072=CARTESIAN_POINT('',(56.008062832078267,71.986878785139524,-0.310958956816318));
#6073=CARTESIAN_POINT('',(56.028381596618352,71.980469369358104,-0.244413202269762));
#6074=CARTESIAN_POINT('',(56.054009061813623,71.976851439987328,-0.191632703380317));
#6075=CARTESIAN_POINT('',(56.121342165920282,71.976146079001964,-0.085099491762142));
#6076=CARTESIAN_POINT('',(56.219338018464207,71.983254735344403,0.018750120109466));
#6077=CARTESIAN_POINT('',(56.281170104884573,71.988056534676815,0.077697036933559));
#6078=CARTESIAN_POINT('',(56.395027419052909,71.988635215877594,0.176823556718821));
#6079=CARTESIAN_POINT('',(56.539746779263687,71.983474811149406,0.282135233406127));
#6080=CARTESIAN_POINT('',(56.590826120611020,71.981138658885229,0.317476974408514));
#6081=CARTESIAN_POINT('',(56.701227169542953,71.974843061832473,0.388998135572648));
#6082=CARTESIAN_POINT('',(56.827226379634723,71.965199328745626,0.461078094140877));
#6083=CARTESIAN_POINT('',(56.894676406570198,71.959483893059371,0.497204922950625));
#6084=CARTESIAN_POINT('',(57.027898955102117,71.947685954009799,0.565621047000315));
#6085=CARTESIAN_POINT('',(57.174919746324491,71.933178182447961,0.633198593822821));
#6086=CARTESIAN_POINT('',(57.246303313433337,71.925906057573471,0.664544029799430));
#6087=CARTESIAN_POINT('',(57.396060021501917,71.910188466434803,0.727145674104191));
#6088=CARTESIAN_POINT('',(57.557470808605743,71.892582113458502,0.788920173787265));
#6089=CARTESIAN_POINT('',(57.641725191635039,71.883263868456851,0.819824282858430));
#6090=CARTESIAN_POINT('',(57.819304294631152,71.863379762749048,0.882183287789674));
#6091=CARTESIAN_POINT('',(58.009128416616100,71.841658000218189,0.943331354701568));
#6092=CARTESIAN_POINT('',(58.108880476767197,71.830121778313696,0.974095508924350));
#6093=CARTESIAN_POINT('',(58.297667795335357,71.808070781481106,1.029835321749890));
#6094=CARTESIAN_POINT('',(58.497918517249609,71.784168705290554,1.084032016818699));
#6095=CARTESIAN_POINT('',(58.591367773503777,71.772895079381186,1.108281700013688));
#6096=CARTESIAN_POINT('',(58.760157371288898,71.752264484951738,1.150019456377191));
#6097=CARTESIAN_POINT('',(58.937421087406463,71.730002999023853,1.189484817351414));
#6098=CARTESIAN_POINT('',(59.015461650874641,71.720078154082870,1.205972166373713));
#6099=CARTESIAN_POINT('',(59.144899920285390,71.703384905920188,1.231663188290290));
#6100=CARTESIAN_POINT('',(59.278997542911377,71.685675900285517,1.255277896113956));
#6101=CARTESIAN_POINT('',(59.331174847129290,71.678722090802282,1.264005699940156));
#6102=CARTESIAN_POINT('',(59.410471311433028,71.668054988812045,1.276540917485585));
#6103=CARTESIAN_POINT('',(59.491394128318660,71.657016345245466,1.288198952281101));
#6104=CARTESIAN_POINT('',(59.518523030343466,71.653298760494451,1.291980892164043));
#6105=CARTESIAN_POINT('',(59.571776519388457,71.645967826013660,1.299154752870609));
#6106=CARTESIAN_POINT('',(59.625728324463743,71.638475178817316,1.305929944727515));
#6107=CARTESIAN_POINT('',(59.652176909130283,71.634786520187163,1.309133977519936));
#6108=CARTESIAN_POINT('',(59.697674045552120,71.628414525010115,1.314443561150325));
#6109=CARTESIAN_POINT('',(59.743661575611107,71.621928080950710,1.319463651528228));
#6110=CARTESIAN_POINT('',(59.762831068368811,71.619216420962005,1.321496719427513));
#6111=CARTESIAN_POINT('',(59.813060144478108,71.612090696175272,1.326668389481552));
#6112=CARTESIAN_POINT('',(59.863867689293109,71.604829555842315,1.331493901931415));
#6113=CARTESIAN_POINT('',(59.895419770521407,71.600300125781459,1.334336920268953));
#6114=CARTESIAN_POINT('',(59.965286115208663,71.590226310768742,1.340295156019874));
#6115=CARTESIAN_POINT('',(60.036223045187043,71.579901380173183,1.345606662637947));
#6116=CARTESIAN_POINT('',(60.075218763245587,71.574197123786846,1.348309795531519));
#6117=CARTESIAN_POINT('',(60.114533569424843,71.568418006059559,1.350819870764848));
#6118=CARTESIAN_POINT('',(60.154167579986449,71.562564003467799,1.353136816476470));
#6119=CARTESIAN_POINT('',(57.601622417146693,71.435703476098624,-0.856153268922148));
#6120=CARTESIAN_POINT('',(57.390279740285983,71.502533665055395,-0.834810855524034));
#6121=CARTESIAN_POINT('',(57.195748375558153,71.565751816925555,-0.812450275793270));
#6122=CARTESIAN_POINT('',(57.018345766687482,71.625269546099020,-0.789212807698996));
#6123=CARTESIAN_POINT('',(56.783292390255603,71.707055376839378,-0.754491737477520));
#6124=CARTESIAN_POINT('',(56.588344971014600,71.778679620507944,-0.721044346563706));
#6125=CARTESIAN_POINT('',(56.529666602847911,71.800665352507366,-0.710475047135140));
#6126=CARTESIAN_POINT('',(56.424788234221097,71.840715424391021,-0.690795865782659));
#6127=CARTESIAN_POINT('',(56.334469895403473,71.876491890846026,-0.672284156105645));
#6128=CARTESIAN_POINT('',(56.294364151080039,71.892646148048783,-0.663592302562821));
#6129=CARTESIAN_POINT('',(56.250267384288698,71.910740301858340,-0.653708012329294));
#6130=CARTESIAN_POINT('',(56.210495000901773,71.926927053682945,-0.641487720128070));
#6131=CARTESIAN_POINT('',(56.204465841662334,71.929375529302320,-0.639539895690686));
#6132=CARTESIAN_POINT('',(56.192688991253860,71.934143294898064,-0.635523051353361));
#6133=CARTESIAN_POINT('',(56.181330055295618,71.938707685583537,-0.631210057185261));
#6134=CARTESIAN_POINT('',(56.175788330967798,71.940924710246691,-0.628990681104811));
#6135=CARTESIAN_POINT('',(56.148427198906383,71.951821612596774,-0.617473768225290));
#6136=CARTESIAN_POINT('',(56.123631878495829,71.961448345512835,-0.604279290428124));
#6137=CARTESIAN_POINT('',(56.105311547909331,71.968424116177758,-0.593068998365872));
#6138=CARTESIAN_POINT('',(56.073601503880553,71.980174905867642,-0.570248814627075));
#6139=CARTESIAN_POINT('',(56.047965766921934,71.988967265735582,-0.544482463474995));
#6140=CARTESIAN_POINT('',(56.037274033126153,71.992432068740428,-0.531647257223504));
#6141=CARTESIAN_POINT('',(56.020289595804407,71.997469362288186,-0.506537113514622));
#6142=CARTESIAN_POINT('',(56.009085486876259,71.999798309701461,-0.479947734468985));
#6143=CARTESIAN_POINT('',(56.005201745180237,72.000261308605360,-0.467423090887329));
#6144=CARTESIAN_POINT('',(56.001270678433350,72.000164101658584,-0.448765776771153));
#6145=CARTESIAN_POINT('',(55.999950724753262,71.998851693697802,-0.430407036911162));
#6146=CARTESIAN_POINT('',(55.999788947349373,71.998290936906059,-0.424472666962590));
#6147=CARTESIAN_POINT('',(55.999564993147118,71.996601769782401,-0.406864363739619));
#6148=CARTESIAN_POINT('',(56.000136415755868,71.994887421962048,-0.389760393677176));
#6149=CARTESIAN_POINT('',(56.000911865566259,71.993727603444441,-0.378389826870171));
#6150=CARTESIAN_POINT('',(56.007970318791379,71.986693575132279,-0.310816224958565));
#6151=CARTESIAN_POINT('',(56.028318379043817,71.980288943078705,-0.244256303426716));
#6152=CARTESIAN_POINT('',(56.053970727436997,71.976673288495348,-0.191465158273950));
#6153=CARTESIAN_POINT('',(56.121346774712947,71.975976624355113,-0.084924595334601));
#6154=CARTESIAN_POINT('',(56.219377978118423,71.983089968882439,0.018921352189783));
#6155=CARTESIAN_POINT('',(56.281225368340237,71.987894237064879,0.077865278263259));
#6156=CARTESIAN_POINT('',(56.395104551726263,71.988473719460117,0.176982737987858));
#6157=CARTESIAN_POINT('',(56.539840514762957,71.983312332110430,0.282283926833395));
#6158=CARTESIAN_POINT('',(56.590924760081528,71.980975694124723,0.317622094175853));
#6159=CARTESIAN_POINT('',(56.701334785530427,71.974678351311454,0.389133615395402));
#6160=CARTESIAN_POINT('',(56.827339916103661,71.965032818253931,0.461203299172098));
#6161=CARTESIAN_POINT('',(56.894791730157948,71.959316807179562,0.497325256971400));
#6162=CARTESIAN_POINT('',(57.028015997696293,71.947517985414521,0.565732092210265));
#6163=CARTESIAN_POINT('',(57.175035423299882,71.933009769453193,0.633300080323913));
#6164=CARTESIAN_POINT('',(57.246417779277003,71.925737427079596,0.664640707325093));
#6165=CARTESIAN_POINT('',(57.396170380091853,71.910019896529718,0.727233381787233));
#6166=CARTESIAN_POINT('',(57.557574484429637,71.892413962373183,0.788998807506470));
#6167=CARTESIAN_POINT('',(57.641824802746811,71.883096086119124,0.819898538960424));
#6168=CARTESIAN_POINT('',(57.819394477014477,71.863212903559614,0.882248737109487));
#6169=CARTESIAN_POINT('',(58.009206866141220,71.841492442928896,0.943388465505925));
#6170=CARTESIAN_POINT('',(58.108952463010631,71.829956960795158,0.974148482578313));
#6171=CARTESIAN_POINT('',(58.297727140025593,71.807907461583895,1.029880986332642));
#6172=CARTESIAN_POINT('',(58.497964151443178,71.784007086465422,1.084070740055886));
#6173=CARTESIAN_POINT('',(58.591407010900816,71.772734267214560,1.108317330782854));
#6174=CARTESIAN_POINT('',(58.760185149040943,71.752105140738152,1.150049715642877));
#6175=CARTESIAN_POINT('',(58.937437094374523,71.729845210674725,1.189509882988315));
#6176=CARTESIAN_POINT('',(59.015472537869449,71.719921051955836,1.205995029912001));
#6177=CARTESIAN_POINT('',(59.144902433867010,71.703228947399367,1.231682605191823));
#6178=CARTESIAN_POINT('',(59.278991592299533,71.685521137471255,1.255294150737137));
#6179=CARTESIAN_POINT('',(59.331165635350359,71.678567794980395,1.264020790201965));
#6180=CARTESIAN_POINT('',(59.410457194530267,71.667901405253218,1.276554347528971));
#6181=CARTESIAN_POINT('',(59.491375086875912,71.656863491076379,1.288210855176282));
#6182=CARTESIAN_POINT('',(59.518502347098227,71.653146151064874,1.291992301657382));
#6183=CARTESIAN_POINT('',(59.571752631545714,71.645815697291781,1.299165230387315));
#6184=CARTESIAN_POINT('',(59.625701226587452,71.638323537152957,1.305939547172291));
#6185=CARTESIAN_POINT('',(59.652148246468848,71.634635117189092,1.309143166823593));
#6186=CARTESIAN_POINT('',(59.697642706528583,71.628263532277316,1.314452066576959));
#6187=CARTESIAN_POINT('',(59.743627558297518,71.621777502019015,1.319471509174467));
#6188=CARTESIAN_POINT('',(59.762795939305633,71.619066014326933,1.321504314250879));
#6189=CARTESIAN_POINT('',(59.813022114703003,71.611940740368468,1.326675313473340));
#6190=CARTESIAN_POINT('',(59.863826758081892,71.604680054042163,1.331500191038277));
#6191=CARTESIAN_POINT('',(59.895377050044530,71.600150904998813,1.334342830366131));
#6192=CARTESIAN_POINT('',(59.965239460791622,71.590077709802841,1.340300257025620));
#6193=CARTESIAN_POINT('',(60.036172458593349,71.579753402241536,1.345610998775687));
#6194=CARTESIAN_POINT('',(60.075166033634488,71.574049486206462,1.348313725221622));
#6195=CARTESIAN_POINT('',(60.114478697675743,71.568270709219377,1.350823401226623));
#6196=CARTESIAN_POINT('',(60.154110566789839,71.562417047590557,1.353139952394835));
#6197=CARTESIAN_POINT('',(57.600975435204802,71.435551236906221,-0.856092044941325));
#6198=CARTESIAN_POINT('',(57.389658385272277,71.502382160023785,-0.834750284779089));
#6199=CARTESIAN_POINT('',(57.195153178835511,71.565600886040670,-0.812390518815649));
#6200=CARTESIAN_POINT('',(57.017778091080828,71.625118775920598,-0.789154281954494));
#6201=CARTESIAN_POINT('',(56.782767894918820,71.706903776008417,-0.754435779586494));
#6202=CARTESIAN_POINT('',(56.587867645538111,71.778525879865953,-0.720992159782589));
#6203=CARTESIAN_POINT('',(56.529204863108113,71.800510781371855,-0.710423995852180));
#6204=CARTESIAN_POINT('',(56.424356988778072,71.840559294130117,-0.690747923213768));
#6205=CARTESIAN_POINT('',(56.334070575186921,71.876333559373734,-0.672236905527740));
#6206=CARTESIAN_POINT('',(56.293979928232048,71.892487123452753,-0.663546452945069));
#6207=CARTESIAN_POINT('',(56.249902423577517,71.910579029916619,-0.653657380417837));
#6208=CARTESIAN_POINT('',(56.210150254109017,71.926762644428351,-0.641429333209813));
#6209=CARTESIAN_POINT('',(56.204124230028071,71.929210619480983,-0.639480261280979));
#6210=CARTESIAN_POINT('',(56.192353621093943,71.933977383219599,-0.635460936336839));
#6211=CARTESIAN_POINT('',(56.181000919643381,71.938540780316572,-0.631145535159450));
#6212=CARTESIAN_POINT('',(56.175462282446219,71.940757322106293,-0.628925012660450));
#6213=CARTESIAN_POINT('',(56.148116662269643,71.951651805485980,-0.617402376751091));
#6214=CARTESIAN_POINT('',(56.123336633130080,71.961276279281648,-0.604202759254154));
#6215=CARTESIAN_POINT('',(56.105028515357752,71.968250173091533,-0.592988006576198));
#6216=CARTESIAN_POINT('',(56.073340708368221,71.979998018726960,-0.570161142711130));
#6217=CARTESIAN_POINT('',(56.047726768370538,71.988787478537319,-0.544387828988363));
#6218=CARTESIAN_POINT('',(56.037045375702320,71.992250808472008,-0.531549118993305));
#6219=CARTESIAN_POINT('',(56.020080796230992,71.997284909499214,-0.506432093831109));
#6220=CARTESIAN_POINT('',(56.008898119886339,71.999609656102521,-0.479836446866374));
#6221=CARTESIAN_POINT('',(56.005024247683863,72.000070798538061,-0.467309253062603));
#6222=CARTESIAN_POINT('',(56.001109231836928,71.999969980040234,-0.448648796876191));
#6223=CARTESIAN_POINT('',(55.999803496213417,71.998655219841538,-0.430287907139215));
#6224=CARTESIAN_POINT('',(55.999645480550988,71.998094288853025,-0.424352993316544));
#6225=CARTESIAN_POINT('',(55.999430743031617,71.996405947526526,-0.406743092485760));
#6226=CARTESIAN_POINT('',(56.000008746850789,71.994694121378856,-0.389636552685119));
#6227=CARTESIAN_POINT('',(56.000789091697953,71.993535562886819,-0.378264130530233));
#6228=CARTESIAN_POINT('',(56.007877896997883,71.986508330763499,-0.310673451004532));
#6229=CARTESIAN_POINT('',(56.028255258413580,71.980108483416501,-0.244099348046021));
#6230=CARTESIAN_POINT('',(56.053932486800747,71.976495109051655,-0.191297553540112));
#6231=CARTESIAN_POINT('',(56.121351475758424,71.975807148466970,-0.084749637125023));
#6232=CARTESIAN_POINT('',(56.219418030081812,71.982925184044404,0.019092641593402));
#6233=CARTESIAN_POINT('',(56.281280726872758,71.987731920267521,0.078033580553671));
#6234=CARTESIAN_POINT('',(56.395181778736863,71.988312206732672,0.177141969901594));
#6235=CARTESIAN_POINT('',(56.539934346517427,71.983149836912361,0.282432669679768));
#6236=CARTESIAN_POINT('',(56.591023495891143,71.980812712992829,0.317767259412015));
#6237=CARTESIAN_POINT('',(56.701442498961143,71.974513623964455,0.389269138733267));
#6238=CARTESIAN_POINT('',(56.827453548904167,71.964866290756646,0.461328541717507));
#6239=CARTESIAN_POINT('',(56.894907149603853,71.959149704537509,0.497445628560866));
#6240=CARTESIAN_POINT('',(57.028133134999557,71.947349999614573,0.565843169282338));
#6241=CARTESIAN_POINT('',(57.175151191957212,71.932841340393509,0.633401597861920));
#6242=CARTESIAN_POINT('',(57.246532335452869,71.925568780775038,0.664737414382356));
#6243=CARTESIAN_POINT('',(57.396280826469138,71.909851311257356,0.727321116323203));
#6244=CARTESIAN_POINT('',(57.557678244844723,71.892245796713624,0.789077466225153));
#6245=CARTESIAN_POINT('',(57.641924497030431,71.882928289428889,0.819972818763385));
#6246=CARTESIAN_POINT('',(57.819484739117520,71.863046030759961,0.882314208290250));
#6247=CARTESIAN_POINT('',(58.009285392178860,71.841326872624407,0.943445596274306));
#6248=CARTESIAN_POINT('',(58.109024524156531,71.829792130618117,0.974201475461723));
#6249=CARTESIAN_POINT('',(58.297786556927797,71.807744129515626,1.029926668508213));
#6250=CARTESIAN_POINT('',(58.498009855359413,71.783845455901812,1.084109479382061));
#6251=CARTESIAN_POINT('',(58.591446316965197,71.772573443481619,1.108352976974588));
#6252=CARTESIAN_POINT('',(58.760212993675403,71.751945785241503,1.150079989198617));
#6253=CARTESIAN_POINT('',(58.937453166631812,71.729687411294165,1.189534962082983));
#6254=CARTESIAN_POINT('',(59.015483489480708,71.719763938904876,1.206017906569263));
#6255=CARTESIAN_POINT('',(59.144905011077718,71.703072978112289,1.231702034818533));
#6256=CARTESIAN_POINT('',(59.278985704457753,71.685366364020595,1.255310417712571));
#6257=CARTESIAN_POINT('',(59.331156486030523,71.678413488567784,1.264035892681281));
#6258=CARTESIAN_POINT('',(59.410443139657907,71.667747811159416,1.276567789530120));
#6259=CARTESIAN_POINT('',(59.491356107079987,71.656710626418700,1.288222769769294));
#6260=CARTESIAN_POINT('',(59.518481725378777,71.652993531159879,1.292003722750092));
#6261=CARTESIAN_POINT('',(59.571728805002358,71.645663558118343,1.299175719311145));
#6262=CARTESIAN_POINT('',(59.625674189806141,71.638171885054604,1.305949160804909));
#6263=CARTESIAN_POINT('',(59.652119644806653,71.634483703765270,1.309152367210954));
#6264=CARTESIAN_POINT('',(59.697611428348658,71.628112529131926,1.314460582918167));
#6265=CARTESIAN_POINT('',(59.743593601687678,71.621626912682913,1.319479377537297));
#6266=CARTESIAN_POINT('',(59.762760870891221,71.618915597289885,1.321511919702653));
#6267=CARTESIAN_POINT('',(59.812984145436729,71.611790774167162,1.326682247883718));
#6268=CARTESIAN_POINT('',(59.863785887254529,71.604530541853507,1.331506490365479));
#6269=CARTESIAN_POINT('',(59.895334389881413,71.600001673829283,1.334348750550794));
#6270=CARTESIAN_POINT('',(59.965192866546573,71.589929098453155,1.340305367843798));
#6271=CARTESIAN_POINT('',(60.036121932056957,71.579605413927283,1.345615344480674));
#6272=CARTESIAN_POINT('',(60.075113364025867,71.573901838243543,1.348317664355418));
#6273=CARTESIAN_POINT('',(60.114423885883269,71.568123401996658,1.350826941025319));
#6274=CARTESIAN_POINT('',(60.154053613511529,71.562270081330709,1.353143097558498));
#6275=CARTESIAN_POINT('',(57.600328466489010,71.435398972941144,-0.856030817450869));
#6276=CARTESIAN_POINT('',(57.389037045011612,71.502230629762565,-0.834689710880663));
#6277=CARTESIAN_POINT('',(57.194557999255863,71.565449929233708,-0.812330759273328));
#6278=CARTESIAN_POINT('',(57.017210437030563,71.624967978242083,-0.789095753958938));
#6279=CARTESIAN_POINT('',(56.782243428430668,71.706752145527716,-0.754379821497782));
#6280=CARTESIAN_POINT('',(56.587390358080953,71.778372106808391,-0.720939971785329));
#6281=CARTESIAN_POINT('',(56.528743164243423,71.800356177226220,-0.710372944232994));
#6282=CARTESIAN_POINT('',(56.423925790729761,71.840403128501890,-0.690699975161334));
#6283=CARTESIAN_POINT('',(56.333671309498740,71.876175189710636,-0.672189641961605));
#6284=CARTESIAN_POINT('',(56.293595764747877,71.892328057575071,-0.663500577771145));
#6285=CARTESIAN_POINT('',(56.249537532328937,71.910417709362008,-0.653606700917391));
#6286=CARTESIAN_POINT('',(56.209805579580603,71.926598186400739,-0.641370903282691));
#6287=CARTESIAN_POINT('',(56.203782691190867,71.929045660761574,-0.639420584165151));
#6288=CARTESIAN_POINT('',(56.192018324777557,71.933811422394172,-0.635398779113693));
#6289=CARTESIAN_POINT('',(56.180671858775362,71.938373825740555,-0.631080971565553));
#6290=CARTESIAN_POINT('',(56.175136309131972,71.940589884617324,-0.628859303084623));
#6291=CARTESIAN_POINT('',(56.147806203994023,71.951481947786107,-0.617330941969410));
#6292=CARTESIAN_POINT('',(56.123041469805187,71.961104160810194,-0.604126182042310));
#6293=CARTESIAN_POINT('',(56.104745565844880,71.968076178342912,-0.592906971370096));
#6294=CARTESIAN_POINT('',(56.073080002765067,71.979821076440942,-0.570073418645050));
#6295=CARTESIAN_POINT('',(56.047487865423307,71.988607634338777,-0.544293141701609));
#6296=CARTESIAN_POINT('',(56.036816818797277,71.992069488623031,-0.531450925926425));
#6297=CARTESIAN_POINT('',(56.019872102866287,71.997100395308138,-0.506327018357476));
#6298=CARTESIAN_POINT('',(56.008710873884297,71.999420932545505,-0.479725104073162));
#6299=CARTESIAN_POINT('',(56.004846869975751,71.999880220874161,-0.467195361874408));
#6300=CARTESIAN_POINT('',(56.000947928123189,71.999775775886022,-0.448531766384262));
#6301=CARTESIAN_POINT('',(55.999656410530363,71.998458664169249,-0.430168735501597));
#6302=CARTESIAN_POINT('',(55.999502148177129,71.997897565738697,-0.424233279566687));
#6303=CARTESIAN_POINT('',(55.999296618011222,71.996210058200319,-0.406621784209980));
#6304=CARTESIAN_POINT('',(55.999881200762012,71.994500757508618,-0.389512673799167));
#6305=CARTESIAN_POINT('',(56.000666432016061,71.993343465943155,-0.378138396182185));
#6306=CARTESIAN_POINT('',(56.007785566650192,71.986323052052526,-0.310530635135473));
#6307=CARTESIAN_POINT('',(56.028192234775673,71.979927990347122,-0.243942335972997));
#6308=CARTESIAN_POINT('',(56.053894339879641,71.976316901667644,-0.191129889262693));
#6309=CARTESIAN_POINT('',(56.121356269083698,71.975637651321222,-0.084574617067910));
#6310=CARTESIAN_POINT('',(56.219458174341263,71.982760380836524,0.019263988289410));
#6311=CARTESIAN_POINT('',(56.281336180488701,71.987569584282369,0.078201943808716));
#6312=CARTESIAN_POINT('',(56.395259100081098,71.988150677696964,0.177301252461647));
#6313=CARTESIAN_POINT('',(56.540028274528417,71.982987325552244,0.282581461943243));
#6314=CARTESIAN_POINT('',(56.591122328040107,71.980649715488624,0.317912470114328));
#6315=CARTESIAN_POINT('',(56.701550309831653,71.974348879791307,0.389404705582101));
#6316=CARTESIAN_POINT('',(56.827567278033072,71.964699746256969,0.461453821787263));
#6317=CARTESIAN_POINT('',(56.895022664908588,71.958982585130158,0.497566037706715));
#6318=CARTESIAN_POINT('',(57.028250367005427,71.947181996616294,0.565954278234641));
#6319=CARTESIAN_POINT('',(57.175267052298153,71.932672895265625,0.633503146426946));
#6320=CARTESIAN_POINT('',(57.246646981959287,71.925400118661187,0.664834150975624));
#6321=CARTESIAN_POINT('',(57.396391360633501,71.909682710617048,0.727408877710220));
#6322=CARTESIAN_POINT('',(57.557782089850548,71.892077616479995,0.789156149944417));
#6323=CARTESIAN_POINT('',(57.642024274485081,71.882760478386331,0.820047122268122));
#6324=CARTESIAN_POINT('',(57.819575080940282,71.862879144349890,0.882379701332247));
#6325=CARTESIAN_POINT('',(58.009363994729760,71.841161289304679,0.943502747007343));
#6326=CARTESIAN_POINT('',(58.109096660205552,71.829627287782330,0.974254487574402));
#6327=CARTESIAN_POINT('',(58.297846046042707,71.807580785276144,1.029972368276885));
#6328=CARTESIAN_POINT('',(58.498055628998983,71.783683813599410,1.084148234797524));
#6329=CARTESIAN_POINT('',(58.591485691697791,71.772412608182080,1.108388638589123));
#6330=CARTESIAN_POINT('',(58.760240905192788,71.751786418461734,1.150110277045254));
#6331=CARTESIAN_POINT('',(58.937469304179253,71.729529600882003,1.189560054636272));
#6332=CARTESIAN_POINT('',(59.015494505709171,71.719606814929918,1.206040796345982));
#6333=CARTESIAN_POINT('',(59.144907651918508,71.702916998058697,1.231721477170858));
#6334=CARTESIAN_POINT('',(59.278979879387123,71.685211579933380,1.255326697040404));
#6335=CARTESIAN_POINT('',(59.331147399170980,71.678259171564292,1.264051007377721));
#6336=CARTESIAN_POINT('',(59.410429146817087,71.667594206530438,1.276581243488951));
#6337=CARTESIAN_POINT('',(59.491337188932121,71.656557751272203,1.288234696059660));
#6338=CARTESIAN_POINT('',(59.518461165186302,71.652840900779125,1.292015155441902));
#6339=CARTESIAN_POINT('',(59.571705039759522,71.645511408493036,1.299186219641560));
#6340=CARTESIAN_POINT('',(59.625647214120953,71.638020222522087,1.305958785625234));
#6341=CARTESIAN_POINT('',(59.652091104144922,71.634332279915469,1.309161578682109));
#6342=CARTESIAN_POINT('',(59.697580211013538,71.627961515573702,1.314469110173633));
#6343=CARTESIAN_POINT('',(59.743559705782793,71.621476312942249,1.319487256616794));
#6344=CARTESIAN_POINT('',(59.762725863126782,71.618765169850704,1.321519535783230));
#6345=CARTESIAN_POINT('',(59.812946236680602,71.611640797571184,1.326689192713057));
#6346=CARTESIAN_POINT('',(59.863745076812208,71.604381019276175,1.331512799913463));
#6347=CARTESIAN_POINT('',(59.895291790033227,71.599852432272712,1.334354680823822));
#6348=CARTESIAN_POINT('',(59.965146332474681,71.589780476719611,1.340310488475545));
#6349=CARTESIAN_POINT('',(60.036071465579212,71.579457415230280,1.345619699754545));
#6350=CARTESIAN_POINT('',(60.075060754421067,71.573754179898103,1.348321612934674));
#6351=CARTESIAN_POINT('',(60.114369134048701,71.567976084391375,1.350830490162901));
#6352=CARTESIAN_POINT('',(60.153996720152882,71.562123104688183,1.353146251969734));
#6353=B_SPLINE_SURFACE_WITH_KNOTS('',5,5,((#4013,#4091,#4169,#4247,#4325,#4403,#4481,#4559,#4637,#4715,#4793,#4871,#4949,#5027,#5105,#5183,#5261,#5339,#5417,#5495,#5573,#5651,#5729,#5807,#5885,#5963,#6041,#6119,#6197,#6275),(#4014,#4092,#4170,#4248,#4326,#4404,#4482,#4560,#4638,#4716,#4794,#4872,#4950,#5028,#5106,#5184,#5262,#5340,#5418,#5496,#5574,#5652,#5730,#5808,#5886,#5964,#6042,#6120,#6198,#6276),(#4015,#4093,#4171,#4249,#4327,#4405,#4483,#4561,#4639,#4717,#4795,#4873,#4951,#5029,#5107,#5185,#5263,#5341,#5419,#5497,#5575,#5653,#5731,#5809,#5887,#5965,#6043,#6121,#6199,#6277),(#4016,#4094,#4172,#4250,#4328,#4406,#4484,#4562,#4640,#4718,#4796,#4874,#4952,#5030,#5108,#5186,#5264,#5342,#5420,#5498,#5576,#5654,#5732,#5810,#5888,#5966,#6044,#6122,#6200,#6278),(#4017,#4095,#4173,#4251,#4329,#4407,#4485,#4563,#4641,#4719,#4797,#4875,#4953,#5031,#5109,#5187,#5265,#5343,#5421,#5499,#5577,#5655,#5733,#5811,#5889,#5967,#6045,#6123,#6201,#6279),(#4018,#4096,#4174,#4252,#4330,#4408,#4486,#4564,#4642,#4720,#4798,#4876,#4954,#5032,#5110,#5188,#5266,#5344,#5422,#5500,#5578,#5656,#5734,#5812,#5890,#5968,#6046,#6124,#6202,#6280),(#4019,#4097,#4175,#4253,#4331,#4409,#4487,#4565,#4643,#4721,#4799,#4877,#4955,#5033,#5111,#5189,#5267,#5345,#5423,#5501,#5579,#5657,#5735,#5813,#5891,#5969,#6047,#6125,#6203,#6281),(#4020,#4098,#4176,#4254,#4332,#4410,#4488,#4566,#4644,#4722,#4800,#4878,#4956,#5034,#5112,#5190,#5268,#5346,#5424,#5502,#5580,#5658,#5736,#5814,#5892,#5970,#6048,#6126,#6204,#6282),(#4021,#4099,#4177,#4255,#4333,#4411,#4489,#4567,#4645,#4723,#4801,#4879,#4957,#5035,#5113,#5191,#5269,#5347,#5425,#5503,#5581,#5659,#5737,#5815,#5893,#5971,#6049,#6127,#6205,#6283),(#4022,#4100,#4178,#4256,#4334,#4412,#4490,#4568,#4646,#4724,#4802,#4880,#4958,#5036,#5114,#5192,#5270,#5348,#5426,#5504,#5582,#5660,#5738,#5816,#5894,#5972,#6050,#6128,#6206,#6284),(#4023,#4101,#4179,#4257,#4335,#4413,#4491,#4569,#4647,#4725,#4803,#4881,#4959,#5037,#5115,#5193,#5271,#5349,#5427,#5505,#5583,#5661,#5739,#5817,#5895,#5973,#6051,#6129,#6207,#6285),(#4024,#4102,#4180,#4258,#4336,#4414,#4492,#4570,#4648,#4726,#4804,#4882,#4960,#5038,#5116,#5194,#5272,#5350,#5428,#5506,#5584,#5662,#5740,#5818,#5896,#5974,#6052,#6130,#6208,#6286),(#4025,#4103,#4181,#4259,#4337,#4415,#4493,#4571,#4649,#4727,#4805,#4883,#4961,#5039,#5117,#5195,#5273,#5351,#5429,#5507,#5585,#5663,#5741,#5819,#5897,#5975,#6053,#6131,#6209,#6287),(#4026,#4104,#4182,#4260,#4338,#4416,#4494,#4572,#4650,#4728,#4806,#4884,#4962,#5040,#5118,#5196,#5274,#5352,#5430,#5508,#5586,#5664,#5742,#5820,#5898,#5976,#6054,#6132,#6210,#6288),(#4027,#4105,#4183,#4261,#4339,#4417,#4495,#4573,#4651,#4729,#4807,#4885,#4963,#5041,#5119,#5197,#5275,#5353,#5431,#5509,#5587,#5665,#5743,#5821,#5899,#5977,#6055,#6133,#6211,#6289),(#4028,#4106,#4184,#4262,#4340,#4418,#4496,#4574,#4652,#4730,#4808,#4886,#4964,#5042,#5120,#5198,#5276,#5354,#5432,#5510,#5588,#5666,#5744,#5822,#5900,#5978,#6056,#6134,#6212,#6290),(#4029,#4107,#4185,#4263,#4341,#4419,#4497,#4575,#4653,#4731,#4809,#4887,#4965,#5043,#5121,#5199,#5277,#5355,#5433,#5511,#5589,#5667,#5745,#5823,#5901,#5979,#6057,#6135,#6213,#6291),(#4030,#4108,#4186,#4264,#4342,#4420,#4498,#4576,#4654,#4732,#4810,#4888,#4966,#5044,#5122,#5200,#5278,#5356,#5434,#5512,#5590,#5668,#5746,#5824,#5902,#5980,#6058,#6136,#6214,#6292),(#4031,#4109,#4187,#4265,#4343,#4421,#4499,#4577,#4655,#4733,#4811,#4889,#4967,#5045,#5123,#5201,#5279,#5357,#5435,#5513,#5591,#5669,#5747,#5825,#5903,#5981,#6059,#6137,#6215,#6293),(#4032,#4110,#4188,#4266,#4344,#4422,#4500,#4578,#4656,#4734,#4812,#4890,#4968,#5046,#5124,#5202,#5280,#5358,#5436,#5514,#5592,#5670,#5748,#5826,#5904,#5982,#6060,#6138,#6216,#6294),(#4033,#4111,#4189,#4267,#4345,#4423,#4501,#4579,#4657,#4735,#4813,#4891,#4969,#5047,#5125,#5203,#5281,#5359,#5437,#5515,#5593,#5671,#5749,#5827,#5905,#5983,#6061,#6139,#6217,#6295),(#4034,#4112,#4190,#4268,#4346,#4424,#4502,#4580,#4658,#4736,#4814,#4892,#4970,#5048,#5126,#5204,#5282,#5360,#5438,#5516,#5594,#5672,#5750,#5828,#5906,#5984,#6062,#6140,#6218,#6296),(#4035,#4113,#4191,#4269,#4347,#4425,#4503,#4581,#4659,#4737,#4815,#4893,#4971,#5049,#5127,#5205,#5283,#5361,#5439,#5517,#5595,#5673,#5751,#5829,#5907,#5985,#6063,#6141,#6219,#6297),(#4036,#4114,#4192,#4270,#4348,#4426,#4504,#4582,#4660,#4738,#4816,#4894,#4972,#5050,#5128,#5206,#5284,#5362,#5440,#5518,#5596,#5674,#5752,#5830,#5908,#5986,#6064,#6142,#6220,#6298),(#4037,#4115,#4193,#4271,#4349,#4427,#4505,#4583,#4661,#4739,#4817,#4895,#4973,#5051,#5129,#5207,#5285,#5363,#5441,#5519,#5597,#5675,#5753,#5831,#5909,#5987,#6065,#6143,#6221,#6299),(#4038,#4116,#4194,#4272,#4350,#4428,#4506,#4584,#4662,#4740,#4818,#4896,#4974,#5052,#5130,#5208,#5286,#5364,#5442,#5520,#5598,#5676,#5754,#5832,#5910,#5988,#6066,#6144,#6222,#6300),(#4039,#4117,#4195,#4273,#4351,#4429,#4507,#4585,#4663,#4741,#4819,#4897,#4975,#5053,#5131,#5209,#5287,#5365,#5443,#5521,#5599,#5677,#5755,#5833,#5911,#5989,#6067,#6145,#6223,#6301),(#4040,#4118,#4196,#4274,#4352,#4430,#4508,#4586,#4664,#4742,#4820,#4898,#4976,#5054,#5132,#5210,#5288,#5366,#5444,#5522,#5600,#5678,#5756,#5834,#5912,#5990,#6068,#6146,#6224,#6302),(#4041,#4119,#4197,#4275,#4353,#4431,#4509,#4587,#4665,#4743,#4821,#4899,#4977,#5055,#5133,#5211,#5289,#5367,#5445,#5523,#5601,#5679,#5757,#5835,#5913,#5991,#6069,#6147,#6225,#6303),(#4042,#4120,#4198,#4276,#4354,#4432,#4510,#4588,#4666,#4744,#4822,#4900,#4978,#5056,#5134,#5212,#5290,#5368,#5446,#5524,#5602,#5680,#5758,#5836,#5914,#5992,#6070,#6148,#6226,#6304),(#4043,#4121,#4199,#4277,#4355,#4433,#4511,#4589,#4667,#4745,#4823,#4901,#4979,#5057,#5135,#5213,#5291,#5369,#5447,#5525,#5603,#5681,#5759,#5837,#5915,#5993,#6071,#6149,#6227,#6305),(#4044,#4122,#4200,#4278,#4356,#4434,#4512,#4590,#4668,#4746,#4824,#4902,#4980,#5058,#5136,#5214,#5292,#5370,#5448,#5526,#5604,#5682,#5760,#5838,#5916,#5994,#6072,#6150,#6228,#6306),(#4045,#4123,#4201,#4279,#4357,#4435,#4513,#4591,#4669,#4747,#4825,#4903,#4981,#5059,#5137,#5215,#5293,#5371,#5449,#5527,#5605,#5683,#5761,#5839,#5917,#5995,#6073,#6151,#6229,#6307),(#4046,#4124,#4202,#4280,#4358,#4436,#4514,#4592,#4670,#4748,#4826,#4904,#4982,#5060,#5138,#5216,#5294,#5372,#5450,#5528,#5606,#5684,#5762,#5840,#5918,#5996,#6074,#6152,#6230,#6308),(#4047,#4125,#4203,#4281,#4359,#4437,#4515,#4593,#4671,#4749,#4827,#4905,#4983,#5061,#5139,#5217,#5295,#5373,#5451,#5529,#5607,#5685,#5763,#5841,#5919,#5997,#6075,#6153,#6231,#6309),(#4048,#4126,#4204,#4282,#4360,#4438,#4516,#4594,#4672,#4750,#4828,#4906,#4984,#5062,#5140,#5218,#5296,#5374,#5452,#5530,#5608,#5686,#5764,#5842,#5920,#5998,#6076,#6154,#6232,#6310),(#4049,#4127,#4205,#4283,#4361,#4439,#4517,#4595,#4673,#4751,#4829,#4907,#4985,#5063,#5141,#5219,#5297,#5375,#5453,#5531,#5609,#5687,#5765,#5843,#5921,#5999,#6077,#6155,#6233,#6311),(#4050,#4128,#4206,#4284,#4362,#4440,#4518,#4596,#4674,#4752,#4830,#4908,#4986,#5064,#5142,#5220,#5298,#5376,#5454,#5532,#5610,#5688,#5766,#5844,#5922,#6000,#6078,#6156,#6234,#6312),(#4051,#4129,#4207,#4285,#4363,#4441,#4519,#4597,#4675,#4753,#4831,#4909,#4987,#5065,#5143,#5221,#5299,#5377,#5455,#5533,#5611,#5689,#5767,#5845,#5923,#6001,#6079,#6157,#6235,#6313),(#4052,#4130,#4208,#4286,#4364,#4442,#4520,#4598,#4676,#4754,#4832,#4910,#4988,#5066,#5144,#5222,#5300,#5378,#5456,#5534,#5612,#5690,#5768,#5846,#5924,#6002,#6080,#6158,#6236,#6314),(#4053,#4131,#4209,#4287,#4365,#4443,#4521,#4599,#4677,#4755,#4833,#4911,#4989,#5067,#5145,#5223,#5301,#5379,#5457,#5535,#5613,#5691,#5769,#5847,#5925,#6003,#6081,#6159,#6237,#6315),(#4054,#4132,#4210,#4288,#4366,#4444,#4522,#4600,#4678,#4756,#4834,#4912,#4990,#5068,#5146,#5224,#5302,#5380,#5458,#5536,#5614,#5692,#5770,#5848,#5926,#6004,#6082,#6160,#6238,#6316),(#4055,#4133,#4211,#4289,#4367,#4445,#4523,#4601,#4679,#4757,#4835,#4913,#4991,#5069,#5147,#5225,#5303,#5381,#5459,#5537,#5615,#5693,#5771,#5849,#5927,#6005,#6083,#6161,#6239,#6317),(#4056,#4134,#4212,#4290,#4368,#4446,#4524,#4602,#4680,#4758,#4836,#4914,#4992,#5070,#5148,#5226,#5304,#5382,#5460,#5538,#5616,#5694,#5772,#5850,#5928,#6006,#6084,#6162,#6240,#6318),(#4057,#4135,#4213,#4291,#4369,#4447,#4525,#4603,#4681,#4759,#4837,#4915,#4993,#5071,#5149,#5227,#5305,#5383,#5461,#5539,#5617,#5695,#5773,#5851,#5929,#6007,#6085,#6163,#6241,#6319),(#4058,#4136,#4214,#4292,#4370,#4448,#4526,#4604,#4682,#4760,#4838,#4916,#4994,#5072,#5150,#5228,#5306,#5384,#5462,#5540,#5618,#5696,#5774,#5852,#5930,#6008,#6086,#6164,#6242,#6320),(#4059,#4137,#4215,#4293,#4371,#4449,#4527,#4605,#4683,#4761,#4839,#4917,#4995,#5073,#5151,#5229,#5307,#5385,#5463,#5541,#5619,#5697,#5775,#5853,#5931,#6009,#6087,#6165,#6243,#6321),(#4060,#4138,#4216,#4294,#4372,#4450,#4528,#4606,#4684,#4762,#4840,#4918,#4996,#5074,#5152,#5230,#5308,#5386,#5464,#5542,#5620,#5698,#5776,#5854,#5932,#6010,#6088,#6166,#6244,#6322),(#4061,#4139,#4217,#4295,#4373,#4451,#4529,#4607,#4685,#4763,#4841,#4919,#4997,#5075,#5153,#5231,#5309,#5387,#5465,#5543,#5621,#5699,#5777,#5855,#5933,#6011,#6089,#6167,#6245,#6323),(#4062,#4140,#4218,#4296,#4374,#4452,#4530,#4608,#4686,#4764,#4842,#4920,#4998,#5076,#5154,#5232,#5310,#5388,#5466,#5544,#5622,#5700,#5778,#5856,#5934,#6012,#6090,#6168,#6246,#6324),(#4063,#4141,#4219,#4297,#4375,#4453,#4531,#4609,#4687,#4765,#4843,#4921,#4999,#5077,#5155,#5233,#5311,#5389,#5467,#5545,#5623,#5701,#5779,#5857,#5935,#6013,#6091,#6169,#6247,#6325),(#4064,#4142,#4220,#4298,#4376,#4454,#4532,#4610,#4688,#4766,#4844,#4922,#5000,#5078,#5156,#5234,#5312,#5390,#5468,#5546,#5624,#5702,#5780,#5858,#5936,#6014,#6092,#6170,#6248,#6326),(#4065,#4143,#4221,#4299,#4377,#4455,#4533,#4611,#4689,#4767,#4845,#4923,#5001,#5079,#5157,#5235,#5313,#5391,#5469,#5547,#5625,#5703,#5781,#5859,#5937,#6015,#6093,#6171,#6249,#6327),(#4066,#4144,#4222,#4300,#4378,#4456,#4534,#4612,#4690,#4768,#4846,#4924,#5002,#5080,#5158,#5236,#5314,#5392,#5470,#5548,#5626,#5704,#5782,#5860,#5938,#6016,#6094,#6172,#6250,#6328),(#4067,#4145,#4223,#4301,#4379,#4457,#4535,#4613,#4691,#4769,#4847,#4925,#5003,#5081,#5159,#5237,#5315,#5393,#5471,#5549,#5627,#5705,#5783,#5861,#5939,#6017,#6095,#6173,#6251,#6329),(#4068,#4146,#4224,#4302,#4380,#4458,#4536,#4614,#4692,#4770,#4848,#4926,#5004,#5082,#5160,#5238,#5316,#5394,#5472,#5550,#5628,#5706,#5784,#5862,#5940,#6018,#6096,#6174,#6252,#6330),(#4069,#4147,#4225,#4303,#4381,#4459,#4537,#4615,#4693,#4771,#4849,#4927,#5005,#5083,#5161,#5239,#5317,#5395,#5473,#5551,#5629,#5707,#5785,#5863,#5941,#6019,#6097,#6175,#6253,#6331),(#4070,#4148,#4226,#4304,#4382,#4460,#4538,#4616,#4694,#4772,#4850,#4928,#5006,#5084,#5162,#5240,#5318,#5396,#5474,#5552,#5630,#5708,#5786,#5864,#5942,#6020,#6098,#6176,#6254,#6332),(#4071,#4149,#4227,#4305,#4383,#4461,#4539,#4617,#4695,#4773,#4851,#4929,#5007,#5085,#5163,#5241,#5319,#5397,#5475,#5553,#5631,#5709,#5787,#5865,#5943,#6021,#6099,#6177,#6255,#6333),(#4072,#4150,#4228,#4306,#4384,#4462,#4540,#4618,#4696,#4774,#4852,#4930,#5008,#5086,#5164,#5242,#5320,#5398,#5476,#5554,#5632,#5710,#5788,#5866,#5944,#6022,#6100,#6178,#6256,#6334),(#4073,#4151,#4229,#4307,#4385,#4463,#4541,#4619,#4697,#4775,#4853,#4931,#5009,#5087,#5165,#5243,#5321,#5399,#5477,#5555,#5633,#5711,#5789,#5867,#5945,#6023,#6101,#6179,#6257,#6335),(#4074,#4152,#4230,#4308,#4386,#4464,#4542,#4620,#4698,#4776,#4854,#4932,#5010,#5088,#5166,#5244,#5322,#5400,#5478,#5556,#5634,#5712,#5790,#5868,#5946,#6024,#6102,#6180,#6258,#6336),(#4075,#4153,#4231,#4309,#4387,#4465,#4543,#4621,#4699,#4777,#4855,#4933,#5011,#5089,#5167,#5245,#5323,#5401,#5479,#5557,#5635,#5713,#5791,#5869,#5947,#6025,#6103,#6181,#6259,#6337),(#4076,#4154,#4232,#4310,#4388,#4466,#4544,#4622,#4700,#4778,#4856,#4934,#5012,#5090,#5168,#5246,#5324,#5402,#5480,#5558,#5636,#5714,#5792,#5870,#5948,#6026,#6104,#6182,#6260,#6338),(#4077,#4155,#4233,#4311,#4389,#4467,#4545,#4623,#4701,#4779,#4857,#4935,#5013,#5091,#5169,#5247,#5325,#5403,#5481,#5559,#5637,#5715,#5793,#5871,#5949,#6027,#6105,#6183,#6261,#6339),(#4078,#4156,#4234,#4312,#4390,#4468,#4546,#4624,#4702,#4780,#4858,#4936,#5014,#5092,#5170,#5248,#5326,#5404,#5482,#5560,#5638,#5716,#5794,#5872,#5950,#6028,#6106,#6184,#6262,#6340),(#4079,#4157,#4235,#4313,#4391,#4469,#4547,#4625,#4703,#4781,#4859,#4937,#5015,#5093,#5171,#5249,#5327,#5405,#5483,#5561,#5639,#5717,#5795,#5873,#5951,#6029,#6107,#6185,#6263,#6341),(#4080,#4158,#4236,#4314,#4392,#4470,#4548,#4626,#4704,#4782,#4860,#4938,#5016,#5094,#5172,#5250,#5328,#5406,#5484,#5562,#5640,#5718,#5796,#5874,#5952,#6030,#6108,#6186,#6264,#6342),(#4081,#4159,#4237,#4315,#4393,#4471,#4549,#4627,#4705,#4783,#4861,#4939,#5017,#5095,#5173,#5251,#5329,#5407,#5485,#5563,#5641,#5719,#5797,#5875,#5953,#6031,#6109,#6187,#6265,#6343),(#4082,#4160,#4238,#4316,#4394,#4472,#4550,#4628,#4706,#4784,#4862,#4940,#5018,#5096,#5174,#5252,#5330,#5408,#5486,#5564,#5642,#5720,#5798,#5876,#5954,#6032,#6110,#6188,#6266,#6344),(#4083,#4161,#4239,#4317,#4395,#4473,#4551,#4629,#4707,#4785,#4863,#4941,#5019,#5097,#5175,#5253,#5331,#5409,#5487,#5565,#5643,#5721,#5799,#5877,#5955,#6033,#6111,#6189,#6267,#6345),(#4084,#4162,#4240,#4318,#4396,#4474,#4552,#4630,#4708,#4786,#4864,#4942,#5020,#5098,#5176,#5254,#5332,#5410,#5488,#5566,#5644,#5722,#5800,#5878,#5956,#6034,#6112,#6190,#6268,#6346),(#4085,#4163,#4241,#4319,#4397,#4475,#4553,#4631,#4709,#4787,#4865,#4943,#5021,#5099,#5177,#5255,#5333,#5411,#5489,#5567,#5645,#5723,#5801,#5879,#5957,#6035,#6113,#6191,#6269,#6347),(#4086,#4164,#4242,#4320,#4398,#4476,#4554,#4632,#4710,#4788,#4866,#4944,#5022,#5100,#5178,#5256,#5334,#5412,#5490,#5568,#5646,#5724,#5802,#5880,#5958,#6036,#6114,#6192,#6270,#6348),(#4087,#4165,#4243,#4321,#4399,#4477,#4555,#4633,#4711,#4789,#4867,#4945,#5023,#5101,#5179,#5257,#5335,#5413,#5491,#5569,#5647,#5725,#5803,#5881,#5959,#6037,#6115,#6193,#6271,#6349),(#4088,#4166,#4244,#4322,#4400,#4478,#4556,#4634,#4712,#4790,#4868,#4946,#5024,#5102,#5180,#5258,#5336,#5414,#5492,#5570,#5648,#5726,#5804,#5882,#5960,#6038,#6116,#6194,#6272,#6350),(#4089,#4167,#4245,#4323,#4401,#4479,#4557,#4635,#4713,#4791,#4869,#4947,#5025,#5103,#5181,#5259,#5337,#5415,#5493,#5571,#5649,#5727,#5805,#5883,#5961,#6039,#6117,#6195,#6273,#6351),(#4090,#4168,#4246,#4324,#4402,#4480,#4558,#4636,#4714,#4792,#4870,#4948,#5026,#5104,#5182,#5260,#5338,#5416,#5494,#5572,#5650,#5728,#5806,#5884,#5962,#6040,#6118,#6196,#6274,#6352)),.UNSPECIFIED.,.F.,.F.,.U.,(6,3,3,3,3,3,3,3,3,3,3,3,3,3,3,3,3,3,3,3,3,3,3,3,3,6),(6,3,3,3,3,3,3,3,3,6),(0.0,1.561818401675399,2.305246400907519,2.991487683407898,3.116596786838368,3.240213524783633,3.738412122357699,4.184469741491168,4.570609152250311,4.757943589089336,5.133175021393713,7.005959169769583,9.208540099227170,10.285280905125690,11.379388533694749,12.332396825516430,13.300021794766421,14.302726807268790,15.137797413853329,15.770337700391471,16.164436623841631,16.361190662888969,16.548076977085369,16.680654459557950,16.893933759016999,17.149636454265590),(0.0,2.779485815192230,5.924558639192469,7.140544776860259,7.987963012061752,8.538041479572444,9.064437555380611,9.422903582925517,9.504895403375995,9.508541695799304),.UNSPECIFIED.);
#6354=CARTESIAN_POINT('',(60.590356382147050,72.0,-1.083841508961242));
#6355=VERTEX_POINT('',#6354);
#6356=CARTESIAN_POINT('',(60.590356382147050,71.999999999999957,-1.083841508961241));
#6357=CARTESIAN_POINT('',(60.589245783345199,73.631606503626102,-1.010294168942609));
#6358=CARTESIAN_POINT('',(60.554817625211300,73.630224806801380,1.269646569507245));
#6359=CARTESIAN_POINT('',(60.553314006949719,72.0,1.369220892252043));
#6360=B_SPLINE_CURVE_WITH_KNOTS('',3,(#6356,#6357,#6358,#6359),.UNSPECIFIED.,.F.,.U.,(4,4),(0.0,0.044600467994287),.UNSPECIFIED.);
#6361=EDGE_CURVE('',#6355,#3873,#6360,.T.);
#6362=ORIENTED_EDGE('',*,*,#6361,.T.);
#6363=ORIENTED_EDGE('',*,*,#3887,.T.);
#6364=ORIENTED_EDGE('',*,*,#3511,.F.);
#6365=ORIENTED_EDGE('',*,*,#3494,.F.);
#6366=CARTESIAN_POINT('',(56.499053400781847,71.999999999999957,-0.683028697116537));
#6367=CARTESIAN_POINT('',(56.540499820004179,71.999999378579886,-0.689430009332443));
#6368=CARTESIAN_POINT('',(56.582366874020643,71.999995399335560,-0.695770976444507));
#6369=CARTESIAN_POINT('',(56.624571175834859,71.999999236465570,-0.702078633249433));
#6370=CARTESIAN_POINT('',(56.720351474403799,72.000000470494726,-0.716169393168117));
#6371=CARTESIAN_POINT('',(56.817845505220639,72.000001219375250,-0.730026245803138));
#6372=CARTESIAN_POINT('',(56.872552843473699,71.999999055996071,-0.737652660358339));
#6373=CARTESIAN_POINT('',(56.982800085826170,71.999997893387217,-0.752747508711253));
#6374=CARTESIAN_POINT('',(57.094866783307090,72.000000282528973,-0.767549803874711));
#6375=CARTESIAN_POINT('',(57.151391318376177,72.000001925163659,-0.774883474131890));
#6376=CARTESIAN_POINT('',(57.359029787095139,72.000002926025601,-0.801352625015089));
#6377=CARTESIAN_POINT('',(57.572027667627538,72.000005061536285,-0.826835337484827));
#6378=CARTESIAN_POINT('',(57.728574860804898,72.000005062855777,-0.844752662141100));
#6379=CARTESIAN_POINT('',(57.982869323952123,72.000006373622753,-0.872611314320361));
#6380=CARTESIAN_POINT('',(58.242353098044859,72.000004783984906,-0.899122373010576));
#6381=CARTESIAN_POINT('',(58.340468820667297,72.000007498947213,-0.908887862266231));
#6382=CARTESIAN_POINT('',(58.538373880549180,72.000008232351931,-0.928070245598216));
#6383=CARTESIAN_POINT('',(58.738636785265832,72.000002788660311,-0.946478509256893));
#6384=CARTESIAN_POINT('',(58.839116784829429,71.999998061306115,-0.955469373647562));
#6385=CARTESIAN_POINT('',(58.989757413368046,71.999998053068666,-0.968595245819255));
#6386=CARTESIAN_POINT('',(59.141386952539882,71.999999126785013,-0.981279717070343));
#6387=CARTESIAN_POINT('',(59.192328788014670,72.000001162019814,-0.985483533539404));
#6388=CARTESIAN_POINT('',(59.294861330135497,72.000003261669534,-0.993825652951748));
#6389=CARTESIAN_POINT('',(59.397819976069997,72.000002281637606,-1.001969539884305));
#6390=CARTESIAN_POINT('',(59.449189496723463,72.000000790441078,-1.005974710740885));
#6391=CARTESIAN_POINT('',(59.551603813253003,72.000000735629413,-1.013849296286490));
#6392=CARTESIAN_POINT('',(59.654370510961158,72.000000362523949,-1.021529184087674));
#6393=CARTESIAN_POINT('',(59.706013469113167,72.000000132837641,-1.025333301016667));
#6394=CARTESIAN_POINT('',(59.809422464773697,71.999999730634102,-1.032841087860004));
#6395=CARTESIAN_POINT('',(59.913084707604597,71.999999598712421,-1.040149505762258));
#6396=CARTESIAN_POINT('',(59.964977227878137,71.999999641082312,-1.043753990524411));
#6397=CARTESIAN_POINT('',(60.121130672659461,72.000000090367891,-1.054438323269108));
#6398=CARTESIAN_POINT('',(60.277689995657191,72.000000987504606,-1.064665213954222));
#6399=CARTESIAN_POINT('',(60.380916429510208,72.000001471071997,-1.071198273032090));
#6400=CARTESIAN_POINT('',(60.485583528563581,71.999999986126767,-1.077611408193733));
#6401=CARTESIAN_POINT('',(60.590356382147050,72.0,-1.083841508961242));
#6402=B_SPLINE_CURVE_WITH_KNOTS('',5,(#6366,#6367,#6368,#6369,#6370,#6371,#6372,#6373,#6374,#6375,#6376,#6377,#6378,#6379,#6380,#6381,#6382,#6383,#6384,#6385,#6386,#6387,#6388,#6389,#6390,#6391,#6392,#6393,#6394,#6395,#6396,#6397,#6398,#6399,#6400,#6401),.UNSPECIFIED.,.F.,.U.,(6,3,3,3,3,3,3,3,3,3,3,6),(1.077413733923388,1.411082499743939,1.830697261141951,2.250312022539965,3.357503477632845,4.019270732733567,4.681037987834292,5.010640427647288,5.340242867460288,5.672090368402386,6.003937869344488,6.669441437746488),.UNSPECIFIED.);
#6403=EDGE_CURVE('',#3433,#6355,#6402,.T.);
#6404=ORIENTED_EDGE('',*,*,#6403,.T.);
#6405=EDGE_LOOP('',(#6362,#6363,#6364,#6365,#6404));
#6406=FACE_OUTER_BOUND('',#6405,.T.);
#6407=ADVANCED_FACE('WING',(#6406),#6353,.T.);
#6408=CARTESIAN_POINT('',(1.880691954498496,-0.000001772217944,-0.682712975206177));
#6409=CARTESIAN_POINT('',(1.966397145371331,-0.000001772217944,-0.695963480323661));
#6410=CARTESIAN_POINT('',(2.202212817243340,-0.000001772217940,-0.731200432015913));
#6411=CARTESIAN_POINT('',(2.455279048155297,-0.000001772217934,-0.765882248713760));
#6412=CARTESIAN_POINT('',(2.894339561278610,-0.000001772217922,-0.821296657785609));
#6413=CARTESIAN_POINT('',(3.561986669480567,-0.000001772217978,-0.895216032595970));
#6414=CARTESIAN_POINT('',(4.173752579875051,-0.000001772217885,-0.953043540740049));
#6415=CARTESIAN_POINT('',(4.707744425039020,-0.000001772217923,-0.998221669415502));
#6416=CARTESIAN_POINT('',(5.609619143724823,-0.000001772217861,-1.063686288672237));
#6417=CARTESIAN_POINT('',(6.304970065462499,-0.000001772217868,-1.104689769991616));
#6418=CARTESIAN_POINT('',(6.879877996401512,-0.000001772217788,-1.133950667404390));
#6419=CARTESIAN_POINT('',(7.620409266510216,-0.000001772217906,-1.164063174084076));
#6420=CARTESIAN_POINT('',(8.524039241209659,-0.000001772217788,-1.191175879179363));
#6421=CARTESIAN_POINT('',(9.055135801231032,-0.000001772217896,-1.202784292995721));
#6422=CARTESIAN_POINT('',(9.880466934876685,-0.000001772217826,-1.213991486737800));
#6423=CARTESIAN_POINT('',(10.876151960274999,-0.000001772217797,-1.217021897633539));
#6424=CARTESIAN_POINT('',(12.045804446870321,-0.000001772217813,-1.205564299190373));
#6425=CARTESIAN_POINT('',(13.223263878810490,-0.000001772217819,-1.178114742943529));
#6426=CARTESIAN_POINT('',(14.379086755006380,-0.000001772217786,-1.130136800635693));
#6427=CARTESIAN_POINT('',(15.529883484931011,-0.000001772217755,-1.066112062667678));
#6428=CARTESIAN_POINT('',(16.667426408509488,-0.000001772217867,-0.986216410465152));
#6429=CARTESIAN_POINT('',(17.775788233400760,-0.000001772217775,-0.891875667403175));
#6430=CARTESIAN_POINT('',(18.579228521403120,-0.000001772217842,-0.812147781831659));
#6431=CARTESIAN_POINT('',(19.702097802069751,-0.000001772217829,-0.685773462311734));
#6432=CARTESIAN_POINT('',(20.893136634648549,-0.000001772217798,-0.536557259524659));
#6433=CARTESIAN_POINT('',(21.798528683072661,-0.000001772217823,-0.414380593984489));
#6434=CARTESIAN_POINT('',(22.672177945645849,-0.000001772217811,-0.293741524538299));
#6435=CARTESIAN_POINT('',(23.481144841367950,-0.000001772217838,-0.183224512330046));
#6436=CARTESIAN_POINT('',(24.247883227749771,-0.000001772217833,-0.081935136749130));
#6437=CARTESIAN_POINT('',(24.982416503094459,-0.000001772217823,0.010601903807804));
#6438=CARTESIAN_POINT('',(25.939034481583899,-0.000001772217860,0.116700799795174));
#6439=CARTESIAN_POINT('',(26.896102851951110,-0.000001772217816,0.202537840920062));
#6440=CARTESIAN_POINT('',(28.020114944201001,-0.000001772217907,0.239733562289201));
#6441=CARTESIAN_POINT('',(28.928448606293141,-0.000001772217856,0.196753755874265));
#6442=CARTESIAN_POINT('',(29.398528789796160,-0.000001772217869,0.128154731529510));
#6443=CARTESIAN_POINT('',(29.679533926000129,-0.000001772217940,0.070654329573480));
#6444=CARTESIAN_POINT('',(29.884076922512872,-0.000001772217904,0.016366786240505));
#6445=CARTESIAN_POINT('',(29.999323918122659,-0.000001772217897,-0.018359989608416));
#6446=CARTESIAN_POINT('',(12.803976006472389,14.399998582240761,-0.682712975206177));
#6447=CARTESIAN_POINT('',(12.889681197345221,14.399998582240761,-0.695963480323661));
#6448=CARTESIAN_POINT('',(13.125496869217219,14.399998582240780,-0.731200432015913));
#6449=CARTESIAN_POINT('',(13.378563100129179,14.399998582240800,-0.765882248713760));
#6450=CARTESIAN_POINT('',(13.817623613252479,14.399998582240810,-0.821296657785609));
#6451=CARTESIAN_POINT('',(14.485270721454389,14.399998582240420,-0.895216032595970));
#6452=CARTESIAN_POINT('',(15.097036631848869,14.399998582240830,-0.953043540740049));
#6453=CARTESIAN_POINT('',(15.631028477012750,14.399998582240530,-0.998221669415502));
#6454=CARTESIAN_POINT('',(16.532903195698822,14.399998582240890,-1.063686288672237));
#6455=CARTESIAN_POINT('',(17.228254117436201,14.399998582240499,-1.104689769991616));
#6456=CARTESIAN_POINT('',(17.803162048375381,14.399998582241169,-1.133950667404390));
#6457=CARTESIAN_POINT('',(18.543693318483701,14.399998582240210,-1.164063174084076));
#6458=CARTESIAN_POINT('',(19.447323293183409,14.399998582240929,-1.191175879179363));
#6459=CARTESIAN_POINT('',(19.978419853204571,14.399998582240521,-1.202784292995721));
#6460=CARTESIAN_POINT('',(20.803750986850339,14.399998582240819,-1.213991486737800));
#6461=CARTESIAN_POINT('',(21.799436012248510,14.399998582240849,-1.217021897633539));
#6462=CARTESIAN_POINT('',(22.969088498843892,14.399998582240860,-1.205564299190373));
#6463=CARTESIAN_POINT('',(24.146547930783949,14.399998582240819,-1.178114742943529));
#6464=CARTESIAN_POINT('',(25.302370806979869,14.399998582240810,-1.130136800635693));
#6465=CARTESIAN_POINT('',(26.453167536904349,14.399998582240899,-1.066112062667678));
#6466=CARTESIAN_POINT('',(27.590710460483081,14.399998582240700,-0.986216410465152));
#6467=CARTESIAN_POINT('',(28.699072285374029,14.399998582240849,-0.891875667403175));
#6468=CARTESIAN_POINT('',(29.502512573376890,14.399998582240871,-0.812147781831659));
#6469=CARTESIAN_POINT('',(30.625381854043681,14.399998582240899,-0.685773462311734));
#6470=CARTESIAN_POINT('',(31.816420686622109,14.399998582241301,-0.536557259524659));
#6471=CARTESIAN_POINT('',(32.721812735046413,14.399998582241080,-0.414380593984489));
#6472=CARTESIAN_POINT('',(33.595461997619417,14.399998582241309,-0.293741524538299));
#6473=CARTESIAN_POINT('',(34.404428893341773,14.399998582241089,-0.183224512330046));
#6474=CARTESIAN_POINT('',(35.171167279723640,14.399998582241290,-0.081935136749130));
#6475=CARTESIAN_POINT('',(35.905700555068243,14.399998582241089,0.010601903807804));
#6476=CARTESIAN_POINT('',(36.862318533558273,14.399998582241491,0.116700799795174));
#6477=CARTESIAN_POINT('',(37.819386903925093,14.399998582240871,0.202537840920062));
#6478=CARTESIAN_POINT('',(38.943398996175837,14.399998582241450,0.239733562289201));
#6479=CARTESIAN_POINT('',(39.851732658267672,14.399998582241309,0.196753755874265));
#6480=CARTESIAN_POINT('',(40.321812841770857,14.399998582241549,0.128154731529510));
#6481=CARTESIAN_POINT('',(40.602817977974958,14.399998582241640,0.070654329573480));
#6482=CARTESIAN_POINT('',(40.807360974487842,14.399998582241640,0.016366786240505));
#6483=CARTESIAN_POINT('',(40.922607970098070,14.399998582241750,-0.018359989608416));
#6484=CARTESIAN_POINT('',(23.727260058447619,28.799998936699389,-0.682712975206177));
#6485=CARTESIAN_POINT('',(23.812965249320460,28.799998936699399,-0.695963480323661));
#6486=CARTESIAN_POINT('',(24.048780921192488,28.799998936699470,-0.731200432015913));
#6487=CARTESIAN_POINT('',(24.301847152104479,28.799998936699520,-0.765882248713760));
#6488=CARTESIAN_POINT('',(24.740907665227819,28.799998936699531,-0.821296657785609));
#6489=CARTESIAN_POINT('',(25.408554773429501,28.799998936698810,-0.895216032595970));
#6490=CARTESIAN_POINT('',(26.020320683824089,28.799998936699609,-0.953043540740049));
#6491=CARTESIAN_POINT('',(26.554312528987701,28.799998936699058,-0.998221669415502));
#6492=CARTESIAN_POINT('',(27.456187247674109,28.799998936699780,-1.063686288672237));
#6493=CARTESIAN_POINT('',(28.151538169410880,28.799998936699222,-1.104689769991616));
#6494=CARTESIAN_POINT('',(28.726446100350280,28.799998936700369,-1.133950667404390));
#6495=CARTESIAN_POINT('',(29.466977370458281,28.799998936698920,-1.164063174084076));
#6496=CARTESIAN_POINT('',(30.370607345158110,28.799998936699971,-1.191175879179363));
#6497=CARTESIAN_POINT('',(30.901703905179591,28.799998936699371,-1.202784292995721));
#6498=CARTESIAN_POINT('',(31.727035038825271,28.799998936699911,-1.213991486737800));
#6499=CARTESIAN_POINT('',(32.722720064223473,28.799998936699691,-1.217021897633539));
#6500=CARTESIAN_POINT('',(33.892372550818919,28.799998936700241,-1.205564299190373));
#6501=CARTESIAN_POINT('',(35.069831982758657,28.799998936699691,-1.178114742943529));
#6502=CARTESIAN_POINT('',(36.225654858954712,28.799998936699868,-1.130136800635693));
#6503=CARTESIAN_POINT('',(37.376451588879341,28.799998936699879,-1.066112062667678));
#6504=CARTESIAN_POINT('',(38.513994512457657,28.799998936699719,-0.986216410465152));
#6505=CARTESIAN_POINT('',(39.622356337348712,28.799998936699701,-0.891875667403175));
#6506=CARTESIAN_POINT('',(40.425796625351580,28.799998936699851,-0.812147781831659));
#6507=CARTESIAN_POINT('',(41.548665906018272,28.799998936699790,-0.685773462311734));
#6508=CARTESIAN_POINT('',(42.739704738597361,28.799998936700650,-0.536557259524659));
#6509=CARTESIAN_POINT('',(43.645096787021252,28.799998936700138,-0.414380593984489));
#6510=CARTESIAN_POINT('',(44.518746049594327,28.799998936700590,-0.293741524538299));
#6511=CARTESIAN_POINT('',(45.327712945317280,28.799998936700380,-0.183224512330046));
#6512=CARTESIAN_POINT('',(46.094451331698941,28.799998936700639,-0.081935136749130));
#6513=CARTESIAN_POINT('',(46.828984607044013,28.799998936700401,0.010601903807804));
#6514=CARTESIAN_POINT('',(47.785602585533432,28.799998936700820,0.116700799795174));
#6515=CARTESIAN_POINT('',(48.742670955901183,28.799998936700032,0.202537840920062));
#6516=CARTESIAN_POINT('',(49.866683048150563,28.799998936700959,0.239733562289201));
#6517=CARTESIAN_POINT('',(50.775016710243193,28.799998936700419,0.196753755874265));
#6518=CARTESIAN_POINT('',(51.245096893746059,28.799998936700899,0.128154731529510));
#6519=CARTESIAN_POINT('',(51.526102029950550,28.799998936701272,0.070654329573480));
#6520=CARTESIAN_POINT('',(51.730645026463257,28.799998936701190,0.016366786240505));
#6521=CARTESIAN_POINT('',(51.845892022073457,28.799998936701400,-0.018359989608416));
#6522=CARTESIAN_POINT('',(34.650544110423397,43.199999291157631,-0.682712975206177));
#6523=CARTESIAN_POINT('',(34.736249301296233,43.199999291157667,-0.695963480323661));
#6524=CARTESIAN_POINT('',(34.972064973168251,43.199999291157759,-0.731200432015913));
#6525=CARTESIAN_POINT('',(35.225131204080213,43.199999291157759,-0.765882248713760));
#6526=CARTESIAN_POINT('',(35.664191717203472,43.199999291157667,-0.821296657785609));
#6527=CARTESIAN_POINT('',(36.331838825405157,43.199999291156580,-0.895216032595970));
#6528=CARTESIAN_POINT('',(36.943604735799660,43.199999291157560,-0.953043540740049));
#6529=CARTESIAN_POINT('',(37.477596580963329,43.199999291156530,-0.998221669415502));
#6530=CARTESIAN_POINT('',(38.379471299649637,43.199999291158584,-1.063686288672237));
#6531=CARTESIAN_POINT('',(39.074822221386569,43.199999291156530,-1.104689769991616));
#6532=CARTESIAN_POINT('',(39.649730152326732,43.199999291159060,-1.133950667404390));
#6533=CARTESIAN_POINT('',(40.390261422433980,43.199999291156303,-1.164063174084076));
#6534=CARTESIAN_POINT('',(41.293891397134168,43.199999291158349,-1.191175879179363));
#6535=CARTESIAN_POINT('',(41.824987957155038,43.199999291157212,-1.202784292995721));
#6536=CARTESIAN_POINT('',(42.650319090801382,43.199999291158072,-1.213991486737800));
#6537=CARTESIAN_POINT('',(43.646004116198696,43.199999291157397,-1.217021897633539));
#6538=CARTESIAN_POINT('',(44.815656602795748,43.199999291158619,-1.205564299190373));
#6539=CARTESIAN_POINT('',(45.993116034734328,43.199999291157319,-1.178114742943529));
#6540=CARTESIAN_POINT('',(47.148938910930589,43.199999291157759,-1.130136800635693));
#6541=CARTESIAN_POINT('',(48.299735640855239,43.199999291157667,-1.066112062667678));
#6542=CARTESIAN_POINT('',(49.437278564433853,43.199999291157361,-0.986216410465152));
#6543=CARTESIAN_POINT('',(50.545640389324568,43.199999291157049,-0.891875667403175));
#6544=CARTESIAN_POINT('',(51.349080677327507,43.199999291157120,-0.812147781831659));
#6545=CARTESIAN_POINT('',(52.471949957994248,43.199999291157049,-0.685773462311734));
#6546=CARTESIAN_POINT('',(53.662988790573380,43.199999291158072,-0.536557259524659));
#6547=CARTESIAN_POINT('',(54.568380838997008,43.199999291157667,-0.414380593984489));
#6548=CARTESIAN_POINT('',(55.442030101570388,43.199999291158349,-0.293741524538299));
#6549=CARTESIAN_POINT('',(56.250996997292170,43.199999291158150,-0.183224512330046));
#6550=CARTESIAN_POINT('',(57.017735383674292,43.199999291158584,-0.081935136749130));
#6551=CARTESIAN_POINT('',(57.752268659018817,43.199999291158463,0.010601903807804));
#6552=CARTESIAN_POINT('',(58.708886637509018,43.199999291159010,0.116700799795174));
#6553=CARTESIAN_POINT('',(59.665955007876100,43.199999291158029,0.202537840920062));
#6554=CARTESIAN_POINT('',(60.789967100126447,43.199999291159408,0.239733562289201));
#6555=CARTESIAN_POINT('',(61.698300762219127,43.199999291158740,0.196753755874265));
#6556=CARTESIAN_POINT('',(62.168380945721893,43.199999291159799,0.128154731529510));
#6557=CARTESIAN_POINT('',(62.449386081926342,43.199999291160751,0.070654329573480));
#6558=CARTESIAN_POINT('',(62.653929078439063,43.199999291160523,0.016366786240505));
#6559=CARTESIAN_POINT('',(62.769176074048858,43.199999291161063,-0.018359989608416));
#6560=CARTESIAN_POINT('',(45.573828162399849,57.599999645618581,-0.682712975206177));
#6561=CARTESIAN_POINT('',(45.659533353272707,57.599999645618617,-0.695963480323661));
#6562=CARTESIAN_POINT('',(45.895349025144881,57.599999645618666,-0.731200432015913));
#6563=CARTESIAN_POINT('',(46.148415256056943,57.599999645618702,-0.765882248713760));
#6564=CARTESIAN_POINT('',(46.587475769180202,57.599999645618581,-0.821296657785609));
#6565=CARTESIAN_POINT('',(47.255122877381261,57.599999645617572,-0.895216032595970));
#6566=CARTESIAN_POINT('',(47.866888787776503,57.599999645618297,-0.953043540740049));
#6567=CARTESIAN_POINT('',(48.400880632939760,57.599999645617402,-0.998221669415502));
#6568=CARTESIAN_POINT('',(49.302755351626153,57.599999645618702,-1.063686288672237));
#6569=CARTESIAN_POINT('',(49.998106273362723,57.599999645616933,-1.104689769991616));
#6570=CARTESIAN_POINT('',(50.573014204303178,57.599999645618468,-1.133950667404390));
#6571=CARTESIAN_POINT('',(51.313545474409693,57.599999645616187,-1.164063174084076));
#6572=CARTESIAN_POINT('',(52.217175449109803,57.599999645617324,-1.191175879179363));
#6573=CARTESIAN_POINT('',(52.748272009130197,57.599999645616222,-1.202784292995721));
#6574=CARTESIAN_POINT('',(53.573603142776811,57.599999645616968,-1.213991486737800));
#6575=CARTESIAN_POINT('',(54.569288168174047,57.599999645616101,-1.217021897633539));
#6576=CARTESIAN_POINT('',(55.738940654770794,57.599999645617167,-1.205564299190373));
#6577=CARTESIAN_POINT('',(56.916400086709842,57.599999645615398,-1.178114742943529));
#6578=CARTESIAN_POINT('',(58.072222962905862,57.599999645616222,-1.130136800635693));
#6579=CARTESIAN_POINT('',(59.223019692830547,57.599999645616101,-1.066112062667678));
#6580=CARTESIAN_POINT('',(60.360562616409368,57.599999645615910,-0.986216410465152));
#6581=CARTESIAN_POINT('',(61.468924441299883,57.599999645615270,-0.891875667403175));
#6582=CARTESIAN_POINT('',(62.272364729302787,57.599999645616101,-0.812147781831659));
#6583=CARTESIAN_POINT('',(63.395234009969023,57.599999645616059,-0.685773462311734));
#6584=CARTESIAN_POINT('',(64.586272842549292,57.599999645617480,-0.536557259524659));
#6585=CARTESIAN_POINT('',(65.491664890971933,57.599999645616691,-0.414380593984489));
#6586=CARTESIAN_POINT('',(66.365314153545512,57.599999645617373,-0.293741524538299));
#6587=CARTESIAN_POINT('',(67.174281049268103,57.599999645617238,-0.183224512330046));
#6588=CARTESIAN_POINT('',(67.941019435649849,57.599999645617601,-0.081935136749130));
#6589=CARTESIAN_POINT('',(68.675552710994680,57.599999645617011,0.010601903807804));
#6590=CARTESIAN_POINT('',(69.632170689484568,57.599999645618112,0.116700799795174));
#6591=CARTESIAN_POINT('',(70.589239059852005,57.599999645616450,0.202537840920062));
#6592=CARTESIAN_POINT('',(71.713251152101222,57.599999645618738,0.239733562289201));
#6593=CARTESIAN_POINT('',(72.621584814194293,57.599999645618269,0.196753755874265));
#6594=CARTESIAN_POINT('',(73.091664997697364,57.599999645619057,0.128154731529510));
#6595=CARTESIAN_POINT('',(73.372670133901622,57.599999645620237,0.070654329573480));
#6596=CARTESIAN_POINT('',(73.577213130414449,57.599999645619960,0.016366786240505));
#6597=CARTESIAN_POINT('',(73.692460126024258,57.599999645620713,-0.018359989608416));
#6598=CARTESIAN_POINT('',(56.497112214370830,72.000000000077236,-0.682712975206177));
#6599=CARTESIAN_POINT('',(56.582817405243688,72.000000000077293,-0.695963480323661));
#6600=CARTESIAN_POINT('',(56.818633077115749,72.000000000077364,-0.731200432015913));
#6601=CARTESIAN_POINT('',(57.071699308027718,72.000000000077478,-0.765882248713760));
#6602=CARTESIAN_POINT('',(57.510759821150820,72.000000000077407,-0.821296657785609));
#6603=CARTESIAN_POINT('',(58.178406929351929,72.000000000076696,-0.895216032595970));
#6604=CARTESIAN_POINT('',(58.790172839747399,72.000000000077236,-0.953043540740049));
#6605=CARTESIAN_POINT('',(59.324164684910393,72.000000000076255,-0.998221669415502));
#6606=CARTESIAN_POINT('',(60.226039403597397,72.000000000078302,-1.063686288672237));
#6607=CARTESIAN_POINT('',(60.921390325332560,72.000000000076412,-1.104689769991616));
#6608=CARTESIAN_POINT('',(61.496298256273469,72.000000000077833,-1.133950667404390));
#6609=CARTESIAN_POINT('',(62.236829526379758,72.000000000075474,-1.164063174084076));
#6610=CARTESIAN_POINT('',(63.140459501080940,72.000000000076255,-1.191175879179363));
#6611=CARTESIAN_POINT('',(63.671556061101022,72.000000000075914,-1.202784292995721));
#6612=CARTESIAN_POINT('',(64.496887194747558,72.000000000076540,-1.213991486737800));
#6613=CARTESIAN_POINT('',(65.492572220145789,72.000000000075914,-1.217021897633539));
#6614=CARTESIAN_POINT('',(66.662224706740943,72.000000000076966,-1.205564299190373));
#6615=CARTESIAN_POINT('',(67.839684138681775,72.000000000075715,-1.178114742943529));
#6616=CARTESIAN_POINT('',(68.995507014876694,72.000000000075715,-1.130136800635693));
#6617=CARTESIAN_POINT('',(70.146303744801301,72.000000000076056,-1.066112062667678));
#6618=CARTESIAN_POINT('',(71.283846668381813,72.000000000075588,-0.986216410465152));
#6619=CARTESIAN_POINT('',(72.392208493270431,72.000000000075516,-0.891875667403175));
#6620=CARTESIAN_POINT('',(73.195648781275437,72.000000000075744,-0.812147781831659));
#6621=CARTESIAN_POINT('',(74.318518061941532,72.000000000075516,-0.685773462311734));
#6622=CARTESIAN_POINT('',(75.509556894522092,72.000000000077009,-0.536557259524659));
#6623=CARTESIAN_POINT('',(76.414948942945159,72.000000000075715,-0.414380593984489));
#6624=CARTESIAN_POINT('',(77.288598205519449,72.000000000076497,-0.293741524538299));
#6625=CARTESIAN_POINT('',(78.097565101241258,72.000000000076611,-0.183224512330046));
#6626=CARTESIAN_POINT('',(78.864303487623900,72.000000000077165,-0.081935136749130));
#6627=CARTESIAN_POINT('',(79.598836762968546,72.000000000076142,0.010601903807804));
#6628=CARTESIAN_POINT('',(80.555454741459883,72.000000000078586,0.116700799795174));
#6629=CARTESIAN_POINT('',(81.512523111825203,72.000000000075715,0.202537840920062));
#6630=CARTESIAN_POINT('',(82.636535204077177,72.000000000077833,0.239733562289201));
#6631=CARTESIAN_POINT('',(83.544868866168741,72.000000000077321,0.196753755874265));
#6632=CARTESIAN_POINT('',(84.014949049672836,72.000000000078813,0.128154731529510));
#6633=CARTESIAN_POINT('',(84.295954185878145,72.000000000079410,0.070654329573480));
#6634=CARTESIAN_POINT('',(84.500497182390149,72.000000000079439,0.016366786240505));
#6635=CARTESIAN_POINT('',(84.615744177999574,72.000000000080362,-0.018359989608416));
#6636=B_SPLINE_SURFACE_WITH_KNOTS('',5,5,((#6408,#6446,#6484,#6522,#6560,#6598),(#6409,#6447,#6485,#6523,#6561,#6599),(#6410,#6448,#6486,#6524,#6562,#6600),(#6411,#6449,#6487,#6525,#6563,#6601),(#6412,#6450,#6488,#6526,#6564,#6602),(#6413,#6451,#6489,#6527,#6565,#6603),(#6414,#6452,#6490,#6528,#6566,#6604),(#6415,#6453,#6491,#6529,#6567,#6605),(#6416,#6454,#6492,#6530,#6568,#6606),(#6417,#6455,#6493,#6531,#6569,#6607),(#6418,#6456,#6494,#6532,#6570,#6608),(#6419,#6457,#6495,#6533,#6571,#6609),(#6420,#6458,#6496,#6534,#6572,#6610),(#6421,#6459,#6497,#6535,#6573,#6611),(#6422,#6460,#6498,#6536,#6574,#6612),(#6423,#6461,#6499,#6537,#6575,#6613),(#6424,#6462,#6500,#6538,#6576,#6614),(#6425,#6463,#6501,#6539,#6577,#6615),(#6426,#6464,#6502,#6540,#6578,#6616),(#6427,#6465,#6503,#6541,#6579,#6617),(#6428,#6466,#6504,#6542,#6580,#6618),(#6429,#6467,#6505,#6543,#6581,#6619),(#6430,#6468,#6506,#6544,#6582,#6620),(#6431,#6469,#6507,#6545,#6583,#6621),(#6432,#6470,#6508,#6546,#6584,#6622),(#6433,#6471,#6509,#6547,#6585,#6623),(#6434,#6472,#6510,#6548,#6586,#6624),(#6435,#6473,#6511,#6549,#6587,#6625),(#6436,#6474,#6512,#6550,#6588,#6626),(#6437,#6475,#6513,#6551,#6589,#6627),(#6438,#6476,#6514,#6552,#6590,#6628),(#6439,#6477,#6515,#6553,#6591,#6629),(#6440,#6478,#6516,#6554,#6592,#6630),(#6441,#6479,#6517,#6555,#6593,#6631),(#6442,#6480,#6518,#6556,#6594,#6632),(#6443,#6481,#6519,#6557,#6595,#6633),(#6444,#6482,#6520,#6558,#6596,#6634),(#6445,#6483,#6521,#6559,#6597,#6635)),.UNSPECIFIED.,.F.,.F.,.U.,(6,1,2,1,2,1,2,1,1,2,1,1,1,2,1,1,2,1,2,2,1,1,1,1,1,6),(6,6),(0.0,0.899545431991282,2.406653200611075,3.913760969230758,5.420868737850441,6.174422622160278,8.435084275088713,9.188638159398169,9.942192043707607,11.449299812326540,12.956407580945861,14.463515349565061,15.970623118184349,17.477730886803631,18.984838655422902,20.491946424041981,21.999054192661319,23.506161961280672,25.013269729899989,26.520377498518901,28.027485267137791,29.534593035756600,31.041700804375239,32.548808572993678,34.055916341612154,35.563024110230927),(4.518557616721496,94.889756663842562),.UNSPECIFIED.);
#6637=ORIENTED_EDGE('',*,*,#3549,.F.);
#6638=CARTESIAN_POINT('',(60.590356382147050,72.0,-1.083841508961241));
#6639=CARTESIAN_POINT('',(60.796233950130834,71.999999999988503,-1.096064579458205));
#6640=CARTESIAN_POINT('',(61.002158616720507,72.000000004556767,-1.107494393614905));
#6641=CARTESIAN_POINT('',(61.208136354698887,72.000000000491426,-1.118154847863699));
#6642=CARTESIAN_POINT('',(61.720610514039613,71.999999999269761,-1.142843034418918));
#6643=CARTESIAN_POINT('',(62.233301762902009,72.000000001084885,-1.162984351386385));
#6644=CARTESIAN_POINT('',(62.541245035027913,72.000000000359719,-1.173534997611935));
#6645=CARTESIAN_POINT('',(63.603588091288422,71.999999999109718,-1.204660067255074));
#6646=CARTESIAN_POINT('',(64.666355731943227,72.000000002203038,-1.218013943613064));
#6647=CARTESIAN_POINT('',(65.420968346433980,72.000000002200281,-1.219154153868711));
#6648=CARTESIAN_POINT('',(66.720717175127049,71.999999998419682,-1.206573392886450));
#6649=CARTESIAN_POINT('',(68.019916506084570,72.000000001134993,-1.168197804150141));
#6650=CARTESIAN_POINT('',(68.563418909744485,72.0,-1.147578771070659));
#6651=CARTESIAN_POINT('',(69.826809996515124,72.0,-1.088465055958405));
#6652=CARTESIAN_POINT('',(71.088725945272245,72.0,-1.002949922172523));
#6653=CARTESIAN_POINT('',(71.807731251248654,72.000000000002643,-0.945263900121382));
#6654=CARTESIAN_POINT('',(73.251050820655465,71.999999999999957,-0.810744128075763));
#6655=CARTESIAN_POINT('',(74.690815906840541,71.999999999997286,-0.642162179110670));
#6656=CARTESIAN_POINT('',(75.413269272703033,72.0,-0.549705275222386));
#6657=CARTESIAN_POINT('',(76.739060829091216,72.0,-0.370307501729539));
#6658=CARTESIAN_POINT('',(78.064348599417315,72.0,-0.187225534069145));
#6659=CARTESIAN_POINT('',(78.653836749112671,72.000000001427722,-0.107593700198859));
#6660=CARTESIAN_POINT('',(79.580721988298066,71.999999999238469,0.010986329576773));
#6661=CARTESIAN_POINT('',(80.510025547547514,72.000000000406132,0.108104937722186));
#6662=CARTESIAN_POINT('',(80.833711084248733,72.000000000001180,0.138541398879157));
#6663=CARTESIAN_POINT('',(81.450510844364089,72.000000000000043,0.187964009377873));
#6664=CARTESIAN_POINT('',(82.068643570233945,71.999999999998892,0.215793638875415));
#6665=CARTESIAN_POINT('',(82.360830168953143,72.000000000332719,0.222990089354113));
#6666=CARTESIAN_POINT('',(82.847779348478340,71.999999999782162,0.223429033426355));
#6667=CARTESIAN_POINT('',(83.333970282771617,72.000000000142563,0.198751552266085));
#6668=CARTESIAN_POINT('',(83.526322187270750,72.000000000000668,0.184395695637618));
#6669=CARTESIAN_POINT('',(83.863197403025595,72.000000000000043,0.149156454854562));
#6670=CARTESIAN_POINT('',(84.196653420475002,71.999999999999403,0.090388596705640));
#6671=CARTESIAN_POINT('',(84.335811132185398,71.999999999983828,0.060580054948373));
#6672=CARTESIAN_POINT('',(84.476529267860514,71.999999999991886,0.023603506997111));
#6673=CARTESIAN_POINT('',(84.615744177937088,72.0,-0.018359989608423));
#6674=B_SPLINE_CURVE_WITH_KNOTS('',5,(#6638,#6639,#6640,#6641,#6642,#6643,#6644,#6645,#6646,#6647,#6648,#6649,#6650,#6651,#6652,#6653,#6654,#6655,#6656,#6657,#6658,#6659,#6660,#6661,#6662,#6663,#6664,#6665,#6666,#6667,#6668,#6669,#6670,#6671,#6672,#6673),.UNSPECIFIED.,.F.,.U.,(6,3,3,3,3,3,3,3,3,3,3,6),(0.0,1.032870371741226,2.569512437735356,6.355391550787243,9.078645873814642,12.689239653661810,16.337816194432161,19.389433073639950,21.017052022902131,22.487805721514530,23.454563555680231,24.182750592570830),.UNSPECIFIED.);
#6675=EDGE_CURVE('',#6355,#3538,#6674,.T.);
#6676=ORIENTED_EDGE('',*,*,#6675,.F.);
#6677=ORIENTED_EDGE('',*,*,#6403,.F.);
#6678=ORIENTED_EDGE('',*,*,#3438,.T.);
#6679=CARTESIAN_POINT('',(1.882732038864917,3.583114E-15,-0.683043762457364));
#6680=CARTESIAN_POINT('',(1.980367469574521,3.022228E-14,-0.698128732441071));
#6681=CARTESIAN_POINT('',(2.079404622373878,5.724773E-14,-0.712838848693124));
#6682=CARTESIAN_POINT('',(2.179694561079881,8.461848E-14,-0.727203151551975));
#6683=CARTESIAN_POINT('',(2.447470480835086,1.577073E-13,-0.764251761662570));
#6684=CARTESIAN_POINT('',(2.722511547825164,2.328000E-13,-0.799094024841791));
#6685=CARTESIAN_POINT('',(2.895794681810712,2.801174E-13,-0.819953016814850));
#6686=CARTESIAN_POINT('',(3.205857363345237,3.647959E-13,-0.855492428293503));
#6687=CARTESIAN_POINT('',(3.521572324917485,4.510375E-13,-0.888690245253407));
#6688=CARTESIAN_POINT('',(3.659866986360334,4.888179E-13,-0.902696377570019));
#6689=CARTESIAN_POINT('',(3.876196271743852,5.479216E-13,-0.923810606703193));
#6690=CARTESIAN_POINT('',(4.094317084071921,6.075224E-13,-0.943907088769004));
#6691=CARTESIAN_POINT('',(4.172442345027689,6.288709E-13,-0.950956783300619));
#6692=CARTESIAN_POINT('',(4.426412828735634,6.982737E-13,-0.973401206774898));
#6693=CARTESIAN_POINT('',(4.682383024899623,7.682328E-13,-0.994513043366437));
#6694=CARTESIAN_POINT('',(4.860092635791684,8.168071E-13,-1.008474739029322));
#6695=CARTESIAN_POINT('',(5.141879481841646,8.938361E-13,-1.029553613551546));
#6696=CARTESIAN_POINT('',(5.424963577731763,9.712303E-13,-1.049096483862694));
#6697=CARTESIAN_POINT('',(5.529089764198837,9.996994E-13,-1.056067259021483));
#6698=CARTESIAN_POINT('',(5.763120047481755,1.063689E-12,-1.071259832905404));
#6699=CARTESIAN_POINT('',(5.997533960863340,1.127790E-12,-1.085432402515446));
#6700=CARTESIAN_POINT('',(6.128214638568449,1.163527E-12,-1.093018468353021));
#6701=CARTESIAN_POINT('',(6.354469131025230,1.225403E-12,-1.105610006091177));
#6702=CARTESIAN_POINT('',(6.581273153037815,1.287437E-12,-1.117299927128185));
#6703=CARTESIAN_POINT('',(6.677292087127040,1.313700E-12,-1.122083533334619));
#6704=CARTESIAN_POINT('',(6.853051308430265,1.361776E-12,-1.130539995954117));
#6705=CARTESIAN_POINT('',(7.029342892744417,1.410000E-12,-1.138480068358184));
#6706=CARTESIAN_POINT('',(7.109303968056779,1.431875E-12,-1.141971500628369));
#6707=CARTESIAN_POINT('',(7.242435958574883,1.468295E-12,-1.147603658573291));
#6708=CARTESIAN_POINT('',(7.375908499444138,1.504811E-12,-1.152951611535876));
#6709=CARTESIAN_POINT('',(7.429148660382118,1.519377E-12,-1.155037713182767));
#6710=CARTESIAN_POINT('',(7.535716225720686,1.548534E-12,-1.159119426367376));
#6711=CARTESIAN_POINT('',(7.642486072683345,1.577747E-12,-1.163021092554083));
#6712=CARTESIAN_POINT('',(7.695996475522440,1.592388E-12,-1.164929491217008));
#6713=CARTESIAN_POINT('',(7.857370179883450,1.636543E-12,-1.170542459992032));
#6714=CARTESIAN_POINT('',(8.019130247293296,1.680806E-12,-1.175740728083866));
#6715=CARTESIAN_POINT('',(8.127448941155716,1.710447E-12,-1.179030867358164));
#6716=CARTESIAN_POINT('',(8.356992456215503,1.773263E-12,-1.185604091653261));
#6717=CARTESIAN_POINT('',(8.587146428804608,1.836252E-12,-1.191355115703400));
#6718=CARTESIAN_POINT('',(8.708679099023342,1.869515E-12,-1.194160230246225));
#6719=CARTESIAN_POINT('',(8.956520754133736,1.937351E-12,-1.199411440085731));
#6720=CARTESIAN_POINT('',(9.205043853710276,2.005379E-12,-1.203726580678557));
#6721=CARTESIAN_POINT('',(9.331665801137889,2.040041E-12,-1.205680651430056));
#6722=CARTESIAN_POINT('',(9.587789882565799,2.110157E-12,-1.209140716265720));
#6723=CARTESIAN_POINT('',(9.844522722273764,2.180445E-12,-1.211614977316720));
#6724=CARTESIAN_POINT('',(9.974321493722256,2.215984E-12,-1.212612886946878));
#6725=CARTESIAN_POINT('',(10.243531308187389,2.289695E-12,-1.214157760154772));
#6726=CARTESIAN_POINT('',(10.513238195127590,2.363549E-12,-1.214618267534222));
#6727=CARTESIAN_POINT('',(10.652796140764771,2.401767E-12,-1.214566245279259));
#6728=CARTESIAN_POINT('',(10.944876504225499,2.481756E-12,-1.213849611043253));
#6729=CARTESIAN_POINT('',(11.237326659502690,2.561854E-12,-1.211857220878313));
#6730=CARTESIAN_POINT('',(11.389916758091051,2.603649E-12,-1.210469802982904));
#6731=CARTESIAN_POINT('',(11.710284922226901,2.691403E-12,-1.206822210581767));
#6732=CARTESIAN_POINT('',(12.030809307404210,2.779210E-12,-1.201622728034115));
#6733=CARTESIAN_POINT('',(12.198635353826550,2.825189E-12,-1.198472859647729));
#6734=CARTESIAN_POINT('',(12.483768207969661,2.903310E-12,-1.192392055211312));
#6735=CARTESIAN_POINT('',(12.768827480397331,2.981419E-12,-1.185066737560935));
#6736=CARTESIAN_POINT('',(12.886097020117329,3.013553E-12,-1.181841349569932));
#6737=CARTESIAN_POINT('',(13.232922120345901,3.108595E-12,-1.171672628315847));
#6738=CARTESIAN_POINT('',(13.579514960268231,3.203585E-12,-1.159637569608306));
#6739=CARTESIAN_POINT('',(13.808740945745960,3.266414E-12,-1.150847876054914));
#6740=CARTESIAN_POINT('',(14.150745175240679,3.360163E-12,-1.136477330305665));
#6741=CARTESIAN_POINT('',(14.492499505982400,3.453855E-12,-1.120223171555458));
#6742=CARTESIAN_POINT('',(14.605210282079749,3.484756E-12,-1.114655272535233));
#6743=CARTESIAN_POINT('',(14.941073987726201,3.576842E-12,-1.097442940999285));
#6744=CARTESIAN_POINT('',(15.276687268412010,3.668871E-12,-1.078383388266589));
#6745=CARTESIAN_POINT('',(15.499589167876300,3.729998E-12,-1.064894431014352));
#6746=CARTESIAN_POINT('',(15.830589393855380,3.820778E-12,-1.043615050591220));
#6747=CARTESIAN_POINT('',(16.161135835148770,3.911446E-12,-1.020491526514703));
#6748=CARTESIAN_POINT('',(16.269015758553991,3.941038E-12,-1.012743557067634));
#6749=CARTESIAN_POINT('',(16.480582534783480,3.999075E-12,-0.997152721917170));
#6750=CARTESIAN_POINT('',(16.691891978814919,4.057047E-12,-0.980805049117320));
#6751=CARTESIAN_POINT('',(16.795273971787481,4.085410E-12,-0.972621034900974));
#6752=CARTESIAN_POINT('',(16.973654031552911,4.134352E-12,-0.958179525615431));
#6753=CARTESIAN_POINT('',(17.151831945251100,4.183242E-12,-0.943202399481282));
#6754=CARTESIAN_POINT('',(17.226779821935320,4.203807E-12,-0.936804842213573));
#6755=CARTESIAN_POINT('',(17.376606045853070,4.244920E-12,-0.923820719812913));
#6756=CARTESIAN_POINT('',(17.526305492881288,4.286001E-12,-0.910458332122916));
#6757=CARTESIAN_POINT('',(17.601126478427460,4.306534E-12,-0.903682522594808));
#6758=CARTESIAN_POINT('',(17.830578257237939,4.369504E-12,-0.882605579555404));
#6759=CARTESIAN_POINT('',(18.059842922590040,4.432429E-12,-0.860634536215272));
#6760=CARTESIAN_POINT('',(18.214336860892679,4.474835E-12,-0.845416892176428));
#6761=CARTESIAN_POINT('',(18.478716030234889,4.547406E-12,-0.818678541811249));
#6762=CARTESIAN_POINT('',(18.743331641178269,4.620050E-12,-0.790747026474685));
#6763=CARTESIAN_POINT('',(18.853354702646719,4.650256E-12,-0.778934726524588));
#6764=CARTESIAN_POINT('',(19.186389155336531,4.741691E-12,-0.742588497325131));
#6765=CARTESIAN_POINT('',(19.520221737478149,4.833356E-12,-0.704400344416155));
#6766=CARTESIAN_POINT('',(19.744013459155219,4.894810E-12,-0.678045233107555));
#6767=CARTESIAN_POINT('',(20.102028655359931,4.993131E-12,-0.634745654899082));
#6768=CARTESIAN_POINT('',(20.460771186330369,5.091661E-12,-0.589711934643284));
#6769=CARTESIAN_POINT('',(20.595362159110032,5.128629E-12,-0.572599526304747));
#6770=CARTESIAN_POINT('',(20.901333480393280,5.212672E-12,-0.533243998849001));
#6771=CARTESIAN_POINT('',(21.207311515933380,5.296723E-12,-0.492956344112751));
#6772=CARTESIAN_POINT('',(21.379267326746621,5.343960E-12,-0.470061639979139));
#6773=CARTESIAN_POINT('',(21.743371057642619,5.443984E-12,-0.421142797600527));
#6774=CARTESIAN_POINT('',(22.106512100274792,5.543748E-12,-0.371642371214064));
#6775=CARTESIAN_POINT('',(22.298131711469150,5.596392E-12,-0.345393255246287));
#6776=CARTESIAN_POINT('',(22.645586365046551,5.691849E-12,-0.297705437424931));
#6777=CARTESIAN_POINT('',(22.991343170878629,5.786839E-12,-0.250367574118557));
#6778=CARTESIAN_POINT('',(23.146772256671099,5.829539E-12,-0.229158789481081));
#6779=CARTESIAN_POINT('',(23.512613285189069,5.930044E-12,-0.179521145612983));
#6780=CARTESIAN_POINT('',(23.876144742341861,6.029908E-12,-0.131127029170208));
#6781=CARTESIAN_POINT('',(24.084694699509150,6.087195E-12,-0.103794742034953));
#6782=CARTESIAN_POINT('',(24.406110877941661,6.175480E-12,-0.062525607956500));
#6783=CARTESIAN_POINT('',(24.726445204294770,6.263456E-12,-0.023087809434086));
#6784=CARTESIAN_POINT('',(24.839114346391352,6.294398E-12,-0.009451667932761));
#6785=CARTESIAN_POINT('',(25.123671239875431,6.372541E-12,0.024328205139689));
#6786=CARTESIAN_POINT('',(25.407888469478209,6.450578E-12,0.056217760385765));
#6787=CARTESIAN_POINT('',(25.579773123737699,6.497768E-12,0.074725032776956));
#6788=CARTESIAN_POINT('',(25.900874702094249,6.585912E-12,0.107622891544652));
#6789=CARTESIAN_POINT('',(26.221762374596391,6.673974E-12,0.136799767575530));
#6790=CARTESIAN_POINT('',(26.370958764383690,6.714913E-12,0.149458927311506));
#6791=CARTESIAN_POINT('',(26.689427240006850,6.802284E-12,0.174280366968196));
#6792=CARTESIAN_POINT('',(27.006792781807992,6.889318E-12,0.193754662870030));
#6793=CARTESIAN_POINT('',(27.175017017285420,6.935441E-12,0.202402927477080));
#6794=CARTESIAN_POINT('',(27.468987279318380,7.016020E-12,0.214259431011578));
#6795=CARTESIAN_POINT('',(27.759585528131581,7.095634E-12,0.219708767003067));
#6796=CARTESIAN_POINT('',(27.883714194813781,7.129632E-12,0.220786441243195));
#6797=CARTESIAN_POINT('',(28.104055183794621,7.189968E-12,0.220304063181510));
#6798=CARTESIAN_POINT('',(28.320047606852619,7.249084E-12,0.215301440641966));
#6799=CARTESIAN_POINT('',(28.414380377183189,7.274896E-12,0.212180858217978));
#6800=CARTESIAN_POINT('',(28.584479576381000,7.321429E-12,0.204761444111946));
#6801=CARTESIAN_POINT('',(28.749532679274349,7.366559E-12,0.194140832782491));
#6802=CARTESIAN_POINT('',(28.823121752851851,7.386675E-12,0.188661622341869));
#6803=CARTESIAN_POINT('',(28.970595107383762,7.426978E-12,0.176099455921605));
#6804=CARTESIAN_POINT('',(29.111709961069369,7.465522E-12,0.160769059061424));
#6805=CARTESIAN_POINT('',(29.181928608682561,7.484696E-12,0.152228800606093));
#6806=CARTESIAN_POINT('',(29.310772568074722,7.519866E-12,0.134815200367174));
#6807=CARTESIAN_POINT('',(29.433228559008889,7.553271E-12,0.114899531728046));
#6808=CARTESIAN_POINT('',(29.489428296332310,7.568597E-12,0.104983642281128));
#6809=CARTESIAN_POINT('',(29.578547919511969,7.592892E-12,0.087983910027814));
#6810=CARTESIAN_POINT('',(29.666215497671779,7.616777E-12,0.069079900654202));
#6811=CARTESIAN_POINT('',(29.699463436357100,7.625833E-12,0.061585206424205));
#6812=CARTESIAN_POINT('',(29.777935477827270,7.647202E-12,0.043107308559732));
#6813=CARTESIAN_POINT('',(29.857303717895139,7.668803E-12,0.022501208361135));
#6814=CARTESIAN_POINT('',(29.903636724654621,7.681409E-12,0.009825394622002));
#6815=CARTESIAN_POINT('',(29.950923637436439,7.694270E-12,-0.003775408007003));
#6816=CARTESIAN_POINT('',(29.999325262447929,7.707430E-12,-0.018359989608029));
#6817=B_SPLINE_CURVE_WITH_KNOTS('',5,(#6679,#6680,#6681,#6682,#6683,#6684,#6685,#6686,#6687,#6688,#6689,#6690,#6691,#6692,#6693,#6694,#6695,#6696,#6697,#6698,#6699,#6700,#6701,#6702,#6703,#6704,#6705,#6706,#6707,#6708,#6709,#6710,#6711,#6712,#6713,#6714,#6715,#6716,#6717,#6718,#6719,#6720,#6721,#6722,#6723,#6724,#6725,#6726,#6727,#6728,#6729,#6730,#6731,#6732,#6733,#6734,#6735,#6736,#6737,#6738,#6739,#6740,#6741,#6742,#6743,#6744,#6745,#6746,#6747,#6748,#6749,#6750,#6751,#6752,#6753,#6754,#6755,#6756,#6757,#6758,#6759,#6760,#6761,#6762,#6763,#6764,#6765,#6766,#6767,#6768,#6769,#6770,#6771,#6772,#6773,#6774,#6775,#6776,#6777,#6778,#6779,#6780,#6781,#6782,#6783,#6784,#6785,#6786,#6787,#6788,#6789,#6790,#6791,#6792,#6793,#6794,#6795,#6796,#6797,#6798,#6799,#6800,#6801,#6802,#6803,#6804,#6805,#6806,#6807,#6808,#6809,#6810,#6811,#6812,#6813,#6814,#6815,#6816),.UNSPECIFIED.,.F.,.U.,(6,3,3,3,3,3,3,3,3,3,3,3,3,3,3,3,3,3,3,3,3,3,3,3,3,3,3,3,3,3,3,3,3,3,3,3,3,3,3,3,3,3,3,3,3,6),(43.985614047136153,44.640160479411463,45.713159278847989,46.538677837944412,46.997363074828783,48.026056309663069,48.620283477347797,49.364910102823110,49.910391574014490,50.361930632633431,50.661048436767913,50.960070973258297,51.563514894666334,52.237248620365243,52.935086034784682,53.647051476640748,54.410327051772832,55.242150719437440,56.156164466638067,56.795137768692562,58.046327024338382,58.662237720724526,59.882115416003352,60.475019129865828,61.043647549285588,61.456820621676421,61.869993694067283,62.724320654054758,63.331750477814012,64.561727720209063,65.294699447096775,66.234581381836179,67.287855621512875,68.149736503595236,69.324608491227480,69.962906608477994,70.937793140737526,71.786193828926613,72.749847195275663,73.476436713724055,74.050267645602162,74.525305130158614,75.020724601623385,75.460174109417281,75.729938035682125,76.096389764444496),.UNSPECIFIED.);
#6818=EDGE_CURVE('',#3299,#3037,#6817,.T.);
#6819=ORIENTED_EDGE('',*,*,#6818,.T.);
#6820=ORIENTED_EDGE('',*,*,#3041,.F.);
#6821=CARTESIAN_POINT('',(25.230820959393590,3.600000017387983,-0.317691911871719));
#6822=VERTEX_POINT('',#6821);
#6823=CARTESIAN_POINT('',(32.730146206390287,3.599999997592124,-0.018359989608046));
#6824=CARTESIAN_POINT('',(32.680966675522043,3.599999997694443,-0.003540978153702));
#6825=CARTESIAN_POINT('',(32.632937975987907,3.599999997802548,0.010262377037657));
#6826=CARTESIAN_POINT('',(32.585890791073332,3.599999997909244,0.023111937261668));
#6827=CARTESIAN_POINT('',(32.509865395762432,3.599999998082942,0.042798306800856));
#6828=CARTESIAN_POINT('',(32.434619385736418,3.599999998256931,0.060543231571505));
#6829=CARTESIAN_POINT('',(32.405342304566503,3.599999998324936,0.067187951513181));
#6830=CARTESIAN_POINT('',(32.326512072978261,3.599999998508860,0.084396334463238));
#6831=CARTESIAN_POINT('',(32.246687007555138,3.599999998697254,0.100015736424839));
#6832=CARTESIAN_POINT('',(32.195839374650063,3.599999998818065,0.109288382076556));
#6833=CARTESIAN_POINT('',(32.077832646439873,3.599999999100246,0.129294445559146));
#6834=CARTESIAN_POINT('',(31.954001167341389,3.599999999400399,0.146892811866667));
#6835=CARTESIAN_POINT('',(31.882570380237901,3.599999999574751,0.156027161847369));
#6836=CARTESIAN_POINT('',(31.747773913431171,3.599999999905966,0.171418707790925));
#6837=CARTESIAN_POINT('',(31.606874588672270,3.600000000256070,0.184239373560956));
#6838=CARTESIAN_POINT('',(31.541544931199880,3.600000000419169,0.189537194776218));
#6839=CARTESIAN_POINT('',(31.401715247323789,3.600000000769831,0.199561085643128));
#6840=CARTESIAN_POINT('',(31.257820241352320,3.600000001133860,0.207211854759256));
#6841=CARTESIAN_POINT('',(31.181228931266659,3.600000001328455,0.210585383761688));
#6842=CARTESIAN_POINT('',(31.013041408327769,3.600000001757500,0.216537712370661));
#6843=CARTESIAN_POINT('',(30.841519878083719,3.600000002198669,0.219571214058988));
#6844=CARTESIAN_POINT('',(30.748121222520520,3.600000002439899,0.220383654977500));
#6845=CARTESIAN_POINT('',(30.540283540842410,3.600000002978808,0.220421299724630));
#6846=CARTESIAN_POINT('',(30.329788650431389,3.600000003529034,0.216743417844881));
#6847=CARTESIAN_POINT('',(30.213938082501201,3.600000003833105,0.213677235713769));
#6848=CARTESIAN_POINT('',(29.953396109264560,3.600000004519543,0.204598292554939));
#6849=CARTESIAN_POINT('',(29.690970850099468,3.600000005216385,0.190885772942977));
#6850=CARTESIAN_POINT('',(29.545373744103980,3.600000005604523,0.181999984596946));
#6851=CARTESIAN_POINT('',(29.213127324686660,3.600000006493383,0.159084675542510));
#6852=CARTESIAN_POINT('',(28.879966073786019,3.600000007391116,0.130710717959033));
#6853=CARTESIAN_POINT('',(28.693061094588629,3.600000007896480,0.113338497889901));
#6854=CARTESIAN_POINT('',(28.391583206852030,3.600000008713979,0.083347979545840));
#6855=CARTESIAN_POINT('',(28.089969272871549,3.600000009535104,0.050609073284609));
#6856=CARTESIAN_POINT('',(27.975437405070242,3.600000009847333,0.037822062437856));
#6857=CARTESIAN_POINT('',(27.775036949847081,3.600000010394322,0.014883791430628));
#6858=CARTESIAN_POINT('',(27.574450103487589,3.600000010942889,-0.008972330911506));
#6859=CARTESIAN_POINT('',(27.488490874108610,3.600000011178152,-0.019347478099553));
#6860=CARTESIAN_POINT('',(27.316315354733721,3.600000011649716,-0.040409550869103));
#6861=CARTESIAN_POINT('',(27.143859745210300,3.600000012122663,-0.062023040702149));
#6862=CARTESIAN_POINT('',(27.057572969324831,3.600000012359438,-0.072955025849155));
#6863=CARTESIAN_POINT('',(26.821940677654720,3.600000013006373,-0.103100694861867));
#6864=CARTESIAN_POINT('',(26.585505055889669,3.600000013656378,-0.134074015057185));
#6865=CARTESIAN_POINT('',(26.435529335686009,3.600000014068974,-0.153960408496182));
#6866=CARTESIAN_POINT('',(26.106001272279439,3.600000014976042,-0.198081272804609));
#6867=CARTESIAN_POINT('',(25.774585497486822,3.600000015889164,-0.243175808728177));
#6868=CARTESIAN_POINT('',(25.593568587990191,3.600000016388070,-0.267945086327002));
#6869=CARTESIAN_POINT('',(25.412409190254611,3.600000016887440,-0.292794670798411));
#6870=CARTESIAN_POINT('',(25.230820959393871,3.600000017387982,-0.317691911873773));
#6871=B_SPLINE_CURVE_WITH_KNOTS('',5,(#6823,#6824,#6825,#6826,#6827,#6828,#6829,#6830,#6831,#6832,#6833,#6834,#6835,#6836,#6837,#6838,#6839,#6840,#6841,#6842,#6843,#6844,#6845,#6846,#6847,#6848,#6849,#6850,#6851,#6852,#6853,#6854,#6855,#6856,#6857,#6858,#6859,#6860,#6861,#6862,#6863,#6864,#6865,#6866,#6867,#6868,#6869,#6870),.UNSPECIFIED.,.F.,.U.,(6,3,3,3,3,3,3,3,3,3,3,3,3,3,3,6),(0.0,0.372341334229041,0.609819208612479,1.010490437676296,1.520936779699090,1.947654921514624,2.420143489438008,2.974493070245260,3.645359398633568,4.476875419882115,5.539050867347878,6.189080601723322,6.676088512946602,7.163929056672759,8.005253499556858,9.006898759381022),.UNSPECIFIED.);
#6872=EDGE_CURVE('',#3028,#6822,#6871,.T.);
#6873=ORIENTED_EDGE('',*,*,#6872,.T.);
#6874=CARTESIAN_POINT('',(49.808209316107281,35.999999811150033,-0.317696292911676));
#6875=VERTEX_POINT('',#6874);
#6876=CARTESIAN_POINT('',(25.230820959393590,3.600000017387983,-0.317691911871719));
#6877=CARTESIAN_POINT('',(30.146298630735970,10.079999976140501,-0.317692788079711));
#6878=CARTESIAN_POINT('',(35.061776302078599,16.559999934893010,-0.317693664287702));
#6879=CARTESIAN_POINT('',(39.977253973421398,23.039999893645401,-0.317694540495693));
#6880=CARTESIAN_POINT('',(44.892731644764318,29.519999852397710,-0.317695416703685));
#6881=CARTESIAN_POINT('',(49.808209316107281,35.999999811150033,-0.317696292911676));
#6882=B_SPLINE_CURVE_WITH_KNOTS('',5,(#6876,#6877,#6878,#6879,#6880,#6881),.UNSPECIFIED.,.F.,.U.,(6,6),(9.037119691346641,49.704158257420119),.UNSPECIFIED.);
#6883=EDGE_CURVE('',#6822,#6875,#6882,.T.);
#6884=ORIENTED_EDGE('',*,*,#6883,.T.);
#6885=CARTESIAN_POINT('',(57.307535650825123,36.000001226842798,-0.018359989608205));
#6886=CARTESIAN_POINT('',(57.258356114896671,36.000001210075659,-0.003541007157785));
#6887=CARTESIAN_POINT('',(57.210327410207128,36.000001193999147,0.010262319935450));
#6888=CARTESIAN_POINT('',(57.163280220180610,36.000001178550690,0.023111852796998));
#6889=CARTESIAN_POINT('',(57.087254817659847,36.000001154067498,0.042798178050103));
#6890=CARTESIAN_POINT('',(57.012008800851859,36.000001130611011,0.060543059252880));
#6891=CARTESIAN_POINT('',(56.982731717784517,36.000001121600192,0.067187762128649));
#6892=CARTESIAN_POINT('',(56.903901475339921,36.000001097642553,0.084396100534060));
#6893=CARTESIAN_POINT('',(56.824076399824420,36.000001074187942,0.100015457316595));
#6894=CARTESIAN_POINT('',(56.773228758524247,36.000001059549383,0.109288074553996));
#6895=CARTESIAN_POINT('',(56.655222012697898,36.000001026251368,0.129294071727220));
#6896=CARTESIAN_POINT('',(56.531390516892110,36.000000992823729,0.146892368139156));
#6897=CARTESIAN_POINT('',(56.459959721168900,36.000000973994887,0.156026677665519));
#6898=CARTESIAN_POINT('',(56.325163239588868,36.000000939286210,0.171418147106545));
#6899=CARTESIAN_POINT('',(56.184263901095328,36.000000904463207,0.184238732788264));
#6900=CARTESIAN_POINT('',(56.118934237755873,36.000000888605442,0.189536516837905));
#6901=CARTESIAN_POINT('',(55.979104541270956,36.000000855250512,0.199560328185731));
#6902=CARTESIAN_POINT('',(55.835209523467903,36.000000822113982,0.207211015420369));
#6903=CARTESIAN_POINT('',(55.758618207040733,36.000000804787902,0.210584500841599));
#6904=CARTESIAN_POINT('',(55.590430669548262,36.000000767390510,0.216536733767705));
#6905=CARTESIAN_POINT('',(55.418909125417017,36.000000730605919,0.219570137786811));
#6906=CARTESIAN_POINT('',(55.325510462073289,36.000000710949898,0.220382525499545));
#6907=CARTESIAN_POINT('',(55.117672762338017,36.000000667999210,0.220420051778327));
#6908=CARTESIAN_POINT('',(54.907177854448982,36.000000626156393,0.216742049715150));
#6909=CARTESIAN_POINT('',(54.791327276590003,36.000000603591893,0.213675801359525));
#6910=CARTESIAN_POINT('',(54.530785280954980,36.000000553819007,0.204596709096932));
#6911=CARTESIAN_POINT('',(54.268359999924478,36.000000505723243,0.190884038935132));
#6912=CARTESIAN_POINT('',(54.122762881765937,36.000000479608872,0.181998166940780));
#6913=CARTESIAN_POINT('',(53.790516436803522,36.000000421193448,0.159082666874417));
#6914=CARTESIAN_POINT('',(53.457355160876197,36.000000365023098,0.130708517281813));
#6915=CARTESIAN_POINT('',(53.270450168433541,36.000000334159758,0.113336189417406));
#6916=CARTESIAN_POINT('',(52.968972261256397,36.000000285255219,0.083345497194825));
#6917=CARTESIAN_POINT('',(52.667358308058958,36.000000237548100,0.050606416748973));
#6918=CARTESIAN_POINT('',(52.552826433901991,36.000000219590603,0.037819339832936));
#6919=CARTESIAN_POINT('',(52.352425967380903,36.000000188421403,0.014880953156545));
#6920=CARTESIAN_POINT('',(52.151839109806367,36.000000157622949,-0.008975285027576));
#6921=CARTESIAN_POINT('',(52.065879875508877,36.000000144492347,-0.019350481884968));
#6922=CARTESIAN_POINT('',(51.893704345985327,36.000000118317082,-0.040412654202373));
#6923=CARTESIAN_POINT('',(51.721248726374803,36.000000092329820,-0.062026243782570));
#6924=CARTESIAN_POINT('',(51.634961945354213,36.000000079379859,-0.072958278858735));
#6925=CARTESIAN_POINT('',(51.399329641883767,36.000000044146503,-0.103104083960574));
#6926=CARTESIAN_POINT('',(51.162894008453797,36.000000009116242,-0.134077540735101));
#6927=CARTESIAN_POINT('',(51.012918282023520,35.999999987002631,-0.153964020667600));
#6928=CARTESIAN_POINT('',(50.683390097701917,35.999999938604461,-0.198085089397006));
#6929=CARTESIAN_POINT('',(50.351974201067563,35.999999890250507,-0.243179831435058));
#6930=CARTESIAN_POINT('',(50.170957175326294,35.999999863901877,-0.267949228495071));
#6931=CARTESIAN_POINT('',(49.989797663585200,35.999999837559663,-0.292798932177657));
#6932=CARTESIAN_POINT('',(49.808209316107281,35.999999811150033,-0.317696292911676));
#6933=B_SPLINE_CURVE_WITH_KNOTS('',5,(#6885,#6886,#6887,#6888,#6889,#6890,#6891,#6892,#6893,#6894,#6895,#6896,#6897,#6898,#6899,#6900,#6901,#6902,#6903,#6904,#6905,#6906,#6907,#6908,#6909,#6910,#6911,#6912,#6913,#6914,#6915,#6916,#6917,#6918,#6919,#6920,#6921,#6922,#6923,#6924,#6925,#6926,#6927,#6928,#6929,#6930,#6931,#6932),.UNSPECIFIED.,.F.,.U.,(6,3,3,3,3,3,3,3,3,3,3,3,3,3,3,6),(0.0,0.372341346687316,0.609819220318748,1.010490497115819,1.520936891242547,1.947655074096679,2.420143692226417,2.974493338207898,3.645359751932269,4.476875881488925,5.539051456432618,6.189081260510028,6.676089225257744,7.163929824463732,8.005254349909574,9.006900305842052),.UNSPECIFIED.);
#6934=EDGE_CURVE('',#3522,#6875,#6933,.T.);
#6935=ORIENTED_EDGE('',*,*,#6934,.F.);
#6936=EDGE_LOOP('',(#6637,#6676,#6677,#6678,#6819,#6820,#6873,#6884,#6935));
#6937=FACE_OUTER_BOUND('',#6936,.T.);
#6938=ORIENTED_EDGE('',*,*,#2209,.T.);
#6939=ORIENTED_EDGE('',*,*,#1925,.T.);
#6940=ORIENTED_EDGE('',*,*,#2187,.F.);
#6941=ORIENTED_EDGE('',*,*,#1983,.F.);
#6942=EDGE_LOOP('',(#6938,#6939,#6940,#6941));
#6943=FACE_BOUND('',#6942,.T.);
#6944=ORIENTED_EDGE('',*,*,#1538,.F.);
#6945=ORIENTED_EDGE('',*,*,#1760,.T.);
#6946=ORIENTED_EDGE('',*,*,#1480,.T.);
#6947=ORIENTED_EDGE('',*,*,#1738,.F.);
#6948=EDGE_LOOP('',(#6944,#6945,#6946,#6947));
#6949=FACE_BOUND('',#6948,.T.);
#6950=ORIENTED_EDGE('',*,*,#1096,.F.);
#6951=ORIENTED_EDGE('',*,*,#1318,.T.);
#6952=ORIENTED_EDGE('',*,*,#1038,.T.);
#6953=ORIENTED_EDGE('',*,*,#1296,.F.);
#6954=EDGE_LOOP('',(#6950,#6951,#6952,#6953));
#6955=FACE_BOUND('',#6954,.T.);
#6956=ORIENTED_EDGE('',*,*,#652,.F.);
#6957=ORIENTED_EDGE('',*,*,#880,.T.);
#6958=ORIENTED_EDGE('',*,*,#594,.T.);
#6959=ORIENTED_EDGE('',*,*,#858,.F.);
#6960=EDGE_LOOP('',(#6956,#6957,#6958,#6959));
#6961=FACE_BOUND('',#6960,.T.);
#6962=ORIENTED_EDGE('',*,*,#408,.F.);
#6963=ORIENTED_EDGE('',*,*,#252,.F.);
#6964=ORIENTED_EDGE('',*,*,#430,.T.);
#6965=ORIENTED_EDGE('',*,*,#137,.T.);
#6966=EDGE_LOOP('',(#6962,#6963,#6964,#6965));
#6967=FACE_BOUND('',#6966,.T.);
#6968=ADVANCED_FACE('WING',(#6937,#6943,#6949,#6955,#6961,#6967),#6636,.T.);
#6969=CARTESIAN_POINT('',(84.615744177937117,72.0,-0.018359989608423));
#6970=CARTESIAN_POINT('',(84.476529267860514,71.999999999991886,0.023603506997111));
#6971=CARTESIAN_POINT('',(84.335811132185427,71.999999999983828,0.060580054948373));
#6972=CARTESIAN_POINT('',(84.196653420475045,71.999999999999446,0.090388596705640));
#6973=CARTESIAN_POINT('',(83.863197403025595,72.000000000000071,0.149156454854562));
#6974=CARTESIAN_POINT('',(83.526322187270779,72.000000000000668,0.184395695637618));
#6975=CARTESIAN_POINT('',(83.333970282771617,72.000000000142563,0.198751552266085));
#6976=CARTESIAN_POINT('',(82.847779348478340,71.999999999782162,0.223429033426355));
#6977=CARTESIAN_POINT('',(82.360830168953186,72.000000000332719,0.222990089354113));
#6978=CARTESIAN_POINT('',(82.068643570233945,71.999999999998892,0.215793638875415));
#6979=CARTESIAN_POINT('',(81.450510844364089,72.000000000000043,0.187964009377873));
#6980=CARTESIAN_POINT('',(80.833711084248776,72.000000000001180,0.138541398879157));
#6981=CARTESIAN_POINT('',(80.510025547547514,72.000000000406132,0.108104937722186));
#6982=CARTESIAN_POINT('',(79.580721988298066,71.999999999238469,0.010986329576773));
#6983=CARTESIAN_POINT('',(78.653836749112671,72.000000001427722,-0.107593700198859));
#6984=CARTESIAN_POINT('',(78.064348599417315,72.0,-0.187225534069145));
#6985=CARTESIAN_POINT('',(76.739060829091258,72.0,-0.370307501729539));
#6986=CARTESIAN_POINT('',(75.413269272703076,72.0,-0.549705275222386));
#6987=CARTESIAN_POINT('',(74.690815906840541,71.999999999997286,-0.642162179110670));
#6988=CARTESIAN_POINT('',(73.251050820655465,71.999999999999957,-0.810744128075763));
#6989=CARTESIAN_POINT('',(71.807731251248654,72.000000000002672,-0.945263900121382));
#6990=CARTESIAN_POINT('',(71.088725945272245,72.0,-1.002949922172523));
#6991=CARTESIAN_POINT('',(69.826809996515124,72.0,-1.088465055958405));
#6992=CARTESIAN_POINT('',(68.563418909744485,72.0,-1.147578771070659));
#6993=CARTESIAN_POINT('',(68.019916506084570,72.000000001134993,-1.168197804150142));
#6994=CARTESIAN_POINT('',(66.720717175127049,71.999999998419725,-1.206573392886450));
#6995=CARTESIAN_POINT('',(65.420968346434009,72.000000002200281,-1.219154153868712));
#6996=CARTESIAN_POINT('',(64.666355731943270,72.000000002203066,-1.218013943613065));
#6997=CARTESIAN_POINT('',(63.603588091288472,71.999999999109718,-1.204660067255074));
#6998=CARTESIAN_POINT('',(62.541245035027913,72.000000000359719,-1.173534997611936));
#6999=CARTESIAN_POINT('',(62.233301762902009,72.000000001084885,-1.162984351386385));
#7000=CARTESIAN_POINT('',(61.720610514039613,71.999999999269761,-1.142843034418918));
#7001=CARTESIAN_POINT('',(61.208136354698887,72.000000000491426,-1.118154847863700));
#7002=CARTESIAN_POINT('',(61.002158616720550,72.000000004556767,-1.107494393614905));
#7003=CARTESIAN_POINT('',(60.796233950130834,71.999999999988546,-1.096064579458206));
#7004=CARTESIAN_POINT('',(60.590356382147093,72.0,-1.083841508961241));
#7005=CARTESIAN_POINT('',(84.630536714605185,72.019500777627911,-0.018359989608423));
#7006=CARTESIAN_POINT('',(84.497670893744058,72.026846833197993,0.023369400173955));
#7007=CARTESIAN_POINT('',(84.363760382962866,72.035080015399771,0.060237166714501));
#7008=CARTESIAN_POINT('',(84.231386208294182,72.043547282561576,0.090047181611360));
#7009=CARTESIAN_POINT('',(83.914325903409875,72.065030921127359,0.148933062569976));
#7010=CARTESIAN_POINT('',(83.594670951848698,72.089450510093826,0.184389682046463));
#7011=CARTESIAN_POINT('',(83.412513830468470,72.104418194369401,0.198837225365626));
#7012=CARTESIAN_POINT('',(82.952830966696524,72.144589791522563,0.223644849689650));
#7013=CARTESIAN_POINT('',(82.494579141088821,72.191321652658544,0.222951885764218));
#7014=CARTESIAN_POINT('',(82.220449695174295,72.221910463163141,0.215400328920517));
#7015=CARTESIAN_POINT('',(81.641891043728023,72.291722671816373,0.186282008511793));
#7016=CARTESIAN_POINT('',(81.066741312389794,72.371386661200674,0.134412902664819));
#7017=CARTESIAN_POINT('',(80.765258145444164,72.415692399079404,0.102364161436156));
#7018=CARTESIAN_POINT('',(79.899692616554844,72.548917235978578,-0.000274583051147));
#7019=CARTESIAN_POINT('',(79.033461119782999,72.694965674914556,-0.126750578997694));
#7020=CARTESIAN_POINT('',(78.479179702075243,72.790183583946302,-0.212256559199717));
#7021=CARTESIAN_POINT('',(77.222238077673026,73.002363578000001,-0.409130655445008));
#7022=CARTESIAN_POINT('',(75.937603740556384,73.199929261141335,-0.600714239103106));
#7023=CARTESIAN_POINT('',(75.228305688179248,73.299414234053657,-0.698398608223274));
#7024=CARTESIAN_POINT('',(73.797199304690707,73.478106197985781,-0.873125152457416));
#7025=CARTESIAN_POINT('',(72.331749785936339,73.617516209806965,-1.006293440471431));
#7026=CARTESIAN_POINT('',(71.595171699073944,73.677019835708734,-1.061417992643164));
#7027=CARTESIAN_POINT('',(70.293094783346490,73.764611970020582,-1.140104261144014));
#7028=CARTESIAN_POINT('',(68.976341710714877,73.822799767785938,-1.188269625366754));
#7029=CARTESIAN_POINT('',(68.407890291822753,73.842349825879523,-1.203527815626772));
#7030=CARTESIAN_POINT('',(67.045299442291579,73.875958868422401,-1.227739881876602));
#7031=CARTESIAN_POINT('',(65.675425103949721,73.877367513853855,-1.223099949719173));
#7032=CARTESIAN_POINT('',(64.878916176707591,73.866953030245440,-1.211343586749172));
#7033=CARTESIAN_POINT('',(63.756966919838739,73.835971276537961,-1.181746440947432));
#7034=CARTESIAN_POINT('',(62.637530405144609,73.780108503796853,-1.133087637630090));
#7035=CARTESIAN_POINT('',(62.313292380390592,73.761775237507962,-1.117478252127415));
#7036=CARTESIAN_POINT('',(61.774031290440817,73.727601364308271,-1.088624108907007));
#7037=CARTESIAN_POINT('',(61.236181499005909,73.687006817970186,-1.055089666970126));
#7038=CARTESIAN_POINT('',(61.020226292069331,73.669641189716259,-1.040992050794181));
#7039=CARTESIAN_POINT('',(60.804572173957240,73.651190242263027,-1.026028179891765));
#7040=CARTESIAN_POINT('',(60.589245783345227,73.631606503626145,-1.010294168942610));
#7041=CARTESIAN_POINT('',(84.631886189693105,72.019500777627911,0.018359989608421));
#7042=CARTESIAN_POINT('',(84.503846169661017,72.026724381045398,0.074274813979879));
#7043=CARTESIAN_POINT('',(84.374569925202209,72.034808474194136,0.126298787546686));
#7044=CARTESIAN_POINT('',(84.246407096775073,72.043071509246616,0.171886171227495));
#7045=CARTESIAN_POINT('',(83.938409044258350,72.064033668085074,0.270223888969242));
#7046=CARTESIAN_POINT('',(83.626182218119524,72.087847770442394,0.350029374741976));
#7047=CARTESIAN_POINT('',(83.447894353876308,72.102448966076935,0.391547425783905));
#7048=CARTESIAN_POINT('',(82.997097697350000,72.141668761637433,0.488699806813295));
#7049=CARTESIAN_POINT('',(82.545933228285307,72.187365151566652,0.571416550903927));
#7050=CARTESIAN_POINT('',(82.275550894783265,72.217303211760864,0.618214279622782));
#7051=CARTESIAN_POINT('',(81.703753247028629,72.285736673122955,0.712652640786899));
#7052=CARTESIAN_POINT('',(81.133079700581291,72.364130087359683,0.800749454605796));
#7053=CARTESIAN_POINT('',(80.833364879532084,72.407833500727008,0.846270692635862));
#7054=CARTESIAN_POINT('',(79.971476536012446,72.539530281578976,0.975844018573391));
#7055=CARTESIAN_POINT('',(79.105156980165120,72.684644955545622,1.100116315396769));
#7056=CARTESIAN_POINT('',(78.549477588338860,72.779529356603618,1.175875950721772));
#7057=CARTESIAN_POINT('',(77.286372678840237,72.991638473692319,1.331318236372361));
#7058=CARTESIAN_POINT('',(75.990804269038350,73.190328800431885,1.450115691182611));
#7059=CARTESIAN_POINT('',(75.274759909588695,73.290672027228155,1.502207247130853));
#7060=CARTESIAN_POINT('',(73.830296383936414,73.471125527134717,1.583717260676548));
#7061=CARTESIAN_POINT('',(72.352661511053071,73.612138570600791,1.629235597534948));
#7062=CARTESIAN_POINT('',(71.610609889262747,73.672328002508195,1.644780809399167));
#7063=CARTESIAN_POINT('',(70.299786078074362,73.760977133730705,1.660998906138441));
#7064=CARTESIAN_POINT('',(68.975504098948932,73.819975727631174,1.658163867651589));
#7065=CARTESIAN_POINT('',(68.404015450633466,73.839833869394994,1.653466486068242));
#7066=CARTESIAN_POINT('',(67.034528151465977,73.874088918180320,1.633665377006272));
#7067=CARTESIAN_POINT('',(65.658551254940235,73.875923132866575,1.592430507845505));
#7068=CARTESIAN_POINT('',(64.858715506409283,73.865681698885481,1.560830419676048));
#7069=CARTESIAN_POINT('',(63.732396658455428,73.834826719831341,1.505210197687604));
#7070=CARTESIAN_POINT('',(62.609122978162318,73.778954340484532,1.432921130563640));
#7071=CARTESIAN_POINT('',(62.283809741350858,73.760608533453862,1.410627319083563));
#7072=CARTESIAN_POINT('',(61.742860195379649,73.726395766673932,1.370948744950384));
#7073=CARTESIAN_POINT('',(61.203456350894562,73.685734629266605,1.326957217741860));
#7074=CARTESIAN_POINT('',(60.986907307759843,73.668334003047562,1.308582589001711));
#7075=CARTESIAN_POINT('',(60.770682907998072,73.649850721109999,1.289536059548566));
#7076=CARTESIAN_POINT('',(60.554817625211342,73.630224806801422,1.269646569507245));
#7077=CARTESIAN_POINT('',(84.617093653024995,72.000000000000043,0.018359989608420));
#7078=CARTESIAN_POINT('',(84.482543117191469,72.000000000000043,0.074706559403064));
#7079=CARTESIAN_POINT('',(84.346298463826699,72.000000000000043,0.127007821652225));
#7080=CARTESIAN_POINT('',(84.211096055140160,72.000000000081300,0.172761241311106));
#7081=CARTESIAN_POINT('',(83.886049008460077,71.999999999892083,0.271244222516616));
#7082=CARTESIAN_POINT('',(83.555793145749760,72.000000000143302,0.350874664507420));
#7083=CARTESIAN_POINT('',(83.366804322636298,72.000000000000711,0.392248923545673));
#7084=CARTESIAN_POINT('',(82.888144032011340,71.999999999999801,0.488924907503685));
#7085=CARTESIAN_POINT('',(82.406700644305744,71.999999999998892,0.570897412492130));
#7086=CARTESIAN_POINT('',(82.117227000450669,72.000000000664372,0.617151745868265));
#7087=CARTESIAN_POINT('',(81.503557089939605,71.999999999265896,0.710196624108803));
#7088=CARTESIAN_POINT('',(80.888871775707983,72.000000000811099,0.796290167270227));
#7089=CARTESIAN_POINT('',(80.565749146220909,71.999999999999957,0.840554726071211));
#7090=CARTESIAN_POINT('',(79.636809735182126,71.999999999999957,0.965928875064545));
#7091=CARTESIAN_POINT('',(78.707014949163423,71.999999999999957,1.084821049450033));
#7092=CARTESIAN_POINT('',(78.114588907326407,72.000000000002274,1.157024821392253));
#7093=CARTESIAN_POINT('',(76.780558804153742,71.999999999999758,1.305658214647125));
#7094=CARTESIAN_POINT('',(75.443243192674288,71.999999999997314,1.421481613368715));
#7095=CARTESIAN_POINT('',(74.714315757732166,72.000000000002672,1.473522452898272));
#7096=CARTESIAN_POINT('',(73.262468947478069,72.0,1.557471641107156));
#7097=CARTESIAN_POINT('',(71.809091506827130,71.999999999997314,1.608438112709661));
#7098=CARTESIAN_POINT('',(71.085739652234807,72.000000002001372,1.627193909696864));
#7099=CARTESIAN_POINT('',(69.817104706817801,71.999999998492825,1.650164409288412));
#7100=CARTESIAN_POINT('',(68.548279003160189,72.000000001134993,1.656362880072322));
#7101=CARTESIAN_POINT('',(68.002644491458696,72.0,1.656038707960678));
#7102=CARTESIAN_POINT('',(66.698719238801814,72.0,1.647933549393011));
#7103=CARTESIAN_POINT('',(65.395015079214332,72.0,1.621528248509701));
#7104=CARTESIAN_POINT('',(64.638299790406222,72.000000000002785,1.599578292676586));
#7105=CARTESIAN_POINT('',(63.572804593145108,72.000000000000824,1.558716176226327));
#7106=CARTESIAN_POINT('',(62.508065304214171,71.999999999998863,1.502316261421970));
#7107=CARTESIAN_POINT('',(62.199447113691143,72.000000000001137,1.484614691617998));
#7108=CARTESIAN_POINT('',(61.685692745023069,72.000000000000199,1.452818852110416));
#7109=CARTESIAN_POINT('',(61.172213739725308,71.999999999999204,1.416863537104713));
#7110=CARTESIAN_POINT('',(60.965852414137643,71.999999997937792,1.401709806110589));
#7111=CARTESIAN_POINT('',(60.759552392226531,71.999999999950276,1.385847628942350));
#7112=CARTESIAN_POINT('',(60.553314006949762,72.000000000000043,1.369220892252044));
#7113=B_SPLINE_SURFACE_WITH_KNOTS('',5,3,((#6969,#7005,#7041,#7077),(#6970,#7006,#7042,#7078),(#6971,#7007,#7043,#7079),(#6972,#7008,#7044,#7080),(#6973,#7009,#7045,#7081),(#6974,#7010,#7046,#7082),(#6975,#7011,#7047,#7083),(#6976,#7012,#7048,#7084),(#6977,#7013,#7049,#7085),(#6978,#7014,#7050,#7086),(#6979,#7015,#7051,#7087),(#6980,#7016,#7052,#7088),(#6981,#7017,#7053,#7089),(#6982,#7018,#7054,#7090),(#6983,#7019,#7055,#7091),(#6984,#7020,#7056,#7092),(#6985,#7021,#7057,#7093),(#6986,#7022,#7058,#7094),(#6987,#7023,#7059,#7095),(#6988,#7024,#7060,#7096),(#6989,#7025,#7061,#7097),(#6990,#7026,#7062,#7098),(#6991,#7027,#7063,#7099),(#6992,#7028,#7064,#7100),(#6993,#7029,#7065,#7101),(#6994,#7030,#7066,#7102),(#6995,#7031,#7067,#7103),(#6996,#7032,#7068,#7104),(#6997,#7033,#7069,#7105),(#6998,#7034,#7070,#7106),(#6999,#7035,#7071,#7107),(#7000,#7036,#7072,#7108),(#7001,#7037,#7073,#7109),(#7002,#7038,#7074,#7110),(#7003,#7039,#7075,#7111),(#7004,#7040,#7076,#7112)),.UNSPECIFIED.,.F.,.F.,.U.,(6,3,3,3,3,3,3,3,3,3,3,6),(4,4),(0.0,0.728187036891223,1.694944871057756,3.165698569671424,4.793317518935003,7.844934398145429,11.493510938918920,15.104104718769200,17.827359041798939,21.613238154854091,23.149880220849539,24.182750592591660),(0.0,5.686771517962536),.UNSPECIFIED.);
#7114=ORIENTED_EDGE('',*,*,#6675,.T.);
#7115=ORIENTED_EDGE('',*,*,#3544,.T.);
#7116=ORIENTED_EDGE('',*,*,#3926,.T.);
#7117=ORIENTED_EDGE('',*,*,#6361,.F.);
#7118=EDGE_LOOP('',(#7114,#7115,#7116,#7117));
#7119=FACE_OUTER_BOUND('',#7118,.T.);
#7120=ADVANCED_FACE('WING',(#7119),#7113,.F.);
#7121=CARTESIAN_POINT('',(58.064799863240687,36.000001417231857,-0.094524580035951));
#7122=CARTESIAN_POINT('',(49.062235462085987,35.999999717768958,-0.453862769603408));
#7123=CARTESIAN_POINT('',(58.013921710341400,36.000000838341080,1.180134950697380));
#7124=CARTESIAN_POINT('',(49.011357309186707,35.999999138878167,0.820796761129922));
#7125=B_SPLINE_SURFACE_WITH_KNOTS('',1,1,((#7121,#7123),(#7122,#7124)),.UNSPECIFIED.,.F.,.F.,.U.,(2,2),(2,2),(0.0,9.009733055502934),(0.0,1.0),.UNSPECIFIED.);
#7126=CARTESIAN_POINT('',(53.183209460726218,36.000000003936663,0.813488170876149));
#7127=VERTEX_POINT('',#7126);
#7128=CARTESIAN_POINT('',(49.808209316107281,35.999999811150033,-0.317696292911676));
#7129=CARTESIAN_POINT('',(49.808206088912399,35.999999805867127,-0.305850282337159));
#7130=CARTESIAN_POINT('',(49.808206007160429,35.999999800681273,-0.294220813392293));
#7131=CARTESIAN_POINT('',(49.808207107014610,35.999999795491483,-0.282581417883313));
#7132=CARTESIAN_POINT('',(49.808212489914062,35.999999777837900,-0.242988580603185));
#7133=CARTESIAN_POINT('',(49.808216071827601,35.999999760183641,-0.203395378556017));
#7134=CARTESIAN_POINT('',(49.808211402893939,35.999999748010637,-0.176098014644876));
#7135=CARTESIAN_POINT('',(49.808201654510363,35.999999723749248,-0.121693687903175));
#7136=CARTESIAN_POINT('',(49.808203143836153,35.999999699491291,-0.067291636249235));
#7137=CARTESIAN_POINT('',(49.808209664981341,35.999999687406479,-0.040187022294800));
#7138=CARTESIAN_POINT('',(49.808223798148497,35.999999672593063,-0.006959712919284));
#7139=CARTESIAN_POINT('',(49.808213895447992,35.999999657772527,0.026272462611403));
#7140=CARTESIAN_POINT('',(49.808211098608147,35.999999655040867,0.032397265631113));
#7141=CARTESIAN_POINT('',(49.808201640309960,35.999999649469530,0.044887172869376));
#7142=CARTESIAN_POINT('',(49.808192790823583,35.999999643898462,0.057376958585807));
#7143=CARTESIAN_POINT('',(49.808194788383339,35.999999641595409,0.062542679206291));
#7144=CARTESIAN_POINT('',(49.808179612177533,35.999999635183023,0.076916189983924));
#7145=CARTESIAN_POINT('',(49.808396123346768,35.999999628839809,0.091241877974407));
#7146=CARTESIAN_POINT('',(49.808682659027092,35.999999625586348,0.098670846058142));
#7147=CARTESIAN_POINT('',(49.809870731204249,35.999999618723173,0.114612839056570));
#7148=CARTESIAN_POINT('',(49.812008960336023,35.999999612157957,0.130326555869038));
#7149=CARTESIAN_POINT('',(49.813317211904561,35.999999608907558,0.138222008525053));
#7150=CARTESIAN_POINT('',(49.817017806166888,35.999999601220360,0.157175834368070));
#7151=CARTESIAN_POINT('',(49.822009416023938,35.999999593961412,0.175767240134034));
#7152=CARTESIAN_POINT('',(49.825372201810787,35.999999589865610,0.186510478567533));
#7153=CARTESIAN_POINT('',(49.845514205108501,35.999999568963098,0.242717887327791));
#7154=CARTESIAN_POINT('',(49.877568184624756,35.999999552314208,0.294904370472587));
#7155=CARTESIAN_POINT('',(49.910556823781768,35.999999541586170,0.334245860453181));
#7156=CARTESIAN_POINT('',(49.997419103774959,35.999999523028180,0.416104577780450));
#7157=CARTESIAN_POINT('',(50.108000129519382,35.999999515505223,0.484204153277067));
#7158=CARTESIAN_POINT('',(50.174906609175629,35.999999514152293,0.518233750359834));
#7159=CARTESIAN_POINT('',(50.315964358572558,35.999999516072762,0.579274109898581));
#7160=CARTESIAN_POINT('',(50.469864256986853,35.999999525751392,0.628865233011147));
#7161=CARTESIAN_POINT('',(50.548728894091568,35.999999532132769,0.651089488613108));
#7162=CARTESIAN_POINT('',(50.737153486169127,35.999999550142078,0.697992173692010));
#7163=CARTESIAN_POINT('',(50.933579034674288,35.999999574428060,0.734525363769953));
#7164=CARTESIAN_POINT('',(51.047528311621882,35.999999589925210,0.752559958960590));
#7165=CARTESIAN_POINT('',(51.302800078497363,35.999999627294599,0.787013533035189));
#7166=CARTESIAN_POINT('',(51.561962356036460,35.999999670349503,0.810518888007424));
#7167=CARTESIAN_POINT('',(51.704478567106179,35.999999695304624,0.820577117309241));
#7168=CARTESIAN_POINT('',(51.923967695622792,35.999999735492629,0.832132653328824));
#7169=CARTESIAN_POINT('',(52.141369257747442,35.999999777781639,0.838009375354623));
#7170=CARTESIAN_POINT('',(52.217326860764999,35.999999792852499,0.839399784902215));
#7171=CARTESIAN_POINT('',(52.355314734228813,35.999999820757211,0.840745283802789));
#7172=CARTESIAN_POINT('',(52.491063300457213,35.999999849160297,0.839935748736694));
#7173=CARTESIAN_POINT('',(52.551999261307401,35.999999862106243,0.839132505671447));
#7174=CARTESIAN_POINT('',(52.637761740549927,35.999999880608136,0.837370709511341));
#7175=CARTESIAN_POINT('',(52.721825558258701,35.999999899153863,0.834723648093102));
#7176=CARTESIAN_POINT('',(52.746654465412831,35.999999904668783,0.833858242839465));
#7177=CARTESIAN_POINT('',(52.787953993018313,35.999999913905391,0.832276636477090));
#7178=CARTESIAN_POINT('',(52.828689869435117,35.999999923128371,0.830464619579627));
#7179=CARTESIAN_POINT('',(52.844631360800079,35.999999926758733,0.829708368831088));
#7180=CARTESIAN_POINT('',(52.876662014180432,35.999999934061456,0.828169664782907));
#7181=CARTESIAN_POINT('',(52.908680788411139,35.999999941363683,0.826627018561950));
#7182=CARTESIAN_POINT('',(52.926800364584018,35.999999945492434,0.825761824567247));
#7183=CARTESIAN_POINT('',(52.987544936747987,35.999999959334289,0.822860790724295));
#7184=CARTESIAN_POINT('',(53.048279323797132,35.999999973175953,0.819955427853385));
#7185=CARTESIAN_POINT('',(53.093214321498223,35.999999983020373,0.817782871422321));
#7186=CARTESIAN_POINT('',(53.138241121759137,35.999999993680703,0.815647349141444));
#7187=CARTESIAN_POINT('',(53.183209460731383,36.000000003932790,0.813488170875761));
#7188=B_SPLINE_CURVE_WITH_KNOTS('',5,(#7128,#7129,#7130,#7131,#7132,#7133,#7134,#7135,#7136,#7137,#7138,#7139,#7140,#7141,#7142,#7143,#7144,#7145,#7146,#7147,#7148,#7149,#7150,#7151,#7152,#7153,#7154,#7155,#7156,#7157,#7158,#7159,#7160,#7161,#7162,#7163,#7164,#7165,#7166,#7167,#7168,#7169,#7170,#7171,#7172,#7173,#7174,#7175,#7176,#7177,#7178,#7179,#7180,#7181,#7182,#7183,#7184,#7185,#7186,#7187),.UNSPECIFIED.,.F.,.U.,(6,3,3,3,3,3,3,3,3,3,3,3,3,3,3,3,3,3,3,6),(0.687876633713276,0.798638720923150,1.044494066570065,1.288633743652978,1.343793958106498,1.401111499426855,1.473224678930283,1.547001381555113,1.651823840119752,2.100811260827373,2.661915650009166,3.216899782515144,3.957488720802114,4.857416799595650,5.344474342751729,5.747925104112409,5.918565803916964,6.033850947491397,6.145259973453460,6.463513172686627),.UNSPECIFIED.);
#7189=EDGE_CURVE('',#6875,#7127,#7188,.T.);
#7190=ORIENTED_EDGE('',*,*,#7189,.T.);
#7191=CARTESIAN_POINT('',(53.183209448296061,35.999999987550147,0.850228138955629));
#7192=CARTESIAN_POINT('',(53.183209460726218,36.000000003936663,0.813488170876149));
#7193=QUASI_UNIFORM_CURVE('',1,(#7191,#7192),.UNSPECIFIED.,.F.,.U.);
#7194=EDGE_CURVE('',#3930,#7127,#7193,.T.);
#7195=ORIENTED_EDGE('',*,*,#7194,.F.);
#7196=ORIENTED_EDGE('',*,*,#3965,.F.);
#7197=ORIENTED_EDGE('',*,*,#3528,.F.);
#7198=ORIENTED_EDGE('',*,*,#6934,.T.);
#7199=EDGE_LOOP('',(#7190,#7195,#7196,#7197,#7198));
#7200=FACE_OUTER_BOUND('',#7199,.T.);
#7201=ADVANCED_FACE('FLAP_COVE',(#7200),#7125,.T.);
#7202=CARTESIAN_POINT('',(26.148082100324189,0.360000007575863,0.809814174068200));
#7203=CARTESIAN_POINT('',(55.640948311671863,39.240000003605807,0.809814174068200));
#7204=CARTESIAN_POINT('',(26.148082100324189,0.360000007575863,0.853902135763591));
#7205=CARTESIAN_POINT('',(55.640948311671863,39.240000003605807,0.853902135763591));
#7206=B_SPLINE_SURFACE_WITH_KNOTS('',1,1,((#7202,#7204),(#7203,#7205)),.UNSPECIFIED.,.F.,.F.,.U.,(2,2),(2,2),(0.0,48.800446279227216),(0.0,0.044087961695391),.UNSPECIFIED.);
#7207=CARTESIAN_POINT('',(28.605820951303020,3.600000007288787,0.813488170876150));
#7208=VERTEX_POINT('',#7207);
#7209=CARTESIAN_POINT('',(28.605820951269830,3.600000007245026,0.850228138955642));
#7210=CARTESIAN_POINT('',(28.605820951303020,3.600000007288787,0.813488170876150));
#7211=QUASI_UNIFORM_CURVE('',1,(#7209,#7210),.UNSPECIFIED.,.F.,.U.);
#7212=EDGE_CURVE('',#3968,#7208,#7211,.T.);
#7213=ORIENTED_EDGE('',*,*,#7212,.F.);
#7214=ORIENTED_EDGE('',*,*,#3972,.T.);
#7215=ORIENTED_EDGE('',*,*,#7194,.T.);
#7216=CARTESIAN_POINT('',(28.605820951303020,3.600000007288787,0.813488170876150));
#7217=CARTESIAN_POINT('',(53.183209460726218,36.000000003936663,0.813488170876149));
#7218=QUASI_UNIFORM_CURVE('',1,(#7216,#7217),.UNSPECIFIED.,.F.,.U.);
#7219=EDGE_CURVE('',#7208,#7127,#7218,.T.);
#7220=ORIENTED_EDGE('',*,*,#7219,.F.);
#7221=EDGE_LOOP('',(#7213,#7214,#7215,#7220));
#7222=FACE_OUTER_BOUND('',#7221,.T.);
#7223=ADVANCED_FACE('FLAP_COVE',(#7222),#7206,.F.);
#7224=CARTESIAN_POINT('',(24.003180384271399,1.981619992973679,-0.317690331945690));
#7225=CARTESIAN_POINT('',(24.003161978276982,1.981619992973671,-0.250017664576817));
#7226=CARTESIAN_POINT('',(24.003254609307390,1.981619992973694,-0.173919093978485));
#7227=CARTESIAN_POINT('',(24.003068029655161,1.981619992973652,-0.097738784513619));
#7228=CARTESIAN_POINT('',(24.003276561855120,1.981619992973694,-0.013215730787774));
#7229=CARTESIAN_POINT('',(24.003138124234201,1.981619992973713,0.071408890399652));
#7230=CARTESIAN_POINT('',(24.003346858643599,1.981619992973723,0.105181516974269));
#7231=CARTESIAN_POINT('',(24.006178730055741,1.981619992973723,0.129718107717045));
#7232=CARTESIAN_POINT('',(24.080864429976309,1.981619992973712,0.504984429828727));
#7233=CARTESIAN_POINT('',(24.668423991666881,1.981619992973756,0.732549482989209));
#7234=CARTESIAN_POINT('',(25.528351330995019,1.981619992973735,0.836138184318803));
#7235=CARTESIAN_POINT('',(26.382045809537821,1.981619992973731,0.856774003376498));
#7236=CARTESIAN_POINT('',(27.010919196950798,1.981619992973705,0.831131282688440));
#7237=CARTESIAN_POINT('',(27.111811026533129,1.981619992973703,0.826189670848207));
#7238=CARTESIAN_POINT('',(27.188312819886409,1.981619992973774,0.822631527806508));
#7239=CARTESIAN_POINT('',(27.264005238250160,1.981619992973677,0.818928363920753));
#7240=CARTESIAN_POINT('',(27.327517470967251,1.981619992973713,0.815920777521203));
#7241=CARTESIAN_POINT('',(27.378180384271388,1.981619992973677,0.813488170876150));
#7242=CARTESIAN_POINT('',(29.409714310876030,9.108971995270590,-0.317690331945690));
#7243=CARTESIAN_POINT('',(29.409695904881549,9.108971995270556,-0.250017664576817));
#7244=CARTESIAN_POINT('',(29.409788535911979,9.108971995270659,-0.173919093978485));
#7245=CARTESIAN_POINT('',(29.409601956259571,9.108971995270469,-0.097738784513619));
#7246=CARTESIAN_POINT('',(29.409810488459900,9.108971995270659,-0.013215730787774));
#7247=CARTESIAN_POINT('',(29.409672050839038,9.108971995270744,0.071408890399652));
#7248=CARTESIAN_POINT('',(29.409880785248689,9.108971995270785,0.105181516974269));
#7249=CARTESIAN_POINT('',(29.412712656660808,9.108971995270787,0.129718107717045));
#7250=CARTESIAN_POINT('',(29.487398356582759,9.108971995270743,0.504984429828727));
#7251=CARTESIAN_POINT('',(30.074957918270780,9.108971995270940,0.732549482989209));
#7252=CARTESIAN_POINT('',(30.934885257600559,9.108971995270853,0.836138184318803));
#7253=CARTESIAN_POINT('',(31.788579736142591,9.108971995270835,0.856774003376498));
#7254=CARTESIAN_POINT('',(32.417453123555028,9.108971995270716,0.831131282688440));
#7255=CARTESIAN_POINT('',(32.518344953137621,9.108971995270700,0.826189670848207));
#7256=CARTESIAN_POINT('',(32.594846746491100,9.108971995271030,0.822631527806508));
#7257=CARTESIAN_POINT('',(32.670539164854517,9.108971995270581,0.818928363920753));
#7258=CARTESIAN_POINT('',(32.734051397571768,9.108971995270753,0.815920777521203));
#7259=CARTESIAN_POINT('',(32.784714310876033,9.108971995270586,0.813488170876150));
#7260=CARTESIAN_POINT('',(34.816248237480643,16.236323997567489,-0.317690331945690));
#7261=CARTESIAN_POINT('',(34.816229831486140,16.236323997567439,-0.250017664576817));
#7262=CARTESIAN_POINT('',(34.816322462516773,16.236323997567631,-0.173919093978485));
#7263=CARTESIAN_POINT('',(34.816135882864153,16.236323997567300,-0.097738784513619));
#7264=CARTESIAN_POINT('',(34.816344415064627,16.236323997567620,-0.013215730787774));
#7265=CARTESIAN_POINT('',(34.816205977443659,16.236323997567730,0.071408890399652));
#7266=CARTESIAN_POINT('',(34.816414711853440,16.236323997567791,0.105181516974269));
#7267=CARTESIAN_POINT('',(34.819246583265603,16.236323997567801,0.129718107717045));
#7268=CARTESIAN_POINT('',(34.893932283186572,16.236323997567769,0.504984429828727));
#7269=CARTESIAN_POINT('',(35.481491844876643,16.236323997568039,0.732549482989209));
#7270=CARTESIAN_POINT('',(36.341419184203843,16.236323997567961,0.836138184318803));
#7271=CARTESIAN_POINT('',(37.195113662748007,16.236323997567951,0.856774003376498));
#7272=CARTESIAN_POINT('',(37.823987050159722,16.236323997567730,0.831131282688440));
#7273=CARTESIAN_POINT('',(37.924878879742437,16.236323997567670,0.826189670848207));
#7274=CARTESIAN_POINT('',(38.001380673095802,16.236323997568281,0.822631527806508));
#7275=CARTESIAN_POINT('',(38.077073091459248,16.236323997567471,0.818928363920753));
#7276=CARTESIAN_POINT('',(38.140585324176428,16.236323997567791,0.815920777521203));
#7277=CARTESIAN_POINT('',(38.191248237480657,16.236323997567489,0.813488170876150));
#7278=CARTESIAN_POINT('',(40.222782164085288,23.363675999864409,-0.317690331945690));
#7279=CARTESIAN_POINT('',(40.222763758090878,23.363675999864299,-0.250017664576817));
#7280=CARTESIAN_POINT('',(40.222856389121397,23.363675999864640,-0.173919093978485));
#7281=CARTESIAN_POINT('',(40.222669809469053,23.363675999864199,-0.097738784513619));
#7282=CARTESIAN_POINT('',(40.222878341669187,23.363675999864551,-0.013215730787774));
#7283=CARTESIAN_POINT('',(40.222739904048233,23.363675999864480,0.071408890399652));
#7284=CARTESIAN_POINT('',(40.222948638457282,23.363675999864519,0.105181516974269));
#7285=CARTESIAN_POINT('',(40.225780509869438,23.363675999864519,0.129718107717045));
#7286=CARTESIAN_POINT('',(40.300466209790727,23.363675999864789,0.504984429828727));
#7287=CARTESIAN_POINT('',(40.888025771480528,23.363675999864640,0.732549482989209));
#7288=CARTESIAN_POINT('',(41.747953110808893,23.363675999865059,0.836138184318803));
#7289=CARTESIAN_POINT('',(42.601647589352162,23.363675999865119,0.856774003376498));
#7290=CARTESIAN_POINT('',(43.230520976764410,23.363675999864739,0.831131282688440));
#7291=CARTESIAN_POINT('',(43.331412806346933,23.363675999864501,0.826189670848207));
#7292=CARTESIAN_POINT('',(43.407914599700632,23.363675999865499,0.822631527806508));
#7293=CARTESIAN_POINT('',(43.483607018063751,23.363675999864281,0.818928363920753));
#7294=CARTESIAN_POINT('',(43.547119250781179,23.363675999864789,0.815920777521203));
#7295=CARTESIAN_POINT('',(43.597782164085267,23.363675999864409,0.813488170876150));
#7296=CARTESIAN_POINT('',(45.629316090689890,30.491028002161318,-0.317690331945690));
#7297=CARTESIAN_POINT('',(45.629297684695459,30.491028002161201,-0.250017664576817));
#7298=CARTESIAN_POINT('',(45.629390315726162,30.491028002161560,-0.173919093978485));
#7299=CARTESIAN_POINT('',(45.629203736073443,30.491028002160949,-0.097738784513619));
#7300=CARTESIAN_POINT('',(45.629412268274173,30.491028002161531,-0.013215730787774));
#7301=CARTESIAN_POINT('',(45.629273830653382,30.491028002161752,0.071408890399652));
#7302=CARTESIAN_POINT('',(45.629482565062723,30.491028002161851,0.105181516974269));
#7303=CARTESIAN_POINT('',(45.632314436474907,30.491028002161880,0.129718107717045));
#7304=CARTESIAN_POINT('',(45.707000136395862,30.491028002161841,0.504984429828727));
#7305=CARTESIAN_POINT('',(46.294559698086118,30.491028002162309,0.732549482989209));
#7306=CARTESIAN_POINT('',(47.154487037413453,30.491028002162171,0.836138184318803));
#7307=CARTESIAN_POINT('',(48.008181515958441,30.491028002162160,0.856774003376498));
#7308=CARTESIAN_POINT('',(48.637054903370029,30.491028002161720,0.831131282688440));
#7309=CARTESIAN_POINT('',(48.737946732951677,30.491028002161670,0.826189670848207));
#7310=CARTESIAN_POINT('',(48.814448526305213,30.491028002162800,0.822631527806508));
#7311=CARTESIAN_POINT('',(48.890140944668687,30.491028002161261,0.818928363920753));
#7312=CARTESIAN_POINT('',(48.953653177385867,30.491028002161858,0.815920777521203));
#7313=CARTESIAN_POINT('',(49.004316090689898,30.491028002161329,0.813488170876150));
#7314=CARTESIAN_POINT('',(51.035850017294521,37.618380004458231,-0.317690331945690));
#7315=CARTESIAN_POINT('',(51.035831611300047,37.618380004458089,-0.250017664576817));
#7316=CARTESIAN_POINT('',(51.035924242330758,37.618380004458487,-0.173919093978485));
#7317=CARTESIAN_POINT('',(51.035737662678173,37.618380004457720,-0.097738784513619));
#7318=CARTESIAN_POINT('',(51.035946194878427,37.618380004458288,-0.013215730787774));
#7319=CARTESIAN_POINT('',(51.035807757257530,37.618380004458253,0.071408890399652));
#7320=CARTESIAN_POINT('',(51.036016491666800,37.618380004458103,0.105181516974269));
#7321=CARTESIAN_POINT('',(51.038848363078877,37.618380004458068,0.129718107717045));
#7322=CARTESIAN_POINT('',(51.113534063000323,37.618380004459112,0.504984429828727));
#7323=CARTESIAN_POINT('',(51.701093624691012,37.618380004458089,0.732549482989209));
#7324=CARTESIAN_POINT('',(52.561020964017473,37.618380004458892,0.836138184318803));
#7325=CARTESIAN_POINT('',(53.414715442562510,37.618380004459418,0.856774003376498));
#7326=CARTESIAN_POINT('',(54.043588829974517,37.618380004458118,0.831131282688440));
#7327=CARTESIAN_POINT('',(54.144480659556962,37.618380004458693,0.826189670848207));
#7328=CARTESIAN_POINT('',(54.220982452910150,37.618380004459972,0.822631527806508));
#7329=CARTESIAN_POINT('',(54.296674871273531,37.618380004458047,0.818928363920753));
#7330=CARTESIAN_POINT('',(54.360187103990690,37.618380004458878,0.815920777521203));
#7331=CARTESIAN_POINT('',(54.410850017294528,37.618380004458231,0.813488170876150));
#7332=B_SPLINE_SURFACE_WITH_KNOTS('',5,5,((#7224,#7242,#7260,#7278,#7296,#7314),(#7225,#7243,#7261,#7279,#7297,#7315),(#7226,#7244,#7262,#7280,#7298,#7316),(#7227,#7245,#7263,#7281,#7299,#7317),(#7228,#7246,#7264,#7282,#7300,#7318),(#7229,#7247,#7265,#7283,#7301,#7319),(#7230,#7248,#7266,#7284,#7302,#7320),(#7231,#7249,#7267,#7285,#7303,#7321),(#7232,#7250,#7268,#7286,#7304,#7322),(#7233,#7251,#7269,#7287,#7305,#7323),(#7234,#7252,#7270,#7288,#7306,#7324),(#7235,#7253,#7271,#7289,#7307,#7325),(#7236,#7254,#7272,#7290,#7308,#7326),(#7237,#7255,#7273,#7291,#7309,#7327),(#7238,#7256,#7274,#7292,#7310,#7328),(#7239,#7257,#7275,#7293,#7311,#7329),(#7240,#7258,#7276,#7294,#7312,#7330),(#7241,#7259,#7277,#7295,#7313,#7331)),.UNSPECIFIED.,.F.,.F.,.U.,(6,1,2,2,2,1,2,1,1,6),(6,6),(0.0,0.653266104940210,0.734924368057735,0.816582631175259,0.979899157410313,4.572862734578293,4.736179260812857,4.817837523930292,4.899495787047280,5.226128839514973),(2.487241255731203,47.216916993481831),.UNSPECIFIED.);
#7333=CARTESIAN_POINT('',(25.230820959393590,3.600000017387982,-0.317691911871719));
#7334=CARTESIAN_POINT('',(25.230817737373389,3.600000017373886,-0.305846874416901));
#7335=CARTESIAN_POINT('',(25.230817660437630,3.600000017360026,-0.294218374950245));
#7336=CARTESIAN_POINT('',(25.230818763552382,3.600000017346171,-0.282579852612182));
#7337=CARTESIAN_POINT('',(25.230824159718381,3.600000017298997,-0.242987406410166));
#7338=CARTESIAN_POINT('',(25.230827754934630,3.600000017251833,-0.203394595448309));
#7339=CARTESIAN_POINT('',(25.230823094938600,3.600000017219327,-0.176096839979195));
#7340=CARTESIAN_POINT('',(25.230813364890569,3.600000017154557,-0.121692513223229));
#7341=CARTESIAN_POINT('',(25.230814873070859,3.600000017089752,-0.067290461661697));
#7342=CARTESIAN_POINT('',(25.230821403408989,3.600000017057460,-0.040186239211233));
#7343=CARTESIAN_POINT('',(25.230835547333150,3.600000017017841,-0.006959321239337));
#7344=CARTESIAN_POINT('',(25.230825655961379,3.600000016978288,0.026272462775550));
#7345=CARTESIAN_POINT('',(25.230822861188091,3.600000016970996,0.032397265795450));
#7346=CARTESIAN_POINT('',(25.230813407104410,3.600000016956147,0.044887173432297));
#7347=CARTESIAN_POINT('',(25.230804561832642,3.600000016941286,0.057376959547217));
#7348=CARTESIAN_POINT('',(25.230806561136031,3.600000016935140,0.062542678576112));
#7349=CARTESIAN_POINT('',(25.230791389774250,3.600000016918050,0.076916190562135));
#7350=CARTESIAN_POINT('',(25.231007905777069,3.600000016900434,0.091241879728369));
#7351=CARTESIAN_POINT('',(25.231294443985711,3.600000016890834,0.098670848310690));
#7352=CARTESIAN_POINT('',(25.232482521609199,3.600000016868770,0.114612842796812));
#7353=CARTESIAN_POINT('',(25.234620756108850,3.600000016844507,0.130326560972725));
#7354=CARTESIAN_POINT('',(25.235929010374569,3.600000016831713,0.138222014301842));
#7355=CARTESIAN_POINT('',(25.239629611175928,3.600000016799537,0.157175842041322));
#7356=CARTESIAN_POINT('',(25.244621227487421,3.600000016764456,0.175767249533311));
#7357=CARTESIAN_POINT('',(25.247984017066180,3.600000016742937,0.186510489054206));
#7358=CARTESIAN_POINT('',(25.268126040808891,3.600000016623762,0.242717904797236));
#7359=CARTESIAN_POINT('',(25.300180040299921,3.600000016478488,0.294904393272491));
#7360=CARTESIAN_POINT('',(25.333168694983652,3.600000016346079,0.334245886880548));
#7361=CARTESIAN_POINT('',(25.420031009742051,3.600000016023341,0.416104612533847));
#7362=CARTESIAN_POINT('',(25.530612067818801,3.600000015655474,0.484204193673429));
#7363=CARTESIAN_POINT('',(25.597518565484961,3.600000015441440,0.518233793602208));
#7364=CARTESIAN_POINT('',(25.738576350042901,3.600000015002958,0.579274157730560));
#7365=CARTESIAN_POINT('',(25.892476282274561,3.600000014544799,0.628865283394507));
#7366=CARTESIAN_POINT('',(25.971340935892940,3.600000014313824,0.651089539811209));
#7367=CARTESIAN_POINT('',(26.159765566320889,3.600000013769348,0.697992225923589));
#7368=CARTESIAN_POINT('',(26.356191151751581,3.600000013216466,0.734525414864100));
#7369=CARTESIAN_POINT('',(26.470140449470570,3.600000012899505,0.752560008779208));
#7370=CARTESIAN_POINT('',(26.725412252511731,3.600000012196503,0.787013577491090));
#7371=CARTESIAN_POINT('',(26.984574562365271,3.600000011496464,0.810518924879871));
#7372=CARTESIAN_POINT('',(27.127090785821931,3.600000011114915,0.820577149126640));
#7373=CARTESIAN_POINT('',(27.346579898203341,3.600000010531982,0.832132674736090));
#7374=CARTESIAN_POINT('',(27.563981439067099,3.600000009961228,0.838009386473829));
#7375=CARTESIAN_POINT('',(27.639939013161069,3.600000009762606,0.839399792195065));
#7376=CARTESIAN_POINT('',(27.777926824931299,3.600000009403175,0.840745284602570));
#7377=CARTESIAN_POINT('',(27.913675328118689,3.600000009052127,0.839935744264941));
#7378=CARTESIAN_POINT('',(27.974611255940530,3.600000008895065,0.839132499131992));
#7379=CARTESIAN_POINT('',(28.060373688863660,3.600000008674769,0.837370700413722));
#7380=CARTESIAN_POINT('',(28.144437459976668,3.600000008459930,0.834723636982265));
#7381=CARTESIAN_POINT('',(28.169266353853470,3.600000008396579,0.833858231154688));
#7382=CARTESIAN_POINT('',(28.210565852232751,3.600000008291373,0.832276624157031));
#7383=CARTESIAN_POINT('',(28.251301699388410,3.600000008187887,0.830464606767157));
#7384=CARTESIAN_POINT('',(28.267243207434660,3.600000008147454,0.829708354676129));
#7385=CARTESIAN_POINT('',(28.299274008607149,3.600000008066218,0.828169643041627));
#7386=CARTESIAN_POINT('',(28.331292931358782,3.600000007985031,0.826626989519952));
#7387=CARTESIAN_POINT('',(28.349411816666400,3.600000007939079,0.825761828541323));
#7388=CARTESIAN_POINT('',(28.410156494281541,3.600000007785007,0.822860789184341));
#7389=CARTESIAN_POINT('',(28.470890986467762,3.600000007630987,0.819955420673692));
#7390=CARTESIAN_POINT('',(28.515825927354790,3.600000007408343,0.817782866711573));
#7391=CARTESIAN_POINT('',(28.560852669737070,3.600000007402830,0.815647346763008));
#7392=CARTESIAN_POINT('',(28.605820951307049,3.600000007288787,0.813488170875955));
#7393=B_SPLINE_CURVE_WITH_KNOTS('',5,(#7333,#7334,#7335,#7336,#7337,#7338,#7339,#7340,#7341,#7342,#7343,#7344,#7345,#7346,#7347,#7348,#7349,#7350,#7351,#7352,#7353,#7354,#7355,#7356,#7357,#7358,#7359,#7360,#7361,#7362,#7363,#7364,#7365,#7366,#7367,#7368,#7369,#7370,#7371,#7372,#7373,#7374,#7375,#7376,#7377,#7378,#7379,#7380,#7381,#7382,#7383,#7384,#7385,#7386,#7387,#7388,#7389,#7390,#7391,#7392),.UNSPECIFIED.,.F.,.U.,(6,3,3,3,3,3,3,3,3,3,3,3,3,3,3,3,3,3,3,6),(0.687950046123648,0.798705084572570,1.044563956432554,1.288700107387097,1.343860321839626,1.401177866741458,1.473291053519928,1.547067763848799,1.651890236470721,2.100877732510326,2.661982229693727,3.216966468812566,3.957555551927311,4.857483751440850,5.344541153219220,5.747991746404914,5.918632380928390,6.033917432619827,6.145327619948134,6.463580440804791),.UNSPECIFIED.);
#7394=EDGE_CURVE('',#6822,#7208,#7393,.T.);
#7395=ORIENTED_EDGE('',*,*,#7394,.T.);
#7396=ORIENTED_EDGE('',*,*,#7219,.T.);
#7397=ORIENTED_EDGE('',*,*,#7189,.F.);
#7398=ORIENTED_EDGE('',*,*,#6883,.F.);
#7399=EDGE_LOOP('',(#7395,#7396,#7397,#7398));
#7400=FACE_OUTER_BOUND('',#7399,.T.);
#7401=ADVANCED_FACE('FLAP_COVE',(#7400),#7332,.T.);
#7402=CARTESIAN_POINT('',(33.487410226483540,3.599999995711579,-0.094524712221727));
#7403=CARTESIAN_POINT('',(24.484847141300239,3.600000019484587,-0.453857642163269));
#7404=CARTESIAN_POINT('',(33.436532958420521,3.599999994325318,1.180131121335329));
#7405=CARTESIAN_POINT('',(24.433969873237221,3.600000018098326,0.820798191393787));
#7406=B_SPLINE_SURFACE_WITH_KNOTS('',1,1,((#7402,#7404),(#7403,#7405)),.UNSPECIFIED.,.F.,.F.,.U.,(2,2),(2,2),(0.0,9.009731530808535),(0.0,1.0),.UNSPECIFIED.);
#7407=ORIENTED_EDGE('',*,*,#7394,.F.);
#7408=ORIENTED_EDGE('',*,*,#6872,.F.);
#7409=ORIENTED_EDGE('',*,*,#3034,.T.);
#7410=ORIENTED_EDGE('',*,*,#4008,.T.);
#7411=ORIENTED_EDGE('',*,*,#7212,.T.);
#7412=EDGE_LOOP('',(#7407,#7408,#7409,#7410,#7411));
#7413=FACE_OUTER_BOUND('',#7412,.T.);
#7414=ADVANCED_FACE('FLAP_COVE',(#7413),#7406,.F.);
#7415=CARTESIAN_POINT('',(-3600.0,3300.0,3000.0));
#7416=CARTESIAN_POINT('',(3600.0,3300.0,3000.0));
#7417=CARTESIAN_POINT('',(-3600.0,-300.0,3000.0));
#7418=CARTESIAN_POINT('',(3600.0,-300.0,3000.0));
#7419=B_SPLINE_SURFACE_WITH_KNOTS('',1,1,((#7415,#7417),(#7416,#7418)),.UNSPECIFIED.,.F.,.F.,.U.,(2,2),(2,2),(0.0,7200.0),(0.0,3600.0),.UNSPECIFIED.);
#7420=CARTESIAN_POINT('',(3000.0,0.0,3000.0));
#7421=VERTEX_POINT('',#7420);
#7422=CARTESIAN_POINT('',(-3000.0,0.0,3000.0));
#7423=VERTEX_POINT('',#7422);
#7424=CARTESIAN_POINT('',(3000.0,0.0,3000.0));
#7425=CARTESIAN_POINT('',(-3000.0,0.0,3000.0));
#7426=QUASI_UNIFORM_CURVE('',1,(#7424,#7425),.UNSPECIFIED.,.F.,.U.);
#7427=EDGE_CURVE('',#7421,#7423,#7426,.T.);
#7428=ORIENTED_EDGE('',*,*,#7427,.F.);
#7429=CARTESIAN_POINT('',(3000.0,3000.0,3000.0));
#7430=VERTEX_POINT('',#7429);
#7431=CARTESIAN_POINT('',(3000.0,0.0,3000.0));
#7432=CARTESIAN_POINT('',(3000.0,3000.0,3000.0));
#7433=QUASI_UNIFORM_CURVE('',1,(#7431,#7432),.UNSPECIFIED.,.F.,.U.);
#7434=EDGE_CURVE('',#7421,#7430,#7433,.T.);
#7435=ORIENTED_EDGE('',*,*,#7434,.T.);
#7436=CARTESIAN_POINT('',(-3000.0,3000.0,3000.0));
#7437=VERTEX_POINT('',#7436);
#7438=CARTESIAN_POINT('',(-3000.0,3000.0,3000.0));
#7439=CARTESIAN_POINT('',(3000.0,3000.0,3000.0));
#7440=QUASI_UNIFORM_CURVE('',1,(#7438,#7439),.UNSPECIFIED.,.F.,.U.);
#7441=EDGE_CURVE('',#7437,#7430,#7440,.T.);
#7442=ORIENTED_EDGE('',*,*,#7441,.F.);
#7443=CARTESIAN_POINT('',(-3000.0,0.0,3000.0));
#7444=CARTESIAN_POINT('',(-3000.0,3000.0,3000.0));
#7445=QUASI_UNIFORM_CURVE('',1,(#7443,#7444),.UNSPECIFIED.,.F.,.U.);
#7446=EDGE_CURVE('',#7423,#7437,#7445,.T.);
#7447=ORIENTED_EDGE('',*,*,#7446,.F.);
#7448=EDGE_LOOP('',(#7428,#7435,#7442,#7447));
#7449=FACE_OUTER_BOUND('',#7448,.T.);
#7450=ADVANCED_FACE('FREESTREAM',(#7449),#7419,.F.);
#7451=CARTESIAN_POINT('',(-3000.0,-300.0,-3600.0));
#7452=CARTESIAN_POINT('',(-3000.0,-300.0,3600.0));
#7453=CARTESIAN_POINT('',(-3000.0,3300.0,-3600.0));
#7454=CARTESIAN_POINT('',(-3000.0,3300.0,3600.0));
#7455=B_SPLINE_SURFACE_WITH_KNOTS('',1,1,((#7451,#7453),(#7452,#7454)),.UNSPECIFIED.,.F.,.F.,.U.,(2,2),(2,2),(0.0,7200.0),(0.0,3600.0),.UNSPECIFIED.);
#7456=ORIENTED_EDGE('',*,*,#7446,.T.);
#7457=CARTESIAN_POINT('',(-3000.0,3000.0,-3000.0));
#7458=VERTEX_POINT('',#7457);
#7459=CARTESIAN_POINT('',(-3000.0,3000.0,-3000.0));
#7460=CARTESIAN_POINT('',(-3000.0,3000.0,3000.0));
#7461=QUASI_UNIFORM_CURVE('',1,(#7459,#7460),.UNSPECIFIED.,.F.,.U.);
#7462=EDGE_CURVE('',#7458,#7437,#7461,.T.);
#7463=ORIENTED_EDGE('',*,*,#7462,.F.);
#7464=CARTESIAN_POINT('',(-3000.0,0.0,-3000.0));
#7465=VERTEX_POINT('',#7464);
#7466=CARTESIAN_POINT('',(-3000.0,0.0,-3000.0));
#7467=CARTESIAN_POINT('',(-3000.0,3000.0,-3000.0));
#7468=QUASI_UNIFORM_CURVE('',1,(#7466,#7467),.UNSPECIFIED.,.F.,.U.);
#7469=EDGE_CURVE('',#7465,#7458,#7468,.T.);
#7470=ORIENTED_EDGE('',*,*,#7469,.F.);
#7471=CARTESIAN_POINT('',(-3000.0,0.0,-3000.0));
#7472=CARTESIAN_POINT('',(-3000.0,0.0,3000.0));
#7473=QUASI_UNIFORM_CURVE('',1,(#7471,#7472),.UNSPECIFIED.,.F.,.U.);
#7474=EDGE_CURVE('',#7465,#7423,#7473,.T.);
#7475=ORIENTED_EDGE('',*,*,#7474,.T.);
#7476=EDGE_LOOP('',(#7456,#7463,#7470,#7475));
#7477=FACE_OUTER_BOUND('',#7476,.T.);
#7478=ADVANCED_FACE('FREESTREAM',(#7477),#7455,.T.);
#7479=CARTESIAN_POINT('',(3600.0,3300.0,-3000.0));
#7480=CARTESIAN_POINT('',(-3600.0,3300.0,-3000.0));
#7481=CARTESIAN_POINT('',(3600.0,-300.0,-3000.0));
#7482=CARTESIAN_POINT('',(-3600.0,-300.0,-3000.0));
#7483=B_SPLINE_SURFACE_WITH_KNOTS('',1,1,((#7479,#7481),(#7480,#7482)),.UNSPECIFIED.,.F.,.F.,.U.,(2,2),(2,2),(0.0,7200.0),(0.0,3600.0),.UNSPECIFIED.);
#7484=CARTESIAN_POINT('',(3000.0,0.0,-3000.0));
#7485=VERTEX_POINT('',#7484);
#7486=CARTESIAN_POINT('',(-3000.0,0.0,-3000.0));
#7487=CARTESIAN_POINT('',(3000.0,0.0,-3000.0));
#7488=QUASI_UNIFORM_CURVE('',1,(#7486,#7487),.UNSPECIFIED.,.F.,.U.);
#7489=EDGE_CURVE('',#7465,#7485,#7488,.T.);
#7490=ORIENTED_EDGE('',*,*,#7489,.F.);
#7491=ORIENTED_EDGE('',*,*,#7469,.T.);
#7492=CARTESIAN_POINT('',(3000.0,3000.0,-3000.0));
#7493=VERTEX_POINT('',#7492);
#7494=CARTESIAN_POINT('',(3000.0,3000.0,-3000.0));
#7495=CARTESIAN_POINT('',(-3000.0,3000.0,-3000.0));
#7496=QUASI_UNIFORM_CURVE('',1,(#7494,#7495),.UNSPECIFIED.,.F.,.U.);
#7497=EDGE_CURVE('',#7493,#7458,#7496,.T.);
#7498=ORIENTED_EDGE('',*,*,#7497,.F.);
#7499=CARTESIAN_POINT('',(3000.0,0.0,-3000.0));
#7500=CARTESIAN_POINT('',(3000.0,3000.0,-3000.0));
#7501=QUASI_UNIFORM_CURVE('',1,(#7499,#7500),.UNSPECIFIED.,.F.,.U.);
#7502=EDGE_CURVE('',#7485,#7493,#7501,.T.);
#7503=ORIENTED_EDGE('',*,*,#7502,.F.);
#7504=EDGE_LOOP('',(#7490,#7491,#7498,#7503));
#7505=FACE_OUTER_BOUND('',#7504,.T.);
#7506=ADVANCED_FACE('FREESTREAM',(#7505),#7483,.F.);
#7507=CARTESIAN_POINT('',(3000.0,-300.0,3600.0));
#7508=CARTESIAN_POINT('',(3000.0,-300.0,-3600.0));
#7509=CARTESIAN_POINT('',(3000.0,3300.0,3600.0));
#7510=CARTESIAN_POINT('',(3000.0,3300.0,-3600.0));
#7511=B_SPLINE_SURFACE_WITH_KNOTS('',1,1,((#7507,#7509),(#7508,#7510)),.UNSPECIFIED.,.F.,.F.,.U.,(2,2),(2,2),(0.0,7200.0),(0.0,3600.0),.UNSPECIFIED.);
#7512=ORIENTED_EDGE('',*,*,#7502,.T.);
#7513=CARTESIAN_POINT('',(3000.0,3000.0,3000.0));
#7514=CARTESIAN_POINT('',(3000.0,3000.0,-3000.0));
#7515=QUASI_UNIFORM_CURVE('',1,(#7513,#7514),.UNSPECIFIED.,.F.,.U.);
#7516=EDGE_CURVE('',#7430,#7493,#7515,.T.);
#7517=ORIENTED_EDGE('',*,*,#7516,.F.);
#7518=ORIENTED_EDGE('',*,*,#7434,.F.);
#7519=CARTESIAN_POINT('',(3000.0,0.0,3000.0));
#7520=CARTESIAN_POINT('',(3000.0,0.0,-3000.0));
#7521=QUASI_UNIFORM_CURVE('',1,(#7519,#7520),.UNSPECIFIED.,.F.,.U.);
#7522=EDGE_CURVE('',#7421,#7485,#7521,.T.);
#7523=ORIENTED_EDGE('',*,*,#7522,.T.);
#7524=EDGE_LOOP('',(#7512,#7517,#7518,#7523));
#7525=FACE_OUTER_BOUND('',#7524,.T.);
#7526=ADVANCED_FACE('FREESTREAM',(#7525),#7511,.T.);
#7527=CARTESIAN_POINT('',(3600.0,3000.0,-3600.0));
#7528=CARTESIAN_POINT('',(-3600.0,3000.0,-3600.0));
#7529=CARTESIAN_POINT('',(3600.0,3000.0,3600.0));
#7530=CARTESIAN_POINT('',(-3600.0,3000.0,3600.0));
#7531=B_SPLINE_SURFACE_WITH_KNOTS('',1,1,((#7527,#7529),(#7528,#7530)),.UNSPECIFIED.,.F.,.F.,.U.,(2,2),(2,2),(0.0,7200.0),(0.0,7200.0),.UNSPECIFIED.);
#7532=ORIENTED_EDGE('',*,*,#7516,.T.);
#7533=ORIENTED_EDGE('',*,*,#7497,.T.);
#7534=ORIENTED_EDGE('',*,*,#7462,.T.);
#7535=ORIENTED_EDGE('',*,*,#7441,.T.);
#7536=EDGE_LOOP('',(#7532,#7533,#7534,#7535));
#7537=FACE_OUTER_BOUND('',#7536,.T.);
#7538=ADVANCED_FACE('FREESTREAM',(#7537),#7531,.T.);
#7539=CARTESIAN_POINT('',(3600.0,0.0,3600.0));
#7540=CARTESIAN_POINT('',(3600.0,0.0,-3600.0));
#7541=CARTESIAN_POINT('',(-3600.0,0.0,3600.0));
#7542=CARTESIAN_POINT('',(-3600.0,0.0,-3600.0));
#7543=B_SPLINE_SURFACE_WITH_KNOTS('',1,1,((#7539,#7541),(#7540,#7542)),.UNSPECIFIED.,.F.,.F.,.U.,(2,2),(2,2),(0.0,7200.0),(0.0,7200.0),.UNSPECIFIED.);
#7544=ORIENTED_EDGE('',*,*,#7427,.T.);
#7545=ORIENTED_EDGE('',*,*,#7474,.F.);
#7546=ORIENTED_EDGE('',*,*,#7489,.T.);
#7547=ORIENTED_EDGE('',*,*,#7522,.F.);
#7548=EDGE_LOOP('',(#7544,#7545,#7546,#7547));
#7549=FACE_OUTER_BOUND('',#7548,.T.);
#7550=ORIENTED_EDGE('',*,*,#3430,.T.);
#7551=ORIENTED_EDGE('',*,*,#3869,.F.);
#7552=ORIENTED_EDGE('',*,*,#3048,.T.);
#7553=ORIENTED_EDGE('',*,*,#6818,.F.);
#7554=EDGE_LOOP('',(#7550,#7551,#7552,#7553));
#7555=FACE_BOUND('',#7554,.T.);
#7556=ORIENTED_EDGE('',*,*,#2955,.F.);
#7557=ORIENTED_EDGE('',*,*,#2261,.F.);
#7558=ORIENTED_EDGE('',*,*,#2489,.T.);
#7559=ORIENTED_EDGE('',*,*,#2625,.F.);
#7560=ORIENTED_EDGE('',*,*,#2748,.F.);
#7561=EDGE_LOOP('',(#7556,#7557,#7558,#7559,#7560));
#7562=FACE_BOUND('',#7561,.T.);
#7563=ADVANCED_FACE('SYMMETRY',(#7549,#7555,#7562),#7543,.F.);
#7564=CLOSED_SHELL('',(#153,#305,#325,#354,#370,#399,#415,#435,#451,#603,#755,#775,#804,#820,#849,#865,#885,#901,#1047,#1193,#1213,#1242,#1258,#1287,#1303,#1323,#1343,#1489,#1635,#1655,#1684,#1700,#1729,#1745,#1765,#1785,#1934,#2080,#2104,#2133,#2149,#2178,#2194,#2214,#2234,#2270,#2602,#2630,#2804,#3008,#3021,#3057,#3515,#3553,#4012,#6407,#6968,#7120,#7201,#7223,#7401,#7414,#7450,#7478,#7506,#7526,#7538,#7563));
#7565=CARTESIAN_POINT('',(61.496269292765227,39.879069278664147,-3.619739633623102));
#7566=CARTESIAN_POINT('',(32.057766722345228,1.070736638748337,-3.619730368218537));
#7567=CARTESIAN_POINT('',(61.512777410939258,39.866546862713449,-3.598625744774926));
#7568=CARTESIAN_POINT('',(32.074274840519259,1.058214222797631,-3.598616479370361));
#7569=B_SPLINE_SURFACE_WITH_KNOTS('',1,1,((#7565,#7567),(#7566,#7568)),.UNSPECIFIED.,.F.,.F.,.U.,(2,2),(2,2),(0.0,48.710492872471193),(0.0,0.029582514585197),.UNSPECIFIED.);
#7570=CARTESIAN_POINT('',(59.058193186889760,36.633562677383033,-3.600384463395227));
#7571=VERTEX_POINT('',#7570);
#7572=CARTESIAN_POINT('',(34.533588314198923,4.303147042784150,-3.600376744579179));
#7573=VERTEX_POINT('',#7572);
#7574=CARTESIAN_POINT('',(59.058193186889760,36.633562677383033,-3.600384463395227));
#7575=CARTESIAN_POINT('',(34.533588314198923,4.303147042784150,-3.600376744579179));
#7576=QUASI_UNIFORM_CURVE('',1,(#7574,#7575),.UNSPECIFIED.,.F.,.U.);
#7577=EDGE_CURVE('',#7571,#7573,#7576,.T.);
#7578=ORIENTED_EDGE('',*,*,#7577,.T.);
#7579=CARTESIAN_POINT('',(34.512350946394733,4.303720824078764,-3.617971649598227));
#7580=VERTEX_POINT('',#7579);
#7581=CARTESIAN_POINT('',(34.533588314198923,4.303147042784150,-3.600376744579179));
#7582=CARTESIAN_POINT('',(34.512350946394733,4.303720824078764,-3.617971649598227));
#7583=QUASI_UNIFORM_CURVE('',1,(#7581,#7582),.UNSPECIFIED.,.F.,.U.);
#7584=EDGE_CURVE('',#7573,#7580,#7583,.T.);
#7585=ORIENTED_EDGE('',*,*,#7584,.T.);
#7586=CARTESIAN_POINT('',(59.044228313293502,36.643723677785282,-3.617979370703202));
#7587=VERTEX_POINT('',#7586);
#7588=CARTESIAN_POINT('',(59.044228313293502,36.643723677785282,-3.617979370703202));
#7589=CARTESIAN_POINT('',(34.512350946394733,4.303720824078764,-3.617971649598227));
#7590=QUASI_UNIFORM_CURVE('',1,(#7588,#7589),.UNSPECIFIED.,.F.,.U.);
#7591=EDGE_CURVE('',#7587,#7580,#7590,.T.);
#7592=ORIENTED_EDGE('',*,*,#7591,.F.);
#7593=CARTESIAN_POINT('',(59.058193186889760,36.633562677383033,-3.600384463395227));
#7594=CARTESIAN_POINT('',(59.044228313293502,36.643723677785282,-3.617979370703202));
#7595=QUASI_UNIFORM_CURVE('',1,(#7593,#7594),.UNSPECIFIED.,.F.,.U.);
#7596=EDGE_CURVE('',#7571,#7587,#7595,.T.);
#7597=ORIENTED_EDGE('',*,*,#7596,.F.);
#7598=EDGE_LOOP('',(#7578,#7585,#7592,#7597));
#7599=FACE_OUTER_BOUND('',#7598,.T.);
#7600=ADVANCED_FACE('FLAP',(#7599),#7569,.F.);
#7601=CARTESIAN_POINT('',(28.250629345451731,3.364650867601830,0.402962856289456));
#7602=CARTESIAN_POINT('',(28.241082574560568,3.372122615404300,0.389795531765896));
#7603=CARTESIAN_POINT('',(28.228207875026690,3.383980821258473,0.368176097283658));
#7604=CARTESIAN_POINT('',(28.216463072927130,3.399393428561818,0.338494431799440));
#7605=CARTESIAN_POINT('',(28.211560316943519,3.413799158986635,0.308825534173318));
#7606=CARTESIAN_POINT('',(28.213383902157080,3.426411241494974,0.280911371666436));
#7607=CARTESIAN_POINT('',(28.218402769039269,3.439088534196091,0.251842663512787));
#7608=CARTESIAN_POINT('',(28.226219504747860,3.448061404058173,0.229915875029466));
#7609=CARTESIAN_POINT('',(28.240863178871852,3.459980679173444,0.199438148989874));
#7610=CARTESIAN_POINT('',(28.264117480386311,3.469194126256435,0.172094755415370));
#7611=CARTESIAN_POINT('',(28.294365441307971,3.475605153513369,0.148607782897336));
#7612=CARTESIAN_POINT('',(28.446388440819909,3.487854775756480,0.073851807531726));
#7613=CARTESIAN_POINT('',(28.605232751342712,3.500611122704761,-0.004165463366529));
#7614=CARTESIAN_POINT('',(28.748387341112871,3.512155217821608,-0.074580127219114));
#7615=CARTESIAN_POINT('',(28.961920099590579,3.529407607285940,-0.179683705398285));
#7616=CARTESIAN_POINT('',(29.167732695127491,3.546188629844802,-0.281317602807513));
#7617=CARTESIAN_POINT('',(29.234741688713349,3.551667739502028,-0.314441426168956));
#7618=CARTESIAN_POINT('',(29.435420101142231,3.568142049013205,-0.413782520164194));
#7619=CARTESIAN_POINT('',(29.894286531578121,3.606290244763056,-0.641970456435115));
#7620=CARTESIAN_POINT('',(30.524020349581189,3.660345522316931,-0.958817140512718));
#7621=CARTESIAN_POINT('',(31.385043714174120,3.739905776743338,-1.404284960255501));
#7622=CARTESIAN_POINT('',(32.241283304621163,3.834823852153153,-1.881523003876786));
#7623=CARTESIAN_POINT('',(33.317430055973503,3.991863811053236,-2.563137784121588));
#7624=CARTESIAN_POINT('',(33.913468375458571,4.116179063740035,-3.021583984298255));
#7625=CARTESIAN_POINT('',(34.178743648949762,4.191298673062653,-3.268518476115247));
#7626=CARTESIAN_POINT('',(34.326557054031717,4.233862677150737,-3.407644170828550));
#7627=CARTESIAN_POINT('',(34.512350946391898,4.303720824075145,-3.617971649598142));
#7628=CARTESIAN_POINT('',(33.157244800717663,9.832967802833370,0.402961311992792));
#7629=CARTESIAN_POINT('',(33.147698029826500,9.840439550635843,0.389793987469234));
#7630=CARTESIAN_POINT('',(33.134823330292619,9.852297756490016,0.368174552986997));
#7631=CARTESIAN_POINT('',(33.123078528193027,9.867710363793334,0.338492887502777));
#7632=CARTESIAN_POINT('',(33.118175772209483,9.882116094218256,0.308823989876671));
#7633=CARTESIAN_POINT('',(33.119999357423048,9.894728176726669,0.280909827369826));
#7634=CARTESIAN_POINT('',(33.125018224305180,9.907405469427740,0.251841119216197));
#7635=CARTESIAN_POINT('',(33.132834960013831,9.916378339289889,0.229914330732875));
#7636=CARTESIAN_POINT('',(33.147478634137812,9.928297614405150,0.199436604693276));
#7637=CARTESIAN_POINT('',(33.170732935652133,9.937511061487957,0.172093211118770));
#7638=CARTESIAN_POINT('',(33.200980896573903,9.943922088745023,0.148606238600740));
#7639=CARTESIAN_POINT('',(33.353003896085823,9.956171710988000,0.073850263235056));
#7640=CARTESIAN_POINT('',(33.511848206608512,9.968928057936433,-0.004167007663029));
#7641=CARTESIAN_POINT('',(33.655002796379158,9.980472153053668,-0.074581671515751));
#7642=CARTESIAN_POINT('',(33.868535554856372,9.997724542517558,-0.179685249694807));
#7643=CARTESIAN_POINT('',(34.074348150393483,10.014505565076600,-0.281319147104086));
#7644=CARTESIAN_POINT('',(34.141357143979313,10.019984674733790,-0.314442970465521));
#7645=CARTESIAN_POINT('',(34.342035556408007,10.036458984245000,-0.413784064460606));
#7646=CARTESIAN_POINT('',(34.800901986844138,10.074607179994929,-0.641972000731662));
#7647=CARTESIAN_POINT('',(35.430635804847142,10.128662457548939,-0.958818684809139));
#7648=CARTESIAN_POINT('',(36.291659169440543,10.208222711975580,-1.404286504552146));
#7649=CARTESIAN_POINT('',(37.147898759887383,10.303140787385500,-1.881524548173209));
#7650=CARTESIAN_POINT('',(38.224045511239979,10.460180746285779,-2.563139328418097));
#7651=CARTESIAN_POINT('',(38.820083830724897,10.584495998972690,-3.021585528594586));
#7652=CARTESIAN_POINT('',(39.085359104216757,10.659615608295629,-3.268520020411902));
#7653=CARTESIAN_POINT('',(39.233172509298498,10.702179612383709,-3.407645715125022));
#7654=CARTESIAN_POINT('',(39.418966401658743,10.772037759308150,-3.617973193894664));
#7655=CARTESIAN_POINT('',(38.063860255983371,16.301284738065021,0.402959767696352));
#7656=CARTESIAN_POINT('',(38.054313485092223,16.308756485867502,0.389792443172792));
#7657=CARTESIAN_POINT('',(38.041438785558313,16.320614691721659,0.368173008690569));
#7658=CARTESIAN_POINT('',(38.029693983458543,16.336027299024920,0.338491343206457));
#7659=CARTESIAN_POINT('',(38.024791227475063,16.350433029449960,0.308822445580369));
#7660=CARTESIAN_POINT('',(38.026614812688663,16.363045111958471,0.280908283073542));
#7661=CARTESIAN_POINT('',(38.031633679570909,16.375722404659520,0.251839574919821));
#7662=CARTESIAN_POINT('',(38.039450415279518,16.384695274521722,0.229912786436554));
#7663=CARTESIAN_POINT('',(38.054094089403513,16.396614549636979,0.199435060396941));
#7664=CARTESIAN_POINT('',(38.077348390917869,16.405827996719651,0.172091666822335));
#7665=CARTESIAN_POINT('',(38.107596351839661,16.412239023976831,0.148604694304347));
#7666=CARTESIAN_POINT('',(38.259619351351660,16.424488646219690,0.073848718938553));
#7667=CARTESIAN_POINT('',(38.418463661874178,16.437244993168239,-0.004168551959350));
#7668=CARTESIAN_POINT('',(38.561618251645399,16.448789088285849,-0.074583215812288));
#7669=CARTESIAN_POINT('',(38.775151010122187,16.466041477749339,-0.179686793991258));
#7670=CARTESIAN_POINT('',(38.980963605659539,16.482822500308551,-0.281320691400611));
#7671=CARTESIAN_POINT('',(39.047972599245313,16.488301609965710,-0.314444514762027));
#7672=CARTESIAN_POINT('',(39.248651011673743,16.504775919476899,-0.413785608756920));
#7673=CARTESIAN_POINT('',(39.707517442110152,16.542924115226949,-0.641973545028115));
#7674=CARTESIAN_POINT('',(40.337251260113227,16.596979392781030,-0.958820229105596));
#7675=CARTESIAN_POINT('',(41.198274624706620,16.676539647207889,-1.404288048848469));
#7676=CARTESIAN_POINT('',(42.054514215153617,16.771457722617871,-1.881526092469635));
#7677=CARTESIAN_POINT('',(43.130660966506298,16.928497681518291,-2.563140872714510));
#7678=CARTESIAN_POINT('',(43.726699285991288,17.052812934205331,-3.021587072890976));
#7679=CARTESIAN_POINT('',(43.991974559483587,17.127932543528569,-3.268521564708434));
#7680=CARTESIAN_POINT('',(44.139787964565080,17.170496547616601,-3.407647259421417));
#7681=CARTESIAN_POINT('',(44.325581856925588,17.240354694541161,-3.617974738191187));
#7682=CARTESIAN_POINT('',(42.970475711248852,22.769601673297021,0.402958223400278));
#7683=CARTESIAN_POINT('',(42.960928940357718,22.777073421099491,0.389790898876722));
#7684=CARTESIAN_POINT('',(42.948054240823787,22.788931626953651,0.368171464394500));
#7685=CARTESIAN_POINT('',(42.936309438723967,22.804344234256870,0.338489798910380));
#7686=CARTESIAN_POINT('',(42.931406682740629,22.818749964682080,0.308820901284304));
#7687=CARTESIAN_POINT('',(42.933230267954613,22.831362047190730,0.280906738777278));
#7688=CARTESIAN_POINT('',(42.938249134836617,22.844039339891740,0.251838030623713));
#7689=CARTESIAN_POINT('',(42.946065870545389,22.853012209753999,0.229911242140341));
#7690=CARTESIAN_POINT('',(42.960709544669250,22.864931484869238,0.199433516100809));
#7691=CARTESIAN_POINT('',(42.983963846183698,22.874144931951822,0.172090122526121));
#7692=CARTESIAN_POINT('',(43.014211807105518,22.880555959209101,0.148603150008150));
#7693=CARTESIAN_POINT('',(43.166234806617602,22.892805581451899,0.073847174642256));
#7694=CARTESIAN_POINT('',(43.325079117140120,22.905561928400509,-0.004170096255613));
#7695=CARTESIAN_POINT('',(43.468233706911207,22.917106023518311,-0.074584760108357));
#7696=CARTESIAN_POINT('',(43.681766465388307,22.934358412981609,-0.179688338287670));
#7697=CARTESIAN_POINT('',(43.887579060925752,22.951139435540931,-0.281322235697015));
#7698=CARTESIAN_POINT('',(43.954588054511497,22.956618545198062,-0.314446059058422));
#7699=CARTESIAN_POINT('',(44.155266466940283,22.973092854709250,-0.413787153053578));
#7700=CARTESIAN_POINT('',(44.614132897376457,23.011241050459390,-0.641975089324557));
#7701=CARTESIAN_POINT('',(45.243866715379959,23.065296328013410,-0.958821773402400));
#7702=CARTESIAN_POINT('',(46.104890079972719,23.144856582440589,-1.404289593144626));
#7703=CARTESIAN_POINT('',(46.961129670420277,23.239774657850390,-1.881527636766299));
#7704=CARTESIAN_POINT('',(48.037276421772923,23.396814616750859,-2.563142417011097));
#7705=CARTESIAN_POINT('',(48.633314741257600,23.521129869437921,-3.021588617187323));
#7706=CARTESIAN_POINT('',(48.898590014750603,23.596249478761500,-3.268523109005122));
#7707=CARTESIAN_POINT('',(49.046403419831691,23.638813482849340,-3.407648803717907));
#7708=CARTESIAN_POINT('',(49.232197312192440,23.708671629774159,-3.617976282487709));
#7709=CARTESIAN_POINT('',(47.877091166513942,29.237918608528020,0.402956679103946));
#7710=CARTESIAN_POINT('',(47.867544395622787,29.245390356330510,0.389789354580388));
#7711=CARTESIAN_POINT('',(47.854669696088862,29.257248562184671,0.368169920098174));
#7712=CARTESIAN_POINT('',(47.842924893989007,29.272661169487879,0.338488254614107));
#7713=CARTESIAN_POINT('',(47.838022138005591,29.287066899913121,0.308819356988095));
#7714=CARTESIAN_POINT('',(47.839845723220002,29.299678982421860,0.280905194480787));
#7715=CARTESIAN_POINT('',(47.844864590101537,29.312356275122770,0.251836486327501));
#7716=CARTESIAN_POINT('',(47.852681325810643,29.321329144985139,0.229909697843966));
#7717=CARTESIAN_POINT('',(47.867324999934333,29.333248420100329,0.199431971804543));
#7718=CARTESIAN_POINT('',(47.890579301448497,29.342461867182649,0.172088578229879));
#7719=CARTESIAN_POINT('',(47.920827262370473,29.348872894440099,0.148601605711902));
#7720=CARTESIAN_POINT('',(48.072850261882202,29.361122516682649,0.073845630346140));
#7721=CARTESIAN_POINT('',(48.231694572405203,29.373878863631610,-0.004171640551877));
#7722=CARTESIAN_POINT('',(48.374849162176019,29.385422958749750,-0.074586304404234));
#7723=CARTESIAN_POINT('',(48.588381920652992,29.402675348212579,-0.179689882583716));
#7724=CARTESIAN_POINT('',(48.794194516190522,29.419456370772089,-0.281323779993026));
#7725=CARTESIAN_POINT('',(48.861203509776303,29.424935480429209,-0.314447603354460));
#7726=CARTESIAN_POINT('',(49.061881922205082,29.441409789940550,-0.413788697349518));
#7727=CARTESIAN_POINT('',(49.520748352641448,29.479557985690690,-0.641976633620669));
#7728=CARTESIAN_POINT('',(50.150482170644921,29.533613263245080,-0.958823317698260));
#7729=CARTESIAN_POINT('',(51.011505535238257,29.613173517672280,-1.404291137440906));
#7730=CARTESIAN_POINT('',(51.867745125686064,29.708091593082582,-1.881529181062463));
#7731=CARTESIAN_POINT('',(52.943891877039100,29.865131551983360,-2.563143961307415));
#7732=CARTESIAN_POINT('',(53.539930196524168,29.989446804670671,-3.021590161483798));
#7733=CARTESIAN_POINT('',(53.805205470016958,30.064566413994449,-3.268524653301346));
#7734=CARTESIAN_POINT('',(53.953018875098387,30.107130418082491,-3.407650348014243));
#7735=CARTESIAN_POINT('',(54.138812767459250,30.176988565007161,-3.617977826784233));
#7736=CARTESIAN_POINT('',(52.783706621779800,35.706235543760393,0.402955134807792));
#7737=CARTESIAN_POINT('',(52.774159850888623,35.713707291562862,0.389787810284241));
#7738=CARTESIAN_POINT('',(52.761285151354762,35.725565497417037,0.368168375802011));
#7739=CARTESIAN_POINT('',(52.749540349255113,35.740978104720377,0.338486710317837));
#7740=CARTESIAN_POINT('',(52.744637593271698,35.755383835145707,0.308817812691882));
#7741=CARTESIAN_POINT('',(52.746461178486193,35.767995917654211,0.280903650184392));
#7742=CARTESIAN_POINT('',(52.751480045367721,35.780673210355303,0.251834942031219));
#7743=CARTESIAN_POINT('',(52.759296781076863,35.789646080217622,0.229908153547635));
#7744=CARTESIAN_POINT('',(52.773940455200432,35.801565355332890,0.199430427508315));
#7745=CARTESIAN_POINT('',(52.797194756714369,35.810778802414923,0.172087033933650));
#7746=CARTESIAN_POINT('',(52.827442717636544,35.817189829672557,0.148600061415672));
#7747=CARTESIAN_POINT('',(52.979465717148543,35.829439451914951,0.073844086049599));
#7748=CARTESIAN_POINT('',(53.138310027670983,35.842195798864097,-0.004173184847882));
#7749=CARTESIAN_POINT('',(53.281464617443142,35.853739893982507,-0.074587848701096));
#7750=CARTESIAN_POINT('',(53.494997375918928,35.870992283445062,-0.179691426879859));
#7751=CARTESIAN_POINT('',(53.700809971456813,35.887773306004689,-0.281325324289361));
#7752=CARTESIAN_POINT('',(53.767818965042480,35.893252415661742,-0.314449147650766));
#7753=CARTESIAN_POINT('',(53.968497377471849,35.909726725173307,-0.413790241646143));
#7754=CARTESIAN_POINT('',(54.427363807907717,35.947874920923297,-0.641978177916970));
#7755=CARTESIAN_POINT('',(55.057097625911886,36.001930198477801,-0.958824861995045));
#7756=CARTESIAN_POINT('',(55.918120990504370,36.081490452905172,-1.404292681736934));
#7757=CARTESIAN_POINT('',(56.774360580952639,36.176408528315221,-1.881530725358993));
#7758=CARTESIAN_POINT('',(57.850507332305597,36.333448487216039,-2.563145505603851));
#7759=CARTESIAN_POINT('',(58.446545651790508,36.457763739903257,-3.021591705780174));
#7760=CARTESIAN_POINT('',(58.711820925284023,36.532883349227497,-3.268526197597962));
#7761=CARTESIAN_POINT('',(58.859634330365267,36.575447353315397,-3.407651892310858));
#7762=CARTESIAN_POINT('',(59.045428222726102,36.645305500240177,-3.617979371080755));
#7763=B_SPLINE_SURFACE_WITH_KNOTS('',5,5,((#7601,#7628,#7655,#7682,#7709,#7736),(#7602,#7629,#7656,#7683,#7710,#7737),(#7603,#7630,#7657,#7684,#7711,#7738),(#7604,#7631,#7658,#7685,#7712,#7739),(#7605,#7632,#7659,#7686,#7713,#7740),(#7606,#7633,#7660,#7687,#7714,#7741),(#7607,#7634,#7661,#7688,#7715,#7742),(#7608,#7635,#7662,#7689,#7716,#7743),(#7609,#7636,#7663,#7690,#7717,#7744),(#7610,#7637,#7664,#7691,#7718,#7745),(#7611,#7638,#7665,#7692,#7719,#7746),(#7612,#7639,#7666,#7693,#7720,#7747),(#7613,#7640,#7667,#7694,#7721,#7748),(#7614,#7641,#7668,#7695,#7722,#7749),(#7615,#7642,#7669,#7696,#7723,#7750),(#7616,#7643,#7670,#7697,#7724,#7751),(#7617,#7644,#7671,#7698,#7725,#7752),(#7618,#7645,#7672,#7699,#7726,#7753),(#7619,#7646,#7673,#7700,#7727,#7754),(#7620,#7647,#7674,#7701,#7728,#7755),(#7621,#7648,#7675,#7702,#7729,#7756),(#7622,#7649,#7676,#7703,#7730,#7757),(#7623,#7650,#7677,#7704,#7731,#7758),(#7624,#7651,#7678,#7705,#7732,#7759),(#7625,#7652,#7679,#7706,#7733,#7760),(#7626,#7653,#7680,#7707,#7734,#7761),(#7627,#7654,#7681,#7708,#7735,#7762)),.UNSPECIFIED.,.F.,.F.,.U.,(6,1,1,3,2,3,3,3,1,1,1,2,6),(6,6),(2.940676708084906,3.041758264473431,3.102593429762874,3.163428595052198,3.285098925630869,3.406769256209522,4.380131900839374,4.866813223154385,5.840175867783716,7.786901157043047,9.733626446302370,11.680351735561439,15.573802314078900),(4.518559761206847,45.112278240944562),.UNSPECIFIED.);
#7764=CARTESIAN_POINT('',(52.782516481311447,35.704666599586439,0.402955135180459));
#7765=VERTEX_POINT('',#7764);
#7766=CARTESIAN_POINT('',(52.782516481311447,35.704666599586439,0.402955135180459));
#7767=CARTESIAN_POINT('',(52.777061711424757,35.708935862305573,0.395431551017516));
#7768=CARTESIAN_POINT('',(52.772055310814920,35.713217361351397,0.387739266858840));
#7769=CARTESIAN_POINT('',(52.767533980699611,35.717485854106322,0.379921356131305));
#7770=CARTESIAN_POINT('',(52.760972684055901,35.724418015525210,0.366977023716018));
#7771=CARTESIAN_POINT('',(52.755786511348383,35.731240701677223,0.353833916358270));
#7772=CARTESIAN_POINT('',(52.753982920875949,35.733868625790080,0.348710012993235));
#7773=CARTESIAN_POINT('',(52.750803825562564,35.739061339301763,0.338463299229374));
#7774=CARTESIAN_POINT('',(52.748451946200667,35.744153274926262,0.328172702207653));
#7775=CARTESIAN_POINT('',(52.747484209276287,35.746665637394059,0.323034219255338));
#7776=CARTESIAN_POINT('',(52.746154657582203,35.751002869776393,0.314055202040620));
#7777=CARTESIAN_POINT('',(52.745459610556168,35.755228071963487,0.305117799176671));
#7778=CARTESIAN_POINT('',(52.745277960129528,35.757020298564747,0.301290886374151));
#7779=CARTESIAN_POINT('',(52.745146774166770,35.760552985302184,0.293675656591539));
#7780=CARTESIAN_POINT('',(52.745467503162317,35.763983072665077,0.286139500095273));
#7781=CARTESIAN_POINT('',(52.745738302565861,35.765672493588497,0.282391938116987));
#7782=CARTESIAN_POINT('',(52.746305075895080,35.768169891376751,0.276799294048628));
#7783=CARTESIAN_POINT('',(52.747109677688940,35.770607084747617,0.271261722636330));
#7784=CARTESIAN_POINT('',(52.747406085374493,35.771417739639297,0.269410698581297));
#7785=CARTESIAN_POINT('',(52.748052086973189,35.773026141678713,0.265719761574944));
#7786=CARTESIAN_POINT('',(52.748806084823308,35.774611356183406,0.262044835979206));
#7787=CARTESIAN_POINT('',(52.749210426607867,35.775398718024142,0.260210071741821));
#7788=CARTESIAN_POINT('',(52.750507980821141,35.777747419545094,0.254707983580609));
#7789=CARTESIAN_POINT('',(52.752062467267358,35.780057862528359,0.249207344216211));
#7790=CARTESIAN_POINT('',(52.753216818087672,35.781583597687579,0.245534382930068));
#7791=CARTESIAN_POINT('',(52.757867539575280,35.787095999169800,0.232111921103680));
#7792=CARTESIAN_POINT('',(52.764111797376252,35.792350961583999,0.218742125637945));
#7793=CARTESIAN_POINT('',(52.769509698158153,35.795996305054899,0.209129437783406));
#7794=CARTESIAN_POINT('',(52.777243710177402,35.800165237526961,0.197641125691688));
#7795=CARTESIAN_POINT('',(52.786189127623693,35.803880066886933,0.186752908658102));
#7796=CARTESIAN_POINT('',(52.787961583539207,35.804580512949592,0.184672696328397));
#7797=CARTESIAN_POINT('',(52.791591134009849,35.805946796258617,0.180560444576492));
#7798=CARTESIAN_POINT('',(52.795390229235323,35.807242588370677,0.176547214176102));
#7799=CARTESIAN_POINT('',(52.797332270343297,35.807872596399470,0.174565895148152));
#7800=CARTESIAN_POINT('',(52.808984912309533,35.811462308712052,0.163090394085355));
#7801=CARTESIAN_POINT('',(52.822039366780672,35.814360028504296,0.152670216808991));
#7802=CARTESIAN_POINT('',(52.833768410595312,35.816174185427023,0.145018869479892));
#7803=CARTESIAN_POINT('',(52.847341360346100,35.817322794349082,0.138225340848035));
#7804=CARTESIAN_POINT('',(52.860998820537517,35.818420444598047,0.131515462843424));
#7805=CARTESIAN_POINT('',(52.862086205003621,35.818508108212967,0.130980647104722));
#7806=CARTESIAN_POINT('',(52.864261549492049,35.818683310154583,0.129911104670155));
#7807=CARTESIAN_POINT('',(52.866437745223138,35.818858572393687,0.128841161614742));
#7808=CARTESIAN_POINT('',(52.867526054744317,35.818946218536382,0.128306090409172));
#7809=CARTESIAN_POINT('',(52.870791613986732,35.819209201812512,0.126700579598345));
#7810=CARTESIAN_POINT('',(52.874059055237950,35.819472319193160,0.125094181337859));
#7811=CARTESIAN_POINT('',(52.876238176627318,35.819647789965700,0.124022858570736));
#7812=CARTESIAN_POINT('',(52.988869270233018,35.828716887706193,0.068650761718230));
#7813=CARTESIAN_POINT('',(53.103655268279653,35.837941365972917,0.012258565412531));
#7814=CARTESIAN_POINT('',(53.216546585434607,35.847035950481811,-0.043251289414831));
#7815=CARTESIAN_POINT('',(53.352594399383861,35.858016575823960,-0.110191960032977));
#7816=CARTESIAN_POINT('',(53.487470372704529,35.868948394634288,-0.176655253478016));
#7817=CARTESIAN_POINT('',(53.509846527245863,35.870763393330058,-0.187684642944129));
#7818=CARTESIAN_POINT('',(53.554577986033898,35.874394782411933,-0.209739826593646));
#7819=CARTESIAN_POINT('',(53.599096274430238,35.878015842994508,-0.231705027300094));
#7820=CARTESIAN_POINT('',(53.620970895876297,35.879796876415000,-0.242501762590109));
#7821=CARTESIAN_POINT('',(53.670921421620832,35.883867719226302,-0.267164404053598));
#7822=CARTESIAN_POINT('',(53.720528575892843,35.887919946953247,-0.291677815039706));
#7823=CARTESIAN_POINT('',(53.748033919458969,35.890169819071687,-0.305276234402953));
#7824=CARTESIAN_POINT('',(53.802625832884019,35.894641906240373,-0.332280334659532));
#7825=CARTESIAN_POINT('',(53.856997080918191,35.899109853366703,-0.359205488304018));
#7826=CARTESIAN_POINT('',(53.885374589636733,35.901445705556498,-0.373266828028365));
#7827=CARTESIAN_POINT('',(54.052289014102129,35.915208551144516,-0.456025605676208));
#7828=CARTESIAN_POINT('',(54.217377993930938,35.928971914617122,-0.538206654073911));
#7829=CARTESIAN_POINT('',(54.354463332174639,35.940533432925143,-0.606735366684207));
#7830=CARTESIAN_POINT('',(54.577488003344882,35.959596061077477,-0.718773677405324));
#7831=CARTESIAN_POINT('',(54.798430234873031,35.978974483714097,-0.830836103290444));
#7832=CARTESIAN_POINT('',(54.884175611358508,35.986577826610329,-0.874505779813709));
#7833=CARTESIAN_POINT('',(55.076393759819680,36.003827930525773,-0.972846779600850));
#7834=CARTESIAN_POINT('',(55.267571597507171,36.021494711742953,-1.071761011273864));
#7835=CARTESIAN_POINT('',(55.373421179221971,36.031452288135917,-1.126908388421220));
#7836=CARTESIAN_POINT('',(55.674683936888727,36.060354606895018,-1.285082913829189));
#7837=CARTESIAN_POINT('',(55.973458760976463,36.090810110532281,-1.445834920865311));
#7838=CARTESIAN_POINT('',(56.166364971998973,36.111380364237917,-1.551590277968187));
#7839=CARTESIAN_POINT('',(56.485258089595668,36.147245030771913,-1.730445779537600));
#7840=CARTESIAN_POINT('',(56.795158856452360,36.185673988654329,-1.912007696702271));
#7841=CARTESIAN_POINT('',(56.917927310307633,36.201543135190853,-1.985332955595103));
#7842=CARTESIAN_POINT('',(57.182187293672747,36.237228188950283,-2.146474896601595));
#7843=CARTESIAN_POINT('',(57.433510482903230,36.274640882533873,-2.307259084849000));
#7844=CARTESIAN_POINT('',(57.565641568309680,36.295427041158142,-2.394210499484799));
#7845=CARTESIAN_POINT('',(57.793696269407278,36.333383149844572,-2.548794019749140));
#7846=CARTESIAN_POINT('',(58.000895936792404,36.371606039527983,-2.697342599372221));
#7847=CARTESIAN_POINT('',(58.088431412469973,36.388550248366762,-2.761825534068900));
#7848=CARTESIAN_POINT('',(58.267795709471969,36.424969240066311,-2.897637657165463));
#7849=CARTESIAN_POINT('',(58.423911399566663,36.460224167045233,-3.023554584354054));
#7850=CARTESIAN_POINT('',(58.501243669838857,36.478758474885481,-3.088248482872782));
#7851=CARTESIAN_POINT('',(58.617598234748421,36.508258841716930,-3.189084516634068));
#7852=CARTESIAN_POINT('',(58.722106096222397,36.537480746669793,-3.285560394880799));
#7853=CARTESIAN_POINT('',(58.761090741476657,36.548812753582823,-3.322483755648872));
#7854=CARTESIAN_POINT('',(58.840362531994558,36.572772409003242,-3.399551706587506));
#7855=CARTESIAN_POINT('',(58.918177696255590,36.598370655119908,-3.479709279128958));
#7856=CARTESIAN_POINT('',(58.958924589936501,36.612363602631412,-3.522958837803542));
#7857=CARTESIAN_POINT('',(59.000711468331687,36.627361448400009,-3.568716217805779));
#7858=CARTESIAN_POINT('',(59.044228313293388,36.643723677785268,-3.617979370703114));
#7859=B_SPLINE_CURVE_WITH_KNOTS('',5,(#7766,#7767,#7768,#7769,#7770,#7771,#7772,#7773,#7774,#7775,#7776,#7777,#7778,#7779,#7780,#7781,#7782,#7783,#7784,#7785,#7786,#7787,#7788,#7789,#7790,#7791,#7792,#7793,#7794,#7795,#7796,#7797,#7798,#7799,#7800,#7801,#7802,#7803,#7804,#7805,#7806,#7807,#7808,#7809,#7810,#7811,#7812,#7813,#7814,#7815,#7816,#7817,#7818,#7819,#7820,#7821,#7822,#7823,#7824,#7825,#7826,#7827,#7828,#7829,#7830,#7831,#7832,#7833,#7834,#7835,#7836,#7837,#7838,#7839,#7840,#7841,#7842,#7843,#7844,#7845,#7846,#7847,#7848,#7849,#7850,#7851,#7852,#7853,#7854,#7855,#7856,#7857,#7858),.UNSPECIFIED.,.F.,.U.,(6,3,3,3,3,3,3,3,3,3,3,3,3,3,3,3,3,3,3,3,3,3,3,3,3,3,3,3,3,3,6),(8.470226953636999,8.547376338248453,8.596308009052484,8.644877990521369,8.681384155898373,8.717890321275378,8.736302349992968,8.754714378710563,8.791534178727401,8.889361213135247,8.912773080771087,8.936184948406925,9.050392663261684,9.060272534125410,9.070152404989129,9.089912145812335,10.091081239439641,10.290629391554020,10.490816812514639,10.741940788790540,10.990554993480110,12.280935189363300,13.103472993559020,14.129791496474541,16.032015239290011,17.310376457238529,18.834602607013011,20.058115275065830,21.487908760214879,22.388379252005109,23.361169699332521),.UNSPECIFIED.);
#7860=EDGE_CURVE('',#7765,#7587,#7859,.T.);
#7861=ORIENTED_EDGE('',*,*,#7860,.T.);
#7862=ORIENTED_EDGE('',*,*,#7591,.T.);
#7863=CARTESIAN_POINT('',(28.464343258345050,3.646386686249132,0.402962789023724));
#7864=VERTEX_POINT('',#7863);
#7865=CARTESIAN_POINT('',(28.464343258345050,3.646386686249132,0.402962789023724));
#7866=CARTESIAN_POINT('',(28.463888944018240,3.646401361813919,0.402559970998079));
#7867=CARTESIAN_POINT('',(28.463435826481060,3.646416150778360,0.402156542260577));
#7868=CARTESIAN_POINT('',(28.462983914680869,3.646431053096408,0.401752506606883));
#7869=CARTESIAN_POINT('',(28.451637308243619,3.646809082422569,0.391565478970657));
#7870=CARTESIAN_POINT('',(28.441062301259869,3.647259063971729,0.380996524113609));
#7871=CARTESIAN_POINT('',(28.431756780333519,3.647756948768030,0.370574751172872));
#7872=CARTESIAN_POINT('',(28.419571742076151,3.648578949071923,0.355056772757290));
#7873=CARTESIAN_POINT('',(28.409454414483861,3.649539030017757,0.339117636340442));
#7874=CARTESIAN_POINT('',(28.406508605369421,3.649851295634314,0.334116617935199));
#7875=CARTESIAN_POINT('',(28.401137045235320,3.650490235190683,0.324232271303036));
#7876=CARTESIAN_POINT('',(28.396614116664630,3.651177813856997,0.314263459958779));
#7877=CARTESIAN_POINT('',(28.394601179021759,3.651527513465840,0.309346027862731));
#7878=CARTESIAN_POINT('',(28.391085091625310,3.652234717332670,0.299696067401169));
#7879=CARTESIAN_POINT('',(28.388422922441801,3.652981052909809,0.290069072742117));
#7880=CARTESIAN_POINT('',(28.387325688669389,3.653355503977872,0.285365670396757));
#7881=CARTESIAN_POINT('',(28.385991484093719,3.653925176845477,0.278388113285168));
#7882=CARTESIAN_POINT('',(28.385105347303071,3.654511629530133,0.271463909979280));
#7883=CARTESIAN_POINT('',(28.384861674757659,3.654706857080468,0.269186132106488));
#7884=CARTESIAN_POINT('',(28.384471454769759,3.655101194253363,0.264639447631968));
#7885=CARTESIAN_POINT('',(28.384277497837029,3.655504232483950,0.260101264800024));
#7886=CARTESIAN_POINT('',(28.384230175104410,3.655707453420206,0.257839822092082));
#7887=CARTESIAN_POINT('',(28.384245416448540,3.656739991699760,0.246485548196898));
#7888=CARTESIAN_POINT('',(28.385541737050922,3.657842201795335,0.235045066232328));
#7889=CARTESIAN_POINT('',(28.387450530014739,3.658773861209331,0.225806708891726));
#7890=CARTESIAN_POINT('',(28.391616505307791,3.660192340621343,0.212410201410175));
#7891=CARTESIAN_POINT('',(28.397823921432831,3.661664884582895,0.199503120950365));
#7892=CARTESIAN_POINT('',(28.400008040215759,3.662137922708216,0.195457820984618));
#7893=CARTESIAN_POINT('',(28.407010505791671,3.663532700377148,0.183828818179516));
#7894=CARTESIAN_POINT('',(28.415713447892401,3.664946851410018,0.172889881908017));
#7895=CARTESIAN_POINT('',(28.422121314059162,3.665882218198460,0.166000539588039));
#7896=CARTESIAN_POINT('',(28.434431517109360,3.667477053048140,0.154989403242410));
#7897=CARTESIAN_POINT('',(28.448556254637289,3.669008550605903,0.145639092165925));
#7898=CARTESIAN_POINT('',(28.454797857383269,3.669640235778542,0.142003240436896));
#7899=CARTESIAN_POINT('',(28.463109264136889,3.670435690130044,0.137664658060296));
#7900=CARTESIAN_POINT('',(28.471572836809841,3.671221585838299,0.133512089246796));
#7901=CARTESIAN_POINT('',(28.473314100652772,3.671382511455158,0.132666136476370));
#7902=CARTESIAN_POINT('',(28.571548426197339,3.680470955800624,0.084834078014132));
#7903=CARTESIAN_POINT('',(28.671508793864621,3.689715292772911,0.036203365902127));
#7904=CARTESIAN_POINT('',(28.770144874243439,3.698839854867805,-0.011812739783818));
#7905=CARTESIAN_POINT('',(28.907996872306409,3.711596166451365,-0.078963074842526));
#7906=CARTESIAN_POINT('',(29.045268699247849,3.724307230834438,-0.145923670323344));
#7907=CARTESIAN_POINT('',(29.083779909672909,3.727874041291896,-0.164717616088665));
#7908=CARTESIAN_POINT('',(29.146388872998688,3.733674146281047,-0.195287209428956));
#7909=CARTESIAN_POINT('',(29.208606166711490,3.739440827344311,-0.225697042155560));
#7910=CARTESIAN_POINT('',(29.231950651940430,3.741605008183068,-0.237112261117180));
#7911=CARTESIAN_POINT('',(29.279633749724550,3.746026386048897,-0.260438218555056));
#7912=CARTESIAN_POINT('',(29.327002405781890,3.750420473482549,-0.283630888423624));
#7913=CARTESIAN_POINT('',(29.350548534362851,3.752605181818705,-0.295164889634357));
#7914=CARTESIAN_POINT('',(29.400063709502469,3.757200496606344,-0.319431742047677));
#7915=CARTESIAN_POINT('',(29.449360360748891,3.761777961634367,-0.343618245449425));
#7916=CARTESIAN_POINT('',(29.475677014750641,3.764222339528251,-0.356538086333269));
#7917=CARTESIAN_POINT('',(29.600406455067709,3.775811251912639,-0.417812424369127));
#7918=CARTESIAN_POINT('',(29.724098515685650,3.787321643542545,-0.478773729857855));
#7919=CARTESIAN_POINT('',(29.821520868479379,3.796400793717452,-0.526934815076675));
#7920=CARTESIAN_POINT('',(29.995055259033379,3.812600280207096,-0.613021180145695));
#7921=CARTESIAN_POINT('',(30.166910904293410,3.828698172265824,-0.698881282593352));
#7922=CARTESIAN_POINT('',(30.242676072251271,3.835806997895374,-0.736864145183210));
#7923=CARTESIAN_POINT('',(30.475867791758692,3.857726572703667,-0.854207420942421));
#7924=CARTESIAN_POINT('',(30.706822847158190,3.879571071644339,-0.971912607154173));
#7925=CARTESIAN_POINT('',(30.862296385137281,3.894349608595522,-1.051955946355045));
#7926=CARTESIAN_POINT('',(31.144020819452042,3.921287811851604,-1.198746210697421));
#7927=CARTESIAN_POINT('',(31.422965620049940,3.948303872910287,-1.347869728702672));
#7928=CARTESIAN_POINT('',(31.548163385912261,3.960508820264232,-1.415674341013459));
#7929=CARTESIAN_POINT('',(31.812007134546931,3.986422030660681,-1.560683108109572));
#7930=CARTESIAN_POINT('',(32.071102695349673,4.012329562888763,-1.708151527401073));
#7931=CARTESIAN_POINT('',(32.206455126198122,4.026011131970751,-1.786811398427522));
#7932=CARTESIAN_POINT('',(32.467757719432669,4.052749601034717,-1.942251374266467));
#7933=CARTESIAN_POINT('',(32.718555300951380,4.079104695504819,-2.099052616869047));
#7934=CARTESIAN_POINT('',(32.838518914526958,4.091895538697851,-2.176084878253088));
#7935=CARTESIAN_POINT('',(33.047941354298032,4.114574342794795,-2.314408683803471));
#7936=CARTESIAN_POINT('',(33.243770430260192,4.136426527933028,-2.450856625409601));
#7937=CARTESIAN_POINT('',(33.327834651016907,4.145943937581098,-2.510936009051967));
#7938=CARTESIAN_POINT('',(33.479814295240892,4.163413529985275,-2.622448434809641));
#7939=CARTESIAN_POINT('',(33.619144477132288,4.179924253172224,-2.730128293565040));
#7940=CARTESIAN_POINT('',(33.681459662306757,4.187424094271055,-2.779558356149936));
#7941=CARTESIAN_POINT('',(33.829110255005453,4.205478689271189,-2.899807831160228));
#7942=CARTESIAN_POINT('',(33.957780263363048,4.221906080860078,-3.012233141032090));
#7943=CARTESIAN_POINT('',(34.028004246813481,4.231129502231740,-3.076429027035963));
#7944=CARTESIAN_POINT('',(34.131320120821627,4.245086436189028,-3.175136236551607));
#7945=CARTESIAN_POINT('',(34.222437648831843,4.258041170775315,-3.269294437271157));
#7946=CARTESIAN_POINT('',(34.255449586570172,4.262834285872583,-3.304504114448011));
#7947=CARTESIAN_POINT('',(34.327528039136560,4.273529582115964,-3.383911911023528));
#7948=CARTESIAN_POINT('',(34.396140209948967,4.284273543068402,-3.465696444305240));
#7949=CARTESIAN_POINT('',(34.434109196449263,4.290406179571275,-3.513013549279977));
#7950=CARTESIAN_POINT('',(34.472604851381178,4.296833811264697,-3.563297117256500));
#7951=CARTESIAN_POINT('',(34.512350946394633,4.303720824078744,-3.617971649598160));
#7952=B_SPLINE_CURVE_WITH_KNOTS('',5,(#7865,#7866,#7867,#7868,#7869,#7870,#7871,#7872,#7873,#7874,#7875,#7876,#7877,#7878,#7879,#7880,#7881,#7882,#7883,#7884,#7885,#7886,#7887,#7888,#7889,#7890,#7891,#7892,#7893,#7894,#7895,#7896,#7897,#7898,#7899,#7900,#7901,#7902,#7903,#7904,#7905,#7906,#7907,#7908,#7909,#7910,#7911,#7912,#7913,#7914,#7915,#7916,#7917,#7918,#7919,#7920,#7921,#7922,#7923,#7924,#7925,#7926,#7927,#7928,#7929,#7930,#7931,#7932,#7933,#7934,#7935,#7936,#7937,#7938,#7939,#7940,#7941,#7942,#7943,#7944,#7945,#7946,#7947,#7948,#7949,#7950,#7951),.UNSPECIFIED.,.F.,.U.,(6,3,3,3,3,3,3,3,3,3,3,3,3,3,3,3,3,3,3,3,3,3,3,3,3,3,3,3,6),(8.351907152606229,8.356444230583673,8.466130605521784,8.515633216572047,8.563557123065847,8.609610427393511,8.632254617887847,8.654919713379689,8.745381902139796,8.787626611333874,8.869138077719409,8.928607461951032,8.945757094709149,9.815604582439121,10.155761353865239,10.370233541646760,10.583548398965950,10.819982010415570,11.724927729779999,12.441889154146279,13.941795708672480,15.172455679176890,16.554283942400080,17.883421245407050,18.946864862799220,19.885073190700620,21.284269796573628,22.135620553964351,23.205557407087451),.UNSPECIFIED.);
#7953=EDGE_CURVE('',#7864,#7580,#7952,.T.);
#7954=ORIENTED_EDGE('',*,*,#7953,.F.);
#7955=CARTESIAN_POINT('',(28.464343258345060,3.646386686249133,0.402962789023724));
#7956=CARTESIAN_POINT('',(33.327977902938642,10.058042668916430,0.402961258254748));
#7957=CARTESIAN_POINT('',(38.191612547532017,16.469698651583840,0.402959727485995));
#7958=CARTESIAN_POINT('',(43.055247192125158,22.881354634251561,0.402958196717591));
#7959=CARTESIAN_POINT('',(47.918881836717908,29.293010616918330,0.402956665948937));
#7960=CARTESIAN_POINT('',(52.782516481311447,35.704666599586432,0.402955135180459));
#7961=B_SPLINE_CURVE_WITH_KNOTS('',5,(#7955,#7956,#7957,#7958,#7959,#7960),.UNSPECIFIED.,.F.,.U.,(6,6),(4.872182028708602,45.110308972005242),.UNSPECIFIED.);
#7962=EDGE_CURVE('',#7864,#7765,#7961,.T.);
#7963=ORIENTED_EDGE('',*,*,#7962,.T.);
#7964=EDGE_LOOP('',(#7861,#7862,#7954,#7963));
#7965=FACE_OUTER_BOUND('',#7964,.T.);
#7966=ADVANCED_FACE('FLAP',(#7965),#7763,.F.);
#7967=CARTESIAN_POINT('',(34.533588314196372,4.303147042780567,-3.600376744579310));
#7968=CARTESIAN_POINT('',(34.412191115849367,4.244490120990343,-3.434747076600674));
#7969=CARTESIAN_POINT('',(34.308817201716337,4.201229165793579,-3.308202305813398));
#7970=CARTESIAN_POINT('',(34.145159639636923,4.137939123531106,-3.119130100907515));
#7971=CARTESIAN_POINT('',(33.822095055082663,4.029113326280791,-2.780814840437548));
#7972=CARTESIAN_POINT('',(33.328625767395692,3.889617740493617,-2.321990287620601));
#7973=CARTESIAN_POINT('',(33.007001762943069,3.804437102797900,-2.035381257021430));
#7974=CARTESIAN_POINT('',(32.623674381523202,3.706264483242869,-1.701047096811482));
#7975=CARTESIAN_POINT('',(32.372902727301870,3.642803900896082,-1.483981848552981));
#7976=CARTESIAN_POINT('',(32.229997442105152,3.606821371887408,-1.360677434776567));
#7977=CARTESIAN_POINT('',(32.093157439736423,3.573599243009546,-1.245279287014764));
#7978=CARTESIAN_POINT('',(31.961827726815599,3.542794604582914,-1.136868184213932));
#7979=CARTESIAN_POINT('',(31.806034664213040,3.507487960498096,-1.010942064836842));
#7980=CARTESIAN_POINT('',(31.663870343236340,3.477244074397760,-0.900310762522118));
#7981=CARTESIAN_POINT('',(31.611398077328211,3.466420560537785,-0.860212789458076));
#7982=CARTESIAN_POINT('',(31.330718903769760,3.410363083291280,-0.649709803501395));
#7983=CARTESIAN_POINT('',(31.010981890936659,3.356227219401982,-0.430986766438731));
#7984=CARTESIAN_POINT('',(30.593949331850119,3.296339699817965,-0.168945476929422));
#7985=CARTESIAN_POINT('',(30.153024015625991,3.251429196640018,0.068210314529862));
#7986=CARTESIAN_POINT('',(29.735035280439529,3.227779225037101,0.252012144845985));
#7987=CARTESIAN_POINT('',(29.466387584360220,3.216997478642516,0.360567651060946));
#7988=CARTESIAN_POINT('',(28.968957863034159,3.215218728142048,0.522155261940886));
#7989=CARTESIAN_POINT('',(28.655900103559500,3.237012079255093,0.574188438217863));
#7990=CARTESIAN_POINT('',(28.444205853565229,3.279239894673165,0.549789347870214));
#7991=CARTESIAN_POINT('',(28.316331609887079,3.332083234056511,0.475802890561713));
#7992=CARTESIAN_POINT('',(28.263921682134661,3.369665338850219,0.410964893936359));
#7993=CARTESIAN_POINT('',(28.261853443237499,3.371191361952750,0.408313160062881));
#7994=CARTESIAN_POINT('',(28.259846292672272,3.372716101449347,0.405644837546168));
#7995=CARTESIAN_POINT('',(28.257901760779440,3.374237982728707,0.402962853996722));
#7996=CARTESIAN_POINT('',(39.438749193935749,10.769546433098199,-3.600378288418023));
#7997=CARTESIAN_POINT('',(39.317351995588567,10.710889511307810,-3.434748620439346));
#7998=CARTESIAN_POINT('',(39.213978081455558,10.667628556110991,-3.308203849652127));
#7999=CARTESIAN_POINT('',(39.050320519375788,10.604338513848189,-3.119131644746157));
#8000=CARTESIAN_POINT('',(38.727255934821592,10.495512716597631,-2.780816384276383));
#8001=CARTESIAN_POINT('',(38.233786647134181,10.356017130810200,-2.321991831459236));
#8002=CARTESIAN_POINT('',(37.912162642681558,10.270836493114279,-2.035382800860200));
#8003=CARTESIAN_POINT('',(37.528835261261783,10.172663873559159,-1.701048640650352));
#8004=CARTESIAN_POINT('',(37.278063607040110,10.109203291212220,-1.483983392391695));
#8005=CARTESIAN_POINT('',(37.135158321843221,10.073220762203389,-1.360678978615236));
#8006=CARTESIAN_POINT('',(36.998318319474613,10.039998633325430,-1.245280830853570));
#8007=CARTESIAN_POINT('',(36.866988606553633,10.009193994898880,-1.136869728052578));
#8008=CARTESIAN_POINT('',(36.711195543951213,9.973887350814000,-1.010943608675631));
#8009=CARTESIAN_POINT('',(36.569031222974523,9.943643464713693,-0.900312306360897));
#8010=CARTESIAN_POINT('',(36.516558957066373,9.932819950853721,-0.860214333296850));
#8011=CARTESIAN_POINT('',(36.235879783507883,9.876762473607172,-0.649711347340153));
#8012=CARTESIAN_POINT('',(35.916142770674810,9.822626609717942,-0.430988310277485));
#8013=CARTESIAN_POINT('',(35.499110211588437,9.762739090134115,-0.168947020768182));
#8014=CARTESIAN_POINT('',(35.058184895364327,9.717828586955898,0.068208770690924));
#8015=CARTESIAN_POINT('',(34.640196160177922,9.694178615353207,0.252010601007136));
#8016=CARTESIAN_POINT('',(34.371548464098836,9.683396868958646,0.360566107221949));
#8017=CARTESIAN_POINT('',(33.874118742772758,9.681618118458319,0.522153718101969));
#8018=CARTESIAN_POINT('',(33.561060983297637,9.703411469570925,0.574186894379048));
#8019=CARTESIAN_POINT('',(33.349366733303853,9.745639284989441,0.549787804031294));
#8020=CARTESIAN_POINT('',(33.221492489625540,9.798482624372657,0.475801346722845));
#8021=CARTESIAN_POINT('',(33.169082561873111,9.836064729166385,0.410963350097504));
#8022=CARTESIAN_POINT('',(33.167014322975938,9.837590752268914,0.408311616224027));
#8023=CARTESIAN_POINT('',(33.165007172410718,9.839115491765515,0.405643293707313));
#8024=CARTESIAN_POINT('',(33.163062640517893,9.840637373044874,0.402961310157869));
#8025=CARTESIAN_POINT('',(44.343910073675119,17.235945823415840,-3.600379832256735));
#8026=CARTESIAN_POINT('',(44.222512875327787,17.177288901625278,-3.434750164278036));
#8027=CARTESIAN_POINT('',(44.119138961194849,17.134027946428400,-3.308205393490900));
#8028=CARTESIAN_POINT('',(43.955481399114653,17.070737904165259,-3.119133188584791));
#8029=CARTESIAN_POINT('',(43.632416814560393,16.961912106914529,-2.780817928115070));
#8030=CARTESIAN_POINT('',(43.138947526872442,16.822416521126801,-2.321993375297714));
#8031=CARTESIAN_POINT('',(42.817323522419642,16.737235883430671,-2.035384344698660));
#8032=CARTESIAN_POINT('',(42.433996140999653,16.639063263875389,-1.701050184488721));
#8033=CARTESIAN_POINT('',(42.183224486777640,16.575602681528331,-1.483984936229902));
#8034=CARTESIAN_POINT('',(42.040319201581141,16.539620152519419,-1.360680522453782));
#8035=CARTESIAN_POINT('',(41.903479199212327,16.506398023641381,-1.245282374691990));
#8036=CARTESIAN_POINT('',(41.772149486291497,16.475593385214921,-1.136871271891075));
#8037=CARTESIAN_POINT('',(41.616356423689020,16.440286741129970,-1.010945152514113));
#8038=CARTESIAN_POINT('',(41.474192102712372,16.410042855029690,-0.900313850199387));
#8039=CARTESIAN_POINT('',(41.421719836804208,16.399219341169719,-0.860215877135342));
#8040=CARTESIAN_POINT('',(41.141040663245789,16.343161863923140,-0.649712891178714));
#8041=CARTESIAN_POINT('',(40.821303650412673,16.289026000033971,-0.430989854115982));
#8042=CARTESIAN_POINT('',(40.404271091326493,16.229138480450320,-0.168948564606732));
#8043=CARTESIAN_POINT('',(39.963345775102361,16.184227977271899,0.068207226852298));
#8044=CARTESIAN_POINT('',(39.545357039916112,16.160578005669421,0.252009057168506));
#8045=CARTESIAN_POINT('',(39.276709343836941,16.149796259274819,0.360564563383363));
#8046=CARTESIAN_POINT('',(38.779279622510948,16.148017508774640,0.522152174263401));
#8047=CARTESIAN_POINT('',(38.466221863035763,16.169810859886979,0.574185350540381));
#8048=CARTESIAN_POINT('',(38.254527613042093,16.212038675305791,0.549786260192700));
#8049=CARTESIAN_POINT('',(38.126653369363702,16.264882014688901,0.475799802884259));
#8050=CARTESIAN_POINT('',(38.074243441611351,16.302464119482661,0.410961806258877));
#8051=CARTESIAN_POINT('',(38.072175202714178,16.303990142585199,0.408310072385399));
#8052=CARTESIAN_POINT('',(38.070168052148958,16.305514882081791,0.405641749868684));
#8053=CARTESIAN_POINT('',(38.068223520256133,16.307036763361150,0.402959766319239));
#8054=CARTESIAN_POINT('',(49.249070953414488,23.702345213733469,-3.600381376095447));
#8055=CARTESIAN_POINT('',(49.127673755067050,23.643688291942770,-3.434751708116734));
#8056=CARTESIAN_POINT('',(49.024299840934013,23.600427336745771,-3.308206937329608));
#8057=CARTESIAN_POINT('',(48.860642278853703,23.537137294482349,-3.119134732423588));
#8058=CARTESIAN_POINT('',(48.537577694299529,23.428311497231750,-2.780819471953861));
#8059=CARTESIAN_POINT('',(48.044108406611286,23.288815911443589,-2.321994919136521));
#8060=CARTESIAN_POINT('',(47.722484402158500,23.203635273747349,-2.035385888537488));
#8061=CARTESIAN_POINT('',(47.339157020737787,23.105462654191790,-1.701051728327219));
#8062=CARTESIAN_POINT('',(47.088385366516221,23.042002071844809,-1.483986480068664));
#8063=CARTESIAN_POINT('',(46.945480081319253,23.006019542835620,-1.360682066292359));
#8064=CARTESIAN_POINT('',(46.808640078950667,22.972797413957760,-1.245283918530624));
#8065=CARTESIAN_POINT('',(46.677310366029651,22.941992775531240,-1.136872815729598));
#8066=CARTESIAN_POINT('',(46.521517303427359,22.906686131446360,-1.010946696352754));
#8067=CARTESIAN_POINT('',(46.379352982450591,22.876442245346070,-0.900315394037960));
#8068=CARTESIAN_POINT('',(46.326880716542533,22.865618731486109,-0.860217420973950));
#8069=CARTESIAN_POINT('',(46.046201542983702,22.809561254239370,-0.649714435017126));
#8070=CARTESIAN_POINT('',(45.726464530150949,22.755425390350371,-0.430991397954563));
#8071=CARTESIAN_POINT('',(45.309431971064768,22.695537870766788,-0.168950108445243));
#8072=CARTESIAN_POINT('',(44.868506654840310,22.650627367588339,0.068205683013960));
#8073=CARTESIAN_POINT('',(44.450517919654366,22.626977395986021,0.252007513330045));
#8074=CARTESIAN_POINT('',(44.181870223574919,22.616195649591301,0.360563019545036));
#8075=CARTESIAN_POINT('',(43.684440502249210,22.614416899091260,0.522150630424933));
#8076=CARTESIAN_POINT('',(43.371382742773818,22.636210250203629,0.574183806702108));
#8077=CARTESIAN_POINT('',(43.159688492780433,22.678438065622501,0.549784716354249));
#8078=CARTESIAN_POINT('',(43.031814249101771,22.731281405005539,0.475798259045962));
#8079=CARTESIAN_POINT('',(42.979404321349371,22.768863509799289,0.410960262420610));
#8080=CARTESIAN_POINT('',(42.977336082452197,22.770389532901820,0.408308528547132));
#8081=CARTESIAN_POINT('',(42.975328931886970,22.771914272398419,0.405640206030419));
#8082=CARTESIAN_POINT('',(42.973384399994139,22.773436153677778,0.402958222480974));
#8083=CARTESIAN_POINT('',(54.154231833153901,30.168744604051120,-3.600382919934161));
#8084=CARTESIAN_POINT('',(54.032834634806342,30.110087682260239,-3.434753251955469));
#8085=CARTESIAN_POINT('',(53.929460720673347,30.066826727063230,-3.308208481168371));
#8086=CARTESIAN_POINT('',(53.765803158592760,30.003536684799499,-3.119136276262321));
#8087=CARTESIAN_POINT('',(53.442738574038501,29.894710887548289,-2.780821015792888));
#8088=CARTESIAN_POINT('',(52.949269286349718,29.755215301760089,-2.321996462975161));
#8089=CARTESIAN_POINT('',(52.627645281896811,29.670034664063490,-2.035387432376266));
#8090=CARTESIAN_POINT('',(52.244317900476062,29.571862044507871,-1.701053272166009));
#8091=CARTESIAN_POINT('',(51.993546246254333,29.508401462160670,-1.483988023907424));
#8092=CARTESIAN_POINT('',(51.850640961057437,29.472418933151459,-1.360683610131184));
#8093=CARTESIAN_POINT('',(51.713800958688473,29.439196804273191,-1.245285462369409));
#8094=CARTESIAN_POINT('',(51.582471245767557,29.408392165846909,-1.136874359568337));
#8095=CARTESIAN_POINT('',(51.426678183165187,29.373085521761841,-1.010948240191554));
#8096=CARTESIAN_POINT('',(51.284513862188433,29.342841635661571,-0.900316937876730));
#8097=CARTESIAN_POINT('',(51.232041596280347,29.332018121801632,-0.860218964812721));
#8098=CARTESIAN_POINT('',(50.951362422721033,29.275960644554772,-0.649715978855566));
#8099=CARTESIAN_POINT('',(50.631625409888812,29.221824780665930,-0.430992941793324));
#8100=CARTESIAN_POINT('',(50.214592850802440,29.161937261082500,-0.168951652283795));
#8101=CARTESIAN_POINT('',(49.773667534577719,29.117026757903599,0.068204139175394));
#8102=CARTESIAN_POINT('',(49.355678799391967,29.093376786301580,0.252005969491479));
#8103=CARTESIAN_POINT('',(49.087031103312412,29.082595039906909,0.360561475706597));
#8104=CARTESIAN_POINT('',(48.589601381986967,29.080816289407071,0.522149086586408));
#8105=CARTESIAN_POINT('',(48.276543622510900,29.102609640518640,0.574182262863591));
#8106=CARTESIAN_POINT('',(48.064849372518189,29.144837455938241,0.549783172515670));
#8107=CARTESIAN_POINT('',(47.936975128839293,29.197680795321119,0.475796715207451));
#8108=CARTESIAN_POINT('',(47.884565201086971,29.235262900114918,0.410958718582088));
#8109=CARTESIAN_POINT('',(47.882496962189798,29.236788923217460,0.408306984708610));
#8110=CARTESIAN_POINT('',(47.880489811624571,29.238313662714049,0.405638662191896));
#8111=CARTESIAN_POINT('',(47.878545279731718,29.239835543993411,0.402956678642451));
#8112=CARTESIAN_POINT('',(59.059392712893263,36.635143994368732,-3.600384463772873));
#8113=CARTESIAN_POINT('',(58.937995514545591,36.576487072577770,-3.434754795794174));
#8114=CARTESIAN_POINT('',(58.834621600412362,36.533226117380543,-3.308210025007005));
#8115=CARTESIAN_POINT('',(58.670964038331810,36.469936075116742,-3.119137820101010));
#8116=CARTESIAN_POINT('',(58.347899453776932,36.361110277865237,-2.780822559631265));
#8117=CARTESIAN_POINT('',(57.854430166088747,36.221614692077146,-2.321998006813924));
#8118=CARTESIAN_POINT('',(57.532806161635392,36.136434054380118,-2.035388976214980));
#8119=CARTESIAN_POINT('',(57.149478780214721,36.038261434824129,-1.701054816004968));
#8120=CARTESIAN_POINT('',(56.898707125993070,35.974800852476967,-1.483989567746427));
#8121=CARTESIAN_POINT('',(56.755801840795783,35.938818323467878,-1.360685153969833));
#8122=CARTESIAN_POINT('',(56.618961838427083,35.905596194589521,-1.245287006208328));
#8123=CARTESIAN_POINT('',(56.487632125505861,35.874791556163203,-1.136875903407009));
#8124=CARTESIAN_POINT('',(56.331839062903818,35.839484912078198,-1.010949784030430));
#8125=CARTESIAN_POINT('',(56.189674741927007,35.809241025977947,-0.900318481715543));
#8126=CARTESIAN_POINT('',(56.137202476018928,35.798417512118007,-0.860220508651550));
#8127=CARTESIAN_POINT('',(55.856523302459102,35.742360034870437,-0.649717522694439));
#8128=CARTESIAN_POINT('',(55.536786289627400,35.688224170982430,-0.430994485632101));
#8129=CARTESIAN_POINT('',(55.119753730540857,35.628336651398371,-0.168953196122802));
#8130=CARTESIAN_POINT('',(54.678828414316342,35.583426148220582,0.068202595336884));
#8131=CARTESIAN_POINT('',(54.260839679130633,35.559776176618278,0.252004425652788));
#8132=CARTESIAN_POINT('',(53.992191983050937,35.548994430223772,0.360559931868085));
#8133=CARTESIAN_POINT('',(53.494762261725633,35.547215679723912,0.522147542747782));
#8134=CARTESIAN_POINT('',(53.181704502249211,35.569009030835538,0.574180719025283));
#8135=CARTESIAN_POINT('',(52.970010252256778,35.611236846255053,0.549781628677076));
#8136=CARTESIAN_POINT('',(52.842136008577832,35.664080185638149,0.475795171369035));
#8137=CARTESIAN_POINT('',(52.789726080825403,35.701662290431912,0.410957174743739));
#8138=CARTESIAN_POINT('',(52.787657841928223,35.703188313534447,0.408305440870263));
#8139=CARTESIAN_POINT('',(52.785650691363003,35.704713053031050,0.405637118353551));
#8140=CARTESIAN_POINT('',(52.783706159470157,35.706234934310423,0.402955134804107));
#8141=B_SPLINE_SURFACE_WITH_KNOTS('',5,5,((#7967,#7996,#8025,#8054,#8083,#8112),(#7968,#7997,#8026,#8055,#8084,#8113),(#7969,#7998,#8027,#8056,#8085,#8114),(#7970,#7999,#8028,#8057,#8086,#8115),(#7971,#8000,#8029,#8058,#8087,#8116),(#7972,#8001,#8030,#8059,#8088,#8117),(#7973,#8002,#8031,#8060,#8089,#8118),(#7974,#8003,#8032,#8061,#8090,#8119),(#7975,#8004,#8033,#8062,#8091,#8120),(#7976,#8005,#8034,#8063,#8092,#8121),(#7977,#8006,#8035,#8064,#8093,#8122),(#7978,#8007,#8036,#8065,#8094,#8123),(#7979,#8008,#8037,#8066,#8095,#8124),(#7980,#8009,#8038,#8067,#8096,#8125),(#7981,#8010,#8039,#8068,#8097,#8126),(#7982,#8011,#8040,#8069,#8098,#8127),(#7983,#8012,#8041,#8070,#8099,#8128),(#7984,#8013,#8042,#8071,#8100,#8129),(#7985,#8014,#8043,#8072,#8101,#8130),(#7986,#8015,#8044,#8073,#8102,#8131),(#7987,#8016,#8045,#8074,#8103,#8132),(#7988,#8017,#8046,#8075,#8104,#8133),(#7989,#8018,#8047,#8076,#8105,#8134),(#7990,#8019,#8048,#8077,#8106,#8135),(#7991,#8020,#8049,#8078,#8107,#8136),(#7992,#8021,#8050,#8079,#8108,#8137),(#7993,#8022,#8051,#8080,#8109,#8138),(#7994,#8023,#8052,#8081,#8110,#8139),(#7995,#8024,#8053,#8082,#8111,#8140)),.UNSPECIFIED.,.F.,.F.,.U.,(6,2,1,3,2,3,3,2,3,1,3,6),(6,6),(0.0,1.919342676038272,2.879014014057129,4.318521021085757,4.558438855590292,5.278192359104382,5.758028028113521,7.677370704149989,8.637042042168119,9.596713380186243,11.516056056223320,11.597252747261710),(4.530593081661055,45.112277475987327),.UNSPECIFIED.);
#8142=CARTESIAN_POINT('',(59.058193186889760,36.633562677383033,-3.600384463395227));
#8143=CARTESIAN_POINT('',(59.039844009537667,36.624696688209383,-3.575349551405870));
#8144=CARTESIAN_POINT('',(59.021425029505792,36.615949755599281,-3.550550550884899));
#8145=CARTESIAN_POINT('',(59.002934476786500,36.607327106352898,-3.525998229250444));
#8146=CARTESIAN_POINT('',(58.964843343965512,36.589897012008798,-3.476141063419345));
#8147=CARTESIAN_POINT('',(58.926303966499802,36.572950583418290,-3.427190067052178));
#8148=CARTESIAN_POINT('',(58.906428683262092,36.564392064132718,-3.402337641718374));
#8149=CARTESIAN_POINT('',(58.862228439468943,36.545753998450500,-3.347925080234510));
#8150=CARTESIAN_POINT('',(58.817148800695897,36.527594631018417,-3.294271202995203));
#8151=CARTESIAN_POINT('',(58.792232917041183,36.517800268074907,-3.265141797469522));
#8152=CARTESIAN_POINT('',(58.731475215935788,36.494467638105540,-3.195303726900957));
#8153=CARTESIAN_POINT('',(58.668766286154998,36.471629740397823,-3.125919212711953));
#8154=CARTESIAN_POINT('',(58.631477297699128,36.458428569238173,-3.085482276763114));
#8155=CARTESIAN_POINT('',(58.568003372144567,36.436529023776060,-3.017888987989209));
#8156=CARTESIAN_POINT('',(58.502801435440631,36.414903675403913,-2.950342045101933));
#8157=CARTESIAN_POINT('',(58.476336031972870,36.406255409674550,-2.923205362405460));
#8158=CARTESIAN_POINT('',(58.392825157065793,36.379346924883002,-2.838401827533367));
#8159=CARTESIAN_POINT('',(58.307026053396527,36.352825147274871,-2.753710849598272));
#8160=CARTESIAN_POINT('',(58.247625569930157,36.334914874535883,-2.696055700907138));
#8161=CARTESIAN_POINT('',(58.112595519825078,36.295054033218847,-2.566842099424866));
#8162=CARTESIAN_POINT('',(57.974363699130073,36.255908481062548,-2.438163545525469));
#8163=CARTESIAN_POINT('',(57.896761834094171,36.234343645883953,-2.366815721146720));
#8164=CARTESIAN_POINT('',(57.711607088740507,36.183702085319467,-2.198341103295172));
#8165=CARTESIAN_POINT('',(57.523539353752639,36.133880008531428,-2.030718939861915));
#8166=CARTESIAN_POINT('',(57.414314467923070,36.105346264343162,-1.934238820817097));
#8167=CARTESIAN_POINT('',(57.267219688969568,36.067336812899889,-1.805212218816350));
#8168=CARTESIAN_POINT('',(57.119413520997838,36.029563848528440,-1.676472601791206));
#8169=CARTESIAN_POINT('',(57.081978756782519,36.020020972347922,-1.643918515458998));
#8170=CARTESIAN_POINT('',(57.035246224241568,36.008134213157589,-1.603335902664619));
#8171=CARTESIAN_POINT('',(56.988466019194369,35.996264011233350,-1.562774059445649));
#8172=CARTESIAN_POINT('',(56.978667587465310,35.993779004582379,-1.554280897002582));
#8173=CARTESIAN_POINT('',(56.941278266539719,35.984299662907382,-1.521878927013268));
#8174=CARTESIAN_POINT('',(56.903858249211261,35.974834162215878,-1.489497222416398));
#8175=CARTESIAN_POINT('',(56.875555032690947,35.967701629968253,-1.465063002672279));
#8176=CARTESIAN_POINT('',(56.824484138507962,35.954907676855271,-1.421138414081436));
#8177=CARTESIAN_POINT('',(56.773288218184170,35.942238741945310,-1.377445146900594));
#8178=CARTESIAN_POINT('',(56.749995996222253,35.936509154692033,-1.357640698680903));
#8179=CARTESIAN_POINT('',(56.703968873267399,35.925251879053917,-1.318646130106921));
#8180=CARTESIAN_POINT('',(56.657841187282600,35.914103718485670,-1.279856171410416));
#8181=CARTESIAN_POINT('',(56.634717701892953,35.908549397067958,-1.260485105188478));
#8182=CARTESIAN_POINT('',(56.555369105810357,35.889610544366150,-1.194275006051220));
#8183=CARTESIAN_POINT('',(56.475727182489450,35.871033886334260,-1.128756921651815));
#8184=CARTESIAN_POINT('',(56.418940764415979,35.858026398384510,-1.082557109844624));
#8185=CARTESIAN_POINT('',(56.354838475160079,35.843659783657017,-1.031091618698305));
#8186=CARTESIAN_POINT('',(56.290559978724517,35.829649106518957,-0.980341719522995));
#8187=CARTESIAN_POINT('',(56.283180859074960,35.828045964940401,-0.974527100511962));
#8188=CARTESIAN_POINT('',(56.256721561022758,35.822316900527063,-0.953719500073666));
#8189=CARTESIAN_POINT('',(56.230240202988618,35.816653913786332,-0.933048122691980));
#8190=CARTESIAN_POINT('',(56.211247996169128,35.812631375882539,-0.918307116162706));
#8191=CARTESIAN_POINT('',(56.173068465516103,35.804630220353040,-0.888858425006790));
#8192=CARTESIAN_POINT('',(56.134743130922637,35.796775376999243,-0.859680619645619));
#8193=CARTESIAN_POINT('',(56.115629836249212,35.792903454546710,-0.845227663447466));
#8194=CARTESIAN_POINT('',(56.089100231002483,35.787590720210822,-0.825300132164815));
#8195=CARTESIAN_POINT('',(56.062444482745867,35.782335624886109,-0.805457528871373));
#8196=CARTESIAN_POINT('',(56.055151102622908,35.780903875469143,-0.800041577455064));
#8197=CARTESIAN_POINT('',(56.040600259643178,35.778059528710408,-0.789262574713518));
#8198=CARTESIAN_POINT('',(56.026012663028233,35.775232114868203,-0.778508618134337));
#8199=CARTESIAN_POINT('',(56.018462367420753,35.773775003957809,-0.772956229260297));
#8200=CARTESIAN_POINT('',(55.909363801782199,35.752812104920707,-0.692925396047577));
#8201=CARTESIAN_POINT('',(55.798345351983741,35.732827289054583,-0.614405684849029));
#8202=CARTESIAN_POINT('',(55.693151039859799,35.715038171350251,-0.542491826327674));
#8203=CARTESIAN_POINT('',(55.506884582103382,35.685514605557671,-0.419436325613076));
#8204=CARTESIAN_POINT('',(55.316539299844649,35.658826569558371,-0.301233217004500));
#8205=CARTESIAN_POINT('',(55.234360291835749,35.647939291159403,-0.251576762484671));
#8206=CARTESIAN_POINT('',(55.086917341785153,35.629556420146137,-0.164978871076863));
#8207=CARTESIAN_POINT('',(54.937362240170231,35.613025669351543,-0.081725541991574));
#8208=CARTESIAN_POINT('',(54.871467724300352,35.606155084191272,-0.045938805017029));
#8209=CARTESIAN_POINT('',(54.743245668401407,35.593611396254687,0.021908122837551));
#8210=CARTESIAN_POINT('',(54.613611260434610,35.582597662323103,0.086886851408753));
#8211=CARTESIAN_POINT('',(54.550642807719733,35.577651138006161,0.117575473437631));
#8212=CARTESIAN_POINT('',(54.430114450261378,35.568985082635791,0.174578243037644));
#8213=CARTESIAN_POINT('',(54.308501841106533,35.561861975517637,0.228580608105907));
#8214=CARTESIAN_POINT('',(54.250454731228032,35.558845611527097,0.253525188305869));
#8215=CARTESIAN_POINT('',(54.165604945520897,35.555031556070553,0.288697879871886));
#8216=CARTESIAN_POINT('',(54.080302517426823,35.552133340295100,0.322029092477625));
#8217=CARTESIAN_POINT('',(54.053511236882088,35.551317898603664,0.332292062638880));
#8218=CARTESIAN_POINT('',(54.001430514113942,35.549923398617288,0.351829424387081));
#8219=CARTESIAN_POINT('',(53.949193882342399,35.548908258503012,0.370593991565270));
#8220=CARTESIAN_POINT('',(53.923883259977117,35.548509532515517,0.379484242889310));
#8221=CARTESIAN_POINT('',(53.832273389422241,35.547417542649633,0.410900699756872));
#8222=CARTESIAN_POINT('',(53.740279048799842,35.547644757474679,0.439579797204723));
#8223=CARTESIAN_POINT('',(53.673673169869843,35.548577910281487,0.458678101771975));
#8224=CARTESIAN_POINT('',(53.554347885612913,35.551804229451683,0.489523559883558));
#8225=CARTESIAN_POINT('',(53.435445723024799,35.558302597646559,0.513142928646204));
#8226=CARTESIAN_POINT('',(53.383196668489020,35.561879103994187,0.521959391579924));
#8227=CARTESIAN_POINT('',(53.278501089406113,35.570719945493167,0.535996695327393));
#8228=CARTESIAN_POINT('',(53.176352207071851,35.583354554889553,0.541003734441355));
#8229=CARTESIAN_POINT('',(53.125746770343618,35.590826135450200,0.540856726959347));
#8230=CARTESIAN_POINT('',(53.047454991314368,35.604757198739563,0.535488671446122));
#8231=CARTESIAN_POINT('',(52.975340796309958,35.622175311215827,0.520603779930134));
#8232=CARTESIAN_POINT('',(52.949451109378941,35.629192092986422,0.513605106129811));
#8233=CARTESIAN_POINT('',(52.903036101028619,35.643418193476130,0.497489399577693));
#8234=CARTESIAN_POINT('',(52.862240603031459,35.659360533407153,0.475871918245068));
#8235=CARTESIAN_POINT('',(52.844461339998269,35.667222339548140,0.464469888793109));
#8236=CARTESIAN_POINT('',(52.825637034340119,35.676720169410103,0.449853287563266));
#8237=CARTESIAN_POINT('',(52.809050933239959,35.686551094636869,0.433804988906391));
#8238=CARTESIAN_POINT('',(52.806781571410284,35.687928389173138,0.431539426691405));
#8239=CARTESIAN_POINT('',(52.802331006191693,35.690694877625980,0.426954556064518));
#8240=CARTESIAN_POINT('',(52.798057614764559,35.693484040704362,0.422264357793159));
#8241=CARTESIAN_POINT('',(52.795971612395633,35.694879852519747,0.419900517178336));
#8242=CARTESIAN_POINT('',(52.791907320345672,35.697668639332079,0.415144828652301));
#8243=CARTESIAN_POINT('',(52.788020765054249,35.700475437009551,0.410293742308947));
#8244=CARTESIAN_POINT('',(52.786138735869173,35.701870591968557,0.407866645122537));
#8245=CARTESIAN_POINT('',(52.784303538752553,35.703267952078477,0.405419917907934));
#8246=CARTESIAN_POINT('',(52.782516464856180,35.704666628677003,0.402955077346382));
#8247=B_SPLINE_CURVE_WITH_KNOTS('',5,(#8142,#8143,#8144,#8145,#8146,#8147,#8148,#8149,#8150,#8151,#8152,#8153,#8154,#8155,#8156,#8157,#8158,#8159,#8160,#8161,#8162,#8163,#8164,#8165,#8166,#8167,#8168,#8169,#8170,#8171,#8172,#8173,#8174,#8175,#8176,#8177,#8178,#8179,#8180,#8181,#8182,#8183,#8184,#8185,#8186,#8187,#8188,#8189,#8190,#8191,#8192,#8193,#8194,#8195,#8196,#8197,#8198,#8199,#8200,#8201,#8202,#8203,#8204,#8205,#8206,#8207,#8208,#8209,#8210,#8211,#8212,#8213,#8214,#8215,#8216,#8217,#8218,#8219,#8220,#8221,#8222,#8223,#8224,#8225,#8226,#8227,#8228,#8229,#8230,#8231,#8232,#8233,#8234,#8235,#8236,#8237,#8238,#8239,#8240,#8241,#8242,#8243,#8244,#8245,#8246),.UNSPECIFIED.,.F.,.U.,(6,3,3,3,3,3,3,3,3,3,3,3,3,3,3,3,3,3,3,3,3,3,3,3,3,3,3,3,3,3,3,3,3,3,6),(0.0,0.177376625945605,0.363507015950378,0.588108887827966,0.903361763926775,1.115003121170927,1.565209566902206,2.128006924583410,2.897883476097695,3.158625491878114,3.223082272475920,3.418444946405343,3.576908442101633,3.735837009489058,4.121703952674193,4.172044992087024,4.301173387425409,4.430340412728771,4.478906553563193,4.527108336355854,5.200872911743851,5.704975020278177,6.097826860004567,6.464913898637626,6.797298406211075,6.949087121062118,7.091961151676476,7.464476846294869,7.758363802832162,8.056995583281362,8.235107919274867,8.393585426148176,8.419259336491454,8.444951447952983,8.470226953636999),.UNSPECIFIED.);
#8248=EDGE_CURVE('',#7571,#7765,#8247,.T.);
#8249=ORIENTED_EDGE('',*,*,#8248,.T.);
#8250=ORIENTED_EDGE('',*,*,#7962,.F.);
#8251=CARTESIAN_POINT('',(34.533588314198923,4.303147042784150,-3.600376744579179));
#8252=CARTESIAN_POINT('',(34.520025208985118,4.300265575172413,-3.575872619398942));
#8253=CARTESIAN_POINT('',(34.506329000485657,4.297399855223520,-3.551612487996854));
#8254=CARTESIAN_POINT('',(34.492495013634432,4.294550479771382,-3.527605401413084));
#8255=CARTESIAN_POINT('',(34.463940458306148,4.288762807474984,-3.479083643140012));
#8256=CARTESIAN_POINT('',(34.434690236883640,4.283025582152008,-3.431486541977086));
#8257=CARTESIAN_POINT('',(34.419570360277959,4.280109104219807,-3.407424076322886));
#8258=CARTESIAN_POINT('',(34.386565457676348,4.273846779376965,-3.356043024929162));
#8259=CARTESIAN_POINT('',(34.352500453311123,4.267600382212756,-3.305400350162265));
#8260=CARTESIAN_POINT('',(34.333944345273210,4.264256696812870,-3.278462014879068));
#8261=CARTESIAN_POINT('',(34.288256196246842,4.256158440195315,-3.213614874912681));
#8262=CARTESIAN_POINT('',(34.240530349553651,4.248004035479594,-3.149232245666338));
#8263=CARTESIAN_POINT('',(34.211874092883839,4.243201077003386,-3.111600603653859));
#8264=CARTESIAN_POINT('',(34.162031141318487,4.234989986463090,-3.047718747240966));
#8265=CARTESIAN_POINT('',(34.110322274330287,4.226692086541259,-2.983872748247784));
#8266=CARTESIAN_POINT('',(34.088780985090807,4.223269282612980,-2.957649433110361));
#8267=CARTESIAN_POINT('',(34.044810181631057,4.216346791704638,-2.904828564256134));
#8268=CARTESIAN_POINT('',(33.999749631277297,4.209374583135933,-2.852039437329973));
#8269=CARTESIAN_POINT('',(33.976798492611643,4.205852098296299,-2.825468084757853));
#8270=CARTESIAN_POINT('',(33.901547698289562,4.194390079656370,-2.739308118942976));
#8271=CARTESIAN_POINT('',(33.823934056204031,4.182831690679465,-2.653342758747700));
#8272=CARTESIAN_POINT('',(33.769246461978632,4.174792756735961,-2.593928737904915));
#8273=CARTESIAN_POINT('',(33.642718688497673,4.156395514749362,-2.458688676884629));
#8274=CARTESIAN_POINT('',(33.512776167252397,4.137898233759173,-2.324161597279953));
#8275=CARTESIAN_POINT('',(33.438914470263853,4.127482819366425,-2.248780928490365));
#8276=CARTESIAN_POINT('',(33.260683357809413,4.102544475413398,-2.069024278798502));
#8277=CARTESIAN_POINT('',(33.079279799373857,4.077547452418170,-1.890307042737123));
#8278=CARTESIAN_POINT('',(32.973163347783739,4.063018140745307,-1.786788819576423));
#8279=CARTESIAN_POINT('',(32.858072630652117,4.047334409810103,-1.675333949924239));
#8280=CARTESIAN_POINT('',(32.742552416001431,4.031646937377787,-1.564066047642035));
#8281=CARTESIAN_POINT('',(32.733680444373498,4.030442465621255,-1.555524271709096));
#8282=CARTESIAN_POINT('',(32.700083723097478,4.025882116282370,-1.523186645340118));
#8283=CARTESIAN_POINT('',(32.666450346328119,4.021322015176516,-1.490871221223405));
#8284=CARTESIAN_POINT('',(32.640994168794819,4.017877226060051,-1.466485479791358));
#8285=CARTESIAN_POINT('',(32.600128171359373,4.012363938946441,-1.427522717237982));
#8286=CARTESIAN_POINT('',(32.559126599200752,4.006863141470449,-1.388769408923094));
#8287=CARTESIAN_POINT('',(32.543453143290627,4.004765145512925,-1.374007820992532));
#8288=CARTESIAN_POINT('',(32.512281781788623,4.000601761338256,-1.344750222166464));
#8289=CARTESIAN_POINT('',(32.481031318621632,3.996446343329449,-1.315622302611229));
#8290=CARTESIAN_POINT('',(32.465374046657601,3.994369049807544,-1.301079934100714));
#8291=CARTESIAN_POINT('',(32.391869434490211,3.984639251996697,-1.233054325824302));
#8292=CARTESIAN_POINT('',(32.317929499734312,3.974958501217252,-1.165799680324333));
#8293=CARTESIAN_POINT('',(32.259204133632593,3.967340859410122,-1.113166466769126));
#8294=CARTESIAN_POINT('',(32.194423405180778,3.959030574576807,-1.056127675516543));
#8295=CARTESIAN_POINT('',(32.129293218003838,3.950791051560389,-1.000053194178889));
#8296=CARTESIAN_POINT('',(32.123209192319479,3.950022385179830,-0.994826257390472));
#8297=CARTESIAN_POINT('',(32.111034975505738,3.948486316661327,-0.984389570882852));
#8298=CARTESIAN_POINT('',(32.098849456788983,3.946952961751791,-0.973988749096287));
#8299=CARTESIAN_POINT('',(32.092754005686750,3.946186994152724,-0.968797579471270));
#8300=CARTESIAN_POINT('',(32.074460350988403,3.943891383858240,-0.953253176347570));
#8301=CARTESIAN_POINT('',(32.056143064289728,3.941602662846575,-0.937797137833921));
#8302=CARTESIAN_POINT('',(32.043919787230571,3.940079958092886,-0.927533570077357));
#8303=CARTESIAN_POINT('',(32.015405170963483,3.936539026967143,-0.903714430000470));
#8304=CARTESIAN_POINT('',(31.986790420002301,3.933012841375185,-0.880110743748827));
#8305=CARTESIAN_POINT('',(31.970411884565291,3.931003783436791,-0.866702380485668));
#8306=CARTESIAN_POINT('',(31.945761467679478,3.927994086885166,-0.846676528926756));
#8307=CARTESIAN_POINT('',(31.920971568013400,3.924987983935050,-0.826764312757399));
#8308=CARTESIAN_POINT('',(31.912691788748791,3.923986212615435,-0.820138554963142));
#8309=CARTESIAN_POINT('',(31.896067767774039,3.921979337430783,-0.806884608098416));
#8310=CARTESIAN_POINT('',(31.879377007114211,3.919973268137531,-0.793674980214257));
#8311=CARTESIAN_POINT('',(31.871156998446779,3.918987438283835,-0.787192898357517));
#8312=CARTESIAN_POINT('',(31.799311958827708,3.910389676715618,-0.730743036452191));
#8313=CARTESIAN_POINT('',(31.726327811046851,3.901817378222732,-0.675178448141134));
#8314=CARTESIAN_POINT('',(31.661028956957910,3.894270413627863,-0.626814685613980));
#8315=CARTESIAN_POINT('',(31.485488800479182,3.874300065282346,-0.500298013597203));
#8316=CARTESIAN_POINT('',(31.304750951352581,3.854568674467358,-0.379171807887737));
#8317=CARTESIAN_POINT('',(31.190191441221341,3.842373802867123,-0.305827256820531));
#8318=CARTESIAN_POINT('',(31.015326371592341,3.824226002055354,-0.199007868339767));
#8319=CARTESIAN_POINT('',(30.836867721751801,3.806421344164406,-0.097873363892564));
#8320=CARTESIAN_POINT('',(30.776648789977539,3.800493662504679,-0.064630343521607));
#8321=CARTESIAN_POINT('',(30.657555692721790,3.788931211571424,-0.000653289754746));
#8322=CARTESIAN_POINT('',(30.537052563014392,3.777554993556963,0.060525420234205));
#8323=CARTESIAN_POINT('',(30.477504599244959,3.772012722022771,0.089883672633051));
#8324=CARTESIAN_POINT('',(30.361289842937150,3.761354793684465,0.145435994281312));
#8325=CARTESIAN_POINT('',(30.243935884568309,3.750910843570356,0.198028513601701));
#8326=CARTESIAN_POINT('',(30.186734484246351,3.745897243020137,0.222815552050103));
#8327=CARTESIAN_POINT('',(30.102249934922760,3.738610400811400,0.258125813838744));
#8328=CARTESIAN_POINT('',(30.017268762466230,3.731463672243181,0.291630426242504));
#8329=CARTESIAN_POINT('',(29.990002021002869,3.729189737455795,0.302169992322426));
#8330=CARTESIAN_POINT('',(29.936593660561861,3.724774091709003,0.322391733850933));
#8331=CARTESIAN_POINT('',(29.883006306374678,3.720420734634949,0.341832953932494));
#8332=CARTESIAN_POINT('',(29.856728723358650,3.718304877422927,0.351158405559869));
#8333=CARTESIAN_POINT('',(29.758975311521120,3.710505550698954,0.385060067158730));
#8334=CARTESIAN_POINT('',(29.660693371127991,3.702939986528337,0.416108590361773));
#8335=CARTESIAN_POINT('',(29.588604926866051,3.697550792678300,0.437121091855160));
#8336=CARTESIAN_POINT('',(29.455915186931971,3.687953344420316,0.472252402205598));
#8337=CARTESIAN_POINT('',(29.323127076757132,3.679014953849926,0.500078986255649));
#8338=CARTESIAN_POINT('',(29.262725530888510,3.675100706112832,0.511068557855941));
#8339=CARTESIAN_POINT('',(29.111511551445641,3.665726080503933,0.533908176512001));
#8340=CARTESIAN_POINT('',(28.962698604005251,3.657717690828727,0.542988690655681));
#8341=CARTESIAN_POINT('',(28.874358352367640,3.653496560139102,0.542514849931238));
#8342=CARTESIAN_POINT('',(28.745832000705001,3.648400116693379,0.530327218144435));
#8343=CARTESIAN_POINT('',(28.630734652939910,3.645821557442414,0.497565213495367));
#8344=CARTESIAN_POINT('',(28.593760485578098,3.645272920921999,0.483962686754114));
#8345=CARTESIAN_POINT('',(28.551327541451659,3.645041102882350,0.463974205451818));
#8346=CARTESIAN_POINT('',(28.513298534344049,3.645370829471659,0.440145591604779));
#8347=CARTESIAN_POINT('',(28.506337595255850,3.645452377229073,0.435550711949895));
#8348=CARTESIAN_POINT('',(28.496208932915451,3.645603522845811,0.428507328679140));
#8349=CARTESIAN_POINT('',(28.486456048947950,3.645798773774740,0.421178202435355));
#8350=CARTESIAN_POINT('',(28.483290453980519,3.645867753399304,0.418737632565160));
#8351=CARTESIAN_POINT('',(28.477510489579881,3.646004169637846,0.414166271883551));
#8352=CARTESIAN_POINT('',(28.471878628361360,3.646156782105453,0.409495352164862));
#8353=CARTESIAN_POINT('',(28.469332095958240,3.646230050910933,0.407336415708211));
#8354=CARTESIAN_POINT('',(28.466819879666438,3.646306684570890,0.405158679344186));
#8355=CARTESIAN_POINT('',(28.464343259391590,3.646386686183957,0.402962788833132));
#8356=B_SPLINE_CURVE_WITH_KNOTS('',5,(#8251,#8252,#8253,#8254,#8255,#8256,#8257,#8258,#8259,#8260,#8261,#8262,#8263,#8264,#8265,#8266,#8267,#8268,#8269,#8270,#8271,#8272,#8273,#8274,#8275,#8276,#8277,#8278,#8279,#8280,#8281,#8282,#8283,#8284,#8285,#8286,#8287,#8288,#8289,#8290,#8291,#8292,#8293,#8294,#8295,#8296,#8297,#8298,#8299,#8300,#8301,#8302,#8303,#8304,#8305,#8306,#8307,#8308,#8309,#8310,#8311,#8312,#8313,#8314,#8315,#8316,#8317,#8318,#8319,#8320,#8321,#8322,#8323,#8324,#8325,#8326,#8327,#8328,#8329,#8330,#8331,#8332,#8333,#8334,#8335,#8336,#8337,#8338,#8339,#8340,#8341,#8342,#8343,#8344,#8345,#8346,#8347,#8348,#8349,#8350,#8351,#8352,#8353,#8354,#8355),.UNSPECIFIED.,.F.,.U.,(6,3,3,3,3,3,3,3,3,3,3,3,3,3,3,3,3,3,3,3,3,3,3,3,3,3,3,3,3,3,3,3,3,3,6),(0.0,0.162251301556149,0.331133283898348,0.525894208370045,0.801560825699904,0.993698158685422,1.188688445152738,1.626200693054161,2.188138508870805,2.969309185827615,3.029923987007472,3.214003927773862,3.326278916712246,3.438725846075094,3.853518658139658,3.896234415285108,3.938950172430559,4.024381074663941,4.138024855386901,4.194847332424574,4.251884863370696,4.683050994272961,5.397511818054351,5.757848404189440,6.105684888945826,6.433440814610130,6.587830564036228,6.735372106639023,7.136881952671484,7.472552298726657,7.979605029680984,8.238357528173539,8.297886158896544,8.327174070772180,8.351907152606229),.UNSPECIFIED.);
#8357=EDGE_CURVE('',#7573,#7864,#8356,.T.);
#8358=ORIENTED_EDGE('',*,*,#8357,.F.);
#8359=ORIENTED_EDGE('',*,*,#7577,.F.);
#8360=EDGE_LOOP('',(#8249,#8250,#8358,#8359));
#8361=FACE_OUTER_BOUND('',#8360,.T.);
#8362=ADVANCED_FACE('FLAP',(#8361),#8141,.F.);
#8363=CARTESIAN_POINT('',(27.676063969589560,3.596510499679822,0.533098518740730));
#8364=CARTESIAN_POINT('',(34.941495850412117,4.386161678817412,-4.297223591915473));
#8365=CARTESIAN_POINT('',(28.434542162393630,3.530430957250182,1.663145693497241));
#8366=CARTESIAN_POINT('',(35.699974043216187,4.320082136387771,-3.167176417158962));
#8367=B_SPLINE_SURFACE_WITH_KNOTS('',1,1,((#8363,#8365),(#8364,#8366)),.UNSPECIFIED.,.F.,.F.,.U.,(2,2),(2,2),(0.0,8.760254624854257),(0.0,1.0),.UNSPECIFIED.);
#8368=ORIENTED_EDGE('',*,*,#7953,.T.);
#8369=ORIENTED_EDGE('',*,*,#7584,.F.);
#8370=ORIENTED_EDGE('',*,*,#8357,.T.);
#8371=EDGE_LOOP('',(#8368,#8369,#8370));
#8372=FACE_OUTER_BOUND('',#8371,.T.);
#8373=ADVANCED_FACE('FLAP',(#8372),#8367,.T.);
#8374=CARTESIAN_POINT('',(60.192188228758283,36.328666036119117,-3.299136081434223));
#8375=CARTESIAN_POINT('',(52.661376182064267,35.213990742762981,1.504871436856492));
#8376=CARTESIAN_POINT('',(59.522739586153818,36.854501485691571,-4.226560966053184));
#8377=CARTESIAN_POINT('',(51.991927539459823,35.739826192335428,0.577446552237531));
#8378=B_SPLINE_SURFACE_WITH_KNOTS('',1,1,((#8374,#8376),(#8375,#8377)),.UNSPECIFIED.,.F.,.F.,.U.,(2,2),(2,2),(0.0,9.001895318656167),(0.0,1.0),.UNSPECIFIED.);
#8379=ORIENTED_EDGE('',*,*,#8248,.F.);
#8380=ORIENTED_EDGE('',*,*,#7596,.T.);
#8381=ORIENTED_EDGE('',*,*,#7860,.F.);
#8382=EDGE_LOOP('',(#8379,#8380,#8381));
#8383=FACE_OUTER_BOUND('',#8382,.T.);
#8384=ADVANCED_FACE('FLAP',(#8383),#8378,.F.);
#8385=CLOSED_SHELL('',(#7600,#7966,#8362,#8373,#8384));
#8386=ORIENTED_CLOSED_SHELL('',*,#8385,.F.);
#8387=BREP_WITH_VOIDS('CRM-HLS|PartBody|Remove.3',#7564,(#8386));
#8393=(NAMED_UNIT(*)PLANE_ANGLE_UNIT()SI_UNIT($,.RADIAN.));
#8394=DIMENSIONAL_EXPONENTS(0.0,0.0,0.0,0.0,0.0,0.0,0.0);
#8395=PLANE_ANGLE_MEASURE_WITH_UNIT(PLANE_ANGLE_MEASURE(0.017453292500000),#8393);
#8399=(CONVERSION_BASED_UNIT('DEGREE',#8395)NAMED_UNIT(#8394)PLANE_ANGLE_UNIT());
#8403=(NAMED_UNIT(*)SI_UNIT($,.STERADIAN.)SOLID_ANGLE_UNIT());
#8407=(LENGTH_UNIT()NAMED_UNIT(*)SI_UNIT(.CENTI.,.METRE.));
#8408=DIMENSIONAL_EXPONENTS(1.0,0.0,0.0,0.0,0.0,0.0,0.0);
#8409=LENGTH_MEASURE_WITH_UNIT(LENGTH_MEASURE(2.540000000000000),#8407);
#8413=(CONVERSION_BASED_UNIT('INCH',#8409)LENGTH_UNIT()NAMED_UNIT(#8408));
#8415=UNCERTAINTY_MEASURE_WITH_UNIT(LENGTH_MEASURE(0.001000000000000),#8413,'DISTANCE_ACCURACY_VALUE','');
#8417=(GEOMETRIC_REPRESENTATION_CONTEXT(3)GLOBAL_UNCERTAINTY_ASSIGNED_CONTEXT((#8415))GLOBAL_UNIT_ASSIGNED_CONTEXT((#8399,#8403,#8413))REPRESENTATION_CONTEXT('','3D'));
#8418=ADVANCED_BREP_SHAPE_REPRESENTATION('',(#8387),#8417);
#8419=APPLICATION_CONTEXT('Managed model based 3d engineering');
#8420=APPLICATION_PROTOCOL_DEFINITION('International Standard','ap242_managed_model_based_3d_engineering_mim_lf',2011,#8419);
#8421=PRODUCT_CONTEXT('',#8419,'mechanical');
#8422=PRODUCT('CRM-HLS|PartBody|Remove.3','CRM-HLS|PartBody|Remove.3',$,(#8421));
#8423=PRODUCT_RELATED_PRODUCT_CATEGORY('part',$,(#8422));
#8424=PRODUCT_DEFINITION_FORMATION('',$,#8422);
#8425=PRODUCT_DEFINITION_CONTEXT('part definition',#8419,'design');
#8426=DOCUMENT_TYPE('cad_filename');
#8427=DOCUMENT('8426','step_model',$,#8426);
#8428=PRODUCT_DEFINITION_WITH_ASSOCIATED_DOCUMENTS('',$,#8424,#8425,(#8427));
#8429=PRODUCT_DEFINITION_SHAPE('',$,#8428);
#8430=SHAPE_DEFINITION_REPRESENTATION(#8429,#8418);
#8431=COLOUR_RGB('',0.823529434204102,0.823529434204102,1.0);
#8432=FILL_AREA_STYLE_COLOUR('',#8431);
#8433=FILL_AREA_STYLE('',(#8432));
#8434=SURFACE_STYLE_FILL_AREA(#8433);
#8435=SURFACE_SIDE_STYLE('',(#8434));
#8436=SURFACE_STYLE_USAGE(.BOTH.,#8435);
#8437=PRESENTATION_STYLE_ASSIGNMENT((#8436));
#8438=STYLED_ITEM('',(#8437),#9);
#8439=STYLED_ITEM('',(#8437),#153);
#8440=STYLED_ITEM('',(#8437),#158);
#8441=STYLED_ITEM('',(#8437),#305);
#8442=STYLED_ITEM('',(#8437),#310);
#8443=STYLED_ITEM('',(#8437),#325);
#8444=STYLED_ITEM('',(#8437),#343);
#8445=STYLED_ITEM('',(#8437),#354);
#8446=STYLED_ITEM('',(#8437),#359);
#8447=STYLED_ITEM('',(#8437),#370);
#8448=STYLED_ITEM('',(#8437),#388);
#8449=STYLED_ITEM('',(#8437),#399);
#8450=STYLED_ITEM('',(#8437),#404);
#8451=STYLED_ITEM('',(#8437),#415);
#8452=STYLED_ITEM('',(#8437),#420);
#8453=STYLED_ITEM('',(#8437),#435);
#8454=STYLED_ITEM('',(#8437),#440);
#8455=STYLED_ITEM('',(#8437),#451);
#8456=STYLED_ITEM('',(#8437),#456);
#8457=STYLED_ITEM('',(#8437),#603);
#8458=STYLED_ITEM('',(#8437),#608);
#8459=STYLED_ITEM('',(#8437),#755);
#8460=STYLED_ITEM('',(#8437),#760);
#8461=STYLED_ITEM('',(#8437),#775);
#8462=STYLED_ITEM('',(#8437),#793);
#8463=STYLED_ITEM('',(#8437),#804);
#8464=STYLED_ITEM('',(#8437),#809);
#8465=STYLED_ITEM('',(#8437),#820);
#8466=STYLED_ITEM('',(#8437),#838);
#8467=STYLED_ITEM('',(#8437),#849);
#8468=STYLED_ITEM('',(#8437),#854);
#8469=STYLED_ITEM('',(#8437),#865);
#8470=STYLED_ITEM('',(#8437),#870);
#8471=STYLED_ITEM('',(#8437),#885);
#8472=STYLED_ITEM('',(#8437),#890);
#8473=STYLED_ITEM('',(#8437),#901);
#8474=STYLED_ITEM('',(#8437),#906);
#8475=STYLED_ITEM('',(#8437),#1047);
#8476=STYLED_ITEM('',(#8437),#1052);
#8477=STYLED_ITEM('',(#8437),#1193);
#8478=STYLED_ITEM('',(#8437),#1198);
#8479=STYLED_ITEM('',(#8437),#1213);
#8480=STYLED_ITEM('',(#8437),#1231);
#8481=STYLED_ITEM('',(#8437),#1242);
#8482=STYLED_ITEM('',(#8437),#1247);
#8483=STYLED_ITEM('',(#8437),#1258);
#8484=STYLED_ITEM('',(#8437),#1276);
#8485=STYLED_ITEM('',(#8437),#1287);
#8486=STYLED_ITEM('',(#8437),#1292);
#8487=STYLED_ITEM('',(#8437),#1303);
#8488=STYLED_ITEM('',(#8437),#1308);
#8489=STYLED_ITEM('',(#8437),#1323);
#8490=STYLED_ITEM('',(#8437),#1328);
#8491=STYLED_ITEM('',(#8437),#1343);
#8492=STYLED_ITEM('',(#8437),#1348);
#8493=STYLED_ITEM('',(#8437),#1489);
#8494=STYLED_ITEM('',(#8437),#1494);
#8495=STYLED_ITEM('',(#8437),#1635);
#8496=STYLED_ITEM('',(#8437),#1640);
#8497=STYLED_ITEM('',(#8437),#1655);
#8498=STYLED_ITEM('',(#8437),#1673);
#8499=STYLED_ITEM('',(#8437),#1684);
#8500=STYLED_ITEM('',(#8437),#1689);
#8501=STYLED_ITEM('',(#8437),#1700);
#8502=STYLED_ITEM('',(#8437),#1718);
#8503=STYLED_ITEM('',(#8437),#1729);
#8504=STYLED_ITEM('',(#8437),#1734);
#8505=STYLED_ITEM('',(#8437),#1745);
#8506=STYLED_ITEM('',(#8437),#1750);
#8507=STYLED_ITEM('',(#8437),#1765);
#8508=STYLED_ITEM('',(#8437),#1770);
#8509=STYLED_ITEM('',(#8437),#1785);
#8510=STYLED_ITEM('',(#8437),#1790);
#8511=STYLED_ITEM('',(#8437),#1934);
#8512=STYLED_ITEM('',(#8437),#1939);
#8513=STYLED_ITEM('',(#8437),#2080);
#8514=STYLED_ITEM('',(#8437),#2085);
#8515=STYLED_ITEM('',(#8437),#2104);
#8516=STYLED_ITEM('',(#8437),#2122);
#8517=STYLED_ITEM('',(#8437),#2133);
#8518=STYLED_ITEM('',(#8437),#2138);
#8519=STYLED_ITEM('',(#8437),#2149);
#8520=STYLED_ITEM('',(#8437),#2167);
#8521=STYLED_ITEM('',(#8437),#2178);
#8522=STYLED_ITEM('',(#8437),#2183);
#8523=STYLED_ITEM('',(#8437),#2194);
#8524=STYLED_ITEM('',(#8437),#2199);
#8525=STYLED_ITEM('',(#8437),#2214);
#8526=STYLED_ITEM('',(#8437),#2219);
#8527=STYLED_ITEM('',(#8437),#2234);
#8528=STYLED_ITEM('',(#8437),#2239);
#8529=STYLED_ITEM('',(#8437),#2270);
#8530=STYLED_ITEM('',(#8437),#2403);
#8531=STYLED_ITEM('',(#8437),#2602);
#8532=STYLED_ITEM('',(#8437),#2607);
#8533=STYLED_ITEM('',(#8437),#2630);
#8534=STYLED_ITEM('',(#8437),#2685);
#8535=STYLED_ITEM('',(#8437),#2804);
#8536=STYLED_ITEM('',(#8437),#2907);
#8537=STYLED_ITEM('',(#8437),#3008);
#8538=STYLED_ITEM('',(#8437),#3013);
#8539=STYLED_ITEM('',(#8437),#3021);
#8540=STYLED_ITEM('',(#8437),#3026);
#8541=STYLED_ITEM('',(#8437),#3057);
#8542=STYLED_ITEM('',(#8437),#3286);
#8543=STYLED_ITEM('',(#8437),#3515);
#8544=STYLED_ITEM('',(#8437),#3520);
#8545=STYLED_ITEM('',(#8437),#3553);
#8546=STYLED_ITEM('',(#8437),#3746);
#8547=STYLED_ITEM('',(#8437),#4012);
#8548=STYLED_ITEM('',(#8437),#6353);
#8549=STYLED_ITEM('',(#8437),#6407);
#8550=STYLED_ITEM('',(#8437),#6636);
#8551=STYLED_ITEM('',(#8437),#6968);
#8552=STYLED_ITEM('',(#8437),#7113);
#8553=STYLED_ITEM('',(#8437),#7120);
#8554=STYLED_ITEM('',(#8437),#7125);
#8555=STYLED_ITEM('',(#8437),#7201);
#8556=STYLED_ITEM('',(#8437),#7206);
#8557=STYLED_ITEM('',(#8437),#7223);
#8558=STYLED_ITEM('',(#8437),#7332);
#8559=STYLED_ITEM('',(#8437),#7401);
#8560=STYLED_ITEM('',(#8437),#7406);
#8561=STYLED_ITEM('',(#8437),#7414);
#8562=STYLED_ITEM('',(#8437),#7419);
#8563=STYLED_ITEM('',(#8437),#7450);
#8564=STYLED_ITEM('',(#8437),#7455);
#8565=STYLED_ITEM('',(#8437),#7478);
#8566=STYLED_ITEM('',(#8437),#7483);
#8567=STYLED_ITEM('',(#8437),#7506);
#8568=STYLED_ITEM('',(#8437),#7511);
#8569=STYLED_ITEM('',(#8437),#7526);
#8570=STYLED_ITEM('',(#8437),#7531);
#8571=STYLED_ITEM('',(#8437),#7538);
#8572=STYLED_ITEM('',(#8437),#7543);
#8573=STYLED_ITEM('',(#8437),#7563);
#8574=STYLED_ITEM('',(#8437),#7569);
#8575=STYLED_ITEM('',(#8437),#7600);
#8576=STYLED_ITEM('',(#8437),#7763);
#8577=STYLED_ITEM('',(#8437),#7966);
#8578=STYLED_ITEM('',(#8437),#8141);
#8579=STYLED_ITEM('',(#8437),#8362);
#8580=STYLED_ITEM('',(#8437),#8367);
#8581=STYLED_ITEM('',(#8437),#8373);
#8582=STYLED_ITEM('',(#8437),#8378);
#8583=STYLED_ITEM('',(#8437),#8384);
#8584=PRESENTATION_LAYER_ASSIGNMENT('1023','',(#9,#153,#158,#305,#310,#325,#343,#354,#359,#370,#388,#399,#404,#415,#420,#435,#440,#451,#456,#603,#608,#755,#760,#775,#793,#804,#809,#820,#838,#849,#854,#865,#870,#885,#890,#901,#906,#1047,#1052,#1193,#1198,#1213,#1231,#1242,#1247,#1258,#1276,#1287,#1292,#1303,#1308,#1323,#1328,#1343,#1348,#1489,#1494,#1635,#1640,#1655,#1673,#1684,#1689,#1700,#1718,#1729,#1734,#1745,#1750,#1765,#1770,#1785,#1790,#1934,#1939,#2080,#2085,#2104,#2122,#2133,#2138,#2149,#2167,#2178,#2183,#2194,#2199,#2214,#2219,#2234,#2239,#2270,#2403,#2602,#2607,#2630,#2685,#2804,#2907,#3008,#3013,#3021,#3026,#3057,#3286,#3515,#3520,#3553,#3746,#4012,#6353,#6407,#6636,#6968,#7113,#7120,#7125,#7201,#7206,#7223,#7332,#7401,#7406,#7414,#7419,#7450,#7455,#7478,#7483,#7506,#7511,#7526,#7531,#7538,#7543,#7563,#7569,#7600,#7763,#7966,#8141,#8362,#8367,#8373,#8378,#8384));
#8585=MECHANICAL_DESIGN_GEOMETRIC_PRESENTATION_REPRESENTATION('',(#8438,#8439,#8440,#8441,#8442,#8443,#8444,#8445,#8446,#8447,#8448,#8449,#8450,#8451,#8452,#8453,#8454,#8455,#8456,#8457,#8458,#8459,#8460,#8461,#8462,#8463,#8464,#8465,#8466,#8467,#8468,#8469,#8470,#8471,#8472,#8473,#8474,#8475,#8476,#8477,#8478,#8479,#8480,#8481,#8482,#8483,#8484,#8485,#8486,#8487,#8488,#8489,#8490,#8491,#8492,#8493,#8494,#8495,#8496,#8497,#8498,#8499,#8500,#8501,#8502,#8503,#8504,#8505,#8506,#8507,#8508,#8509,#8510,#8511,#8512,#8513,#8514,#8515,#8516,#8517,#8518,#8519,#8520,#8521,#8522,#8523,#8524,#8525,#8526,#8527,#8528,#8529,#8530,#8531,#8532,#8533,#8534,#8535,#8536,#8537,#8538,#8539,#8540,#8541,#8542,#8543,#8544,#8545,#8546,#8547,#8548,#8549,#8550,#8551,#8552,#8553,#8554,#8555,#8556,#8557,#8558,#8559,#8560,#8561,#8562,#8563,#8564,#8565,#8566,#8567,#8568,#8569,#8570,#8571,#8572,#8573,#8574,#8575,#8576,#8577,#8578,#8579,#8580,#8581,#8582,#8583),#8417);
ENDSEC;
END-ISO-10303-21;
