 * IGES Dump file written on 19 Jan 2026                                S      1
 *                                                                      S      2
 * IGES Dump file:                                                      S      3
 * /project/lstech/HLS/HLPW6/00_geom/CRM_HLS_HLPW6_TC1_cf.igs           S      4
 *                                                                      S      5
 * Created from part:                                                   S      6
 * EXP1                                                                 S      7
 *                                                                      S      8
 * Contained in model:                                                  S      9
 * /project/lstech/HLS/HLPW6/00_geom/CRM_HLS_HLPW6_TC1                  S     10
 *                                                                      S     11
1H,,1H;,4HEXP1,                                                         G      1
58H/project/lstech/HLS/HLPW6/00_geom/CRM_HLS_HLPW6_TC1_cf.igs,          G      2
6HCADfix,10H  13/46045,32,38,6,308,15,4HEXP1,1.0,1,2HIN,32768,0.5,      G      3
15H20260119.135842,3.000000E-03, 3.600000E003,,,11,0,,;                 G      4
     126       1       0       0       0       0       0       000010000D      1
     126       0       0       2       0       0       0      U1       0D      2
     126       3       0       0       0       0       0       000010000D      3
     126       0       0       2       0       0       0      U2       0D      4
     126       5       0       0       0       0       0       000010000D      5
     126       0       0       2       0       0       0      U3       0D      6
     126       7       0       0       0       0       0       000010000D      7
     126       0       0       2       0       0       0      U4       0D      8
     126       9       0       0       0       0       0       000010000D      9
     126       0       0     139       0       0       0      U5       0D     10
     126     148       0       0       0       0       0       000010000D     11
     126       0       0     196       0       0       0      U6       0D     12
     126     344       0       0       0       0       0       000010000D     13
     126       0       0       3       0       0       0      U7       0D     14
     126     347       0       0       0       0       0       000010000D     15
     126       0       0     169       0       0       0      U8       0D     16
     126     516       0       0       0       0       0       000010000D     17
     126       0       0      50       0       0       0      U9       0D     18
     126     566       0       0       0       0       0       000010000D     19
     126       0       0      55       0       0       0     U10       0D     20
     126     621       0       0       0       0       0       000010000D     21
     126       0       0       3       0       0       0     U11       0D     22
     126     624       0       0       0       0       0       000010000D     23
     126       0       0      82       0       0       0     U12       0D     24
     126     706       0       0       0       0       0       000010000D     25
     126       0       0       3       0       0       0     U13       0D     26
     126     709       0       0       0       0       0       000010000D     27
     126       0       0       2       0       0       0     U14       0D     28
     126     711       0       0       0       0       0       000010000D     29
     126       0       0       2       0       0       0     U15       0D     30
     126     713       0       0       0       0       0       000010000D     31
     126       0       0       2       0       0       0     U16       0D     32
     126     715       0       0       0       0       0       000010000D     33
     126       0       0       2       0       0       0     U17       0D     34
     126     717       0       0       0       0       0       000010000D     35
     126       0       0       2       0       0       0     U18       0D     36
     126     719       0       0       0       0       0       000010000D     37
     126       0       0       2       0       0       0     U19       0D     38
     126     721       0       0       0       0       0       000010000D     39
     126       0       0       2       0       0       0     U20       0D     40
     126     723       0       0       0       0       0       000010000D     41
     126       0       0       2       0       0       0     U21       0D     42
     126     725       0       0       0       0       0       000010000D     43
     126       0       0      87       0       0       0     U22       0D     44
     126     812       0       0       0       0       0       000010000D     45
     126       0       0       3       0       0       0     U23       0D     46
     126     815       0       0       0       0       0       000010000D     47
     126       0       0      48       0       0       0     U24       0D     48
     126     863       0       0       0       0       0       000010000D     49
     126       0       0       3       0       0       0     U25       0D     50
     126     866       0       0       0       0       0       000010000D     51
     126       0       0      69       0       0       0     U26       0D     52
     126     935       0       0       0       0       0       000010000D     53
     126       0       0       3       0       0       0     U27       0D     54
     126     938       0       0       0       0       0       000010000D     55
     126       0       0      87       0       0       0     U28       0D     56
     126    1025       0       0       0       0       0       000010000D     57
     126       0       0      12       0       0       0     U29       0D     58
     126    1037       0       0       0       0       0       000010000D     59
     126       0       0       3       0       0       0     U30       0D     60
     126    1040       0       0       0       0       0       000010000D     61
     126       0       0       3       0       0       0     U31       0D     62
     126    1043       0       0       0       0       0       000010000D     63
     126       0       0      48       0       0       0     U32       0D     64
     126    1091       0       0       0       0       0       000010000D     65
     126       0       0       3       0       0       0     U33       0D     66
     126    1094       0       0       0       0       0       000010000D     67
     126       0       0      69       0       0       0     U34       0D     68
     126    1163       0       0       0       0       0       000010000D     69
     126       0       0      46       0       0       0     U35       0D     70
     126    1209       0       0       0       0       0       000010000D     71
     126       0       0       7       0       0       0     U36       0D     72
     126    1216       0       0       0       0       0       000010000D     73
     126       0       0      46       0       0       0     U37       0D     74
     126    1262       0       0       0       0       0       000010000D     75
     126       0       0       7       0       0       0     U38       0D     76
     126    1269       0       0       0       0       0       000010000D     77
     126       0       0       3       0       0       0     U39       0D     78
     126    1272       0       0       0       0       0       000010000D     79
     126       0       0      53       0       0       0     U40       0D     80
     126    1325       0       0       0       0       0       000010000D     81
     126       0       0       7       0       0       0     U41       0D     82
     126    1332       0       0       0       0       0       000010000D     83
     126       0       0       3       0       0       0     U42       0D     84
     126    1335       0       0       0       0       0       000010000D     85
     126       0       0       3       0       0       0     U43       0D     86
     126    1338       0       0       0       0       0       000010000D     87
     126       0       0      39       0       0       0     U44       0D     88
     126    1377       0       0       0       0       0       000010000D     89
     126       0       0       3       0       0       0     U45       0D     90
     126    1380       0       0       0       0       0       000010000D     91
     126       0       0      37       0       0       0     U46       0D     92
     126    1417       0       0       0       0       0       000010000D     93
     126       0       0      37       0       0       0     U47       0D     94
     126    1454       0       0       0       0       0       000010000D     95
     126       0       0       3       0       0       0     U48       0D     96
     126    1457       0       0       0       0       0       000010000D     97
     126       0       0      37       0       0       0     U49       0D     98
     126    1494       0       0       0       0       0       000010000D     99
     126       0       0       3       0       0       0     U50       0D    100
     126    1497       0       0       0       0       0       000010000D    101
     126       0       0      37       0       0       0     U51       0D    102
     126    1534       0       0       0       0       0       000010000D    103
     126       0       0       3       0       0       0     U52       0D    104
     126    1537       0       0       0       0       0       000010000D    105
     126       0       0      37       0       0       0     U53       0D    106
     126    1574       0       0       0       0       0       000010000D    107
     126       0       0       3       0       0       0     U54       0D    108
     126    1577       0       0       0       0       0       000010000D    109
     126       0       0      37       0       0       0     U55       0D    110
     126    1614       0       0       0       0       0       000010000D    111
     126       0       0       3       0       0       0     U56       0D    112
     126    1617       0       0       0       0       0       000010000D    113
     126       0       0      37       0       0       0     U57       0D    114
     126    1654       0       0       0       0       0       000010000D    115
     126       0       0       5       0       0       0     U58       0D    116
     126    1659       0       0       0       0       0       000010000D    117
     126       0       0       3       0       0       0     U59       0D    118
     126    1662       0       0       0       0       0       000010000D    119
     126       0       0      39       0       0       0     U60       0D    120
     126    1701       0       0       0       0       0       000010000D    121
     126       0       0       4       0       0       0     U61       0D    122
     126    1705       0       0       0       0       0       000010000D    123
     126       0       0      37       0       0       0     U62       0D    124
     126    1742       0       0       0       0       0       000010000D    125
     126       0       0      20       0       0       0     U63       0D    126
     126    1762       0       0       0       0       0       000010000D    127
     126       0       0      22       0       0       0     U64       0D    128
     126    1784       0       0       0       0       0       000010000D    129
     126       0       0      73       0       0       0     U65       0D    130
     126    1857       0       0       0       0       0       000010000D    131
     126       0       0       3       0       0       0     U66       0D    132
     126    1860       0       0       0       0       0       000010000D    133
     126       0       0       8       0       0       0     U67       0D    134
     126    1868       0       0       0       0       0       000010000D    135
     126       0       0       3       0       0       0     U68       0D    136
     126    1871       0       0       0       0       0       000010000D    137
     126       0       0      81       0       0       0     U69       0D    138
     126    1952       0       0       0       0       0       000010000D    139
     126       0       0       3       0       0       0     U70       0D    140
     126    1955       0       0       0       0       0       000010000D    141
     126       0       0      50       0       0       0     U71       0D    142
     126    2005       0       0       0       0       0       000010000D    143
     126       0       0      54       0       0       0     U72       0D    144
     126    2059       0       0       0       0       0       000010000D    145
     126       0       0       3       0       0       0     U73       0D    146
     126    2062       0       0       0       0       0       000010000D    147
     126       0       0       3       0       0       0     U74       0D    148
     126    2065       0       0       0       0       0       000010000D    149
     126       0       0      12       0       0       0     U75       0D    150
     126    2077       0       0       0       0       0       000010000D    151
     126       0       0       3       0       0       0     U76       0D    152
     126    2080       0       0       0       0       0       000010000D    153
     126       0       0       3       0       0       0     U77       0D    154
     126    2083       0       0       0       0       0       000010000D    155
     126       0       0       3       0       0       0     U78       0D    156
     126    2086       0       0       0       0       0       000010000D    157
     126       0       0      58       0       0       0     U79       0D    158
     126    2144       0       0       0       0       0       000010000D    159
     126       0       0      10       0       0       0     U80       0D    160
     126    2154       0       0       0       0       0       000010000D    161
     126       0       0      58       0       0       0     U81       0D    162
     126    2212       0       0       0       0       0       000010000D    163
     126       0       0      12       0       0       0     U82       0D    164
     126    2224       0       0       0       0       0       000010000D    165
     126       0       0      64       0       0       0     U83       0D    166
     126    2288       0       0       0       0       0       000010000D    167
     126       0       0       3       0       0       0     U84       0D    168
     126    2291       0       0       0       0       0       000010000D    169
     126       0       0      64       0       0       0     U85       0D    170
     126    2355       0       0       0       0       0       000010000D    171
     126       0       0       3       0       0       0     U86       0D    172
     126    2358       0       0       0       0       0       000010000D    173
     126       0       0      60       0       0       0     U87       0D    174
     126    2418       0       0       0       0       0       000010000D    175
     126       0       0       3       0       0       0     U88       0D    176
     126    2421       0       0       0       0       0       000010000D    177
     126       0       0      60       0       0       0     U89       0D    178
     126    2481       0       0       0       0       0       000010000D    179
     126       0       0       3       0       0       0     U90       0D    180
     126    2484       0       0       0       0       0       000010000D    181
     126       0       0      57       0       0       0     U91       0D    182
     126    2541       0       0       0       0       0       000010000D    183
     126       0       0      12       0       0       0     U92       0D    184
     126    2553       0       0       0       0       0       000010000D    185
     126       0       0      57       0       0       0     U93       0D    186
     126    2610       0       0       0       0       0       000010000D    187
     126       0       0       3       0       0       0     U94       0D    188
     126    2613       0       0       0       0       0       000010000D    189
     126       0       0      58       0       0       0     U95       0D    190
     126    2671       0       0       0       0       0       000010000D    191
     126       0       0      12       0       0       0     U96       0D    192
     126    2683       0       0       0       0       0       000010000D    193
     126       0       0      58       0       0       0     U98       0D    194
     126    2741       0       0       0       0       0       000010000D    195
     126       0       0       3       0       0       0     U99       0D    196
     126    2744       0       0       0       0       0       000010000D    197
     126       0       0       3       0       0       0    U100       0D    198
     126    2747       0       0       0       0       0       000010000D    199
     126       0       0       3       0       0       0    U101       0D    200
     126    2750       0       0       0       0       0       000010000D    201
     126       0       0       3       0       0       0    U102       0D    202
     126    2753       0       0       0       0       0       000010000D    203
     126       0       0       3       0       0       0    U103       0D    204
     126    2756       0       0       0       0       0       000010000D    205
     126       0       0       3       0       0       0    U104       0D    206
     126    2759       0       0       0       0       0       000010000D    207
     126       0       0       3       0       0       0    U105       0D    208
     126    2762       0       0       0       0       0       000010000D    209
     126       0       0       3       0       0       0    U106       0D    210
     126    2765       0       0       0       0       0       000010000D    211
     126       0       0       3       0       0       0    U107       0D    212
     126    2768       0       0       0       0       0       000010000D    213
     126       0       0       6       0       0       0    U108       0D    214
     126    2774       0       0       0       0       0       000010000D    215
     126       0       0       3       0       0       0    U109       0D    216
     126    2777       0       0       0       0       0       000010000D    217
     126       0       0       6       0       0       0    U110       0D    218
     126    2783       0       0       0       0       0       000010000D    219
     126       0       0       3       0       0       0    U111       0D    220
     126    2786       0       0       0       0       0       000010000D    221
     126       0       0       3       0       0       0    U112       0D    222
     126    2789       0       0       0       0       0       000010000D    223
     126       0       0       3       0       0       0    U113       0D    224
     126    2792       0       0       0       0       0       000010000D    225
     126       0       0       3       0       0       0    U114       0D    226
     126    2795       0       0       0       0       0       000010000D    227
     126       0       0       6       0       0       0    U115       0D    228
     126    2801       0       0       0       0       0       000010000D    229
     126       0       0       6       0       0       0    U116       0D    230
     126    2807       0       0       0       0       0       000010000D    231
     126       0       0       3       0       0       0    U117       0D    232
     126    2810       0       0       0       0       0       000010000D    233
     126       0       0       3       0       0       0    U118       0D    234
     126    2813       0       0       0       0       0       000010000D    235
     126       0       0       3       0       0       0    U119       0D    236
     126    2816       0       0       0       0       0       000010000D    237
     126       0       0       3       0       0       0    U120       0D    238
     126    2819       0       0       0       0       0       000010000D    239
     126       0       0       3       0       0       0    U121       0D    240
     126    2822       0       0       0       0       0       000010000D    241
     126       0       0       3       0       0       0    U122       0D    242
     126    2825       0       0       0       0       0       000010000D    243
     126       0       0       3       0       0       0    U123       0D    244
     126    2828       0       0       0       0       0       000010000D    245
     126       0       0       3       0       0       0    U124       0D    246
     126    2831       0       0       0       0       0       000010000D    247
     126       0       0       3       0       0       0    U125       0D    248
     126    2834       0       0       0       0       0       000010000D    249
     126       0       0       3       0       0       0    U126       0D    250
     126    2837       0       0       0       0       0       000010000D    251
     126       0       0       6       0       0       0    U127       0D    252
     126    2843       0       0       0       0       0       000010000D    253
     126       0       0       3       0       0       0    U128       0D    254
     126    2846       0       0       0       0       0       000010000D    255
     126       0       0       6       0       0       0    U129       0D    256
     126    2852       0       0       0       0       0       000010000D    257
     126       0       0       3       0       0       0    U130       0D    258
     126    2855       0       0       0       0       0       000010000D    259
     126       0       0       3       0       0       0    U131       0D    260
     126    2858       0       0       0       0       0       000010000D    261
     126       0       0       3       0       0       0    U132       0D    262
     126    2861       0       0       0       0       0       000010000D    263
     126       0       0       3       0       0       0    U133       0D    264
     126    2864       0       0       0       0       0       000010000D    265
     126       0       0       6       0       0       0    U134       0D    266
     126    2870       0       0       0       0       0       000010000D    267
     126       0       0       6       0       0       0    U135       0D    268
     126    2876       0       0       0       0       0       000010000D    269
     126       0       0       3       0       0       0    U136       0D    270
     126    2879       0       0       0       0       0       000010000D    271
     126       0       0       3       0       0       0    U137       0D    272
     126    2882       0       0       0       0       0       000010000D    273
     126       0       0       3       0       0       0    U138       0D    274
     126    2885       0       0       0       0       0       000010000D    275
     126       0       0       3       0       0       0    U139       0D    276
     126    2888       0       0       0       0       0       000010000D    277
     126       0       0       3       0       0       0    U140       0D    278
     126    2891       0       0       0       0       0       000010000D    279
     126       0       0       3       0       0       0    U141       0D    280
     126    2894       0       0       0       0       0       000010000D    281
     126       0       0       3       0       0       0    U142       0D    282
     126    2897       0       0       0       0       0       000010000D    283
     126       0       0       3       0       0       0    U143       0D    284
     126    2900       0       0       0       0       0       000010000D    285
     126       0       0       3       0       0       0    U144       0D    286
     126    2903       0       0       0       0       0       000010000D    287
     126       0       0       3       0       0       0    U145       0D    288
     126    2906       0       0       0       0       0       000010000D    289
     126       0       0       6       0       0       0    U146       0D    290
     126    2912       0       0       0       0       0       000010000D    291
     126       0       0       3       0       0       0    U147       0D    292
     126    2915       0       0       0       0       0       000010000D    293
     126       0       0       6       0       0       0    U148       0D    294
     126    2921       0       0       0       0       0       000010000D    295
     126       0       0       3       0       0       0    U149       0D    296
     126    2924       0       0       0       0       0       000010000D    297
     126       0       0       3       0       0       0    U150       0D    298
     126    2927       0       0       0       0       0       000010000D    299
     126       0       0       3       0       0       0    U151       0D    300
     126    2930       0       0       0       0       0       000010000D    301
     126       0       0       3       0       0       0    U152       0D    302
     126    2933       0       0       0       0       0       000010000D    303
     126       0       0       6       0       0       0    U153       0D    304
     126    2939       0       0       0       0       0       000010000D    305
     126       0       0       6       0       0       0    U154       0D    306
     126    2945       0       0       0       0       0       000010000D    307
     126       0       0       3       0       0       0    U155       0D    308
     126    2948       0       0       0       0       0       000010000D    309
     126       0       0       3       0       0       0    U156       0D    310
     126    2951       0       0       0       0       0       000010000D    311
     126       0       0       3       0       0       0    U157       0D    312
     126    2954       0       0       0       0       0       000010000D    313
     126       0       0       3       0       0       0    U158       0D    314
     126    2957       0       0       0       0       0       000010000D    315
     126       0       0       3       0       0       0    U159       0D    316
     126    2960       0       0       0       0       0       000010000D    317
     126       0       0       3       0       0       0    U160       0D    318
     126    2963       0       0       0       0       0       000010000D    319
     126       0       0       3       0       0       0    U161       0D    320
     126    2966       0       0       0       0       0       000010000D    321
     126       0       0       3       0       0       0    U162       0D    322
     126    2969       0       0       0       0       0       000010000D    323
     126       0       0       3       0       0       0    U163       0D    324
     126    2972       0       0       0       0       0       000010000D    325
     126       0       0       3       0       0       0    U164       0D    326
     126    2975       0       0       0       0       0       000010000D    327
     126       0       0       6       0       0       0    U165       0D    328
     126    2981       0       0       0       0       0       000010000D    329
     126       0       0       3       0       0       0    U166       0D    330
     126    2984       0       0       0       0       0       000010000D    331
     126       0       0       6       0       0       0    U167       0D    332
     126    2990       0       0       0       0       0       000010000D    333
     126       0       0       3       0       0       0    U168       0D    334
     126    2993       0       0       0       0       0       000010000D    335
     126       0       0       3       0       0       0    U169       0D    336
     126    2996       0       0       0       0       0       000010000D    337
     126       0       0       3       0       0       0    U170       0D    338
     126    2999       0       0       0       0       0       000010000D    339
     126       0       0       3       0       0       0    U171       0D    340
     126    3002       0       0       0       0       0       000010000D    341
     126       0       0       6       0       0       0    U172       0D    342
     126    3008       0       0       0       0       0       000010000D    343
     126       0       0       6       0       0       0    U173       0D    344
     126    3014       0       0       0       0       0       000010000D    345
     126       0       0       3       0       0       0    U174       0D    346
     126    3017       0       0       0       0       0       000010000D    347
     126       0       0       3       0       0       0    U175       0D    348
     126    3020       0       0       0       0       0       000010000D    349
     126       0       0       3       0       0       0    U176       0D    350
     126    3023       0       0       0       0       0       000010000D    351
     126       0       0       3       0       0       0    U177       0D    352
     126    3026       0       0       0       0       0       000010000D    353
     126       0       0       3       0       0       0    U178       0D    354
     126    3029       0       0       0       0       0       000010000D    355
     126       0       0       3       0       0       0    U179       0D    356
     126    3032       0       0       0       0       0       000010000D    357
     126       0       0       3       0       0       0    U180       0D    358
     126    3035       0       0       0       0       0       000010000D    359
     126       0       0       3       0       0       0    U181       0D    360
     126    3038       0       0       0       0       0       000010000D    361
     126       0       0       3       0       0       0    U182       0D    362
     126    3041       0       0       0       0       0       000010000D    363
     126       0       0       3       0       0       0    U183       0D    364
     126    3044       0       0       0       0       0       000010000D    365
     126       0       0       6       0       0       0    U184       0D    366
     126    3050       0       0       0       0       0       000010000D    367
     126       0       0       3       0       0       0    U185       0D    368
     126    3053       0       0       0       0       0       000010000D    369
     126       0       0       6       0       0       0    U186       0D    370
     126    3059       0       0       0       0       0       000010000D    371
     126       0       0       3       0       0       0    U187       0D    372
     126    3062       0       0       0       0       0       000010000D    373
     126       0       0       3       0       0       0    U188       0D    374
     126    3065       0       0       0       0       0       000010000D    375
     126       0       0       3       0       0       0    U189       0D    376
     126    3068       0       0       0       0       0       000010000D    377
     126       0       0       3       0       0       0    U190       0D    378
     126    3071       0       0       0       0       0       000010000D    379
     126       0       0       6       0       0       0    U191       0D    380
     126    3077       0       0       0       0       0       000010000D    381
     126       0       0       6       0       0       0    U192       0D    382
     126    3083       0       0       0       0       0       000010000D    383
     126       0       0       3       0       0       0    U193       0D    384
     126    3086       0       0       0       0       0       000010000D    385
     126       0       0       3       0       0       0    U194       0D    386
     126    3089       0       0       0       0       0       000010000D    387
     126       0       0     133       0       0       0    U195       0D    388
     126    3222       0       0       0       0       0       000010000D    389
     126       0       0       3       0       0       0    U196       0D    390
     126    3225       0       0       0       0       0       000010000D    391
     126       0       0     148       0       0       0    U197       0D    392
     126    3373       0       0       0       0       0       000010000D    393
     126       0       0     148       0       0       0    U198       0D    394
     126    3521       0       0       0       0       0       000010000D    395
     126       0       0     124       0       0       0    U199       0D    396
     126    3645       0       0       0       0       0       000010000D    397
     126       0       0       3       0       0       0    U200       0D    398
     126    3648       0       0       0       0       0       000010000D    399
     126       0       0       3       0       0       0    U201       0D    400
     126    3651       0       0       0       0       0       000010000D    401
     126       0       0      12       0       0       0    U202       0D    402
     126    3663       0       0       0       0       0       000010000D    403
     126       0       0       3       0       0       0    U203       0D    404
     502    3666       0       0       0       0       0       000010000D    405
     502       0       0     125       1       0       0               0D    406
     504    3791       0       0       0       0       0       000010001D    407
     504       0       0     203       1       0       0               0D    408
     314    3994       0       0       0       0       0       000000200D    409
     314       0       0       1       0       0       0    COLR       0D    410
     406    3995       0       0       0       0       0       000010001D    411
     406       0       0       1      15       0       0    NAME       0D    412
     128    3996       0       0    1023       0       0       000010000D    413
     128       0       0       3       0       0       0     X74       0D    414
     508    3999       0       0       0       0       0       000010000D    415
     508       0       0       3       1       0       0               0D    416
     508    4002       0       0       0       0       0       000010000D    417
     508       0       0       3       1       0       0               0D    418
     508    4005       0       0       0       0       0       000010000D    419
     508       0       0       4       1       0       0               0D    420
     510    4009       0       0    1023       0       0       000010000D    421
     510       0    -409       2       1       0       0      V1       0D    422
     406    4011       0       0       0       0       0       000010001D    423
     406       0       0       1      15       0       0    NAME       0D    424
     128    4012       0       0    1023       0       0       000010000D    425
     128       0       0       3       0       0       0     X75       0D    426
     508    4015       0       0       0       0       0       000010000D    427
     508       0       0       3       1       0       0               0D    428
     510    4018       0       0    1023       0       0       000010000D    429
     510       0    -409       2       1       0       0      V2       0D    430
     406    4020       0       0       0       0       0       000010001D    431
     406       0       0       1      15       0       0    NAME       0D    432
     128    4021       0       0    1023       0       0       000010000D    433
     128       0       0       3       0       0       0     X76       0D    434
     508    4024       0       0       0       0       0       000010000D    435
     508       0       0       3       1       0       0               0D    436
     510    4027       0       0    1023       0       0       000010000D    437
     510       0    -409       2       1       0       0      V3       0D    438
     406    4029       0       0       0       0       0       000010001D    439
     406       0       0       1      15       0       0    NAME       0D    440
     128    4030       0       0    1023       0       0       000010000D    441
     128       0       0       3       0       0       0     X77       0D    442
     508    4033       0       0       0       0       0       000010000D    443
     508       0       0       3       1       0       0               0D    444
     510    4036       0       0    1023       0       0       000010000D    445
     510       0    -409       2       1       0       0      V4       0D    446
     406    4038       0       0       0       0       0       000010001D    447
     406       0       0       1      15       0       0    NAME       0D    448
     128    4039       0       0    1023       0       0       000010000D    449
     128       0       0       3       0       0       0     X78       0D    450
     508    4042       0       0       0       0       0       000010000D    451
     508       0       0       3       1       0       0               0D    452
     510    4045       0       0    1023       0       0       000010000D    453
     510       0    -409       2       1       0       0      V5       0D    454
     406    4047       0       0       0       0       0       000010001D    455
     406       0       0       1      15       0       0    NAME       0D    456
     128    4048       0       0    1023       0       0       000010000D    457
     128       0       0       3       0       0       0     X79       0D    458
     508    4051       0       0       0       0       0       000010000D    459
     508       0       0       3       1       0       0               0D    460
     510    4054       0       0    1023       0       0       000010000D    461
     510       0    -409       2       1       0       0      V6       0D    462
     406    4056       0       0       0       0       0       000010001D    463
     406       0       0       1      15       0       0    NAME       0D    464
     128    4057       0       0    1023       0       0       000010000D    465
     128       0       0       6       0       0       0     X80       0D    466
     508    4063       0       0       0       0       0       000010000D    467
     508       0       0       4       1       0       0               0D    468
     510    4067       0       0    1023       0       0       000010000D    469
     510       0    -409       2       1       0       0      V7       0D    470
     406    4069       0       0       0       0       0       000010001D    471
     406       0       0       1      15       0       0    NAME       0D    472
     128    4070       0       0    1023       0       0       000010000D    473
     128       0       0     127       0       0       0      X8       0D    474
     508    4197       0       0       0       0       0       000010000D    475
     508       0       0       3       1       0       0               0D    476
     510    4200       0       0    1023       0       0       000010000D    477
     510       0    -409       2       1       0       0      V8       0D    478
     406    4202       0       0       0       0       0       000010001D    479
     406       0       0       1      15       0       0    NAME       0D    480
     128    4203       0       0    1023       0       0       000010000D    481
     128       0       0       7       0       0       0     X81       0D    482
     508    4210       0       0       0       0       0       000010000D    483
     508       0       0       3       1       0       0               0D    484
     510    4213       0       0    1023       0       0       000010000D    485
     510       0    -409       2       1       0       0      V9       0D    486
     406    4215       0       0       0       0       0       000010001D    487
     406       0       0       1      15       0       0    NAME       0D    488
     128    4216       0       0    1023       0       0       000010000D    489
     128       0       0       6       0       0       0     X82       0D    490
     508    4222       0       0       0       0       0       000010000D    491
     508       0       0       4       1       0       0               0D    492
     510    4226       0       0    1023       0       0       000010000D    493
     510       0    -409       2       1       0       0     V10       0D    494
     406    4228       0       0       0       0       0       000010001D    495
     406       0       0       1      15       0       0    NAME       0D    496
     128    4229       0       0    1023       0       0       000010000D    497
     128       0       0     154       0       0       0     X11       0D    498
     508    4383       0       0       0       0       0       000010000D    499
     508       0       0       3       1       0       0               0D    500
     510    4386       0       0    1023       0       0       000010000D    501
     510       0    -409       2       1       0       0     V11       0D    502
     406    4388       0       0       0       0       0       000010001D    503
     406       0       0       1      15       0       0    NAME       0D    504
     128    4389       0       0    1023       0       0       000010000D    505
     128       0       0     261       0       0       0     X12       0D    506
     508    4650       0       0       0       0       0       000010000D    507
     508       0       0       6       1       0       0               0D    508
     508    4656       0       0       0       0       0       000010000D    509
     508       0       0       3       1       0       0               0D    510
     508    4659       0       0       0       0       0       000010000D    511
     508       0       0       3       1       0       0               0D    512
     508    4662       0       0       0       0       0       000010000D    513
     508       0       0       3       1       0       0               0D    514
     508    4665       0       0       0       0       0       000010000D    515
     508       0       0       3       1       0       0               0D    516
     508    4668       0       0       0       0       0       000010000D    517
     508       0       0       3       1       0       0               0D    518
     510    4671       0       0    1023       0       0       000010000D    519
     510       0    -409       2       1       0       0     V12       0D    520
     406    4673       0       0       0       0       0       000010001D    521
     406       0       0       1      15       0       0    NAME       0D    522
     128    4674       0       0    1023       0       0       000010000D    523
     128       0       0    2524       0       0       0     X13       0D    524
     508    7198       0       0       0       0       0       000010000D    525
     508       0       0       4       1       0       0               0D    526
     510    7202       0       0    1023       0       0       000010000D    527
     510       0    -409       2       1       0       0     V13       0D    528
     406    7204       0       0       0       0       0       000010001D    529
     406       0       0       1      15       0       0    NAME       0D    530
     128    7205       0       0    1023       0       0       000010000D    531
     128       0       0     220       0       0       0     X14       0D    532
     508    7425       0       0       0       0       0       000010000D    533
     508       0       0       6       1       0       0               0D    534
     510    7431       0       0    1023       0       0       000010000D    535
     510       0    -409       2       1       0       0     V14       0D    536
     406    7433       0       0       0       0       0       000010001D    537
     406       0       0       1      15       0       0    NAME       0D    538
     128    7434       0       0    1023       0       0       000010000D    539
     128       0       0       7       0       0       0     X83       0D    540
     508    7441       0       0       0       0       0       000010000D    541
     508       0       0       3       1       0       0               0D    542
     510    7444       0       0    1023       0       0       000010000D    543
     510       0    -409       2       1       0       0     V15       0D    544
     406    7446       0       0       0       0       0       000010001D    545
     406       0       0       1      15       0       0    NAME       0D    546
     128    7447       0       0    1023       0       0       000010000D    547
     128       0       0     263       0       0       0     X16       0D    548
     508    7710       0       0       0       0       0       000010000D    549
     508       0       0       4       1       0       0               0D    550
     510    7714       0       0    1023       0       0       000010000D    551
     510       0    -409       2       1       0       0     V16       0D    552
     406    7716       0       0       0       0       0       000010001D    553
     406       0       0       1      15       0       0    NAME       0D    554
     128    7717       0       0    1023       0       0       000010000D    555
     128       0       0       7       0       0       0     X84       0D    556
     508    7724       0       0       0       0       0       000010000D    557
     508       0       0       3       1       0       0               0D    558
     510    7727       0       0    1023       0       0       000010000D    559
     510       0    -409       2       1       0       0     V17       0D    560
     406    7729       0       0       0       0       0       000010001D    561
     406       0       0       1      15       0       0    NAME       0D    562
     128    7730       0       0    1023       0       0       000010000D    563
     128       0       0       5       0       0       0     X85       0D    564
     508    7735       0       0       0       0       0       000010000D    565
     508       0       0       4       1       0       0               0D    566
     510    7739       0       0    1023       0       0       000010000D    567
     510       0    -409       2       1       0       0     V18       0D    568
     406    7741       0       0       0       0       0       000010001D    569
     406       0       0       1      15       0       0    NAME       0D    570
     128    7742       0       0    1023       0       0       000010000D    571
     128       0       0     120       0       0       0     X19       0D    572
     508    7862       0       0       0       0       0       000010000D    573
     508       0       0       3       1       0       0               0D    574
     510    7865       0       0    1023       0       0       000010000D    575
     510       0    -409       2       1       0       0     V19       0D    576
     406    7867       0       0       0       0       0       000010001D    577
     406       0       0       1      15       0       0    NAME       0D    578
     128    7868       0       0    1023       0       0       000010000D    579
     128       0       0      71       0       0       0     X20       0D    580
     508    7939       0       0       0       0       0       000010000D    581
     508       0       0       3       1       0       0               0D    582
     510    7942       0       0    1023       0       0       000010000D    583
     510       0    -409       2       1       0       0     V20       0D    584
     406    7944       0       0       0       0       0       000010001D    585
     406       0       0       1      15       0       0    NAME       0D    586
     128    7945       0       0    1023       0       0       000010000D    587
     128       0       0       6       0       0       0     X86       0D    588
     508    7951       0       0       0       0       0       000010000D    589
     508       0       0       3       1       0       0               0D    590
     510    7954       0       0    1023       0       0       000010000D    591
     510       0    -409       2       1       0       0     V21       0D    592
     406    7956       0       0       0       0       0       000010001D    593
     406       0       0       1      15       0       0    NAME       0D    594
     128    7957       0       0    1023       0       0       000010000D    595
     128       0       0     153       0       0       0     X22       0D    596
     508    8110       0       0       0       0       0       000010000D    597
     508       0       0       3       1       0       0               0D    598
     508    8113       0       0       0       0       0       000010000D    599
     508       0       0       3       1       0       0               0D    600
     508    8116       0       0       0       0       0       000010000D    601
     508       0       0       3       1       0       0               0D    602
     508    8119       0       0       0       0       0       000010000D    603
     508       0       0       3       1       0       0               0D    604
     508    8122       0       0       0       0       0       000010000D    605
     508       0       0       3       1       0       0               0D    606
     508    8125       0       0       0       0       0       000010000D    607
     508       0       0       3       1       0       0               0D    608
     510    8128       0       0    1023       0       0       000010000D    609
     510       0    -409       2       1       0       0     V22       0D    610
     406    8130       0       0       0       0       0       000010001D    611
     406       0       0       1      15       0       0    NAME       0D    612
     128    8131       0       0    1023       0       0       000010000D    613
     128       0       0       6       0       0       0     X87       0D    614
     508    8137       0       0       0       0       0       000010000D    615
     508       0       0       3       1       0       0               0D    616
     510    8140       0       0    1023       0       0       000010000D    617
     510       0    -409       2       1       0       0     V23       0D    618
     406    8142       0       0       0       0       0       000010001D    619
     406       0       0       1      15       0       0    NAME       0D    620
     128    8143       0       0    1023       0       0       000010000D    621
     128       0       0       6       0       0       0     X88       0D    622
     508    8149       0       0       0       0       0       000010000D    623
     508       0       0       3       1       0       0               0D    624
     510    8152       0       0    1023       0       0       000010000D    625
     510       0    -409       2       1       0       0     V24       0D    626
     406    8154       0       0       0       0       0       000010001D    627
     406       0       0       1      15       0       0    NAME       0D    628
     128    8155       0       0    1023       0       0       000010000D    629
     128       0       0       7       0       0       0     X89       0D    630
     508    8162       0       0       0       0       0       000010000D    631
     508       0       0       3       1       0       0               0D    632
     510    8165       0       0    1023       0       0       000010000D    633
     510       0    -409       2       1       0       0     V25       0D    634
     406    8167       0       0       0       0       0       000010001D    635
     406       0       0       1      15       0       0    NAME       0D    636
     128    8168       0       0    1023       0       0       000010000D    637
     128       0       0       6       0       0       0     X90       0D    638
     508    8174       0       0       0       0       0       000010000D    639
     508       0       0       3       1       0       0               0D    640
     510    8177       0       0    1023       0       0       000010000D    641
     510       0    -409       2       1       0       0     V26       0D    642
     406    8179       0       0       0       0       0       000010001D    643
     406       0       0       1      15       0       0    NAME       0D    644
     128    8180       0       0    1023       0       0       000010000D    645
     128       0       0      17       0       0       0     X91       0D    646
     508    8197       0       0       0       0       0       000010000D    647
     508       0       0       3       1       0       0               0D    648
     510    8200       0       0    1023       0       0       000010000D    649
     510       0    -409       2       1       0       0     V27       0D    650
     406    8202       0       0       0       0       0       000010001D    651
     406       0       0       1      15       0       0    NAME       0D    652
     128    8203       0       0    1023       0       0       000010000D    653
     128       0       0       6       0       0       0     X92       0D    654
     508    8209       0       0       0       0       0       000010000D    655
     508       0       0       3       1       0       0               0D    656
     510    8212       0       0    1023       0       0       000010000D    657
     510       0    -409       2       1       0       0     V28       0D    658
     406    8214       0       0       0       0       0       000010001D    659
     406       0       0       1      15       0       0    NAME       0D    660
     128    8215       0       0    1023       0       0       000010000D    661
     128       0       0      17       0       0       0     X93       0D    662
     508    8232       0       0       0       0       0       000010000D    663
     508       0       0       3       1       0       0               0D    664
     510    8235       0       0    1023       0       0       000010000D    665
     510       0    -409       2       1       0       0     V29       0D    666
     406    8237       0       0       0       0       0       000010001D    667
     406       0       0       1      15       0       0    NAME       0D    668
     128    8238       0       0    1023       0       0       000010000D    669
     128       0       0       6       0       0       0     X94       0D    670
     508    8244       0       0       0       0       0       000010000D    671
     508       0       0       3       1       0       0               0D    672
     510    8247       0       0    1023       0       0       000010000D    673
     510       0    -409       2       1       0       0     V30       0D    674
     406    8249       0       0       0       0       0       000010001D    675
     406       0       0       1      15       0       0    NAME       0D    676
     128    8250       0       0    1023       0       0       000010000D    677
     128       0       0       6       0       0       0     X95       0D    678
     508    8256       0       0       0       0       0       000010000D    679
     508       0       0       6       1       0       0               0D    680
     510    8262       0       0    1023       0       0       000010000D    681
     510       0    -409       2       1       0       0     V31       0D    682
     406    8264       0       0       0       0       0       000010001D    683
     406       0       0       1      15       0       0    NAME       0D    684
     128    8265       0       0    1023       0       0       000010000D    685
     128       0       0       6       0       0       0     X96       0D    686
     508    8271       0       0       0       0       0       000010000D    687
     508       0       0       6       1       0       0               0D    688
     510    8277       0       0    1023       0       0       000010000D    689
     510       0    -409       2       1       0       0     V32       0D    690
     406    8279       0       0       0       0       0       000010001D    691
     406       0       0       1      15       0       0    NAME       0D    692
     128    8280       0       0    1023       0       0       000010000D    693
     128       0       0       6       0       0       0     X97       0D    694
     508    8286       0       0       0       0       0       000010000D    695
     508       0       0       3       1       0       0               0D    696
     510    8289       0       0    1023       0       0       000010000D    697
     510       0    -409       2       1       0       0     V33       0D    698
     406    8291       0       0       0       0       0       000010001D    699
     406       0       0       1      15       0       0    NAME       0D    700
     128    8292       0       0    1023       0       0       000010000D    701
     128       0       0       7       0       0       0     X98       0D    702
     508    8299       0       0       0       0       0       000010000D    703
     508       0       0       3       1       0       0               0D    704
     510    8302       0       0    1023       0       0       000010000D    705
     510       0    -409       2       1       0       0     V34       0D    706
     406    8304       0       0       0       0       0       000010001D    707
     406       0       0       1      15       0       0    NAME       0D    708
     128    8305       0       0    1023       0       0       000010000D    709
     128       0       0       6       0       0       0     X99       0D    710
     508    8311       0       0       0       0       0       000010000D    711
     508       0       0       3       1       0       0               0D    712
     510    8314       0       0    1023       0       0       000010000D    713
     510       0    -409       2       1       0       0     V35       0D    714
     406    8316       0       0       0       0       0       000010001D    715
     406       0       0       1      15       0       0    NAME       0D    716
     128    8317       0       0    1023       0       0       000010000D    717
     128       0       0      17       0       0       0    X100       0D    718
     508    8334       0       0       0       0       0       000010000D    719
     508       0       0       3       1       0       0               0D    720
     510    8337       0       0    1023       0       0       000010000D    721
     510       0    -409       2       1       0       0     V36       0D    722
     406    8339       0       0       0       0       0       000010001D    723
     406       0       0       1      15       0       0    NAME       0D    724
     128    8340       0       0    1023       0       0       000010000D    725
     128       0       0       6       0       0       0    X101       0D    726
     508    8346       0       0       0       0       0       000010000D    727
     508       0       0       3       1       0       0               0D    728
     510    8349       0       0    1023       0       0       000010000D    729
     510       0    -409       2       1       0       0     V37       0D    730
     406    8351       0       0       0       0       0       000010001D    731
     406       0       0       1      15       0       0    NAME       0D    732
     128    8352       0       0    1023       0       0       000010000D    733
     128       0       0      17       0       0       0    X102       0D    734
     508    8369       0       0       0       0       0       000010000D    735
     508       0       0       3       1       0       0               0D    736
     510    8372       0       0    1023       0       0       000010000D    737
     510       0    -409       2       1       0       0     V38       0D    738
     406    8374       0       0       0       0       0       000010001D    739
     406       0       0       1      15       0       0    NAME       0D    740
     128    8375       0       0    1023       0       0       000010000D    741
     128       0       0       6       0       0       0    X103       0D    742
     508    8381       0       0       0       0       0       000010000D    743
     508       0       0       3       1       0       0               0D    744
     510    8384       0       0    1023       0       0       000010000D    745
     510       0    -409       2       1       0       0     V39       0D    746
     406    8386       0       0       0       0       0       000010001D    747
     406       0       0       1      15       0       0    NAME       0D    748
     128    8387       0       0    1023       0       0       000010000D    749
     128       0       0       6       0       0       0    X104       0D    750
     508    8393       0       0       0       0       0       000010000D    751
     508       0       0       6       1       0       0               0D    752
     510    8399       0       0    1023       0       0       000010000D    753
     510       0    -409       2       1       0       0     V40       0D    754
     406    8401       0       0       0       0       0       000010001D    755
     406       0       0       1      15       0       0    NAME       0D    756
     128    8402       0       0    1023       0       0       000010000D    757
     128       0       0       6       0       0       0    X105       0D    758
     508    8408       0       0       0       0       0       000010000D    759
     508       0       0       6       1       0       0               0D    760
     510    8414       0       0    1023       0       0       000010000D    761
     510       0    -409       2       1       0       0     V41       0D    762
     406    8416       0       0       0       0       0       000010001D    763
     406       0       0       1      15       0       0    NAME       0D    764
     128    8417       0       0    1023       0       0       000010000D    765
     128       0       0       6       0       0       0    X106       0D    766
     508    8423       0       0       0       0       0       000010000D    767
     508       0       0       3       1       0       0               0D    768
     510    8426       0       0    1023       0       0       000010000D    769
     510       0    -409       2       1       0       0     V42       0D    770
     406    8428       0       0       0       0       0       000010001D    771
     406       0       0       1      15       0       0    NAME       0D    772
     128    8429       0       0    1023       0       0       000010000D    773
     128       0       0       7       0       0       0    X107       0D    774
     508    8436       0       0       0       0       0       000010000D    775
     508       0       0       3       1       0       0               0D    776
     510    8439       0       0    1023       0       0       000010000D    777
     510       0    -409       2       1       0       0     V43       0D    778
     406    8441       0       0       0       0       0       000010001D    779
     406       0       0       1      15       0       0    NAME       0D    780
     128    8442       0       0    1023       0       0       000010000D    781
     128       0       0       6       0       0       0    X108       0D    782
     508    8448       0       0       0       0       0       000010000D    783
     508       0       0       3       1       0       0               0D    784
     510    8451       0       0    1023       0       0       000010000D    785
     510       0    -409       2       1       0       0     V44       0D    786
     406    8453       0       0       0       0       0       000010001D    787
     406       0       0       1      15       0       0    NAME       0D    788
     128    8454       0       0    1023       0       0       000010000D    789
     128       0       0      17       0       0       0    X109       0D    790
     508    8471       0       0       0       0       0       000010000D    791
     508       0       0       3       1       0       0               0D    792
     510    8474       0       0    1023       0       0       000010000D    793
     510       0    -409       2       1       0       0     V45       0D    794
     406    8476       0       0       0       0       0       000010001D    795
     406       0       0       1      15       0       0    NAME       0D    796
     128    8477       0       0    1023       0       0       000010000D    797
     128       0       0       6       0       0       0    X110       0D    798
     508    8483       0       0       0       0       0       000010000D    799
     508       0       0       3       1       0       0               0D    800
     510    8486       0       0    1023       0       0       000010000D    801
     510       0    -409       2       1       0       0     V46       0D    802
     406    8488       0       0       0       0       0       000010001D    803
     406       0       0       1      15       0       0    NAME       0D    804
     128    8489       0       0    1023       0       0       000010000D    805
     128       0       0      17       0       0       0    X111       0D    806
     508    8506       0       0       0       0       0       000010000D    807
     508       0       0       3       1       0       0               0D    808
     510    8509       0       0    1023       0       0       000010000D    809
     510       0    -409       2       1       0       0     V47       0D    810
     406    8511       0       0       0       0       0       000010001D    811
     406       0       0       1      15       0       0    NAME       0D    812
     128    8512       0       0    1023       0       0       000010000D    813
     128       0       0       6       0       0       0    X112       0D    814
     508    8518       0       0       0       0       0       000010000D    815
     508       0       0       3       1       0       0               0D    816
     510    8521       0       0    1023       0       0       000010000D    817
     510       0    -409       2       1       0       0     V48       0D    818
     406    8523       0       0       0       0       0       000010001D    819
     406       0       0       1      15       0       0    NAME       0D    820
     128    8524       0       0    1023       0       0       000010000D    821
     128       0       0       6       0       0       0    X113       0D    822
     508    8530       0       0       0       0       0       000010000D    823
     508       0       0       6       1       0       0               0D    824
     510    8536       0       0    1023       0       0       000010000D    825
     510       0    -409       2       1       0       0     V49       0D    826
     406    8538       0       0       0       0       0       000010001D    827
     406       0       0       1      15       0       0    NAME       0D    828
     128    8539       0       0    1023       0       0       000010000D    829
     128       0       0       6       0       0       0    X114       0D    830
     508    8545       0       0       0       0       0       000010000D    831
     508       0       0       6       1       0       0               0D    832
     510    8551       0       0    1023       0       0       000010000D    833
     510       0    -409       2       1       0       0     V50       0D    834
     406    8553       0       0       0       0       0       000010001D    835
     406       0       0       1      15       0       0    NAME       0D    836
     128    8554       0       0    1023       0       0       000010000D    837
     128       0       0       6       0       0       0    X115       0D    838
     508    8560       0       0       0       0       0       000010000D    839
     508       0       0       3       1       0       0               0D    840
     510    8563       0       0    1023       0       0       000010000D    841
     510       0    -409       2       1       0       0     V51       0D    842
     406    8565       0       0       0       0       0       000010001D    843
     406       0       0       1      15       0       0    NAME       0D    844
     128    8566       0       0    1023       0       0       000010000D    845
     128       0       0       7       0       0       0    X116       0D    846
     508    8573       0       0       0       0       0       000010000D    847
     508       0       0       3       1       0       0               0D    848
     510    8576       0       0    1023       0       0       000010000D    849
     510       0    -409       2       1       0       0     V52       0D    850
     406    8578       0       0       0       0       0       000010001D    851
     406       0       0       1      15       0       0    NAME       0D    852
     128    8579       0       0    1023       0       0       000010000D    853
     128       0       0       6       0       0       0    X117       0D    854
     508    8585       0       0       0       0       0       000010000D    855
     508       0       0       3       1       0       0               0D    856
     510    8588       0       0    1023       0       0       000010000D    857
     510       0    -409       2       1       0       0     V53       0D    858
     406    8590       0       0       0       0       0       000010001D    859
     406       0       0       1      15       0       0    NAME       0D    860
     128    8591       0       0    1023       0       0       000010000D    861
     128       0       0      17       0       0       0    X118       0D    862
     508    8608       0       0       0       0       0       000010000D    863
     508       0       0       3       1       0       0               0D    864
     510    8611       0       0    1023       0       0       000010000D    865
     510       0    -409       2       1       0       0     V54       0D    866
     406    8613       0       0       0       0       0       000010001D    867
     406       0       0       1      15       0       0    NAME       0D    868
     128    8614       0       0    1023       0       0       000010000D    869
     128       0       0       6       0       0       0    X119       0D    870
     508    8620       0       0       0       0       0       000010000D    871
     508       0       0       3       1       0       0               0D    872
     510    8623       0       0    1023       0       0       000010000D    873
     510       0    -409       2       1       0       0     V55       0D    874
     406    8625       0       0       0       0       0       000010001D    875
     406       0       0       1      15       0       0    NAME       0D    876
     128    8626       0       0    1023       0       0       000010000D    877
     128       0       0      17       0       0       0    X120       0D    878
     508    8643       0       0       0       0       0       000010000D    879
     508       0       0       3       1       0       0               0D    880
     510    8646       0       0    1023       0       0       000010000D    881
     510       0    -409       2       1       0       0     V56       0D    882
     406    8648       0       0       0       0       0       000010001D    883
     406       0       0       1      15       0       0    NAME       0D    884
     128    8649       0       0    1023       0       0       000010000D    885
     128       0       0       6       0       0       0    X121       0D    886
     508    8655       0       0       0       0       0       000010000D    887
     508       0       0       3       1       0       0               0D    888
     510    8658       0       0    1023       0       0       000010000D    889
     510       0    -409       2       1       0       0     V57       0D    890
     406    8660       0       0       0       0       0       000010001D    891
     406       0       0       1      15       0       0    NAME       0D    892
     128    8661       0       0    1023       0       0       000010000D    893
     128       0       0       6       0       0       0    X122       0D    894
     508    8667       0       0       0       0       0       000010000D    895
     508       0       0       6       1       0       0               0D    896
     510    8673       0       0    1023       0       0       000010000D    897
     510       0    -409       2       1       0       0     V58       0D    898
     406    8675       0       0       0       0       0       000010001D    899
     406       0       0       1      15       0       0    NAME       0D    900
     128    8676       0       0    1023       0       0       000010000D    901
     128       0       0       6       0       0       0    X123       0D    902
     508    8682       0       0       0       0       0       000010000D    903
     508       0       0       6       1       0       0               0D    904
     510    8688       0       0    1023       0       0       000010000D    905
     510       0    -409       2       1       0       0     V59       0D    906
     406    8690       0       0       0       0       0       000010001D    907
     406       0       0       1      15       0       0    NAME       0D    908
     128    8691       0       0    1023       0       0       000010000D    909
     128       0       0       6       0       0       0    X124       0D    910
     508    8697       0       0       0       0       0       000010000D    911
     508       0       0       3       1       0       0               0D    912
     510    8700       0       0    1023       0       0       000010000D    913
     510       0    -409       2       1       0       0     V60       0D    914
     406    8702       0       0       0       0       0       000010001D    915
     406       0       0       1      15       0       0    NAME       0D    916
     128    8703       0       0    1023       0       0       000010000D    917
     128       0       0       6       0       0       0    X125       0D    918
     508    8709       0       0       0       0       0       000010000D    919
     508       0       0       3       1       0       0               0D    920
     510    8712       0       0    1023       0       0       000010000D    921
     510       0    -409       2       1       0       0     V61       0D    922
     406    8714       0       0       0       0       0       000010001D    923
     406       0       0       1      15       0       0    NAME       0D    924
     128    8715       0       0    1023       0       0       000010000D    925
     128       0       0       6       0       0       0    X126       0D    926
     508    8721       0       0       0       0       0       000010000D    927
     508       0       0       3       1       0       0               0D    928
     510    8724       0       0    1023       0       0       000010000D    929
     510       0    -409       2       1       0       0     V62       0D    930
     406    8726       0       0       0       0       0       000010001D    931
     406       0       0       1      15       0       0    NAME       0D    932
     128    8727       0       0    1023       0       0       000010000D    933
     128       0       0      17       0       0       0    X127       0D    934
     508    8744       0       0       0       0       0       000010000D    935
     508       0       0       3       1       0       0               0D    936
     510    8747       0       0    1023       0       0       000010000D    937
     510       0    -409       2       1       0       0     V63       0D    938
     406    8749       0       0       0       0       0       000010001D    939
     406       0       0       1      15       0       0    NAME       0D    940
     128    8750       0       0    1023       0       0       000010000D    941
     128       0       0       6       0       0       0    X128       0D    942
     508    8756       0       0       0       0       0       000010000D    943
     508       0       0       3       1       0       0               0D    944
     510    8759       0       0    1023       0       0       000010000D    945
     510       0    -409       2       1       0       0     V64       0D    946
     406    8761       0       0       0       0       0       000010001D    947
     406       0       0       1      15       0       0    NAME       0D    948
     128    8762       0       0    1023       0       0       000010000D    949
     128       0       0      17       0       0       0    X129       0D    950
     508    8779       0       0       0       0       0       000010000D    951
     508       0       0       3       1       0       0               0D    952
     510    8782       0       0    1023       0       0       000010000D    953
     510       0    -409       2       1       0       0     V65       0D    954
     406    8784       0       0       0       0       0       000010001D    955
     406       0       0       1      15       0       0    NAME       0D    956
     128    8785       0       0    1023       0       0       000010000D    957
     128       0       0       6       0       0       0    X130       0D    958
     508    8791       0       0       0       0       0       000010000D    959
     508       0       0       3       1       0       0               0D    960
     510    8794       0       0    1023       0       0       000010000D    961
     510       0    -409       2       1       0       0     V66       0D    962
     406    8796       0       0       0       0       0       000010001D    963
     406       0       0       1      15       0       0    NAME       0D    964
     128    8797       0       0    1023       0       0       000010000D    965
     128       0       0       6       0       0       0    X131       0D    966
     508    8803       0       0       0       0       0       000010000D    967
     508       0       0       6       1       0       0               0D    968
     510    8809       0       0    1023       0       0       000010000D    969
     510       0    -409       2       1       0       0     V67       0D    970
     406    8811       0       0       0       0       0       000010001D    971
     406       0       0       1      15       0       0    NAME       0D    972
     128    8812       0       0    1023       0       0       000010000D    973
     128       0       0       6       0       0       0    X132       0D    974
     508    8818       0       0       0       0       0       000010000D    975
     508       0       0       6       1       0       0               0D    976
     510    8824       0       0    1023       0       0       000010000D    977
     510       0    -409       2       1       0       0     V68       0D    978
     406    8826       0       0       0       0       0       000010001D    979
     406       0       0       1      15       0       0    NAME       0D    980
     128    8827       0       0    1023       0       0       000010000D    981
     128       0       0       6       0       0       0    X133       0D    982
     508    8833       0       0       0       0       0       000010000D    983
     508       0       0       3       1       0       0               0D    984
     510    8836       0       0    1023       0       0       000010000D    985
     510       0    -409       2       1       0       0     V69       0D    986
     406    8838       0       0       0       0       0       000010001D    987
     406       0       0       1      15       0       0    NAME       0D    988
     128    8839       0       0    1023       0       0       000010000D    989
     128       0       0       6       0       0       0    X134       0D    990
     508    8845       0       0       0       0       0       000010000D    991
     508       0       0       3       1       0       0               0D    992
     510    8848       0       0    1023       0       0       000010000D    993
     510       0    -409       2       1       0       0     V70       0D    994
     406    8850       0       0       0       0       0       000010001D    995
     406       0       0       1      15       0       0    NAME       0D    996
     128    8851       0       0    1023       0       0       000010000D    997
     128       0       0     200       0       0       0     X71       0D    998
     508    9051       0       0       0       0       0       000010000D    999
     508       0       0       3       1       0       0               0D   1000
     510    9054       0       0    1023       0       0       000010000D   1001
     510       0    -409       2       1       0       0     V71       0D   1002
     406    9056       0       0       0       0       0       000010001D   1003
     406       0       0       1      15       0       0    NAME       0D   1004
     128    9057       0       0    1023       0       0       000010000D   1005
     128       0       0     189       0       0       0     X72       0D   1006
     508    9246       0       0       0       0       0       000010000D   1007
     508       0       0       3       1       0       0               0D   1008
     510    9249       0       0    1023       0       0       000010000D   1009
     510       0    -409       2       1       0       0     V72       0D   1010
     406    9251       0       0       0       0       0       000010001D   1011
     406       0       0       1      15       0       0    NAME       0D   1012
     128    9252       0       0    1023       0       0       000010000D   1013
     128       0       0       7       0       0       0    X135       0D   1014
     508    9259       0       0       0       0       0       000010000D   1015
     508       0       0       3       1       0       0               0D   1016
     510    9262       0       0    1023       0       0       000010000D   1017
     510       0    -409       2       1       0       0     V73       0D   1018
     406    9264       0       0       0       0       0       000010001D   1019
     406       0       0       1      15       0       0    NAME       0D   1020
     514    9265       0       0       0       0       0       000010000D   1021
     514       0       0       7       1       0       0               0D   1022
     514    9272       0       0       0       0       0       000010000D   1023
     514       0       0       1       1       0       0               0D   1024
     186    9273       0       0    1023       0       0       000000000D   1025
     186       0    -409       2       0       0       0      W1       0D   1026
126,1,1,0,0,1,0,0E0,0E0,1E0,1E0,1E0,1E0,3E3,0E0,3E3,-3E3,0E0,          1P      1
3E3,0E0,1E0,0E0,0E0,0E0;                                               1P      2
126,1,1,0,0,1,0,0E0,0E0,1E0,1E0,1E0,1E0,3E3,0E0,3E3,3E3,0E0,           3P      3
-3E3,0E0,1E0,0E0,0E0,0E0;                                              3P      4
126,1,1,0,0,1,0,0E0,0E0,1E0,1E0,1E0,1E0,-3E3,0E0,-3E3,3E3,0E0,         5P      5
-3E3,0E0,1E0,0E0,0E0,0E0;                                              5P      6
126,1,1,0,0,1,0,0E0,0E0,1E0,1E0,1E0,1E0,-3E3,0E0,-3E3,-3E3,0E0,        7P      7
3E3,0E0,1E0,0E0,0E0,0E0;                                               7P      8
126,128,5,0,0,1,0,0E0,0E0,0E0,0E0,0E0,0E0,2.860047463666E-1,           9P      9
2.860047463666E-1,2.860047463666E-1,3.064343654938E-1,                 9P     10
3.064343654938E-1,3.064343654938E-1,3.29103409854E-1,                  9P     11
3.29103409854E-1,3.29103409854E-1,3.951639702834E-1,                   9P     12
3.951639702834E-1,3.951639702834E-1,4.612245307128E-1,                 9P     13
4.612245307128E-1,4.612245307128E-1,6.809985191437E-1,                 9P     14
6.809985191437E-1,6.809985191437E-1,9.398888554531E-1,                 9P     15
9.398888554531E-1,9.398888554531E-1,1.128964267477E0,                  9P     16
1.128964267477E0,1.128964267477E0,1.156278236822E0,                    9P     17
1.156278236822E0,1.156278236822E0,1.183592206167E0,                    9P     18
1.183592206167E0,1.183592206167E0,1.222567280277E0,                    9P     19
1.222567280277E0,1.222567280277E0,1.261680409425E0,                    9P     20
1.261680409425E0,1.261680409425E0,1.364952466922E0,                    9P     21
1.364952466922E0,1.364952466922E0,1.502574156688E0,                    9P     22
1.502574156688E0,1.502574156688E0,2.369296998324E0,                    9P     23
2.369296998324E0,2.369296998324E0,3.092918289078E0,                    9P     24
3.092918289078E0,3.092918289078E0,3.371980905372E0,                    9P     25
3.371980905372E0,3.371980905372E0,3.666538332069E0,                    9P     26
3.666538332069E0,3.666538332069E0,4.352285131205E0,                    9P     27
4.352285131205E0,4.352285131205E0,4.398327837956E0,                    9P     28
4.398327837956E0,4.398327837956E0,4.444370544707E0,                    9P     29
4.444370544707E0,4.444370544707E0,4.530038007685E0,                    9P     30
4.530038007685E0,4.530038007685E0,4.579878260893E0,                    9P     31
4.579878260893E0,4.579878260893E0,4.625920983034E0,                    9P     32
4.625920983034E0,4.625920983034E0,4.718006384224E0,                    9P     33
4.718006384224E0,4.718006384224E0,4.830718036377E0,                    9P     34
4.830718036377E0,4.830718036377E0,4.94342968853E0,                     9P     35
4.94342968853E0,4.94342968853E0,6.718142336604E0,                      9P     36
6.718142336604E0,6.718142336604E0,7.751786653433E0,                    9P     37
7.751786653433E0,7.751786653433E0,8.543531359802E0,                    9P     38
8.543531359802E0,8.543531359802E0,9.065037062906E0,                    9P     39
9.065037062906E0,9.065037062906E0,9.126474563148E0,                    9P     40
9.126474563148E0,9.126474563148E0,9.186176676659E0,                    9P     41
9.186176676659E0,9.186176676659E0,9.347623321857E0,                    9P     42
9.347623321857E0,9.347623321857E0,9.436930534241E0,                    9P     43
9.436930534241E0,9.436930534241E0,9.526237746625E0,                    9P     44
9.526237746625E0,9.526237746625E0,9.615545106613E0,                    9P     45
9.615545106613E0,9.615545106613E0,9.706084842919E0,                    9P     46
9.706084842919E0,9.706084842919E0,9.809878590784E0,                    9P     47
9.809878590784E0,9.809878590784E0,9.918254741182E0,                    9P     48
9.918254741182E0,9.918254741182E0,1.003026993332E1,                    9P     49
1.003026993332E1,1.003026993332E1,1.013406316307E1,                    9P     50
1.013406316307E1,1.013406316307E1,1.013406316307E1,                    9P     51
1.013406316307E1,1.013406316307E1,1E0,1E0,1E0,1E0,1E0,1E0,1E0,         9P     52
1E0,1E0,1E0,1E0,1E0,1E0,1E0,1E0,1E0,1E0,1E0,1E0,1E0,1E0,1E0,1E0,       9P     53
1E0,1E0,1E0,1E0,1E0,1E0,1E0,1E0,1E0,1E0,1E0,1E0,1E0,1E0,1E0,1E0,       9P     54
1E0,1E0,1E0,1E0,1E0,1E0,1E0,1E0,1E0,1E0,1E0,1E0,1E0,1E0,1E0,1E0,       9P     55
1E0,1E0,1E0,1E0,1E0,1E0,1E0,1E0,1E0,1E0,1E0,1E0,1E0,1E0,1E0,1E0,       9P     56
1E0,1E0,1E0,1E0,1E0,1E0,1E0,1E0,1E0,1E0,1E0,1E0,1E0,1E0,1E0,1E0,       9P     57
1E0,1E0,1E0,1E0,1E0,1E0,1E0,1E0,1E0,1E0,1E0,1E0,1E0,1E0,1E0,1E0,       9P     58
1E0,1E0,1E0,1E0,1E0,1E0,1E0,1E0,1E0,1E0,1E0,1E0,1E0,1E0,1E0,1E0,       9P     59
1E0,1E0,1E0,1E0,1E0,1E0,1E0,1E0,1E0,1E0,1.882732038865E0,              9P     60
3.583114146576E-15,-6.830437624574E-1,1.852400112424E0,0E0,            9P     61
-6.78359633271E-1,1.822202149385E0,0E0,-6.736378020615E-1,             9P     62
1.792140143522E0,0E0,-6.688760117005E-1,1.760087486865E0,0E0,          9P     63
-6.637295799175E-1,1.728206363977E0,0E0,-6.585312458251E-1,            9P     64
1.726049987107E0,0E0,-6.58179547629E-1,1.721729628978E0,0E0,           9P     65
-6.574746364435E-1,1.717506324503E0,0E0,-6.567719128218E-1,            9P     66
1.716325166151E0,0E0,-6.565733727169E-1,1.707108393403E0,0E0,          9P     67
-6.549920516271E-1,1.697899333315E0,0E0,-6.532681902123E-1,            9P     68
1.691048150838E0,0E0,-6.518847869856E-1,1.677373091681E0,0E0,          9P     69
-6.490028066875E-1,1.663763614879E0,0E0,-6.458588487827E-1,            9P     70
1.65697894425E0,0E0,-6.442208633686E-1,1.627725248581E0,0E0,           9P     71
-6.368451886422E-1,1.598956570918E0,0E0,-6.281974911323E-1,            9P     72
1.577310265925E0,0E0,-6.20781566515E-1,1.531265783897E0,0E0,           9P     73
-6.027507362094E-1,1.488935573983E0,0E0,-5.80342850765E-1,             9P     74
1.467450138001E0,0E0,-5.668001591365E-1,1.433698586004E0,0E0,          9P     75
-5.406046397876E-1,1.408321582333E0,0E0,-5.092473456819E-1,            9P     76
1.399408931389E0,0E0,-4.950317460194E-1,1.391799082043E0,0E0,          9P     77
-4.77690595978E-1,1.38749229627E0,0E0,-4.593236980195E-1,              9P     78
1.387002315159E0,0E0,-4.569887469932E-1,1.386131283408E0,0E0,          9P     79
-4.523026557045E-1,1.385469282154E0,0E0,-4.474819344659E-1,            9P     80
1.385190764893E0,0E0,-4.450325295284E-1,1.384672218299E0,0E0,          9P     81
-4.391250111557E-1,1.384522643598E0,0E0,-4.332393539349E-1,            9P     82
1.384553787661E0,0E0,-4.296527104093E-1,1.384782794983E0,0E0,          9P     83
-4.226001861509E-1,1.385236260875E0,0E0,-4.155352089657E-1,            9P     84
1.385488882875E0,0E0,-4.120012963852E-1,1.386534538602E0,0E0,          9P     85
-3.991480523702E-1,1.388082772619E0,0E0,-3.863200553992E-1,            9P     86
1.389515288493E0,0E0,-3.770175875337E-1,1.393442815055E0,0E0,          9P     87
-3.553822627544E-1,1.39866913876E0,0E0,-3.33900454975E-1,              9P     88
1.402079520157E0,0E0,-3.216673598877E-1,1.429852495345E0,0E0,          9P     89
-2.329071787013E-1,1.47777821114E0,0E0,-1.475928840631E-1,             9P     90
1.529484620555E0,0E0,-7.746570633528E-2,1.637235769923E0,0E0,          9P     91
4.430968966767E-2,1.763966583591E0,0E0,1.547908784969E-1,              9P     92
1.824554616801E0,0E0,2.027658928434E-1,1.911934863639E0,0E0,           9P     93
2.662374595944E-1,2.003173021692E0,0E0,3.254720520555E-1,              9P     94
2.028848116916E0,0E0,3.416339534495E-1,2.082121434579E0,0E0,           9P     95
3.741619533335E-1,2.136383756048E0,0E0,4.05282103448E-1,               9P     96
2.164499624854E0,0E0,4.208913149235E-1,2.258604396605E0,0E0,           9P     97
4.717152617799E-1,2.354090241783E0,0E0,5.190835457007E-1,              9P     98
2.419844297161E0,0E0,5.500934005036E-1,2.491369899528E0,0E0,           9P     99
5.821884199275E-1,2.562278872154E0,0E0,6.125131802668E-1,              9P    100
2.566738640944E0,0E0,6.144145178698E-1,2.57564548769E0,0E0,            9P    101
6.182001114913E-1,2.584561671159E0,0E0,6.219663988305E-1,              9P    102
2.589026134456E0,0E0,6.238464412839E-1,2.601780859373E0,0E0,           9P    103
6.292011111892E-1,2.614462055902E0,0E0,6.344784564685E-1,              9P    104
2.62577719114E0,0E0,6.391571057311E-1,2.638806344191E0,0E0,            9P    105
6.445108199388E-1,2.651860080095E0,0E0,6.498304793137E-1,              9P    106
2.654845682899E0,0E0,6.510440290347E-1,2.664006288793E0,0E0,           9P    107
6.547585895303E-1,2.673147228315E0,0E0,6.584449087577E-1,              9P    108
2.677556907066E0,0E0,6.60218706274E-1,2.690950146532E0,0E0,            9P    109
6.655916066062E-1,2.704391136962E0,0E0,6.709406118806E-1,              9P    110
2.713356181138E0,0E0,6.7448921429E-1,2.733345172915E0,0E0,             9P    111
6.823593086093E-1,2.753383044524E0,0E0,6.901566637462E-1,              9P    112
2.764411717269E0,0E0,6.944211146308E-1,2.786536191065E0,0E0,           9P    113
7.029225451868E-1,2.808782712191E0,0E0,7.113650217585E-1,              9P    114
2.819922340559E0,0E0,7.15566390589E-1,3.00679340522E0,0E0,             9P    115
7.85616586665E-1,3.199044600613E0,0E0,8.505929054717E-1,               9P    116
3.382659107984E0,0E0,9.077343251655E-1,3.676892805395E0,0E0,           9P    117
9.925688381147E-1,3.974067067942E0,0E0,1.068414738477E0,               9P    118
4.083402976708E0,0E0,1.095050784924E0,4.276878518772E0,0E0,            9P    119
1.139961588875E0,4.469635636387E0,0E0,1.180640957164E0,                9P    120
4.553018616748E0,0E0,1.197448068531E0,4.690666996986E0,0E0,            9P    121
1.223811737737E0,4.826775055179E0,0E0,1.247372970165E0,                9P    122
4.877723856858E0,0E0,1.255772073965E0,4.937484617972E0,0E0,            9P    123
1.265209398179E0,4.996612481638E0,0E0,1.273848655229E0,                9P    124
5.00082143441E0,0E0,1.274458788491E0,5.01291239441E0,0E0,              9P    125
1.27619873735E0,5.024940028805E0,0E0,1.277904251763E0,                 9P    126
5.02977900477E0,0E0,1.278586382248E0,5.05210106408E0,0E0,              9P    127
1.281722963674E0,5.074410853395E0,0E0,1.284827999489E0,                9P    128
5.096219201344E0,0E0,1.287865843893E0,5.121598975429E0,0E0,            9P    129
1.291371370451E0,5.147012258986E0,0E0,1.294818770215E0,                9P    130
5.156061363789E0,0E0,1.296036927362E0,5.174167263217E0,0E0,            9P    131
1.298453270022E0,5.192289401785E0,0E0,1.300825319809E0,                9P    132
5.201354356475E0,0E0,1.301999140189E0,5.219491520737E0,0E0,            9P    133
1.304320160942E0,5.237642427929E0,0E0,1.3065827098E0,                  9P    134
5.246716050555E0,0E0,1.307697460801E0,5.26502761197E0,0E0,             9P    135
1.309911188841E0,5.283370536878E0,0E0,1.312048211532E0,                9P    136
5.291972290614E0,0E0,1.313030082942E0,5.311763496659E0,0E0,            9P    137
1.315236680176E0,5.331555484298E0,0E0,1.317319681496E0,                9P    138
5.342093521734E0,0E0,1.318390957942E0,5.363662889931E0,0E0,            9P    139
1.320506139874E0,5.385305829342E0,0E0,1.322495723322E0,                9P    140
5.393990824308E0,0E0,1.323273555298E0,5.416759664812E0,0E0,            9P    141
1.32528715859E0,5.439546006653E0,0E0,1.327276401169E0,                 9P    142
5.446741918663E0,0E0,1.327907462441E0,5.468786755191E0,0E0,            9P    143
1.329837882964E0,5.490842613457E0,0E0,1.331765683418E0,                9P    144
5.501452890735E0,0E0,1.33269168759E0,5.512065592197E0,0E0,             9P    145
1.3336161663E0,5.522680647337E0,0E0,1.334538901684E0,0E0,              9P    146
1.013406316307E1,0E0,0E0,0E0;                                          9P    147
126,137,5,0,0,1,0,4.398561404714E1,4.398561404714E1,                  11P    148
4.398561404714E1,4.398561404714E1,4.398561404714E1,                   11P    149
4.398561404714E1,4.464016047941E1,4.464016047941E1,                   11P    150
4.464016047941E1,4.571315927885E1,4.571315927885E1,                   11P    151
4.571315927885E1,4.653867783794E1,4.653867783794E1,                   11P    152
4.653867783794E1,4.699736307483E1,4.699736307483E1,                   11P    153
4.699736307483E1,4.802605630966E1,4.802605630966E1,                   11P    154
4.802605630966E1,4.862028347735E1,4.862028347735E1,                   11P    155
4.862028347735E1,4.936491010282E1,4.936491010282E1,                   11P    156
4.936491010282E1,4.991039157401E1,4.991039157401E1,                   11P    157
4.991039157401E1,5.036193063263E1,5.036193063263E1,                   11P    158
5.036193063263E1,5.066104843677E1,5.066104843677E1,                   11P    159
5.066104843677E1,5.096007097326E1,5.096007097326E1,                   11P    160
5.096007097326E1,5.156351489467E1,5.156351489467E1,                   11P    161
5.156351489467E1,5.223724862037E1,5.223724862037E1,                   11P    162
5.223724862037E1,5.293508603478E1,5.293508603478E1,                   11P    163
5.293508603478E1,5.364705147664E1,5.364705147664E1,                   11P    164
5.364705147664E1,5.441032705177E1,5.441032705177E1,                   11P    165
5.441032705177E1,5.524215071944E1,5.524215071944E1,                   11P    166
5.524215071944E1,5.615616446664E1,5.615616446664E1,                   11P    167
5.615616446664E1,5.679513776869E1,5.679513776869E1,                   11P    168
5.679513776869E1,5.804632702434E1,5.804632702434E1,                   11P    169
5.804632702434E1,5.866223772072E1,5.866223772072E1,                   11P    170
5.866223772072E1,5.9882115416E1,5.9882115416E1,5.9882115416E1,        11P    171
6.047501912987E1,6.047501912987E1,6.047501912987E1,                   11P    172
6.104364754929E1,6.104364754929E1,6.104364754929E1,                   11P    173
6.145682062168E1,6.145682062168E1,6.145682062168E1,                   11P    174
6.186999369407E1,6.186999369407E1,6.186999369407E1,                   11P    175
6.272432065405E1,6.272432065405E1,6.272432065405E1,                   11P    176
6.333175047781E1,6.333175047781E1,6.333175047781E1,                   11P    177
6.456172772021E1,6.456172772021E1,6.456172772021E1,                   11P    178
6.52946994471E1,6.52946994471E1,6.52946994471E1,                      11P    179
6.623458138184E1,6.623458138184E1,6.623458138184E1,                   11P    180
6.728785562151E1,6.728785562151E1,6.728785562151E1,                   11P    181
6.81497365036E1,6.81497365036E1,6.81497365036E1,                      11P    182
6.932460849123E1,6.932460849123E1,6.932460849123E1,                   11P    183
6.996290660848E1,6.996290660848E1,6.996290660848E1,                   11P    184
7.093779314074E1,7.093779314074E1,7.093779314074E1,                   11P    185
7.178619382893E1,7.178619382893E1,7.178619382893E1,                   11P    186
7.274984719528E1,7.274984719528E1,7.274984719528E1,                   11P    187
7.347643671372E1,7.347643671372E1,7.347643671372E1,                   11P    188
7.40502676456E1,7.40502676456E1,7.40502676456E1,                      11P    189
7.452530513016E1,7.452530513016E1,7.452530513016E1,                   11P    190
7.502072460162E1,7.502072460162E1,7.502072460162E1,                   11P    191
7.546017410942E1,7.546017410942E1,7.546017410942E1,                   11P    192
7.572993803568E1,7.572993803568E1,7.572993803568E1,                   11P    193
7.609638976444E1,7.609638976444E1,7.609638976444E1,                   11P    194
7.609638976444E1,7.609638976444E1,7.609638976444E1,1E0,1E0,1E0,       11P    195
1E0,1E0,1E0,1E0,1E0,1E0,1E0,1E0,1E0,1E0,1E0,1E0,1E0,1E0,1E0,1E0,      11P    196
1E0,1E0,1E0,1E0,1E0,1E0,1E0,1E0,1E0,1E0,1E0,1E0,1E0,1E0,1E0,1E0,      11P    197
1E0,1E0,1E0,1E0,1E0,1E0,1E0,1E0,1E0,1E0,1E0,1E0,1E0,1E0,1E0,1E0,      11P    198
1E0,1E0,1E0,1E0,1E0,1E0,1E0,1E0,1E0,1E0,1E0,1E0,1E0,1E0,1E0,1E0,      11P    199
1E0,1E0,1E0,1E0,1E0,1E0,1E0,1E0,1E0,1E0,1E0,1E0,1E0,1E0,1E0,1E0,      11P    200
1E0,1E0,1E0,1E0,1E0,1E0,1E0,1E0,1E0,1E0,1E0,1E0,1E0,1E0,1E0,1E0,      11P    201
1E0,1E0,1E0,1E0,1E0,1E0,1E0,1E0,1E0,1E0,1E0,1E0,1E0,1E0,1E0,1E0,      11P    202
1E0,1E0,1E0,1E0,1E0,1E0,1E0,1E0,1E0,1E0,1E0,1E0,1E0,1E0,1E0,1E0,      11P    203
1E0,1E0,1E0,1E0,1E0,1E0,1E0,1.882732038865E0,3.583114146576E-15,      11P    204
-6.830437624574E-1,1.980367469575E0,3.022228216105E-14,               11P    205
-6.981287324411E-1,2.079404622374E0,5.724772921539E-14,               11P    206
-7.128388486931E-1,2.17969456108E0,8.461848211845E-14,                11P    207
-7.27203151552E-1,2.447470480835E0,1.577073228048E-13,                11P    208
-7.642517616626E-1,2.722511547825E0,2.327999593416E-13,               11P    209
-7.990940248418E-1,2.895794681811E0,2.801173757329E-13,               11P    210
-8.199530168149E-1,3.205857363345E0,3.647959384811E-13,               11P    211
-8.554924282935E-1,3.521572324917E0,4.510374995213E-13,               11P    212
-8.886902452534E-1,3.65986698636E0,4.888179149266E-13,                11P    213
-9.0269637757E-1,3.876196271744E0,5.479215850212E-13,                 11P    214
-9.238106067032E-1,4.094317084072E0,6.075224414796E-13,               11P    215
-9.43907088769E-1,4.172442345028E0,6.288708945926E-13,                11P    216
-9.509567833006E-1,4.426412828736E0,6.982737486458E-13,               11P    217
-9.734012067749E-1,4.6823830249E0,7.682328374402E-13,                 11P    218
-9.945130433664E-1,4.860092635792E0,8.168070656939E-13,               11P    219
-1.008474739029E0,5.141879481842E0,8.938360879798E-13,                11P    220
-1.029553613552E0,5.424963577732E0,9.712302970694E-13,                11P    221
-1.049096483863E0,5.529089764199E0,9.996994438527E-13,                11P    222
-1.056067259021E0,5.763120047482E0,1.063688750356E-12,                11P    223
-1.071259832905E0,5.997533960863E0,1.127789714525E-12,                11P    224
-1.085432402515E0,6.128214638568E0,1.163526651293E-12,                11P    225
-1.093018468353E0,6.354469131025E0,1.225403446542E-12,                11P    226
-1.105610006091E0,6.581273153038E0,1.287436563542E-12,                11P    227
-1.117299927128E0,6.677292087127E0,1.313699751298E-12,                11P    228
-1.122083533335E0,6.85305130843E0,1.361775516746E-12,                 11P    229
-1.130539995954E0,7.029342892744E0,1.410000409205E-12,                11P    230
-1.138480068358E0,7.109303968057E0,1.431874622734E-12,                11P    231
-1.141971500628E0,7.242435958575E0,1.468295484209E-12,                11P    232
-1.147603658573E0,7.375908499444E0,1.504811442987E-12,                11P    233
-1.152951611536E0,7.429148660382E0,1.519377407037E-12,                11P    234
-1.155037713183E0,7.535716225721E0,1.54853381198E-12,                 11P    235
-1.159119426367E0,7.642486072683E0,1.577746775967E-12,                11P    236
-1.163021092554E0,7.695996475522E0,1.592387894362E-12,                11P    237
-1.164929491217E0,7.857370179883E0,1.636542688015E-12,                11P    238
-1.170542459992E0,8.019130247293E0,1.680805969253E-12,                11P    239
-1.175740728084E0,8.127448941156E0,1.710447033567E-12,                11P    240
-1.179030867358E0,8.356992456216E0,1.773263466115E-12,                11P    241
-1.185604091653E0,8.587146428805E0,1.836252391032E-12,                11P    242
-1.191355115703E0,8.708679099023E0,1.869515155881E-12,                11P    243
-1.194160230246E0,8.956520754134E0,1.937350972142E-12,                11P    244
-1.199411440086E0,9.20504385371E0,2.005379457218E-12,                 11P    245
-1.203726580679E0,9.331665801138E0,2.040041396527E-12,                11P    246
-1.20568065143E0,9.587789882566E0,2.110156895993E-12,                 11P    247
-1.209140716266E0,9.844522722274E0,2.180445481601E-12,                11P    248
-1.211614977317E0,9.974321493722E0,2.215983563103E-12,                11P    249
-1.212612886947E0,1.024353130819E1,2.289694902817E-12,                11P    250
-1.214157760155E0,1.051323819513E1,2.363549382297E-12,                11P    251
-1.214618267534E0,1.065279614076E1,2.401766746412E-12,                11P    252
-1.214566245279E0,1.094487650423E1,2.481755675899E-12,                11P    253
-1.213849611043E0,1.12373266595E1,2.56185412916E-12,                  11P    254
-1.211857220878E0,1.138991675809E1,2.60364890761E-12,                 11P    255
-1.210469802983E0,1.171028492223E1,2.691403239429E-12,                11P    256
-1.206822210582E0,1.20308093074E1,2.779210397644E-12,                 11P    257
-1.201622728034E0,1.219863535383E1,2.825188849768E-12,                11P    258
-1.198472859648E0,1.248376820797E1,2.903309974832E-12,                11P    259
-1.192392055211E0,1.27688274804E1,2.981419006485E-12,                 11P    260
-1.185066737561E0,1.288609702012E1,3.013553379987E-12,                11P    261
-1.18184134957E0,1.323292212035E1,3.108594985156E-12,                 11P    262
-1.171672628316E0,1.357951496027E1,3.203585069255E-12,                11P    263
-1.159637569608E0,1.380874094575E1,3.266414001529E-12,                11P    264
-1.150847876055E0,1.415074517524E1,3.36016264375E-12,                 11P    265
-1.136477330306E0,1.449249950598E1,3.453855046563E-12,                11P    266
-1.120223171555E0,1.460521028208E1,3.48475619701E-12,                 11P    267
-1.114655272535E0,1.494107398773E1,3.576841693617E-12,                11P    268
-1.097442940999E0,1.527668726841E1,3.668870571132E-12,                11P    269
-1.078383388267E0,1.549958916788E1,3.729998115034E-12,                11P    270
-1.064894431014E0,1.583058939386E1,3.820778108036E-12,                11P    271
-1.043615050591E0,1.616113583515E1,3.911445773296E-12,                11P    272
-1.020491526515E0,1.626901575855E1,3.941038139309E-12,                11P    273
-1.012743557068E0,1.648058253478E1,3.999075240799E-12,                11P    274
-9.971527219172E-1,1.669189197881E1,4.057046773007E-12,               11P    275
-9.808050491173E-1,1.679527397179E1,4.085410233067E-12,               11P    276
-9.72621034901E-1,1.697365403155E1,4.134351929837E-12,                11P    277
-9.581795256154E-1,1.715183194525E1,4.183241737594E-12,               11P    278
-9.432023994813E-1,1.722677982194E1,4.203807136776E-12,               11P    279
-9.368048422136E-1,1.737660604585E1,4.244920118514E-12,               11P    280
-9.238207198129E-1,1.752630549288E1,4.286000831965E-12,               11P    281
-9.104583321229E-1,1.760112647843E1,4.30653393149E-12,                11P    282
-9.036825225948E-1,1.783057825724E1,4.36950423831E-12,                11P    283
-8.826055795554E-1,1.805984292259E1,4.432429093371E-12,               11P    284
-8.606345362153E-1,1.821433686089E1,4.474834756941E-12,               11P    285
-8.454168921764E-1,1.847871603023E1,4.547406349981E-12,               11P    286
-8.186785418112E-1,1.874333164118E1,4.620050415053E-12,               11P    287
-7.907470264747E-1,1.885335470265E1,4.650255976136E-12,               11P    288
-7.789347265246E-1,1.918638915534E1,4.74169056526E-12,                11P    289
-7.425884973251E-1,1.952022173748E1,4.83335564074E-12,                11P    290
-7.044003444162E-1,1.974401345916E1,4.894810146726E-12,               11P    291
-6.780452331076E-1,2.010202865536E1,4.993130561565E-12,               11P    292
-6.347456548991E-1,2.046077118633E1,5.091661378367E-12,               11P    293
-5.897119346433E-1,2.059536215911E1,5.128629011387E-12,               11P    294
-5.725995263047E-1,2.090133348039E1,5.21267202056E-12,                11P    295
-5.33243998849E-1,2.120731151593E1,5.296722902591E-12,                11P    296
-4.929563441128E-1,2.137926732675E1,5.34396008341E-12,                11P    297
-4.700616399791E-1,2.174337105764E1,5.443984180279E-12,               11P    298
-4.211427976005E-1,2.210651210027E1,5.543748416219E-12,               11P    299
-3.716423712141E-1,2.229813171147E1,5.59639211476E-12,                11P    300
-3.453932552463E-1,2.264558636505E1,5.691849001952E-12,               11P    301
-2.977054374249E-1,2.299134317088E1,5.786838679224E-12,               11P    302
-2.503675741186E-1,2.314677225667E1,5.82953921094E-12,                11P    303
-2.291587894811E-1,2.351261328519E1,5.93004370858E-12,                11P    304
-1.79521145613E-1,2.387614474234E1,6.029907695184E-12,                11P    305
-1.311270291702E-1,2.408469469951E1,6.087194669836E-12,               11P    306
-1.03794742035E-1,2.440611087794E1,6.175479539649E-12,                11P    307
-6.25256079565E-2,2.472644520429E1,6.263456296069E-12,                11P    308
-2.308780943409E-2,2.483911434639E1,6.294398275752E-12,               11P    309
-9.451667932761E-3,2.512367123988E1,6.372540989979E-12,               11P    310
2.432820513969E-2,2.540788846948E1,6.450578452353E-12,                11P    311
5.621776038576E-2,2.557977312374E1,6.497767745015E-12,                11P    312
7.472503277696E-2,2.590087470209E1,6.58591227152E-12,                 11P    313
1.076228915447E-1,2.62217623746E1,6.673974133221E-12,                 11P    314
1.367997675755E-1,2.637095876438E1,6.714912535345E-12,                11P    315
1.494589273115E-1,2.668942724001E1,6.802283720584E-12,                11P    316
1.742803669682E-1,2.700679278181E1,6.889318259458E-12,                11P    317
1.9375466287E-1,2.717501701729E1,6.935441347363E-12,                  11P    318
2.024029274771E-1,2.746898727932E1,7.016019928033E-12,                11P    319
2.142594310116E-1,2.775958552813E1,7.095633627689E-12,                11P    320
2.197087670031E-1,2.788371419481E1,7.129632424684E-12,                11P    321
2.207864412432E-1,2.810405518379E1,7.189968235467E-12,                11P    322
2.203040631815E-1,2.832004760685E1,7.249083957842E-12,                11P    323
2.15301440642E-1,2.841438037718E1,7.274896166441E-12,                 11P    324
2.12180858218E-1,2.858447957638E1,7.321428685408E-12,                 11P    325
2.047614441119E-1,2.874953267927E1,7.36655864081E-12,                 11P    326
1.941408327825E-1,2.882312175285E1,7.386675055444E-12,                11P    327
1.886616223419E-1,2.897059510738E1,7.426978343334E-12,                11P    328
1.760994559216E-1,2.911170996107E1,7.465522477138E-12,                11P    329
1.607690590614E-1,2.918192860868E1,7.484696106797E-12,                11P    330
1.522288006061E-1,2.931077256807E1,7.519866450956E-12,                11P    331
1.348152003672E-1,2.943322855901E1,7.553271294538E-12,                11P    332
1.14899531728E-1,2.948942829633E1,7.568597032375E-12,                 11P    333
1.049836422811E-1,2.957854791951E1,7.592891807024E-12,                11P    334
8.798391002781E-2,2.966621549767E1,7.61677662118E-12,                 11P    335
6.90799006542E-2,2.969946343636E1,7.625832833425E-12,                 11P    336
6.158520642421E-2,2.977793547783E1,7.647202268688E-12,                11P    337
4.310730855973E-2,2.98573037179E1,7.66880334496E-12,                  11P    338
2.250120836113E-2,2.990363672465E1,7.6814092768E-12,                  11P    339
9.825394622002E-3,2.995092363744E1,7.694270441551E-12,                11P    340
-3.775408007003E-3,2.999932526245E1,7.707430494355E-12,               11P    341
-1.835998960803E-2,4.398561404714E1,7.609638976444E1,0E0,0E0,         11P    342
0E0;                                                                  11P    343
126,1,1,0,0,1,0,0E0,0E0,1E0,1E0,1E0,1E0,3.000067473753E1,             13P    344
5.80966595916E-12,1.835998960868E-2,2.999932526245E1,                 13P    345
7.707430494355E-12,-1.835998960803E-2,0E0,1E0,0E0,0E0,0E0;            13P    346
126,119,5,0,0,1,0,0E0,0E0,0E0,0E0,0E0,0E0,3.744576467422E-1,          15P    347
3.744576467422E-1,3.744576467422E-1,6.12324120346E-1,                 15P    348
6.12324120346E-1,6.12324120346E-1,1.031601511364E0,                   15P    349
1.031601511364E0,1.031601511364E0,1.555838811388E0,                   15P    350
1.555838811388E0,1.555838811388E0,1.996267539452E0,                   15P    351
1.996267539452E0,1.996267539452E0,2.774531658804E0,                   15P    352
2.774531658804E0,2.774531658804E0,3.448428131609E0,                   15P    353
3.448428131609E0,3.448428131609E0,4.355577547331E0,                   15P    354
4.355577547331E0,4.355577547331E0,4.972900389305E0,                   15P    355
4.972900389305E0,4.972900389305E0,5.808103083408E0,                   15P    356
5.808103083408E0,5.808103083408E0,6.56844510272E0,                    15P    357
6.56844510272E0,6.56844510272E0,7.21401604864E0,7.21401604864E0,      15P    358
7.21401604864E0,8.081051416594E0,8.081051416594E0,                    15P    359
8.081051416594E0,8.653587596393E0,8.653587596393E0,                   15P    360
8.653587596393E0,9.848555293846E0,9.848555293846E0,                   15P    361
9.848555293846E0,1.134204927245E1,1.134204927245E1,                   15P    362
1.134204927245E1,1.23763834155E1,1.23763834155E1,                     15P    363
1.23763834155E1,1.306554740626E1,1.306554740626E1,                    15P    364
1.306554740626E1,1.379424730368E1,1.379424730368E1,                   15P    365
1.379424730368E1,1.424102951959E1,1.424102951959E1,                   15P    366
1.424102951959E1,1.46878117355E1,1.46878117355E1,                     15P    367
1.46878117355E1,1.533845360401E1,1.533845360401E1,                    15P    368
1.533845360401E1,1.623515719609E1,1.623515719609E1,                   15P    369
1.623515719609E1,1.719074568972E1,1.719074568972E1,                   15P    370
1.719074568972E1,1.827026629723E1,1.827026629723E1,                   15P    371
1.827026629723E1,1.902102968963E1,1.902102968963E1,                   15P    372
1.902102968963E1,2.013714905589E1,2.013714905589E1,                   15P    373
2.013714905589E1,2.089316508224E1,2.089316508224E1,                   15P    374
2.089316508224E1,2.231843536219E1,2.231843536219E1,                   15P    375
2.231843536219E1,2.345367068441E1,2.345367068441E1,                   15P    376
2.345367068441E1,2.395593663632E1,2.395593663632E1,                   15P    377
2.395593663632E1,2.443765597144E1,2.443765597144E1,                   15P    378
2.443765597144E1,2.491692094941E1,2.491692094941E1,                   15P    379
2.491692094941E1,2.538444644923E1,2.538444644923E1,                   15P    380
2.538444644923E1,2.581236745774E1,2.581236745774E1,                   15P    381
2.581236745774E1,2.641134156117E1,2.641134156117E1,                   15P    382
2.641134156117E1,2.704769153417E1,2.704769153417E1,                   15P    383
2.704769153417E1,2.743891183525E1,2.743891183525E1,                   15P    384
2.743891183525E1,2.777083935624E1,2.777083935624E1,                   15P    385
2.777083935624E1,2.777083935624E1,2.777083935624E1,                   15P    386
2.777083935624E1,1E0,1E0,1E0,1E0,1E0,1E0,1E0,1E0,1E0,1E0,1E0,         15P    387
1E0,1E0,1E0,1E0,1E0,1E0,1E0,1E0,1E0,1E0,1E0,1E0,1E0,1E0,1E0,1E0,      15P    388
1E0,1E0,1E0,1E0,1E0,1E0,1E0,1E0,1E0,1E0,1E0,1E0,1E0,1E0,1E0,1E0,      15P    389
1E0,1E0,1E0,1E0,1E0,1E0,1E0,1E0,1E0,1E0,1E0,1E0,1E0,1E0,1E0,1E0,      15P    390
1E0,1E0,1E0,1E0,1E0,1E0,1E0,1E0,1E0,1E0,1E0,1E0,1E0,1E0,1E0,1E0,      15P    391
1E0,1E0,1E0,1E0,1E0,1E0,1E0,1E0,1E0,1E0,1E0,1E0,1E0,1E0,1E0,1E0,      15P    392
1E0,1E0,1E0,1E0,1E0,1E0,1E0,1E0,1E0,1E0,1E0,1E0,1E0,1E0,1E0,1E0,      15P    393
1E0,1E0,1E0,1E0,1E0,1E0,1E0,1E0,1E0,1E0,1E0,1E0,1E0,                  15P    394
3.000067473753E1,5.80966595916E-12,1.835998960868E-2,                 15P    395
2.995220630733E1,5.797920228258E-12,3.864798443185E-2,                15P    396
2.990480361605E1,5.786440437304E-12,5.788792587074E-2,                15P    397
2.985831967441E1,5.775191030141E-12,7.613624843988E-2,                15P    398
2.978325214525E1,5.757037063429E-12,1.045974478449E-1,                15P    399
2.970888895281E1,5.739074176597E-12,1.311636295795E-1,                15P    400
2.968002111566E1,5.732104058014E-12,1.412345457444E-1,                15P    401
2.960010247065E1,5.712816070719E-12,1.684629323431E-1,                15P    402
2.951914827754E1,5.693300572218E-12,1.942853536727E-1,                15P    403
2.946672089621E1,5.680670500677E-12,2.103403352571E-1,                15P    404
2.93461690314E1,5.651647160133E-12,2.458190019282E-1,                 15P    405
2.921947771985E1,5.621185307898E-12,2.799983314255E-1,                15P    406
2.91469627997E1,5.603760940845E-12,2.986804270904E-1,                 15P    407
2.900978755999E1,5.570819226429E-12,3.32477994875E-1,                 15P    408
2.886634595344E1,5.53640617607E-12,3.6519152714E-1,                   15P    409
2.8799643222E1,5.520409954956E-12,3.799001387552E-1,                  15P    410
2.861216440712E1,5.475466380848E-12,4.199547554623E-1,                15P    411
2.841747845486E1,5.428836738173E-12,4.582792749532E-1,                15P    412
2.829072599723E1,5.39849236746E-12,4.821026795598E-1,                 15P    413
2.80512514942E1,5.341185315051E-12,5.253212202242E-1,                 15P    414
2.780688182854E1,5.282743541258E-12,5.665427746952E-1,                15P    415
2.769266821322E1,5.255435777127E-12,5.852768183596E-1,                15P    416
2.742309991615E1,5.190997447344E-12,6.284124980076E-1,                15P    417
2.715051824847E1,5.125866854427E-12,6.69828423033E-1,                 15P    418
2.699349518295E1,5.088355162426E-12,6.931090094181E-1,                15P    419
2.672864638992E1,5.025094602603E-12,7.315968300262E-1,                15P    420
2.646274513296E1,4.961596246225E-12,7.69171180452E-1,                 15P    421
2.635493849311E1,4.935853441692E-12,7.842576145006E-1,                15P    422
2.610104282533E1,4.875230290316E-12,8.194905184571E-1,                15P    423
2.584670033222E1,4.814508286486E-12,8.541704693427E-1,                15P    424
2.56999704778E1,4.779479952169E-12,8.740116428856E-1,                 15P    425
2.542023084731E1,4.712702305202E-12,9.115505384767E-1,                15P    426
2.5140092415E1,4.645836813866E-12,9.485658014829E-1,                  15P    427
2.500648628345E1,4.613948456033E-12,9.66083582159E-1,                 15P    428
2.475917453467E1,4.554925075847E-12,9.982279452623E-1,                15P    429
2.451119546862E1,4.495749816325E-12,1.029879740279E0,                 15P    430
2.439738751377E1,4.46859349517E-12,1.044274400006E0,                  15P    431
2.412970419649E1,4.40472438162E-12,1.077799920562E0,                  15P    432
2.38607590007E1,4.340565081828E-12,1.11062836758E0,                   15P    433
2.370619101832E1,4.303695484122E-12,1.129182631136E0,                 15P    434
2.344862766908E1,4.242265442129E-12,1.159521954763E0,                 15P    435
2.318973825302E1,4.180532294812E-12,1.18898421318E0,                  15P    436
2.308650247109E1,4.155917511515E-12,1.200562097647E0,                 15P    437
2.276739686907E1,4.07983928234E-12,1.235802668791E0,                  15P    438
2.244652464541E1,4.003362199897E-12,1.269486228E0,                    15P    439
2.222873706103E1,3.951465406975E-12,1.29148772983E0,                  15P    440
2.173780757705E1,3.834507368738E-12,1.339044483802E0,                 15P    441
2.124480679811E1,3.717115399826E-12,1.382130545663E0,                 15P    442
2.097027860801E1,3.651764318538E-12,1.404647472036E0,                 15P    443
2.050623769464E1,3.541331810747E-12,1.440210416226E0,                 15P    444
2.004318139773E1,3.431185774692E-12,1.471605496621E0,                 15P    445
1.985406780462E1,3.386210328801E-12,1.483758105298E0,                 15P    446
1.953933788195E1,3.311374296562E-12,1.502900924295E0,                 15P    447
1.922546898295E1,3.236765026029E-12,1.520262783136E0,                 15P    448
1.910009495632E1,3.206965995943E-12,1.526928941914E0,                 15P    449
1.88424082407E1,3.145725559865E-12,1.540095603339E0,                  15P    450
1.858512389584E1,3.084594349076E-12,1.552174514128E0,                 15P    451
1.84529703429E1,3.053197909901E-12,1.558106030165E0,                  15P    452
1.823985575168E1,3.002572549268E-12,1.567245015738E0,                 15P    453
1.80267461549E1,2.951956857416E-12,1.575718178336E0,                  15P    454
1.794573857972E1,2.932717936256E-12,1.578844847032E0,                 15P    455
1.77836928819E1,2.894235188786E-12,1.584914980865E0,                  15P    456
1.762155984403E1,2.855736303439E-12,1.590627133807E0,                 15P    457
1.754046478507E1,2.836481210277E-12,1.593395826784E0,                 15P    458
1.734119322003E1,2.78916917022E-12,1.599986468427E0,                  15P    459
1.714171019349E1,2.741813463347E-12,1.606070957058E0,                 15P    460
1.702335696607E1,2.713719570395E-12,1.609505460227E0,                 15P    461
1.674169977404E1,2.646866878204E-12,1.617271063681E0,                 15P    462
1.645960152521E1,2.57992161763E-12,1.624097885291E0,                  15P    463
1.629661143365E1,2.5412460737E-12,1.627733247731E0,                   15P    464
1.595840467718E1,2.461001736666E-12,1.634651562869E0,                 15P    465
1.561981298116E1,2.380682168007E-12,1.640314331225E0,                 15P    466
1.544505432868E1,2.339230697921E-12,1.642908908402E0,                 15P    467
1.50727406648E1,2.250929383577E-12,1.647749516916E0,                  15P    468
1.470016981908E1,2.162585519836E-12,1.651145999079E0,                 15P    469
1.450216986966E1,2.115640980062E-12,1.652547982817E0,                 15P    470
1.416687981095E1,2.036154494388E-12,1.654241471736E0,                 15P    471
1.383138570026E1,1.9566343481E-12,1.65478142225E0,                    15P    472
1.369373283935E1,1.924009797245E-12,1.654808607115E0,                 15P    473
1.335135004348E1,1.842869202456E-12,1.654391717882E0,                 15P    474
1.300875607454E1,1.761693992997E-12,1.652763719533E0,                 15P    475
1.280386539081E1,1.713152154944E-12,1.651354161154E0,                 15P    476
1.246012685883E1,1.631724530282E-12,1.648246991257E0,                 15P    477
1.211637925804E1,1.550310905537E-12,1.643872591973E0,                 15P    478
1.197757436309E1,1.517438840312E-12,1.641897094982E0,                 15P    479
1.157716072719E1,1.422619834222E-12,1.635587231315E0,                 15P    480
1.117707310821E1,1.327900755414E-12,1.627499230264E0,                 15P    481
1.091570877002E1,1.266033762383E-12,1.62143668088E0,                  15P    482
1.044715054136E1,1.155140580058E-12,1.609137366732E0,                 15P    483
9.980062884006E0,1.044628976287E-12,1.594244777084E0,                 15P    484
9.773192660789E0,9.956908067497E-13,1.587120558155E0,                 15P    485
9.475539301108E0,9.252863960522E-13,1.576098244452E0,                 15P    486
9.178798393623E0,8.551122405743E-13,1.563977283391E0,                 15P    487
9.087867635853E0,8.336100408571E-13,1.560155445309E0,                 15P    488
8.909908254737E0,7.915310789721E-13,1.552463260195E0,                 15P    489
8.73230120755E0,7.495407763068E-13,1.544366574196E0,                  15P    490
8.645435419778E0,7.290050426681E-13,1.540305079813E0,                 15P    491
8.472317082072E0,6.880811481961E-13,1.532006843161E0,                 15P    492
8.2995399484E0,6.472431405372E-13,1.523314666356E0,                   15P    493
8.213456852267E0,6.268976510185E-13,1.518880950956E0,                 15P    494
8.043582013042E0,5.867508522812E-13,1.509925500574E0,                 15P    495
7.874093332018E0,5.467005523125E-13,1.500579432272E0,                 15P    496
7.790132533481E0,5.268618548669E-13,1.495847516014E0,                 15P    497
7.630246233902E0,4.890855631529E-13,1.486641859963E0,                 15P    498
7.470809587271E0,4.51420258443E-13,1.477089547862E0,                  15P    499
7.394723996989E0,4.334468923027E-13,1.472445541753E0,                 15P    500
7.212409140878E0,3.903820935481E-13,1.461110334405E0,                 15P    501
7.03071614213E0,3.474706065963E-13,1.449309843751E0,                  15P    502
6.924980653447E0,3.225006703827E-13,1.442267921012E0,                 15P    503
6.707206467336E0,2.710769548144E-13,1.427396305652E0,                 15P    504
6.490085093457E0,2.198172367623E-13,1.411796587864E0,                 15P    505
6.378377370682E0,1.934470657703E-13,1.403561502568E0,                 15P    506
6.198160031714E0,1.509086057387E-13,1.389933414944E0,                 15P    507
6.018163560888E0,1.084294630523E-13,1.375758327469E0,                 15P    508
5.949662428393E0,9.226425902154E-14,1.370281021646E0,                 15P    509
5.82309411399E0,6.239807881647E-14,1.360005530308E0,                  15P    510
5.696636702527E0,3.256180096177E-14,1.349446137555E0,                 15P    511
5.638618109055E0,1.887373293644E-14,1.344538681139E0,                 15P    512
5.580630696956E0,5.193837973985E-15,1.339569785262E0,                 15P    513
5.522680647337E0,-8.47641199567E-15,1.334538901684E0,0E0,             15P    514
2.777083935624E1,0E0,0E0,0E0;                                         15P    515
126,44,5,0,0,1,0,0E0,0E0,0E0,0E0,0E0,0E0,7.424695962953E-1,           17P    516
7.424695962953E-1,7.424695962953E-1,1.409850238194E0,                 17P    517
1.409850238194E0,1.409850238194E0,2.50404131756E0,                    17P    518
2.50404131756E0,2.50404131756E0,3.367799238244E0,                     17P    519
3.367799238244E0,3.367799238244E0,3.889820681725E0,                   17P    520
3.889820681725E0,3.889820681725E0,4.313575859085E0,                   17P    521
4.313575859085E0,4.313575859085E0,4.756808619377E0,                   17P    522
4.756808619377E0,4.756808619377E0,5.031851719925E0,                   17P    523
5.031851719925E0,5.031851719925E0,5.244918609893E0,                   17P    524
5.244918609893E0,5.244918609893E0,5.504706595899E0,                   17P    525
5.504706595899E0,5.504706595899E0,5.808836430124E0,                   17P    526
5.808836430124E0,5.808836430124E0,5.998253286989E0,                   17P    527
5.998253286989E0,5.998253286989E0,6.367962501212E0,                   17P    528
6.367962501212E0,6.367962501212E0,6.449189835815E0,                   17P    529
6.449189835815E0,6.449189835815E0,6.449189835815E0,                   17P    530
6.449189835815E0,6.449189835815E0,1E0,1E0,1E0,1E0,1E0,1E0,1E0,        17P    531
1E0,1E0,1E0,1E0,1E0,1E0,1E0,1E0,1E0,1E0,1E0,1E0,1E0,1E0,1E0,1E0,      17P    532
1E0,1E0,1E0,1E0,1E0,1E0,1E0,1E0,1E0,1E0,1E0,1E0,1E0,1E0,1E0,1E0,      17P    533
1E0,1E0,1E0,1E0,1E0,1E0,8.290124163898E-1,4.47585975282E-15,          17P    534
7.200147899583E-2,7.092588752307E-1,0E0,7.118022388593E-4,            17P    535
5.899593518978E-1,0E0,-7.092976480625E-2,4.713981789828E-1,0E0,       17P    536
-1.427297087669E-1,2.46778505915E-1,0E0,-2.799776397199E-1,           17P    537
2.421632435061E-2,0E0,-4.184551272619E-1,-8.06323875871E-2,0E0,       17P    538
-4.842867799356E-1,-3.559198063698E-1,0E0,-6.588251952636E-1,         17P    539
-6.268889198908E-1,0E0,-8.354177748109E-1,-7.931538221202E-1,         17P    540
0E0,-9.458524912903E-1,-1.086776734133E0,0E0,-1.145139829095E0,       17P    541
-1.37123928118E0,0E0,-1.347335725167E0,-1.494507593174E0,0E0,         17P    542
-1.437012141797E0,-1.688608896892E0,0E0,-1.582036451345E0,            17P    543
-1.874650942012E0,0E0,-1.728536822545E0,-1.943418276098E0,0E0,        17P    544
-1.783911355249E0,-2.06530279087E0,0E0,-1.884594566098E0,             17P    545
-2.181144616978E0,0E0,-1.985681918761E0,-2.231647168893E0,0E0,        17P    546
-2.031012394329E0,-2.331663052983E0,0E0,-2.123754731546E0,            17P    547
-2.42341881398E0,0E0,-2.215882137414E0,-2.467825915491E0,0E0,         17P    548
-2.262719712715E0,-2.534735777846E0,0E0,-2.337515786884E0,            17P    549
-2.592285043284E0,0E0,-2.409262797706E0,-2.612837256751E0,0E0,        17P    550
-2.436170097278E0,-2.646458467785E0,0E0,-2.482605974336E0,            17P    551
-2.674927541337E0,0E0,-2.526280203662E0,-2.686355128264E0,0E0,        17P    552
-2.544750067042E0,-2.709539790877E0,0E0,-2.58431123263E0,             17P    553
-2.728125220138E0,0E0,-2.620587872175E0,-2.737029417375E0,0E0,        17P    554
-2.639479652337E0,-2.753893671023E0,0E0,-2.67837573229E0,             17P    555
-2.766044454179E0,0E0,-2.713313391821E0,-2.771454651753E0,0E0,        17P    556
-2.731238565254E0,-2.778661703628E0,0E0,-2.759221254817E0,            17P    557
-2.783563227134E0,0E0,-2.785886399845E0,-2.785127700534E0,0E0,        17P    558
-2.795970188225E0,-2.788833090569E0,0E0,-2.825358559551E0,            17P    559
-2.789847142538E0,0E0,-2.853732192022E0,-2.789353484089E0,0E0,        17P    560
-2.872121470097E0,-2.787394653795E0,0E0,-2.893850678919E0,            17P    561
-2.783956689403E0,0E0,-2.914495576437E0,-2.783290658408E0,0E0,        17P    562
-2.918177196274E0,-2.782579373648E0,0E0,-2.921819994734E0,            17P    563
-2.781824488376E0,0E0,-2.925422595968E0,0E0,6.449189835815E0,         17P    564
0E0,0E0,0E0;                                                          17P    565
126,47,5,0,0,1,0,6.449189835815E0,6.449189835815E0,                   19P    566
6.449189835815E0,6.449189835815E0,6.449189835815E0,                   19P    567
6.449189835815E0,6.82379983096E0,6.82379983096E0,                     19P    568
6.82379983096E0,7.064102112029E0,7.064102112029E0,                    19P    569
7.064102112029E0,7.346672353809E0,7.346672353809E0,                   19P    570
7.346672353809E0,7.723610394773E0,7.723610394773E0,                   19P    571
7.723610394773E0,8.032614001488E0,8.032614001488E0,                   19P    572
8.032614001488E0,8.256303553859E0,8.256303553859E0,                   19P    573
8.256303553859E0,8.549391769077E0,8.549391769077E0,                   19P    574
8.549391769077E0,8.781915878207E0,8.781915878207E0,                   19P    575
8.781915878207E0,9.050957010579E0,9.050957010579E0,                   19P    576
9.050957010579E0,9.302281149828E0,9.302281149828E0,                   19P    577
9.302281149828E0,9.432891834263E0,9.432891834263E0,                   19P    578
9.432891834263E0,9.880862420589E0,9.880862420589E0,                   19P    579
9.880862420589E0,1.024894278625E1,1.024894278625E1,                   19P    580
1.024894278625E1,1.069298385819E1,1.069298385819E1,                   19P    581
1.069298385819E1,1.092212396815E1,1.092212396815E1,                   19P    582
1.092212396815E1,1.092212396815E1,1.092212396815E1,                   19P    583
1.092212396815E1,1E0,1E0,1E0,1E0,1E0,1E0,1E0,1E0,1E0,1E0,1E0,         19P    584
1E0,1E0,1E0,1E0,1E0,1E0,1E0,1E0,1E0,1E0,1E0,1E0,1E0,1E0,1E0,1E0,      19P    585
1E0,1E0,1E0,1E0,1E0,1E0,1E0,1E0,1E0,1E0,1E0,1E0,1E0,1E0,1E0,1E0,      19P    586
1E0,1E0,1E0,1E0,1E0,-2.781824690072E0,-2.289748512188E-8,             19P    587
-2.925422711092E0,-2.778343054827E0,0E0,-2.942037328399E0,            19P    588
-2.773934266538E0,0E0,-2.957797091748E0,-2.768760293745E0,0E0,        19P    589
-2.972566926742E0,-2.759394534146E0,0E0,-2.995182937814E0,            19P    590
-2.748887581948E0,0E0,-3.015447351409E0,-2.744625152787E0,0E0,        19P    591
-3.023060835176E0,-2.735037876187E0,0E0,-3.039041375484E0,            19P    592
-2.724554184111E0,0E0,-3.05410910312E0,-2.718570172586E0,0E0,         19P    593
-3.062082985467E0,-2.703641358897E0,0E0,-3.08048161527E0,             19P    594
-2.686067214265E0,0E0,-3.098425590413E0,-2.674985816768E0,0E0,        19P    595
-3.108550194002E0,-2.652786834105E0,0E0,-3.126260011642E0,            19P    596
-2.626943225469E0,0E0,-3.1419564812E0,-2.614606771261E0,0E0,          19P    597
-3.148474532635E0,-2.592135912406E0,0E0,-3.158703366737E0,            19P    598
-2.567833034728E0,0E0,-3.167098370331E0,-2.557315581457E0,0E0,        19P    599
-3.170296216438E0,-2.53231417319E0,0E0,-3.176941506129E0,             19P    600
-2.505442940213E0,0E0,-3.181966155607E0,-2.489496046423E0,0E0,        19P    601
-3.18433315741E0,-2.459245399799E0,0E0,-3.187825617924E0,             19P    602
-2.425003020815E0,0E0,-3.190107217429E0,-2.408920338428E0,0E0,        19P    603
-3.190900212638E0,-2.371857263271E0,0E0,-3.192161547811E0,            19P    604
-2.329058657646E0,0E0,-3.192395537545E0,-2.304264754371E0,0E0,        19P    605
-3.192204627862E0,-2.252559109158E0,0E0,-3.191154439319E0,            19P    606
-2.194016389978E0,0E0,-3.188651591581E0,-2.164214861655E0,0E0,        19P    607
-3.187073996561E0,-2.116836392915E0,0E0,-3.184069064987E0,            19P    608
-2.066643781776E0,0E0,-3.180069801237E0,-2.049172111366E0,0E0,        19P    609
-3.178581362025E0,-1.970515941485E0,0E0,-3.171434076911E0,            19P    610
-1.886676575561E0,0E0,-3.161799647567E0,-1.819397051766E0,0E0,        19P    611
-3.152762941182E0,-1.693894745083E0,0E0,-3.133656834627E0,            19P    612
-1.563920922008E0,0E0,-3.110064208189E0,-1.504589718717E0,0E0,        19P    613
-3.098573798098E0,-1.372396436264E0,0E0,-3.071532660568E0,            19P    614
-1.237801018539E0,0E0,-3.041141911386E0,-1.163653756307E0,0E0,        19P    615
-3.023661999437E0,-1.050508783901E0,0E0,-2.996027835468E0,            19P    616
-9.364125710629E-1,0E0,-2.966875873961E0,-8.974682481508E-1,0E0,      19P    617
-2.956787427366E0,-8.584354176725E-1,0E0,-2.94654638263E0,            19P    618
-8.193137954534E-1,0E0,-2.936158827134E0,6.449189835815E0,            19P    619
1.092212396815E1,0E0,0E0,0E0;                                         19P    620
126,1,1,0,0,1,0,0E0,0E0,1E0,1E0,1E0,1E0,-8.193137954535E-1,0E0,       21P    621
-2.936158827134E0,-8.411850389308E-1,4.47585975282E-15,               21P    622
-2.9038203954E0,0E0,1E0,0E0,0E0,0E0;                                  21P    623
126,74,5,0,0,1,0,0E0,0E0,0E0,0E0,0E0,0E0,2.324009411521E0,            23P    624
2.324009411521E0,2.324009411521E0,3.318101088177E0,                   23P    625
3.318101088177E0,3.318101088177E0,3.388741200629E0,                   23P    626
3.388741200629E0,3.388741200629E0,3.459457391226E0,                   23P    627
3.459457391226E0,3.459457391226E0,3.578476463401E0,                   23P    628
3.578476463401E0,3.578476463401E0,3.861363268648E0,                   23P    629
3.861363268648E0,3.861363268648E0,4.020494483665E0,                   23P    630
4.020494483665E0,4.020494483665E0,4.194282972724E0,                   23P    631
4.194282972724E0,4.194282972724E0,4.545487582206E0,                   23P    632
4.545487582206E0,4.545487582206E0,5.072874370111E0,                   23P    633
5.072874370111E0,5.072874370111E0,5.338643785023E0,                   23P    634
5.338643785023E0,5.338643785023E0,5.485870331417E0,                   23P    635
5.485870331417E0,5.485870331417E0,5.520178885823E0,                   23P    636
5.520178885823E0,5.520178885823E0,5.554487440229E0,                   23P    637
5.554487440229E0,5.554487440229E0,5.62061921172E0,                    23P    638
5.62061921172E0,5.62061921172E0,5.637332980433E0,                     23P    639
5.637332980433E0,5.637332980433E0,5.654135212944E0,                   23P    640
5.654135212944E0,5.654135212944E0,5.829913261908E0,                   23P    641
5.829913261908E0,5.829913261908E0,5.979446392737E0,                   23P    642
5.979446392737E0,5.979446392737E0,6.212151704447E0,                   23P    643
6.212151704447E0,6.212151704447E0,6.232453827137E0,                   23P    644
6.232453827137E0,6.232453827137E0,6.273053990044E0,                   23P    645
6.273053990044E0,6.273053990044E0,6.293699282696E0,                   23P    646
6.293699282696E0,6.293699282696E0,6.707883723277E0,                   23P    647
6.707883723277E0,6.707883723277E0,6.707883723277E0,                   23P    648
6.707883723277E0,6.707883723277E0,1E0,1E0,1E0,1E0,1E0,1E0,1E0,        23P    649
1E0,1E0,1E0,1E0,1E0,1E0,1E0,1E0,1E0,1E0,1E0,1E0,1E0,1E0,1E0,1E0,      23P    650
1E0,1E0,1E0,1E0,1E0,1E0,1E0,1E0,1E0,1E0,1E0,1E0,1E0,1E0,1E0,1E0,      23P    651
1E0,1E0,1E0,1E0,1E0,1E0,1E0,1E0,1E0,1E0,1E0,1E0,1E0,1E0,1E0,1E0,      23P    652
1E0,1E0,1E0,1E0,1E0,1E0,1E0,1E0,1E0,1E0,1E0,1E0,1E0,1E0,1E0,1E0,      23P    653
1E0,1E0,1E0,1E0,8.508436324991E-1,-1.790343901128E-14,                23P    654
3.97023346096E-2,6.048228955124E-1,0E0,-1.264695506621E-1,            23P    655
3.677842505818E-1,0E0,-3.011324261968E-1,1.400808743066E-1,0E0,       23P    656
-4.843567673097E-1,-1.707625128094E-1,0E0,-7.580957401915E-1,         23P    657
-4.603880550972E-1,0E0,-1.049015727439E0,-5.452194790156E-1,0E0,      23P    658
-1.13770876294E0,-6.339700327536E-1,0E0,-1.234335785898E0,            23P    659
-7.204429080374E-1,0E0,-1.332693410732E0,-7.262002964595E-1,0E0,      23P    660
-1.339261325163E0,-7.376413090401E-1,0E0,-1.352350946694E0,           23P    661
-7.490652321203E-1,0E0,-1.365494133663E0,-7.547806016148E-1,0E0,      23P    662
-1.372087299717E0,-7.70133422072E-1,0E0,-1.389842772383E0,            23P    663
-7.855800575569E-1,0E0,-1.40782038597E0,-7.952716410475E-1,0E0,       23P    664
-1.41913932965E0,-8.285121247345E-1,0E0,-1.458090875204E0,            23P    665
-8.628219207152E-1,0E0,-1.498749579124E0,-8.876364670957E-1,0E0,      23P    666
-1.528393808315E0,-9.271544873356E-1,0E0,-1.576091711702E0,           23P    667
-9.675851660376E-1,0E0,-1.625838699165E0,-9.822424515393E-1,0E0,      23P    668
-1.644008979505E0,-1.013033634708E0,0E0,-1.682496000525E0,            23P    669
-1.044013305826E0,0E0,-1.721950247542E0,-1.060209561253E0,0E0,        23P    670
-1.742798091156E0,-1.109079650201E0,0E0,-1.806441785957E0,            23P    671
-1.157552830171E0,0E0,-1.872028796528E0,-1.189565172327E0,0E0,        23P    672
-1.916674903542E0,-1.267941895317E0,0E0,-2.029973101003E0,            23P    673
-1.340392385411E0,0E0,-2.146964672282E0,-1.380844048891E0,0E0,        23P    674
-2.218343885524E0,-1.43517339161E0,0E0,-2.326908385649E0,             23P    675
-1.474976279459E0,0E0,-2.435847162696E0,-1.486420905138E0,0E0,        23P    676
-2.472327797321E0,-1.500692536384E0,0E0,-2.528658033003E0,            23P    677
-1.508720641356E0,0E0,-2.583960775146E0,-1.510733089507E0,0E0,        23P    678
-2.603508101441E0,-1.512101241061E0,0E0,-2.627345203542E0,            23P    679
-1.512047441345E0,0E0,-2.65078763737E0,-1.511986056832E0,0E0,         23P    680
-2.655204329593E0,-1.511760211174E0,0E0,-2.664005326107E0,            23P    681
-1.511327091426E0,0E0,-2.672743109534E0,-1.511060884042E0,0E0,        23P    682
-2.677096570874E0,-1.510102761977E0,0E0,-2.689790309849E0,            23P    683
-1.50866237836E0,0E0,-2.702336610215E0,-1.507527608545E0,0E0,         23P    684
-2.710526124307E0,-1.506002026824E0,0E0,-2.720698678948E0,            23P    685
-1.504043911327E0,0E0,-2.730760095433E0,-1.503618018971E0,0E0,        23P    686
-2.732839266064E0,-1.502729049935E0,0E0,-2.73689137648E0,             23P    687
-1.501728482811E0,0E0,-2.74092388543E0,-1.501198875259E0,0E0,         23P    688
-2.742940645333E0,-1.494812753487E0,0E0,-2.765985612125E0,            23P    689
-1.484814434669E0,0E0,-2.78824140486E0,-1.472901338053E0,0E0,         23P    690
-2.807495219197E0,-1.446342352578E0,0E0,-2.840617109471E0,            23P    691
-1.41260032328E0,0E0,-2.868431185569E0,-1.39578239643E0,0E0,          23P    692
-2.879975027965E0,-1.350002003554E0,0E0,-2.906107262819E0,            23P    693
-1.29838080723E0,0E0,-2.923258926197E0,-1.26552844262E0,0E0,          23P    694
-2.930170994489E0,-1.229051346516E0,0E0,-2.933735401183E0,            23P    695
-1.192618111873E0,0E0,-2.932940182075E0,-1.189695358232E0,0E0,        23P    696
-2.932844753539E0,-1.180929334471E0,0E0,-2.932509045684E0,            23P    697
-1.172168183007E0,0E0,-2.932014417859E0,-1.166329071602E0,0E0,        23P    698
-2.931617467088E0,-1.157550336802E0,0E0,-2.930794392159E0,            23P    699
-1.148771703308E0,0E0,-2.929977538589E0,-1.144181588666E0,0E0,        23P    700
-2.929559454822E0,-1.081841405931E0,0E0,-2.9239137229E0,              23P    701
-1.019431719179E0,0E0,-2.919117608076E0,-9.600319896636E-1,0E0,       23P    702
-2.913748751936E0,-9.006059585499E-1,0E0,-2.908882758285E0,           23P    703
-8.411850389309E-1,0E0,-2.9038203954E0,0E0,6.707883723277E0,0E0,      23P    704
0E0,0E0;                                                              23P    705
126,1,1,0,0,1,0,0E0,0E0,1E0,1E0,1E0,1E0,8.508436324991E-1,            25P    706
-1.790343901128E-14,3.97023346096E-2,8.290124163898E-1,               25P    707
4.47585975282E-15,7.200147899583E-2,0E0,1E0,0E0,0E0,0E0;              25P    708
126,1,1,0,0,1,0,0E0,0E0,1E0,1E0,1E0,1E0,3E3,3E3,3E3,3E3,3E3,          27P    709
-3E3,0E0,1E0,0E0,0E0,0E0;                                             27P    710
126,1,1,0,0,1,0,0E0,0E0,1E0,1E0,1E0,1E0,3E3,3E3,-3E3,-3E3,3E3,        29P    711
-3E3,0E0,1E0,0E0,0E0,0E0;                                             29P    712
126,1,1,0,0,1,0,0E0,0E0,1E0,1E0,1E0,1E0,-3E3,3E3,-3E3,-3E3,3E3,       31P    713
3E3,0E0,1E0,0E0,0E0,0E0;                                              31P    714
126,1,1,0,0,1,0,0E0,0E0,1E0,1E0,1E0,1E0,-3E3,3E3,3E3,3E3,3E3,         33P    715
3E3,0E0,1E0,0E0,0E0,0E0;                                              33P    716
126,1,1,0,0,1,0,0E0,0E0,1E0,1E0,1E0,1E0,3E3,0E0,-3E3,3E3,3E3,         35P    717
-3E3,0E0,1E0,0E0,0E0,0E0;                                             35P    718
126,1,1,0,0,1,0,0E0,0E0,1E0,1E0,1E0,1E0,3E3,0E0,3E3,3E3,3E3,3E3,      37P    719
0E0,1E0,0E0,0E0,0E0;                                                  37P    720
126,1,1,0,0,1,0,0E0,0E0,1E0,1E0,1E0,1E0,-3E3,0E0,-3E3,-3E3,3E3,       39P    721
-3E3,0E0,1E0,0E0,0E0,0E0;                                             39P    722
126,1,1,0,0,1,0,0E0,0E0,1E0,1E0,1E0,1E0,-3E3,0E0,3E3,-3E3,3E3,        41P    723
3E3,0E0,1E0,0E0,0E0,0E0;                                              41P    724
126,59,5,0,0,1,0,6.879500461236E-1,6.879500461236E-1,                 43P    725
6.879500461236E-1,6.879500461236E-1,6.879500461236E-1,                43P    726
6.879500461236E-1,7.987050845726E-1,7.987050845726E-1,                43P    727
7.987050845726E-1,1.044563956433E0,1.044563956433E0,                  43P    728
1.044563956433E0,1.288700107387E0,1.288700107387E0,                   43P    729
1.288700107387E0,1.34386032184E0,1.34386032184E0,                     43P    730
1.34386032184E0,1.401177866741E0,1.401177866741E0,                    43P    731
1.401177866741E0,1.47329105352E0,1.47329105352E0,                     43P    732
1.47329105352E0,1.547067763849E0,1.547067763849E0,                    43P    733
1.547067763849E0,1.651890236471E0,1.651890236471E0,                   43P    734
1.651890236471E0,2.10087773251E0,2.10087773251E0,                     43P    735
2.10087773251E0,2.661982229694E0,2.661982229694E0,                    43P    736
2.661982229694E0,3.216966468813E0,3.216966468813E0,                   43P    737
3.216966468813E0,3.957555551927E0,3.957555551927E0,                   43P    738
3.957555551927E0,4.857483751441E0,4.857483751441E0,                   43P    739
4.857483751441E0,5.344541153219E0,5.344541153219E0,                   43P    740
5.344541153219E0,5.747991746405E0,5.747991746405E0,                   43P    741
5.747991746405E0,5.918632380928E0,5.918632380928E0,                   43P    742
5.918632380928E0,6.03391743262E0,6.03391743262E0,                     43P    743
6.03391743262E0,6.145327619948E0,6.145327619948E0,                    43P    744
6.145327619948E0,6.463580440805E0,6.463580440805E0,                   43P    745
6.463580440805E0,6.463580440805E0,6.463580440805E0,                   43P    746
6.463580440805E0,1E0,1E0,1E0,1E0,1E0,1E0,1E0,1E0,1E0,1E0,1E0,         43P    747
1E0,1E0,1E0,1E0,1E0,1E0,1E0,1E0,1E0,1E0,1E0,1E0,1E0,1E0,1E0,1E0,      43P    748
1E0,1E0,1E0,1E0,1E0,1E0,1E0,1E0,1E0,1E0,1E0,1E0,1E0,1E0,1E0,1E0,      43P    749
1E0,1E0,1E0,1E0,1E0,1E0,1E0,1E0,1E0,1E0,1E0,1E0,1E0,1E0,1E0,1E0,      43P    750
1E0,2.523082095939E1,3.600000017388E0,-3.176919118717E-1,             43P    751
2.523081773737E1,3.600000017374E0,-3.058468744169E-1,                 43P    752
2.523081766044E1,3.60000001736E0,-2.942183749502E-1,                  43P    753
2.523081876355E1,3.600000017346E0,-2.825798526122E-1,                 43P    754
2.523082415972E1,3.600000017299E0,-2.429874064102E-1,                 43P    755
2.523082775493E1,3.600000017252E0,-2.033945954483E-1,                 43P    756
2.523082309494E1,3.600000017219E0,-1.760968399792E-1,                 43P    757
2.523081336489E1,3.600000017155E0,-1.216925132232E-1,                 43P    758
2.523081487307E1,3.60000001709E0,-6.72904616617E-2,                   43P    759
2.523082140341E1,3.600000017057E0,-4.018623921123E-2,                 43P    760
2.523083554733E1,3.600000017018E0,-6.959321239337E-3,                 43P    761
2.523082565596E1,3.600000016978E0,2.627246277555E-2,                  43P    762
2.523082286119E1,3.600000016971E0,3.239726579545E-2,                  43P    763
2.52308134071E1,3.600000016956E0,4.48871734323E-2,                    43P    764
2.523080456183E1,3.600000016941E0,5.737695954722E-2,                  43P    765
2.523080656114E1,3.600000016935E0,6.254267857611E-2,                  43P    766
2.523079138977E1,3.600000016918E0,7.691619056214E-2,                  43P    767
2.523100790578E1,3.6000000169E0,9.124187972837E-2,                    43P    768
2.523129444399E1,3.600000016891E0,9.867084831069E-2,                  43P    769
2.523248252161E1,3.600000016869E0,1.146128427968E-1,                  43P    770
2.523462075611E1,3.600000016845E0,1.303265609727E-1,                  43P    771
2.523592901037E1,3.600000016832E0,1.382220143018E-1,                  43P    772
2.523962961118E1,3.6000000168E0,1.571758420413E-1,                    43P    773
2.524462122749E1,3.600000016764E0,1.757672495333E-1,                  43P    774
2.524798401707E1,3.600000016743E0,1.865104890542E-1,                  43P    775
2.526812604081E1,3.600000016624E0,2.427179047972E-1,                  43P    776
2.53001800403E1,3.600000016478E0,2.949043932725E-1,                   43P    777
2.533316869498E1,3.600000016346E0,3.342458868805E-1,                  43P    778
2.542003100974E1,3.600000016023E0,4.161046125338E-1,                  43P    779
2.553061206782E1,3.600000015655E0,4.842041936734E-1,                  43P    780
2.559751856548E1,3.600000015441E0,5.182337936022E-1,                  43P    781
2.573857635004E1,3.600000015003E0,5.792741577306E-1,                  43P    782
2.589247628227E1,3.600000014545E0,6.288652833945E-1,                  43P    783
2.597134093589E1,3.600000014314E0,6.510895398112E-1,                  43P    784
2.615976556632E1,3.600000013769E0,6.979922259236E-1,                  43P    785
2.635619115175E1,3.600000013216E0,7.345254148641E-1,                  43P    786
2.647014044947E1,3.6000000129E0,7.525600087792E-1,                    43P    787
2.672541225251E1,3.600000012197E0,7.870135774911E-1,                  43P    788
2.698457456237E1,3.600000011496E0,8.105189248799E-1,                  43P    789
2.712709078582E1,3.600000011115E0,8.205771491266E-1,                  43P    790
2.73465798982E1,3.600000010532E0,8.321326747361E-1,                   43P    791
2.756398143907E1,3.600000009961E0,8.380093864738E-1,                  43P    792
2.763993901316E1,3.600000009763E0,8.393997921951E-1,                  43P    793
2.777792682493E1,3.600000009403E0,8.407452846026E-1,                  43P    794
2.791367532812E1,3.600000009052E0,8.399357442649E-1,                  43P    795
2.797461125594E1,3.600000008895E0,8.39132499132E-1,                   43P    796
2.806037368886E1,3.600000008675E0,8.373707004137E-1,                  43P    797
2.814443745998E1,3.60000000846E0,8.347236369823E-1,                   43P    798
2.816926635385E1,3.600000008397E0,8.338582311547E-1,                  43P    799
2.821056585223E1,3.600000008291E0,8.32276624157E-1,                   43P    800
2.825130169939E1,3.600000008188E0,8.304646067672E-1,                  43P    801
2.826724320743E1,3.600000008147E0,8.297083546761E-1,                  43P    802
2.829927400861E1,3.600000008066E0,8.281696430416E-1,                  43P    803
2.833129293136E1,3.600000007985E0,8.2662698952E-1,                    43P    804
2.834941181667E1,3.600000007939E0,8.257618285413E-1,                  43P    805
2.841015649428E1,3.600000007785E0,8.228607891843E-1,                  43P    806
2.847089098647E1,3.600000007631E0,8.199554206737E-1,                  43P    807
2.851582592735E1,3.600000007408E0,8.177828667116E-1,                  43P    808
2.856085266974E1,3.600000007403E0,8.15647346763E-1,                   43P    809
2.860582095131E1,3.600000007289E0,8.13488170876E-1,                   43P    810
6.879500461236E-1,6.463580440805E0,0E0,0E0,0E0;                       43P    811
126,1,1,0,0,1,0,0E0,0E0,1E0,1E0,1E0,1E0,2.860582095127E1,             45P    812
3.600000007245E0,8.502281389556E-1,2.86058209513E1,                   45P    813
3.600000007289E0,8.134881708761E-1,0E0,1E0,0E0,0E0,0E0;               45P    814
126,32,5,0,0,1,0,0E0,0E0,0E0,0E0,0E0,0E0,3.744576466669E-1,           47P    815
3.744576466669E-1,3.744576466669E-1,6.123241201859E-1,                47P    816
6.123241201859E-1,6.123241201859E-1,1.03160151111E0,                  47P    817
1.03160151111E0,1.03160151111E0,1.555838810999E0,                     47P    818
1.555838810999E0,1.555838810999E0,1.996267538921E0,                   47P    819
1.996267538921E0,1.996267538921E0,2.774531658068E0,                   47P    820
2.774531658068E0,2.774531658068E0,3.448428130752E0,                   47P    821
3.448428130752E0,3.448428130752E0,4.355577546535E0,                   47P    822
4.355577546535E0,4.355577546535E0,4.972900388918E0,                   47P    823
4.972900388918E0,4.972900388918E0,5.274485793909E0,                   47P    824
5.274485793909E0,5.274485793909E0,5.274485793909E0,                   47P    825
5.274485793909E0,5.274485793909E0,1E0,1E0,1E0,1E0,1E0,1E0,1E0,        47P    826
1E0,1E0,1E0,1E0,1E0,1E0,1E0,1E0,1E0,1E0,1E0,1E0,1E0,1E0,1E0,1E0,      47P    827
1E0,1E0,1E0,1E0,1E0,1E0,1E0,1E0,1E0,1E0,3.273149568144E1,             47P    828
3.599999997542E0,1.835998960866E-2,3.268302724939E1,                  47P    829
3.599999997639E0,3.864800640889E-2,3.26356245563E1,                   47P    830
3.599999997739E0,5.788796932646E-2,3.258914061289E1,                  47P    831
3.599999997838E0,7.613631294258E-2,3.251407308088E1,                  47P    832
3.599999997998E0,1.045975463088E-1,3.243970988563E1,                  47P    833
3.59999999816E0,1.311637616463E-1,3.241084204738E1,                   47P    834
3.599999998222E0,1.412346908491E-1,3.233092339934E1,                  47P    835
3.599999998397E0,1.684631135291E-1,3.224996920317E1,                  47P    836
3.599999998576E0,1.942855713659E-1,3.219754181988E1,                  47P    837
3.599999998693E0,2.103405765708E-1,3.207698995051E1,                  47P    838
3.599999998964E0,2.458192975382E-1,3.195029863415E1,                  47P    839
3.599999999251E0,2.799986840237E-1,3.187778371126E1,                  47P    840
3.599999999417E0,2.986808122847E-1,3.174060846634E1,                  47P    841
3.599999999733E0,3.32478441697E-1,3.159716685435E1,                   47P    842
3.600000000066E0,3.651920383437E-1,3.153046412037E1,                  47P    843
3.600000000221E0,3.799006798846E-1,3.134298529836E1,                  47P    844
3.60000000066E0,4.199553806751E-1,3.114829933869E1,                   47P    845
3.600000001119E0,4.582799874027E-1,3.102154687627E1,                  47P    846
3.600000001419E0,4.821034487742E-1,3.078207236411E1,                  47P    847
3.600000001989E0,5.253220966548E-1,3.053770268913E1,                  47P    848
3.600000002573E0,5.665437604622E-1,3.042348906946E1,                  47P    849
3.600000002847E0,5.852778552145E-1,3.015392076205E1,                  47P    850
3.600000003495E0,6.284136554261E-1,2.988133908393E1,                  47P    851
3.600000004152E0,6.698297023082E-1,2.972431601234E1,                  47P    852
3.600000004532E0,6.93110358883E-1,2.945946720907E1,                   47P    853
3.600000005173E0,7.315982978624E-1,2.919356594183E1,                  47P    854
3.600000005817E0,7.691727671037E-1,2.908575929777E1,                  47P    855
3.600000006079E0,7.842592493264E-1,2.892513779664E1,                  47P    856
3.600000006469E0,8.065486407672E-1,2.876433746791E1,                  47P    857
3.60000000686E0,8.286167304441E-1,2.871152780978E1,                   47P    858
3.600000006988E0,8.358395414576E-1,2.865868629914E1,                  47P    859
3.600000007116E0,8.430433684032E-1,2.860582095127E1,                  47P    860
3.600000007245E0,8.502281159527E-1,0E0,5.274485793909E0,0E0,0E0,      47P    861
0E0;                                                                  47P    862
126,1,1,0,0,1,0,0E0,0E0,1E0,1E0,1E0,1E0,3.273014620639E1,             49P    863
3.599999997592E0,-1.835998960805E-2,3.273149568144E1,                 49P    864
3.599999997542E0,1.835998960866E-2,0E0,1E0,0E0,0E0,0E0;               49P    865
126,47,5,0,0,1,0,0E0,0E0,0E0,0E0,0E0,0E0,3.72341334229E-1,            51P    866
3.72341334229E-1,3.72341334229E-1,6.098192086125E-1,                  51P    867
6.098192086125E-1,6.098192086125E-1,1.010490437676E0,                 51P    868
1.010490437676E0,1.010490437676E0,1.520936779699E0,                   51P    869
1.520936779699E0,1.520936779699E0,1.947654921515E0,                   51P    870
1.947654921515E0,1.947654921515E0,2.420143489438E0,                   51P    871
2.420143489438E0,2.420143489438E0,2.974493070245E0,                   51P    872
2.974493070245E0,2.974493070245E0,3.645359398634E0,                   51P    873
3.645359398634E0,3.645359398634E0,4.476875419882E0,                   51P    874
4.476875419882E0,4.476875419882E0,5.539050867348E0,                   51P    875
5.539050867348E0,5.539050867348E0,6.189080601723E0,                   51P    876
6.189080601723E0,6.189080601723E0,6.676088512947E0,                   51P    877
6.676088512947E0,6.676088512947E0,7.163929056673E0,                   51P    878
7.163929056673E0,7.163929056673E0,8.005253499557E0,                   51P    879
8.005253499557E0,8.005253499557E0,9.006898759381E0,                   51P    880
9.006898759381E0,9.006898759381E0,9.006898759381E0,                   51P    881
9.006898759381E0,9.006898759381E0,1E0,1E0,1E0,1E0,1E0,1E0,1E0,        51P    882
1E0,1E0,1E0,1E0,1E0,1E0,1E0,1E0,1E0,1E0,1E0,1E0,1E0,1E0,1E0,1E0,      51P    883
1E0,1E0,1E0,1E0,1E0,1E0,1E0,1E0,1E0,1E0,1E0,1E0,1E0,1E0,1E0,1E0,      51P    884
1E0,1E0,1E0,1E0,1E0,1E0,1E0,1E0,1E0,3.273014620639E1,                 51P    885
3.599999997592E0,-1.835998960805E-2,3.268096667552E1,                 51P    886
3.599999997694E0,-3.540978153702E-3,3.263293797599E1,                 51P    887
3.599999997803E0,1.026237703766E-2,3.258589079107E1,                  51P    888
3.599999997909E0,2.311193726167E-2,3.250986539576E1,                  51P    889
3.599999998083E0,4.279830680086E-2,3.243461938574E1,                  51P    890
3.599999998257E0,6.054323157151E-2,3.240534230457E1,                  51P    891
3.599999998325E0,6.718795151318E-2,3.232651207298E1,                  51P    892
3.599999998509E0,8.439633446324E-2,3.224668700756E1,                  51P    893
3.599999998697E0,1.000157364248E-1,3.219583937465E1,                  51P    894
3.599999998818E0,1.092883820766E-1,3.207783264644E1,                  51P    895
3.5999999991E0,1.292944455591E-1,3.195400116734E1,                    51P    896
3.5999999994E0,1.468928118667E-1,3.188257038024E1,                    51P    897
3.599999999575E0,1.560271618474E-1,3.174777391343E1,                  51P    898
3.599999999906E0,1.714187077909E-1,3.160687458867E1,                  51P    899
3.600000000256E0,1.84239373561E-1,3.15415449312E1,                    51P    900
3.600000000419E0,1.895371947762E-1,3.140171524732E1,                  51P    901
3.60000000077E0,1.995610856431E-1,3.125782024135E1,                   51P    902
3.600000001134E0,2.072118547593E-1,3.118122893127E1,                  51P    903
3.600000001328E0,2.105853837617E-1,3.101304140833E1,                  51P    904
3.600000001758E0,2.165377123707E-1,3.084151987808E1,                  51P    905
3.600000002199E0,2.19571214059E-1,3.074812122252E1,                   51P    906
3.60000000244E0,2.203836549775E-1,3.054028354084E1,                   51P    907
3.600000002979E0,2.204212997246E-1,3.032978865043E1,                  51P    908
3.600000003529E0,2.167434178449E-1,3.02139380825E1,                   51P    909
3.600000003833E0,2.136772357138E-1,2.995339610926E1,                  51P    910
3.60000000452E0,2.045982925549E-1,2.96909708501E1,                    51P    911
3.600000005216E0,1.90885772943E-1,2.95453737441E1,                    51P    912
3.600000005605E0,1.819999845969E-1,2.921312732469E1,                  51P    913
3.600000006493E0,1.590846755425E-1,2.887996607379E1,                  51P    914
3.600000007391E0,1.30710717959E-1,2.869306109459E1,                   51P    915
3.600000007896E0,1.133384978899E-1,2.839158320685E1,                  51P    916
3.600000008714E0,8.334797954584E-2,2.808996927287E1,                  51P    917
3.600000009535E0,5.060907328461E-2,2.797543740507E1,                  51P    918
3.600000009847E0,3.782206243786E-2,2.777503694985E1,                  51P    919
3.600000010394E0,1.488379143063E-2,2.757445010349E1,                  51P    920
3.600000010943E0,-8.972330911506E-3,2.748849087411E1,                 51P    921
3.600000011178E0,-1.934747809955E-2,2.731631535473E1,                 51P    922
3.60000001165E0,-4.04095508691E-2,2.714385974521E1,                   51P    923
3.600000012123E0,-6.202304070215E-2,2.705757296932E1,                 51P    924
3.600000012359E0,-7.295502584915E-2,2.682194067765E1,                 51P    925
3.600000013006E0,-1.031006948619E-1,2.658550505589E1,                 51P    926
3.600000013656E0,-1.340740150572E-1,2.643552933569E1,                 51P    927
3.600000014069E0,-1.539604084962E-1,2.610600127228E1,                 51P    928
3.600000014976E0,-1.980812728046E-1,2.577458549749E1,                 51P    929
3.600000015889E0,-2.431758087282E-1,2.559356858799E1,                 51P    930
3.600000016388E0,-2.67945086327E-1,2.541240919025E1,                  51P    931
3.600000016887E0,-2.927946707984E-1,2.523082095939E1,                 51P    932
3.600000017388E0,-3.176919118738E-1,0E0,9.006898759381E0,0E0,         51P    933
0E0,0E0;                                                              51P    934
126,1,1,0,0,1,0,0E0,0E0,1E0,1E0,1E0,1E0,2.86058209513E1,              53P    935
3.600000007289E0,8.134881708761E-1,5.318320946073E1,                  53P    936
3.600000000394E1,8.134881708761E-1,0E0,1E0,0E0,0E0,0E0;               53P    937
126,59,5,0,0,1,0,6.878766337133E-1,6.878766337133E-1,                 55P    938
6.878766337133E-1,6.878766337133E-1,6.878766337133E-1,                55P    939
6.878766337133E-1,7.986387209231E-1,7.986387209231E-1,                55P    940
7.986387209231E-1,1.04449406657E0,1.04449406657E0,                    55P    941
1.04449406657E0,1.288633743653E0,1.288633743653E0,                    55P    942
1.288633743653E0,1.343793958106E0,1.343793958106E0,                   55P    943
1.343793958106E0,1.401111499427E0,1.401111499427E0,                   55P    944
1.401111499427E0,1.47322467893E0,1.47322467893E0,                     55P    945
1.47322467893E0,1.547001381555E0,1.547001381555E0,                    55P    946
1.547001381555E0,1.65182384012E0,1.65182384012E0,                     55P    947
1.65182384012E0,2.100811260827E0,2.100811260827E0,                    55P    948
2.100811260827E0,2.661915650009E0,2.661915650009E0,                   55P    949
2.661915650009E0,3.216899782515E0,3.216899782515E0,                   55P    950
3.216899782515E0,3.957488720802E0,3.957488720802E0,                   55P    951
3.957488720802E0,4.857416799596E0,4.857416799596E0,                   55P    952
4.857416799596E0,5.344474342752E0,5.344474342752E0,                   55P    953
5.344474342752E0,5.747925104112E0,5.747925104112E0,                   55P    954
5.747925104112E0,5.918565803917E0,5.918565803917E0,                   55P    955
5.918565803917E0,6.033850947491E0,6.033850947491E0,                   55P    956
6.033850947491E0,6.145259973453E0,6.145259973453E0,                   55P    957
6.145259973453E0,6.463513172687E0,6.463513172687E0,                   55P    958
6.463513172687E0,6.463513172687E0,6.463513172687E0,                   55P    959
6.463513172687E0,1E0,1E0,1E0,1E0,1E0,1E0,1E0,1E0,1E0,1E0,1E0,         55P    960
1E0,1E0,1E0,1E0,1E0,1E0,1E0,1E0,1E0,1E0,1E0,1E0,1E0,1E0,1E0,1E0,      55P    961
1E0,1E0,1E0,1E0,1E0,1E0,1E0,1E0,1E0,1E0,1E0,1E0,1E0,1E0,1E0,1E0,      55P    962
1E0,1E0,1E0,1E0,1E0,1E0,1E0,1E0,1E0,1E0,1E0,1E0,1E0,1E0,1E0,1E0,      55P    963
1E0,4.980820931611E1,3.599999981115E1,-3.176962929117E-1,             55P    964
4.980820608891E1,3.599999980587E1,-3.058502823372E-1,                 55P    965
4.980820600716E1,3.599999980068E1,-2.942208133923E-1,                 55P    966
4.980820710701E1,3.599999979549E1,-2.825814178833E-1,                 55P    967
4.980821248991E1,3.599999977784E1,-2.429885806032E-1,                 55P    968
4.980821607183E1,3.599999976018E1,-2.03395378556E-1,                  55P    969
4.980821140289E1,3.599999974801E1,-1.760980146449E-1,                 55P    970
4.980820165451E1,3.599999972375E1,-1.216936879032E-1,                 55P    971
4.980820314384E1,3.599999969949E1,-6.729163624924E-2,                 55P    972
4.980820966498E1,3.599999968741E1,-4.01870222948E-2,                  55P    973
4.980822379815E1,3.599999967259E1,-6.959712919284E-3,                 55P    974
4.980821389545E1,3.599999965777E1,2.62724626114E-2,                   55P    975
4.980821109861E1,3.599999965504E1,3.239726563111E-2,                  55P    976
4.980820164031E1,3.599999964947E1,4.488717286938E-2,                  55P    977
4.980819279082E1,3.59999996439E1,5.737695858581E-2,                   55P    978
4.980819478838E1,3.59999996416E1,6.254267920629E-2,                   55P    979
4.980817961218E1,3.599999963518E1,7.691618998392E-2,                  55P    980
4.980839612335E1,3.599999962884E1,9.124187797441E-2,                  55P    981
4.980868265903E1,3.599999962559E1,9.867084605814E-2,                  55P    982
4.98098707312E1,3.599999961872E1,1.146128390566E-1,                   55P    983
4.981200896034E1,3.599999961216E1,1.30326555869E-1,                   55P    984
4.98133172119E1,3.599999960891E1,1.382220085251E-1,                   55P    985
4.981701780617E1,3.599999960122E1,1.571758343681E-1,                  55P    986
4.982200941602E1,3.599999959396E1,1.75767240134E-1,                   55P    987
4.982537220181E1,3.599999958987E1,1.865104785675E-1,                  55P    988
4.984551420511E1,3.599999956896E1,2.427178873278E-1,                  55P    989
4.987756818462E1,3.599999955231E1,2.949043704726E-1,                  55P    990
4.991055682378E1,3.599999954159E1,3.342458604532E-1,                  55P    991
4.999741910377E1,3.599999952303E1,4.161045777804E-1,                  55P    992
5.010800012952E1,3.599999951551E1,4.842041532771E-1,                  55P    993
5.017490660918E1,3.599999951415E1,5.182337503598E-1,                  55P    994
5.031596435857E1,3.599999951607E1,5.792741098986E-1,                  55P    995
5.046986425699E1,3.599999952575E1,6.288652330111E-1,                  55P    996
5.054872889409E1,3.599999953213E1,6.510894886131E-1,                  55P    997
5.073715348617E1,3.599999955014E1,6.97992173692E-1,                   55P    998
5.093357903467E1,3.599999957443E1,7.3452536377E-1,                    55P    999
5.104752831162E1,3.599999958993E1,7.525599589606E-1,                  55P   1000
5.13028000785E1,3.599999962729E1,7.870135330352E-1,                   55P   1001
5.156196235604E1,3.599999967035E1,8.105188880074E-1,                  55P   1002
5.170447856711E1,3.59999996953E1,8.205771173092E-1,                   55P   1003
5.192396769562E1,3.599999973549E1,8.321326533288E-1,                  55P   1004
5.214136925775E1,3.599999977778E1,8.380093753546E-1,                  55P   1005
5.221732686077E1,3.599999979285E1,8.393997849022E-1,                  55P   1006
5.235531473423E1,3.599999982076E1,8.407452838028E-1,                  55P   1007
5.249106330046E1,3.599999984916E1,8.399357487367E-1,                  55P   1008
5.255199926131E1,3.599999986211E1,8.391325056714E-1,                  55P   1009
5.263776174055E1,3.599999988061E1,8.373707095113E-1,                  55P   1010
5.272182555826E1,3.599999989915E1,8.347236480931E-1,                  55P   1011
5.274665446541E1,3.599999990467E1,8.338582428395E-1,                  55P   1012
5.278795399302E1,3.599999991391E1,8.322766364771E-1,                  55P   1013
5.282868986944E1,3.599999992313E1,8.304646195796E-1,                  55P   1014
5.28446313608E1,3.599999992676E1,8.297083688311E-1,                   55P   1015
5.287666201418E1,3.599999993406E1,8.281696647829E-1,                  55P   1016
5.290868078841E1,3.599999994136E1,8.266270185619E-1,                  55P   1017
5.292680036458E1,3.599999994549E1,8.257618245672E-1,                  55P   1018
5.298754493675E1,3.599999995933E1,8.228607907243E-1,                  55P   1019
5.30482793238E1,3.599999997318E1,8.199554278534E-1,                   55P   1020
5.30932143215E1,3.599999998302E1,8.177828714223E-1,                   55P   1021
5.313824112176E1,3.599999999368E1,8.156473491414E-1,                  55P   1022
5.318320946073E1,3.600000000393E1,8.134881708758E-1,                  55P   1023
6.878766337133E-1,6.463513172687E0,0E0,0E0,0E0;                       55P   1024
126,5,5,0,0,1,0,9.037119691347E0,9.037119691347E0,                    57P   1025
9.037119691347E0,9.037119691347E0,9.037119691347E0,                   57P   1026
9.037119691347E0,4.970415825742E1,4.970415825742E1,                   57P   1027
4.970415825742E1,4.970415825742E1,4.970415825742E1,                   57P   1028
4.970415825742E1,1E0,1E0,1E0,1E0,1E0,1E0,2.523082095939E1,            57P   1029
3.600000017388E0,-3.176919118717E-1,3.014629863074E1,                 57P   1030
1.007999997614E1,-3.176927880797E-1,3.506177630208E1,                 57P   1031
1.655999993489E1,-3.176936642877E-1,3.997725397342E1,                 57P   1032
2.303999989365E1,-3.176945404957E-1,4.489273164476E1,                 57P   1033
2.95199998524E1,-3.176954167037E-1,4.980820931611E1,                  57P   1034
3.599999981115E1,-3.176962929117E-1,9.037119691347E0,                 57P   1035
4.970415825742E1,0E0,0E0,0E0;                                         57P   1036
126,1,1,0,0,1,0,0E0,0E0,1E0,1E0,1E0,1E0,5.31832094483E1,              59P   1037
3.599999998755E1,8.502281389556E-1,5.318320946073E1,                  59P   1038
3.600000000394E1,8.134881708761E-1,0E0,1E0,0E0,0E0,0E0;               59P   1039
126,1,1,0,0,1,0,0E0,0E0,1E0,1E0,1E0,1E0,2.860582095127E1,             61P   1040
3.600000007245E0,8.502281389556E-1,5.31832094483E1,                   61P   1041
3.599999998755E1,8.502281389556E-1,0E0,1E0,0E0,0E0,0E0;               61P   1042
126,32,5,0,0,1,0,0E0,0E0,0E0,0E0,0E0,0E0,3.744576657793E-1,           63P   1043
3.744576657793E-1,3.744576657793E-1,6.123241436543E-1,                63P   1044
6.123241436543E-1,6.123241436543E-1,1.031601586227E0,                 63P   1045
1.031601586227E0,1.031601586227E0,1.555838938294E0,                   63P   1046
1.555838938294E0,1.555838938294E0,1.996267708304E0,                   63P   1047
1.996267708304E0,1.996267708304E0,2.774531908335E0,                   63P   1048
2.774531908335E0,2.774531908335E0,3.448428453947E0,                   63P   1049
3.448428453947E0,3.448428453947E0,4.355577962464E0,                   63P   1050
4.355577962464E0,4.355577962464E0,4.972900857562E0,                   63P   1051
4.972900857562E0,4.972900857562E0,5.274486527537E0,                   63P   1052
5.274486527537E0,5.274486527537E0,5.274486527537E0,                   63P   1053
5.274486527537E0,5.274486527537E0,1E0,1E0,1E0,1E0,1E0,1E0,1E0,        63P   1054
1E0,1E0,1E0,1E0,1E0,1E0,1E0,1E0,1E0,1E0,1E0,1E0,1E0,1E0,1E0,1E0,      63P   1055
1E0,1E0,1E0,1E0,1E0,1E0,1E0,1E0,1E0,1E0,5.73088851137E1,              63P   1056
3.600000121075E1,1.83599896085E-2,5.726041667073E1,                   63P   1057
3.600000119168E1,3.864800489622E-2,5.721301396673E1,                  63P   1058
3.600000117331E1,5.788796660496E-2,5.716653001252E1,                  63P   1059
3.600000115557E1,7.6136309239E-2,5.709146246402E1,                    63P   1060
3.600000112738E1,1.045975409069E-1,5.701709925274E1,                  63P   1061
3.600000110017E1,1.311637548567E-1,5.698823140893E1,                  63P   1062
3.600000108971E1,1.412346833535E-1,5.690831274043E1,                  63P   1063
3.600000106106E1,1.684631059749E-1,5.682735852444E1,                  63P   1064
3.600000103283E1,1.942855636759E-1,5.677493112671E1,                  63P   1065
3.600000101484E1,2.103405693344E-1,5.665437922654E1,                  63P   1066
3.600000097411E1,2.458192907007E-1,5.652768787989E1,                  63P   1067
3.60000009327E1,2.799986772653E-1,5.645517294107E1,                   63P   1068
3.600000090939E1,2.986808052865E-1,5.631799766748E1,                  63P   1069
3.600000086598E1,3.324784340524E-1,5.617455602752E1,                  63P   1070
3.600000082177E1,3.651920298521E-1,5.610785328106E1,                  63P   1071
3.600000080143E1,3.799006709442E-1,5.592037442393E1,                  63P   1072
3.600000074484E1,4.199553706323E-1,5.57256884301E1,                   63P   1073
3.600000068753E1,4.582799760988E-1,5.559893594573E1,                  63P   1074
3.600000065073E1,4.821034367084E-1,5.535946139275E1,                  63P   1075
3.600000058199E1,5.253220832187E-1,5.511509167766E1,                  63P   1076
3.600000051312E1,5.66543745623E-1,5.500087803931E1,                   63P   1077
3.600000048118E1,5.852778397522E-1,5.473130968904E1,                  63P   1078
3.600000040626E1,6.284136383743E-1,5.445872796848E1,                  63P   1079
3.600000033148E1,6.698296836608E-1,5.430170487327E1,                  63P   1080
3.600000028866E1,6.931103392266E-1,5.40368560318E1,                   63P   1081
3.600000021679E1,7.31598276297E-1,5.377095472648E1,                   63P   1082
3.600000014511E1,7.691727436259E-1,5.366314806809E1,                  63P   1083
3.600000011611E1,7.842592249234E-1,5.350252650382E1,                  63P   1084
3.600000007299E1,8.065486207909E-1,5.334172611188E1,                  63P   1085
3.600000002993E1,8.286167147828E-1,5.328891640481E1,                  63P   1086
3.60000000158E1,8.358395310447E-1,5.323607484518E1,                   63P   1087
3.600000000167E1,8.430433632112E-1,5.31832094483E1,                   63P   1088
3.599999998755E1,8.502281159526E-1,0E0,5.274486527537E0,0E0,0E0,      63P   1089
0E0;                                                                  63P   1090
126,1,1,0,0,1,0,0E0,0E0,1E0,1E0,1E0,1E0,5.730753565083E1,             65P   1091
3.600000122684E1,-1.835998960821E-2,5.73088851137E1,                  65P   1092
3.600000121075E1,1.83599896085E-2,0E0,1E0,0E0,0E0,0E0;                65P   1093
126,47,5,0,0,1,0,0E0,0E0,0E0,0E0,0E0,0E0,3.723413466873E-1,           67P   1094
3.723413466873E-1,3.723413466873E-1,6.098192203187E-1,                67P   1095
6.098192203187E-1,6.098192203187E-1,1.010490497116E0,                 67P   1096
1.010490497116E0,1.010490497116E0,1.520936891243E0,                   67P   1097
1.520936891243E0,1.520936891243E0,1.947655074097E0,                   67P   1098
1.947655074097E0,1.947655074097E0,2.420143692226E0,                   67P   1099
2.420143692226E0,2.420143692226E0,2.974493338208E0,                   67P   1100
2.974493338208E0,2.974493338208E0,3.645359751932E0,                   67P   1101
3.645359751932E0,3.645359751932E0,4.476875881489E0,                   67P   1102
4.476875881489E0,4.476875881489E0,5.539051456433E0,                   67P   1103
5.539051456433E0,5.539051456433E0,6.18908126051E0,                    67P   1104
6.18908126051E0,6.18908126051E0,6.676089225258E0,                     67P   1105
6.676089225258E0,6.676089225258E0,7.163929824464E0,                   67P   1106
7.163929824464E0,7.163929824464E0,8.00525434991E0,                    67P   1107
8.00525434991E0,8.00525434991E0,9.006900305842E0,                     67P   1108
9.006900305842E0,9.006900305842E0,9.006900305842E0,                   67P   1109
9.006900305842E0,9.006900305842E0,1E0,1E0,1E0,1E0,1E0,1E0,1E0,        67P   1110
1E0,1E0,1E0,1E0,1E0,1E0,1E0,1E0,1E0,1E0,1E0,1E0,1E0,1E0,1E0,1E0,      67P   1111
1E0,1E0,1E0,1E0,1E0,1E0,1E0,1E0,1E0,1E0,1E0,1E0,1E0,1E0,1E0,1E0,      67P   1112
1E0,1E0,1E0,1E0,1E0,1E0,1E0,1E0,1E0,5.730753565083E1,                 67P   1113
3.600000122684E1,-1.835998960821E-2,5.72583561149E1,                  67P   1114
3.600000121008E1,-3.541007157785E-3,5.721032741021E1,                 67P   1115
3.6000001194E1,1.026231993545E-2,5.716328022018E1,                    67P   1116
3.600000117855E1,2.3111852797E-2,5.708725481766E1,                    67P   1117
3.600000115407E1,4.27981780501E-2,5.701200880085E1,                   67P   1118
3.600000113061E1,6.054305925288E-2,5.698273171778E1,                  67P   1119
3.60000011216E1,6.718776212865E-2,5.690390147534E1,                   67P   1120
3.600000109764E1,8.439610053406E-2,5.682407639982E1,                  67P   1121
3.600000107419E1,1.000154573166E-1,5.677322875852E1,                  67P   1122
3.600000105955E1,1.09288074554E-1,5.66552220127E1,                    67P   1123
3.600000102625E1,1.292940717272E-1,5.653139051689E1,                  67P   1124
3.600000099282E1,1.468923681392E-1,5.645995972117E1,                  67P   1125
3.600000097399E1,1.560266776655E-1,5.632516323959E1,                  67P   1126
3.600000093929E1,1.714181471065E-1,5.61842639011E1,                   67P   1127
3.600000090446E1,1.842387327883E-1,5.611893423776E1,                  67P   1128
3.600000088861E1,1.895365168379E-1,5.597910454127E1,                  67P   1129
3.600000085525E1,1.995603281857E-1,5.583520952347E1,                  67P   1130
3.600000082211E1,2.072110154204E-1,5.575861820704E1,                  67P   1131
3.600000080479E1,2.105845008416E-1,5.559043066955E1,                  67P   1132
3.600000076739E1,2.165367337677E-1,5.541890912542E1,                  67P   1133
3.600000073061E1,2.195701377868E-1,5.532551046207E1,                  67P   1134
3.600000071095E1,2.203825254995E-1,5.511767276234E1,                  67P   1135
3.6000000668E1,2.204200517783E-1,5.490717785445E1,                    67P   1136
3.600000062616E1,2.167420497152E-1,5.479132727659E1,                  67P   1137
3.600000060359E1,2.136758013595E-1,5.453078528095E1,                  67P   1138
3.600000055382E1,2.045967090969E-1,5.426835999992E1,                  67P   1139
3.600000050572E1,1.908840389351E-1,5.412276288177E1,                  67P   1140
3.600000047961E1,1.819981669408E-1,5.37905164368E1,                   67P   1141
3.600000042119E1,1.590826668744E-1,5.345735516088E1,                  67P   1142
3.600000036502E1,1.307085172818E-1,5.327045016843E1,                  67P   1143
3.600000033416E1,1.133361894174E-1,5.296897226126E1,                  67P   1144
3.600000028526E1,8.334549719483E-2,5.266735830806E1,                  67P   1145
3.600000023755E1,5.060641674897E-2,5.25528264339E1,                   67P   1146
3.600000021959E1,3.781933983294E-2,5.235242596738E1,                  67P   1147
3.600000018842E1,1.488095315655E-2,5.215183910981E1,                  67P   1148
3.600000015762E1,-8.975285027576E-3,5.206587987551E1,                 67P   1149
3.600000014449E1,-1.935048188497E-2,5.189370434599E1,                 67P   1150
3.600000011832E1,-4.041265420237E-2,5.172124872637E1,                 67P   1151
3.600000009233E1,-6.202624378257E-2,5.163496194535E1,                 67P   1152
3.600000007938E1,-7.295827885873E-2,5.139932964188E1,                 67P   1153
3.600000004415E1,-1.031040839606E-1,5.116289400845E1,                 67P   1154
3.600000000912E1,-1.340775407351E-1,5.101291828202E1,                 67P   1155
3.5999999987E1,-1.539640206676E-1,5.06833900977E1,                    67P   1156
3.59999999386E1,-1.98085089397E-1,5.035197420107E1,                   67P   1157
3.599999989025E1,-2.431798314351E-1,5.017095717533E1,                 67P   1158
3.59999998639E1,-2.679492284951E-1,4.998979766359E1,                  67P   1159
3.599999983756E1,-2.927989321777E-1,4.980820931611E1,                 67P   1160
3.599999981115E1,-3.176962929117E-1,0E0,9.006900305842E0,0E0,         67P   1161
0E0,0E0;                                                              67P   1162
126,35,5,0,0,1,0,0E0,0E0,0E0,0E0,0E0,0E0,1.032870371741E0,            69P   1163
1.032870371741E0,1.032870371741E0,2.569512437735E0,                   69P   1164
2.569512437735E0,2.569512437735E0,6.355391550787E0,                   69P   1165
6.355391550787E0,6.355391550787E0,9.078645873815E0,                   69P   1166
9.078645873815E0,9.078645873815E0,1.268923965366E1,                   69P   1167
1.268923965366E1,1.268923965366E1,1.633781619443E1,                   69P   1168
1.633781619443E1,1.633781619443E1,1.938943307364E1,                   69P   1169
1.938943307364E1,1.938943307364E1,2.10170520229E1,                    69P   1170
2.10170520229E1,2.10170520229E1,2.248780572151E1,                     69P   1171
2.248780572151E1,2.248780572151E1,2.345456355568E1,                   69P   1172
2.345456355568E1,2.345456355568E1,2.418275059257E1,                   69P   1173
2.418275059257E1,2.418275059257E1,2.418275059257E1,                   69P   1174
2.418275059257E1,2.418275059257E1,1E0,1E0,1E0,1E0,1E0,1E0,1E0,        69P   1175
1E0,1E0,1E0,1E0,1E0,1E0,1E0,1E0,1E0,1E0,1E0,1E0,1E0,1E0,1E0,1E0,      69P   1176
1E0,1E0,1E0,1E0,1E0,1E0,1E0,1E0,1E0,1E0,1E0,1E0,1E0,                  69P   1177
6.059035638215E1,7.2E1,-1.083841508961E0,6.079623395013E1,            69P   1178
7.199999999999E1,-1.096064579458E0,6.100215861672E1,                  69P   1179
7.200000000456E1,-1.107494393615E0,6.12081363547E1,                   69P   1180
7.200000000049E1,-1.118154847864E0,6.172061051404E1,                  69P   1181
7.199999999927E1,-1.142843034419E0,6.22333017629E1,                   69P   1182
7.200000000108E1,-1.162984351386E0,6.254124503503E1,                  69P   1183
7.200000000036E1,-1.173534997612E0,6.360358809129E1,                  69P   1184
7.199999999911E1,-1.204660067255E0,6.466635573194E1,                  69P   1185
7.20000000022E1,-1.218013943613E0,6.542096834643E1,                   69P   1186
7.20000000022E1,-1.219154153869E0,6.672071717513E1,                   69P   1187
7.199999999842E1,-1.206573392886E0,6.801991650608E1,                  69P   1188
7.200000000113E1,-1.16819780415E0,6.856341890974E1,7.2E1,             69P   1189
-1.147578771071E0,6.982680999652E1,7.2E1,-1.088465055958E0,           69P   1190
7.108872594527E1,7.2E1,-1.002949922173E0,7.180773125125E1,7.2E1,      69P   1191
-9.452639001214E-1,7.325105082066E1,7.2E1,-8.107441280758E-1,         69P   1192
7.469081590684E1,7.2E1,-6.421621791107E-1,7.54132692727E1,7.2E1,      69P   1193
-5.497052752224E-1,7.673906082909E1,7.2E1,-3.703075017295E-1,         69P   1194
7.806434859942E1,7.2E1,-1.872255340691E-1,7.865383674911E1,           69P   1195
7.200000000143E1,-1.075937001989E-1,7.95807219883E1,                  69P   1196
7.199999999924E1,1.098632957677E-2,8.051002554755E1,                  69P   1197
7.200000000041E1,1.081049377222E-1,8.083371108425E1,7.2E1,            69P   1198
1.385413988792E-1,8.145051084436E1,7.2E1,1.879640093779E-1,           69P   1199
8.206864357023E1,7.2E1,2.157936388754E-1,8.236083016895E1,            69P   1200
7.200000000033E1,2.229900893541E-1,8.284777934848E1,                  69P   1201
7.199999999978E1,2.234290334264E-1,8.333397028277E1,                  69P   1202
7.200000000014E1,1.987515522661E-1,8.352632218727E1,7.2E1,            69P   1203
1.843956956376E-1,8.386319740303E1,7.2E1,1.491564548546E-1,           69P   1204
8.419665342048E1,7.2E1,9.038859670564E-2,8.433581113219E1,            69P   1205
7.199999999998E1,6.058005494837E-2,8.447652926786E1,                  69P   1206
7.199999999999E1,2.360350699711E-2,8.461574417794E1,7.2E1,            69P   1207
-1.835998960842E-2,0E0,2.418275059257E1,0E0,0E0,0E0;                  69P   1208
126,3,3,0,0,1,0,0E0,0E0,0E0,0E0,4.460046799429E-2,                    71P   1209
4.460046799429E-2,4.460046799429E-2,4.460046799429E-2,1E0,1E0,        71P   1210
1E0,1E0,6.059035638215E1,7.2E1,-1.083841508961E0,                     71P   1211
6.058924578335E1,7.363160650363E1,-1.010294168943E0,                  71P   1212
6.055481762521E1,7.36302248068E1,1.269646569507E0,                    71P   1213
6.055331400695E1,7.2E1,1.369220892252E0,0E0,4.460046799429E-2,        71P   1214
0E0,0E0,0E0;                                                          71P   1215
126,35,5,0,0,1,0,3.766736654472E-14,3.766736654472E-14,               73P   1216
3.766736654472E-14,3.766736654472E-14,3.766736654472E-14,             73P   1217
3.766736654472E-14,7.281870368913E-1,7.281870368913E-1,               73P   1218
7.281870368913E-1,1.694944871058E0,1.694944871058E0,                  73P   1219
1.694944871058E0,3.165698569671E0,3.165698569671E0,                   73P   1220
3.165698569671E0,4.793317518935E0,4.793317518935E0,                   73P   1221
4.793317518935E0,7.844934398145E0,7.844934398145E0,                   73P   1222
7.844934398145E0,1.149351093892E1,1.149351093892E1,                   73P   1223
1.149351093892E1,1.510410471877E1,1.510410471877E1,                   73P   1224
1.510410471877E1,1.78273590418E1,1.78273590418E1,                     73P   1225
1.78273590418E1,2.161323815485E1,2.161323815485E1,                    73P   1226
2.161323815485E1,2.314988022085E1,2.314988022085E1,                   73P   1227
2.314988022085E1,2.418275059253E1,2.418275059253E1,                   73P   1228
2.418275059253E1,2.418275059253E1,2.418275059253E1,                   73P   1229
2.418275059253E1,1E0,1E0,1E0,1E0,1E0,1E0,1E0,1E0,1E0,1E0,1E0,         73P   1230
1E0,1E0,1E0,1E0,1E0,1E0,1E0,1E0,1E0,1E0,1E0,1E0,1E0,1E0,1E0,1E0,      73P   1231
1E0,1E0,1E0,1E0,1E0,1E0,1E0,1E0,1E0,8.461709365302E1,7.2E1,           73P   1232
1.835998960842E-2,8.448254311719E1,7.2E1,7.470655940306E-2,           73P   1233
8.434629846383E1,7.2E1,1.270078216522E-1,8.421109605514E1,            73P   1234
7.200000000008E1,1.727612413111E-1,8.388604900846E1,                  73P   1235
7.199999999989E1,2.712442225166E-1,8.355579314575E1,                  73P   1236
7.200000000014E1,3.508746645074E-1,8.336680432264E1,7.2E1,            73P   1237
3.922489235457E-1,8.288814403201E1,7.2E1,4.889249075037E-1,           73P   1238
8.240670064431E1,7.2E1,5.708974124921E-1,8.211722700045E1,            73P   1239
7.200000000066E1,6.171517458683E-1,8.150355708994E1,                  73P   1240
7.199999999927E1,7.101966241088E-1,8.088887177571E1,                  73P   1241
7.200000000081E1,7.962901672702E-1,8.056574914622E1,7.2E1,            73P   1242
8.405547260712E-1,7.963680973518E1,7.2E1,9.659288750645E-1,           73P   1243
7.870701494916E1,7.2E1,1.08482104945E0,7.811458890733E1,7.2E1,        73P   1244
1.157024821392E0,7.678055880415E1,7.2E1,1.305658214647E0,             73P   1245
7.544324319267E1,7.2E1,1.421481613369E0,7.471431575773E1,7.2E1,       73P   1246
1.473522452898E0,7.326246894748E1,7.2E1,1.557471641107E0,             73P   1247
7.180909150683E1,7.2E1,1.60843811271E0,7.108573965223E1,              73P   1248
7.2000000002E1,1.627193909697E0,6.981710470682E1,                     73P   1249
7.199999999849E1,1.650164409288E0,6.854827900316E1,                   73P   1250
7.200000000113E1,1.656362880072E0,6.800264449146E1,7.2E1,             73P   1251
1.656038707961E0,6.66987192388E1,7.2E1,1.647933549393E0,              73P   1252
6.539501507921E1,7.2E1,1.62152824851E0,6.463829979041E1,7.2E1,        73P   1253
1.599578292677E0,6.357280459315E1,7.2E1,1.558716176226E0,             73P   1254
6.250806530421E1,7.2E1,1.502316261422E0,6.219944711369E1,7.2E1,       73P   1255
1.484614691618E0,6.168569274504E1,7.2E1,1.452818852111E0,             73P   1256
6.117221373975E1,7.2E1,1.416863537107E0,6.096585241418E1,             73P   1257
7.199999999794E1,1.401709806113E0,6.075955239228E1,                   73P   1258
7.199999999995E1,1.385847628946E0,6.055331400701E1,7.2E1,             73P   1259
1.369220892257E0,3.766736654472E-14,2.418275059253E1,0E0,0E0,         73P   1260
0E0;                                                                  73P   1261
126,3,3,0,0,1,0,0E0,0E0,0E0,0E0,4.460046799429E-2,                    75P   1262
4.460046799429E-2,4.460046799429E-2,4.460046799429E-2,1E0,1E0,        75P   1263
1E0,1E0,8.461574417794E1,7.2E1,-1.835998960842E-2,                    75P   1264
8.463053671461E1,7.201950077763E1,-1.835998960842E-2,                 75P   1265
8.463188618969E1,7.201950077763E1,1.835998960842E-2,                  75P   1266
8.461709365303E1,7.2E1,1.835998960842E-2,0E0,4.460046799429E-2,       75P   1267
0E0,0E0,0E0;                                                          75P   1268
126,1,1,0,0,1,0,0E0,0E0,1E0,1E0,1E0,1E0,8.461574417794E1,7.2E1,       77P   1269
-1.835998960842E-2,5.730753565083E1,3.600000122684E1,                 77P   1270
-1.835998960821E-2,0E0,1E0,0E0,0E0,0E0;                               77P   1271
126,35,5,0,0,1,0,1.077413733923E0,1.077413733923E0,                   79P   1272
1.077413733923E0,1.077413733923E0,1.077413733923E0,                   79P   1273
1.077413733923E0,1.411082499744E0,1.411082499744E0,                   79P   1274
1.411082499744E0,1.830697261142E0,1.830697261142E0,                   79P   1275
1.830697261142E0,2.25031202254E0,2.25031202254E0,                     79P   1276
2.25031202254E0,3.357503477633E0,3.357503477633E0,                    79P   1277
3.357503477633E0,4.019270732734E0,4.019270732734E0,                   79P   1278
4.019270732734E0,4.681037987834E0,4.681037987834E0,                   79P   1279
4.681037987834E0,5.010640427647E0,5.010640427647E0,                   79P   1280
5.010640427647E0,5.34024286746E0,5.34024286746E0,                     79P   1281
5.34024286746E0,5.672090368402E0,5.672090368402E0,                    79P   1282
5.672090368402E0,6.003937869344E0,6.003937869344E0,                   79P   1283
6.003937869344E0,6.669441437746E0,6.669441437746E0,                   79P   1284
6.669441437746E0,6.669441437746E0,6.669441437746E0,                   79P   1285
6.669441437746E0,1E0,1E0,1E0,1E0,1E0,1E0,1E0,1E0,1E0,1E0,1E0,         79P   1286
1E0,1E0,1E0,1E0,1E0,1E0,1E0,1E0,1E0,1E0,1E0,1E0,1E0,1E0,1E0,1E0,      79P   1287
1E0,1E0,1E0,1E0,1E0,1E0,1E0,1E0,1E0,5.649905340078E1,7.2E1,           79P   1288
-6.830286971165E-1,5.654049982E1,7.199999937858E1,                    79P   1289
-6.894300093324E-1,5.658236687402E1,7.199999539934E1,                 79P   1290
-6.957709764445E-1,5.662457117583E1,7.199999923647E1,                 79P   1291
-7.020786332494E-1,5.67203514744E1,7.200000047049E1,                  79P   1292
-7.161693931681E-1,5.681784550522E1,7.200000121938E1,                 79P   1293
-7.300262458031E-1,5.687255284347E1,7.1999999056E1,                   79P   1294
-7.376526603583E-1,5.698280008583E1,7.199999789339E1,                 79P   1295
-7.527475087113E-1,5.709486678331E1,7.200000028253E1,                 79P   1296
-7.675498038747E-1,5.715139131838E1,7.200000192516E1,                 79P   1297
-7.748834741319E-1,5.73590297871E1,7.200000292603E1,                  79P   1298
-8.013526250151E-1,5.757202766763E1,7.200000506154E1,                 79P   1299
-8.268353374848E-1,5.77285748608E1,7.200000506286E1,                  79P   1300
-8.447526621411E-1,5.798286932395E1,7.200000637362E1,                 79P   1301
-8.726113143204E-1,5.824235309804E1,7.200000478398E1,                 79P   1302
-8.991223730106E-1,5.834046882067E1,7.200000749895E1,                 79P   1303
-9.088878622662E-1,5.853837388055E1,7.200000823235E1,                 79P   1304
-9.280702455982E-1,5.873863678527E1,7.200000278866E1,                 79P   1305
-9.464785092569E-1,5.883911678483E1,7.199999806131E1,                 79P   1306
-9.554693736476E-1,5.898975741337E1,7.199999805307E1,                 79P   1307
-9.685952458193E-1,5.914138695254E1,7.199999912679E1,                 79P   1308
-9.812797170703E-1,5.919232878801E1,7.200000116202E1,                 79P   1309
-9.854835335394E-1,5.929486133014E1,7.200000326167E1,                 79P   1310
-9.938256529517E-1,5.939781997607E1,7.200000228164E1,                 79P   1311
-1.001969539884E0,5.944918949672E1,7.200000079044E1,                  79P   1312
-1.005974710741E0,5.955160381325E1,7.200000073563E1,                  79P   1313
-1.013849296286E0,5.965437051096E1,7.200000036252E1,                  79P   1314
-1.021529184088E0,5.970601346911E1,7.200000013284E1,                  79P   1315
-1.025333301017E0,5.980942246477E1,7.199999973063E1,                  79P   1316
-1.03284108786E0,5.99130847076E1,7.199999959871E1,                    79P   1317
-1.040149505762E0,5.996497722788E1,7.199999964108E1,                  79P   1318
-1.043753990524E0,6.012113067266E1,7.200000009037E1,                  79P   1319
-1.054438323269E0,6.027768999566E1,7.20000009875E1,                   79P   1320
-1.064665213954E0,6.038091642951E1,7.200000147107E1,                  79P   1321
-1.071198273032E0,6.048558352856E1,7.199999998613E1,                  79P   1322
-1.077611408194E0,6.059035638215E1,7.2E1,-1.083841508961E0,           79P   1323
1.077413733923E0,6.669441437746E0,0E0,0E0,0E0;                        79P   1324
126,2,2,0,0,1,0,6.390206526198E0,6.390206526198E0,                    81P   1325
6.390206526198E0,1.341943370316E2,1.341943370316E2,                   81P   1326
1.341943370316E2,1E0,1E0,1E0,5.649905340078E1,7.2E1,                  81P   1327
-6.830286971165E-1,2.919089272586E1,3.600000000796E1,                 81P   1328
-6.83036229907E-1,1.882732038865E0,-1.342757925846E-14,               81P   1329
-6.830437624576E-1,6.390206526198E0,1.341943370316E2,0E0,0E0,         81P   1330
0E0;                                                                  81P   1331
126,1,1,0,0,1,0,0E0,0E0,1E0,1E0,1E0,1E0,3.273014620639E1,             83P   1332
3.599999997592E0,-1.835998960805E-2,2.999932526245E1,                 83P   1333
7.707430494355E-12,-1.835998960803E-2,0E0,1E0,0E0,0E0,0E0;            83P   1334
126,1,1,0,0,1,0,0E0,0E0,1E0,1E0,1E0,1E0,5.098312237631E1,             85P   1335
6.386512264803E1,-7.751515042825E-1,5.13995019171E1,                  85P   1336
6.44140304871E1,-7.751515042825E-1,0E0,1E0,0E0,0E0,0E0;               85P   1337
126,26,5,0,0,1,0,0E0,0E0,0E0,0E0,0E0,0E0,1.438625318469E0,            87P   1338
1.438625318469E0,1.438625318469E0,2.156393664863E0,                   87P   1339
2.156393664863E0,2.156393664863E0,2.874162011257E0,                   87P   1340
2.874162011257E0,2.874162011257E0,3.111518437136E0,                   87P   1341
3.111518437136E0,3.111518437136E0,3.348874863015E0,                   87P   1342
3.348874863015E0,3.348874863015E0,3.585666101945E0,                   87P   1343
3.585666101945E0,3.585666101945E0,3.822457340875E0,                   87P   1344
3.822457340875E0,3.822457340875E0,4.77726080584E0,                    87P   1345
4.77726080584E0,4.77726080584E0,4.77726080584E0,4.77726080584E0,      87P   1346
4.77726080584E0,1E0,1E0,1E0,1E0,1E0,1E0,1E0,1E0,1E0,1E0,1E0,1E0,      87P   1347
1E0,1E0,1E0,1E0,1E0,1E0,1E0,1E0,1E0,1E0,1E0,1E0,1E0,1E0,1E0,          87P   1348
5.13995019171E1,6.44140304871E1,-7.751515042825E-1,                   87P   1349
5.150348376872E1,6.433515401177E1,-7.962401059288E-1,                 87P   1350
5.160972529611E1,6.425456343804E1,-8.167158692767E-1,                 87P   1351
5.171822710794E1,6.41722583017E1,-8.366341597051E-1,                  87P   1352
5.188314277253E1,6.404715986997E1,-8.654895193402E-1,                 87P   1353
5.205172296754E1,6.391928167509E1,-8.929448347118E-1,                 87P   1354
5.210820060953E1,6.387644209844E1,-9.019243466421E-1,                 87P   1355
5.222184615713E1,6.379023695175E1,-9.195664302757E-1,                 87P   1356
5.233681831681E1,6.370302195497E1,-9.365765322279E-1,                 87P   1357
5.239462153888E1,6.365917252824E1,-9.449240808626E-1,                 87P   1358
5.247195113156E1,6.360051339062E1,-9.558228580203E-1,                 87P   1359
5.254975495316E1,6.354149452234E1,-9.664364056451E-1,                 87P   1360
5.256926904995E1,6.352668931263E1,-9.690770994348E-1,                 87P   1361
5.260851067796E1,6.349692000034E1,-9.743426947469E-1,                 87P   1362
5.264786425473E1,6.346707018466E1,-9.795355709512E-1,                 87P   1363
5.266749125427E1,6.345218447155E1,-9.821034243695E-1,                 87P   1364
5.270643176464E1,6.34226457572E1,-9.871566986496E-1,                  87P   1365
5.274545972377E1,6.339304070785E1,-9.921374339775E-1,                 87P   1366
5.276516145207E1,6.337809291568E1,-9.946312274391E-1,                 87P   1367
5.280481485178E1,6.334801107184E1,-9.996069568016E-1,                 87P   1368
5.284458900782E1,6.331784244568E1,-1.004512559238E0,                  87P   1369
5.286441252175E1,6.330280787118E1,-1.00693607018E0,                   87P   1370
5.296333650586E1,6.322776809167E1,-1.018929120011E0,                  87P   1371
5.306282590101E1,6.315229941523E1,-1.030474465347E0,                  87P   1372
5.314175180497E1,6.309242937815E1,-1.039314493848E0,                  87P   1373
5.322199016206E1,6.303156376954E1,-1.047978467178E0,                  87P   1374
5.330238242465E1,6.29705814133E1,-1.056343847668E0,0E0,               87P   1375
4.77726080584E0,0E0,0E0,0E0;                                          87P   1376
126,1,1,0,0,1,0,0E0,0E0,1E0,1E0,1E0,1E0,5.288600288386E1,             89P   1377
6.242167357424E1,-1.056343847668E0,5.330238242465E1,                  89P   1378
6.29705814133E1,-1.056343847668E0,0E0,1E0,0E0,0E0,0E0;                89P   1379
126,23,5,0,0,1,0,4.208667355403E-10,4.208667355403E-10,               91P   1380
4.208667355403E-10,4.208667355403E-10,4.208667355403E-10,             91P   1381
4.208667355403E-10,1.339775513701E0,1.339775513701E0,                 91P   1382
1.339775513701E0,2.048595201491E0,2.048595201491E0,                   91P   1383
2.048595201491E0,2.757414889281E0,2.757414889281E0,                   91P   1384
2.757414889281E0,3.236080523442E0,3.236080523442E0,                   91P   1385
3.236080523442E0,3.713497227933E0,3.713497227933E0,                   91P   1386
3.713497227933E0,4.188764467647E0,4.188764467647E0,                   91P   1387
4.188764467647E0,4.780451983793E0,4.780451983793E0,                   91P   1388
4.780451983793E0,4.780451983793E0,4.780451983793E0,                   91P   1389
4.780451983793E0,1E0,1E0,1E0,1E0,1E0,1E0,1E0,1E0,1E0,1E0,1E0,         91P   1390
1E0,1E0,1E0,1E0,1E0,1E0,1E0,1E0,1E0,1E0,1E0,1E0,1E0,                  91P   1391
5.098312237631E1,6.386512264803E1,-7.751515042825E-1,                 91P   1392
5.107995950317E1,6.379166587526E1,-7.947910802277E-1,                 91P   1393
5.117875644592E1,6.371672246561E1,-8.138991430389E-1,                 91P   1394
5.127953704494E1,6.364027433253E1,-8.325243278313E-1,                 91P   1395
5.143567848043E1,6.352183168054E1,-8.601191804581E-1,                 91P   1396
5.159519489608E1,6.340082890618E1,-8.864519595398E-1,                 91P   1397
5.165074731019E1,6.335869147707E1,-8.954071777212E-1,                 91P   1398
5.176253953022E1,6.327389226704E1,-9.130084837323E-1,                 91P   1399
5.187566885516E1,6.31880748101E1,-9.29995766179E-1,                   91P   1400
5.193255748527E1,6.314491913409E1,-9.383370111829E-1,                 91P   1401
5.202839724399E1,6.307221892446E1,-9.520568559105E-1,                 91P   1402
5.212499426432E1,6.299894428719E1,-9.653367531833E-1,                 91P   1403
5.21636774942E1,6.29696007356E1,-9.705681664282E-1,                   91P   1404
5.224193343993E1,6.291023890369E1,-9.809776847057E-1,                 91P   1405
5.232055223514E1,6.285060182914E1,-9.91091257571E-1,                  91P   1406
5.235987800715E1,6.282077087085E1,-9.960655057744E-1,                 91P   1407
5.243864331173E1,6.276102265955E1,-1.005860607054E0,                  91P   1408
5.251785450301E1,6.270093621716E1,-1.015378523719E0,                  91P   1409
5.255823995446E1,6.267030142847E1,-1.020146878152E0,                  91P   1410
5.264730934408E1,6.260273694991E1,-1.030479605956E0,                  91P   1411
5.273673807251E1,6.253489989283E1,-1.040447276499E0,                  91P   1412
5.278642452253E1,6.249720973749E1,-1.045861201572E0,                  91P   1413
5.283618415161E1,6.245946407271E1,-1.051159857822E0,                  91P   1414
5.288600288386E1,6.242167357424E1,-1.056343847668E0,                  91P   1415
4.208667355403E-10,4.780451983793E0,0E0,0E0,0E0;                      91P   1416
126,23,5,0,0,1,0,3.47879076672E-10,3.47879076672E-10,                 93P   1417
3.47879076672E-10,3.47879076672E-10,3.47879076672E-10,                93P   1418
3.47879076672E-10,1.33976999915E0,1.33976999915E0,                    93P   1419
1.33976999915E0,2.048587399166E0,2.048587399166E0,                    93P   1420
2.048587399166E0,2.757404799183E0,2.757404799183E0,                   93P   1421
2.757404799183E0,3.236070608487E0,3.236070608487E0,                   93P   1422
3.236070608487E0,3.713487247788E0,3.713487247788E0,                   93P   1423
3.713487247788E0,4.188754604336E0,4.188754604336E0,                   93P   1424
4.188754604336E0,4.780451225874E0,4.780451225874E0,                   93P   1425
4.780451225874E0,4.780451225874E0,4.780451225874E0,                   93P   1426
4.780451225874E0,1E0,1E0,1E0,1E0,1E0,1E0,1E0,1E0,1E0,1E0,1E0,         93P   1427
1E0,1E0,1E0,1E0,1E0,1E0,1E0,1E0,1E0,1E0,1E0,1E0,1E0,                  93P   1428
4.236482735522E1,5.250373421971E1,-7.751515042825E-1,                 93P   1429
4.246166413847E1,5.243027770757E1,-7.947909864787E-1,                 93P   1430
4.25604607141E1,5.235533457642E1,-8.138989638958E-1,                  93P   1431
4.266124093929E1,5.227888672689E1,-8.325240731495E-1,                 93P   1432
4.281738181097E1,5.216044450259E1,-8.601188255377E-1,                 93P   1433
4.297689763407E1,5.203944217772E1,-8.864515192633E-1,                 93P   1434
4.303244987495E1,5.199730487978E1,-8.954067152344E-1,                 93P   1435
4.314424174644E1,5.191250593397E1,-9.130079802832E-1,                 93P   1436
4.325737071345E1,5.182668874874E1,-9.299952276314E-1,                 93P   1437
4.331425916102E1,5.17835332114E1,-9.383364562822E-1,                  93P   1438
4.341009874407E1,5.171083313503E1,-9.520562951224E-1,                 93P   1439
4.350669558584E1,5.163755863321E1,-9.653361891038E-1,                 93P   1440
4.354537872058E1,5.160821515379E1,-9.705675981852E-1,                 93P   1441
4.362363467024E1,5.154885331889E1,-9.809771349658E-1,                 93P   1442
4.370225347348E1,5.148921623826E1,-9.910907273471E-1,                 93P   1443
4.374157923692E1,5.145938528646E1,-9.960649838125E-1,                 93P   1444
4.38203445335E1,5.139963708124E1,-1.005860103106E0,                   93P   1445
4.389955572377E1,5.133955063961E1,-1.015378039168E0,                  93P   1446
4.393994110521E1,5.130891590402E1,-1.02014639542E0,                   93P   1447
4.40290112578E1,5.124135084671E1,-1.030479234268E0,                   93P   1448
4.411844075558E1,5.117351320603E1,-1.040447010043E0,                  93P   1449
4.416812796934E1,5.113582247134E1,-1.045861027303E0,                  93P   1450
4.421788836387E1,5.109807622593E1,-1.051159772355E0,                  93P   1451
4.426770786276E1,5.106028514591E1,-1.056343847668E0,                  93P   1452
3.47879076672E-10,4.780451225874E0,0E0,0E0,0E0;                       93P   1453
126,1,1,0,0,1,0,0E0,0E0,1E0,1E0,1E0,1E0,4.236482735522E1,             95P   1454
5.250373421971E1,-7.751515042825E-1,4.2781206896E1,                   95P   1455
5.305264205878E1,-7.751515042825E-1,0E0,1E0,0E0,0E0,0E0;              95P   1456
126,23,5,0,0,1,0,3.514428107522E-10,3.514428107522E-10,               97P   1457
3.514428107522E-10,3.514428107522E-10,3.514428107522E-10,             97P   1458
3.514428107522E-10,1.339769864569E0,1.339769864569E0,                 97P   1459
1.339769864569E0,2.048587227347E0,2.048587227347E0,                   97P   1460
2.048587227347E0,2.757404590125E0,2.757404590125E0,                   97P   1461
2.757404590125E0,3.236070411584E0,3.236070411584E0,                   97P   1462
3.236070411584E0,3.713487055007E0,3.713487055007E0,                   97P   1463
3.713487055007E0,4.188754418318E0,4.188754418318E0,                   97P   1464
4.188754418318E0,4.780451286793E0,4.780451286793E0,                   97P   1465
4.780451286793E0,4.780451286793E0,4.780451286793E0,                   97P   1466
4.780451286793E0,1E0,1E0,1E0,1E0,1E0,1E0,1E0,1E0,1E0,1E0,1E0,         97P   1467
1E0,1E0,1E0,1E0,1E0,1E0,1E0,1E0,1E0,1E0,1E0,1E0,1E0,                  97P   1468
4.2781206896E1,5.305264205878E1,-7.751515042825E-1,                   97P   1469
4.287804366687E1,5.297918555604E1,-7.947909851297E-1,                 97P   1470
4.297684023006E1,5.290424243431E1,-8.138989611096E-1,                 97P   1471
4.307762044352E1,5.28277945937E1,-8.325240690062E-1,                  97P   1472
4.323376129833E1,5.270935238219E1,-8.6011881955E-1,                   97P   1473
4.339327710464E1,5.258835007006E1,-8.864515114317E-1,                 97P   1474
4.344882934155E1,5.254621277512E1,-8.954067070548E-1,                 97P   1475
4.356062120527E1,5.246141383519E1,-9.130079714037E-1,                 97P   1476
4.367375016466E1,5.237559665575E1,-9.299952180242E-1,                 97P   1477
4.37306386084E1,5.233244112132E1,-9.383364462992E-1,                  97P   1478
4.382647818792E1,5.225974104763E1,-9.520562849159E-1,                 97P   1479
4.392307502629E1,5.218646654839E1,-9.653361786491E-1,                 97P   1480
4.396175815835E1,5.2157123071E1,-9.705675874453E-1,                   97P   1481
4.404001410834E1,5.209776123586E1,-9.809771244044E-1,                 97P   1482
4.411863291213E1,5.203812415481E1,-9.910907169426E-1,                 97P   1483
4.415795867545E1,5.20082932031E1,-9.96064973426E-1,                   97P   1484
4.423672397193E1,5.194854499796E1,-1.005860092752E0,                  97P   1485
4.431593516238E1,5.188845855618E1,-1.015378028841E0,                  97P   1486
4.435632054254E1,5.185782382157E1,-1.020146384932E0,                  97P   1487
4.444539071561E1,5.179025874872E1,-1.030479226125E0,                  97P   1488
4.453482023425E1,5.172242109222E1,-1.040447004062E0,                  97P   1489
4.458450746863E1,5.168473034189E1,-1.045861023421E0,                  97P   1490
4.463426788386E1,5.164698408077E1,-1.051159770467E0,                  97P   1491
4.468408740355E1,5.160919298498E1,-1.056343847668E0,                  97P   1492
3.514428107522E-10,4.780451286793E0,0E0,0E0,0E0;                      97P   1493
126,1,1,0,0,1,0,0E0,0E0,1E0,1E0,1E0,1E0,4.426770786276E1,             99P   1494
5.106028514591E1,-1.056343847668E0,4.468408740355E1,                  99P   1495
5.160919298498E1,-1.056343847668E0,0E0,1E0,0E0,0E0,0E0;               99P   1496
126,23,5,0,0,1,0,2.721132973523E-10,2.721132973523E-10,              101P   1497
2.721132973523E-10,2.721132973523E-10,2.721132973523E-10,            101P   1498
2.721132973523E-10,1.339781283922E0,1.339781283922E0,                101P   1499
1.339781283922E0,2.048602654215E0,2.048602654215E0,                  101P   1500
2.048602654215E0,2.757424024508E0,2.757424024508E0,                  101P   1501
2.757424024508E0,3.236089083396E0,3.236089083396E0,                  101P   1502
3.236089083396E0,3.713505616188E0,3.713505616188E0,                  101P   1503
3.713505616188E0,4.188772739403E0,4.188772739403E0,                  101P   1504
4.188772739403E0,4.780449330552E0,4.780449330552E0,                  101P   1505
4.780449330552E0,4.780449330552E0,4.780449330552E0,                  101P   1506
4.780449330552E0,1E0,1E0,1E0,1E0,1E0,1E0,1E0,1E0,1E0,1E0,1E0,        101P   1507
1E0,1E0,1E0,1E0,1E0,1E0,1E0,1E0,1E0,1E0,1E0,1E0,1E0,                 101P   1508
3.374641146296E1,4.114218644847E1,-7.751515042825E-1,                101P   1509
3.384324911684E1,4.106872927591E1,-7.947911389884E-1,                101P   1510
3.394204659121E1,4.099378546301E1,-8.138992644464E-1,                101P   1511
3.404282777017E1,4.091733689E1,-8.325245221942E-1,                   101P   1512
3.419896992958E1,4.079889368887E1,-8.601194544128E-1,                101P   1513
3.43584870714E1,4.067789036367E1,-8.864523133531E-1,                 101P   1514
3.441403966259E1,4.063575280042E1,-8.954075474653E-1,                101P   1515
3.45258322305E1,4.055095332666E1,-9.130088854111E-1,                 101P   1516
3.46389618978E1,4.046513560988E1,-9.299962005896E-1,                 101P   1517
3.469585069937E1,4.04219798036E1,-9.383374623265E-1,                 101P   1518
3.479169061145E1,4.034927947764E1,-9.520573161208E-1,                101P   1519
3.488828777968E1,4.027600472818E1,-9.653372234138E-1,                101P   1520
3.49269711445E1,4.024666107423E1,-9.705686512111E-1,                 101P   1521
3.500522707209E1,4.018729925607E1,-9.809781604372E-1,                101P   1522
3.508384583964E1,4.012766220252E1,-9.910917251309E-1,                101P   1523
3.512317161701E1,4.009783124015E1,-9.960659721868E-1,                101P   1524
3.520193694054E1,4.003808301448E1,-1.005861072994E0,                 101P   1525
3.528114813891E1,3.997799656671E1,-1.015378989313E0,                 101P   1526
3.53215335899E1,3.994736177837E1,-1.020147343486E0,                  101P   1527
3.541060208686E1,3.987979797695E1,-1.030479968085E0,                 101P   1528
3.550002990761E1,3.98119616084E1,-1.040447543406E0,                  101P   1529
3.554971544551E1,3.977427214495E1,-1.045861374865E0,                 101P   1530
3.559947415813E1,3.973652717537E1,-1.051159942157E0,                 101P   1531
3.56492919705E1,3.969873737467E1,-1.056343847668E0,                  101P   1532
2.721132973523E-10,4.780449330552E0,0E0,0E0,0E0;                     101P   1533
126,1,1,0,0,1,0,0E0,0E0,1E0,1E0,1E0,1E0,3.374641146296E1,            103P   1534
4.114218644847E1,-7.751515042825E-1,3.416279100374E1,                103P   1535
4.169109428754E1,-7.751515042825E-1,0E0,1E0,0E0,0E0,0E0;             103P   1536
126,23,5,0,0,1,0,2.75863183054E-10,2.75863183054E-10,                105P   1537
2.75863183054E-10,2.75863183054E-10,2.75863183054E-10,               105P   1538
2.75863183054E-10,1.339781148393E0,1.339781148393E0,                 105P   1539
1.339781148393E0,2.048602480431E0,2.048602480431E0,                  105P   1540
2.048602480431E0,2.757423812469E0,2.757423812469E0,                  105P   1541
2.757423812469E0,3.236088882087E0,3.236088882087E0,                  105P   1542
3.236088882087E0,3.713505419004E0,3.713505419004E0,                  105P   1543
3.713505419004E0,4.18877255361E0,4.18877255361E0,                    105P   1544
4.18877255361E0,4.780449391698E0,4.780449391698E0,                   105P   1545
4.780449391698E0,4.780449391698E0,4.780449391698E0,                  105P   1546
4.780449391698E0,1E0,1E0,1E0,1E0,1E0,1E0,1E0,1E0,1E0,1E0,1E0,        105P   1547
1E0,1E0,1E0,1E0,1E0,1E0,1E0,1E0,1E0,1E0,1E0,1E0,1E0,                 105P   1548
3.416279100374E1,4.169109428754E1,-7.751515042825E-1,                105P   1549
3.425962864517E1,4.161763712443E1,-7.947911376255E-1,                105P   1550
3.435842610706E1,4.1542693321E1,-8.138992616363E-1,                  105P   1551
3.445920727454E1,4.146624475669E1,-8.325245180771E-1,                105P   1552
3.461534941694E1,4.134780156847E1,-8.60119448423E-1,                 105P   1553
3.47748665418E1,4.122679825613E1,-8.864523054954E-1,                 105P   1554
3.483041912904E1,4.118466069586E1,-8.954075392634E-1,                105P   1555
3.494221168932E1,4.109986122788E1,-9.130088765315E-1,                105P   1556
3.505534134914E1,4.101404351678E1,-9.299961910031E-1,                105P   1557
3.51122301469E1,4.097088771341E1,-9.383374523666E-1,                 105P   1558
3.520807005527E1,4.089818739027E1,-9.520573059084E-1,                105P   1559
3.53046672199E1,4.082491264354E1,-9.653372129267E-1,                 105P   1560
3.53433505825E1,4.079556899127E1,-9.70568640502E-1,                  105P   1561
3.542160651031E1,4.073620717295E1,-9.809781498901E-1,                105P   1562
3.550022527828E1,4.067657011907E1,-9.910917147263E-1,                105P   1563
3.553955105554E1,4.064673915679E1,-9.960659618E-1,                   105P   1564
3.561831637935E1,4.058699093091E1,-1.005861062687E0,                 105P   1565
3.569752757829E1,4.05269044827E1,-1.015378979078E0,                  105P   1566
3.573791302645E1,4.049626969651E1,-1.020147332909E0,                 105P   1567
3.582698154429E1,4.042870587925E1,-1.030479959899E0,                 105P   1568
3.591640938628E1,4.036086949459E1,-1.040447537425E0,                 105P   1569
3.596609494479E1,4.03231800155E1,-1.045861370983E0,                  105P   1570
3.601585367813E1,4.028543503021E1,-1.051159940269E0,                 105P   1571
3.606567151129E1,4.024764521374E1,-1.056343847668E0,                 105P   1572
2.75863183054E-10,4.780449391698E0,0E0,0E0,0E0;                      105P   1573
126,1,1,0,0,1,0,0E0,0E0,1E0,1E0,1E0,1E0,3.56492919705E1,             107P   1574
3.969873737467E1,-1.056343847668E0,3.606567151129E1,                 107P   1575
4.024764521374E1,-1.056343847668E0,0E0,1E0,0E0,0E0,0E0;              107P   1576
126,23,5,0,0,1,0,1.93630072453E-10,1.93630072453E-10,                109P   1577
1.93630072453E-10,1.93630072453E-10,1.93630072453E-10,               109P   1578
1.93630072453E-10,1.33978383969E0,1.33978383969E0,                   109P   1579
1.33978383969E0,2.048605889648E0,2.048605889648E0,                   109P   1580
2.048605889648E0,2.757427939606E0,2.757427939606E0,                  109P   1581
2.757427939606E0,3.236092714767E0,3.236092714767E0,                  109P   1582
3.236092714767E0,3.713509162218E0,3.713509162218E0,                  109P   1583
3.713509162218E0,4.188776077878E0,4.188776077878E0,                  109P   1584
4.188776077878E0,4.780447563046E0,4.780447563046E0,                  109P   1585
4.780447563046E0,4.780447563046E0,4.780447563046E0,                  109P   1586
4.780447563046E0,1E0,1E0,1E0,1E0,1E0,1E0,1E0,1E0,1E0,1E0,1E0,        109P   1587
1E0,1E0,1E0,1E0,1E0,1E0,1E0,1E0,1E0,1E0,1E0,1E0,1E0,                 109P   1588
2.512805600628E1,2.978071834869E1,-7.751515042825E-1,                109P   1589
2.522489389987E1,2.97072609943E1,-7.947911635412E-1,                 109P   1590
2.532369161653E1,2.963231699761E1,-8.138993160089E-1,                109P   1591
2.542447310606E1,2.955586818901E1,-8.325246142698E-1,                109P   1592
2.558061558755E1,2.943742474356E1,-8.601195797106E-1,                109P   1593
2.574013305347E1,2.931642117251E1,-8.864524730193E-1,                109P   1594
2.579568572813E1,2.927428354548E1,-8.9540771471E-1,                  109P   1595
2.590747846886E1,2.918948394025E1,-9.130090691403E-1,                109P   1596
2.60206083065E1,2.910366609467E1,-9.299964011619E-1,                 109P   1597
2.607749718921E1,2.906051022727E1,-9.38337670821E-1,                 109P   1598
2.617333716371E1,2.898780985396E1,-9.520575276988E-1,                109P   1599
2.626993439265E1,2.891453505845E1,-9.653374388322E-1,                109P   1600
2.630861782318E1,2.888519135465E1,-9.70568873927E-1,                 109P   1601
2.638687374143E1,2.882582954358E1,-9.80978379108E-1,                 109P   1602
2.646549249507E1,2.876619250058E1,-9.910919402149E-1,                109P   1603
2.650481827476E1,2.873636153644E1,-9.960661869035E-1,                109P   1604
2.658358359481E1,2.867661331343E1,-1.005861286362E0,                 109P   1605
2.66627947836E1,2.861652687291E1,-1.015379201477E0,                  109P   1606
2.670318028386E1,2.858589204719E1,-1.020147561615E0,                 109P   1607
2.679224835145E1,2.851832857149E1,-1.030480137065E0,                 109P   1608
2.688167573525E1,2.845049253438E1,-1.040447667064E0,                 109P   1609
2.693136084704E1,2.841280339417E1,-1.045861455126E0,                 109P   1610
2.698111913138E1,2.837505874946E1,-1.051159981202E0,                 109P   1611
2.703093651383E1,2.833726927489E1,-1.056343847668E0,                 109P   1612
1.93630072453E-10,4.780447563046E0,0E0,0E0,0E0;                      109P   1613
126,1,1,0,0,1,0,0E0,0E0,1E0,1E0,1E0,1E0,2.512805600628E1,            111P   1614
2.978071834869E1,-7.751515042825E-1,2.554443554707E1,                111P   1615
3.032962618776E1,-7.751515042825E-1,0E0,1E0,0E0,0E0,0E0;             111P   1616
126,23,5,0,0,1,0,1.975027689482E-10,1.975027689482E-10,              113P   1617
1.975027689482E-10,1.975027689482E-10,1.975027689482E-10,            113P   1618
1.975027689482E-10,1.339783703679E0,1.339783703679E0,                113P   1619
1.339783703679E0,2.048605714979E0,2.048605714979E0,                  113P   1620
2.048605714979E0,2.757427726279E0,2.757427726279E0,                  113P   1621
2.757427726279E0,3.236092513261E0,3.236092513261E0,                  113P   1622
3.236092513261E0,3.713508964832E0,3.713508964832E0,                  113P   1623
3.713508964832E0,4.188775485995E0,4.188775485995E0,                  113P   1624
4.188775485995E0,4.780447218088E0,4.780447218088E0,                  113P   1625
4.780447218088E0,4.780447218088E0,4.780447218088E0,                  113P   1626
4.780447218088E0,1E0,1E0,1E0,1E0,1E0,1E0,1E0,1E0,1E0,1E0,1E0,        113P   1627
1E0,1E0,1E0,1E0,1E0,1E0,1E0,1E0,1E0,1E0,1E0,1E0,1E0,                 113P   1628
2.554443554707E1,3.032962618776E1,-7.751515042825E-1,                113P   1629
2.564127342817E1,3.025616884284E1,-7.947911621713E-1,                113P   1630
2.574007113232E1,3.018122485564E1,-8.138993131868E-1,                113P   1631
2.584085261051E1,3.010477605565E1,-8.32524610166E-1,                 113P   1632
2.599699507491E1,2.998633262316E1,-8.601195737214E-1,                113P   1633
2.615651252381E1,2.986532906502E1,-8.864524651512E-1,                113P   1634
2.621206519453E1,2.982319144096E1,-8.95407706499E-1,                 113P   1635
2.632385792768E1,2.973839184147E1,-9.130090602602E-1,                113P   1636
2.64369877579E1,2.965257400154E1,-9.299963915838E-1,                 113P   1637
2.649387663681E1,2.960941813702E1,-9.383376608706E-1,                113P   1638
2.658971660766E1,2.953671776649E1,-9.520575175046E-1,                113P   1639
2.668631383305E1,2.946344297367E1,-9.6533742837E-1,                  113P   1640
2.672499726102E1,2.943409927182E1,-9.705688631949E-1,                113P   1641
2.680325317956E1,2.937473746052E1,-9.809783685502E-1,                113P   1642
2.688187193371E1,2.931510041713E1,-9.910919298109E-1,                113P   1643
2.69211977133E1,2.928526945308E1,-9.960661765174E-1,                 113P   1644
2.699996300006E1,2.922552125531E1,-1.005861271882E0,                 113P   1645
2.70791741555E1,2.916543484009E1,-1.015379183132E0,                  113P   1646
2.711955978819E1,2.913479991392E1,-1.0201475589E0,                   113P   1647
2.72086278429E1,2.906723644798E1,-1.030480132671E0,                  113P   1648
2.729805521393E1,2.899940042056E1,-1.040447661083E0,                 113P   1649
2.734774034632E1,2.896171126472E1,-1.045861451245E0,                 113P   1650
2.739749865137E1,2.89239666043E1,-1.051159979313E0,                  113P   1651
2.744731605461E1,2.888617711396E1,-1.056343847668E0,                 113P   1652
1.975027689482E-10,4.780447218088E0,0E0,0E0,0E0;                     113P   1653
126,1,1,0,0,1,0,4.033451524864E1,4.033451524864E1,                   115P   1654
4.130885815082E1,4.130885815082E1,1E0,1E0,2.703093651383E1,          115P   1655
2.833726927489E1,-1.056343847668E0,2.74473161146E1,                  115P   1656
2.888617706958E1,-1.05634290678E0,4.033451524864E1,                  115P   1657
4.130885815082E1,0E0,0E0,0E0;                                        115P   1658
126,1,1,0,0,1,0,0E0,0E0,1E0,1E0,1E0,1E0,9.79422560047E0,             117P   1659
5.614333075329E0,-1.056343847668E0,1.021060514126E1,                 117P   1660
6.163240914399E0,-1.056343847668E0,0E0,1E0,0E0,0E0,0E0;              117P   1661
126,26,5,0,0,1,0,0E0,0E0,0E0,0E0,0E0,0E0,1.438622092874E0,           119P   1662
1.438622092874E0,1.438622092874E0,2.156389477341E0,                  119P   1663
2.156389477341E0,2.156389477341E0,2.874156861808E0,                  119P   1664
2.874156861808E0,2.874156861808E0,3.111512643405E0,                  119P   1665
3.111512643405E0,3.111512643405E0,3.348868425001E0,                  119P   1666
3.348868425001E0,3.348868425001E0,3.58565864661E0,                   119P   1667
3.58565864661E0,3.58565864661E0,3.822448868219E0,                    119P   1668
3.822448868219E0,3.822448868219E0,4.777250883792E0,                  119P   1669
4.777250883792E0,4.777250883792E0,4.777250883792E0,                  119P   1670
4.777250883792E0,4.777250883792E0,1E0,1E0,1E0,1E0,1E0,1E0,1E0,       119P   1671
1E0,1E0,1E0,1E0,1E0,1E0,1E0,1E0,1E0,1E0,1E0,1E0,1E0,1E0,1E0,1E0,     119P   1672
1E0,1E0,1E0,1E0,7.891345092923E0,7.057782149128E0,                   119P   1673
-7.751515042825E-1,7.995327009419E0,6.978905624583E0,                119P   1674
-7.962399886487E-1,8.101568560035E0,6.898315033246E0,                119P   1675
-8.167156629596E-1,8.210070447642E0,6.816009839414E0,                119P   1676
-8.366339020008E-1,8.374986099679E0,6.690911417202E0,                119P   1677
-8.654891889038E-1,8.54356621617E0,6.563033281887E0,                 119P   1678
-8.929444630704E-1,8.600043862651E0,6.520193701713E0,                119P   1679
-9.019239706091E-1,8.713689411082E0,6.433988554633E0,                119P   1680
-9.195660519624E-1,8.828661548806E0,6.34677357478E0,                 119P   1681
-9.365761625476E-1,8.886464752175E0,6.302924161834E0,                119P   1682
-9.449237176596E-1,8.963794283247E0,6.244265070947E0,                119P   1683
-9.558225021405E-1,9.041598035573E0,6.185246255221E0,                119P   1684
-9.664360611124E-1,9.061112137414E0,6.17044104101E0,                 119P   1685
-9.690767612143E-1,9.100353819279E0,6.140671687308E0,                119P   1686
-9.743423753327E-1,9.139707449757E0,6.110821831462E0,                119P   1687
-9.795352710642E-1,9.159334454436E0,6.095936115107E0,                119P   1688
-9.821031314818E-1,9.198274854679E0,6.066397484297E0,                119P   1689
-9.871564047973E-1,9.237302701534E0,6.036792520113E0,                119P   1690
-9.921371403265E-1,9.257004441867E0,6.021844717622E0,                119P   1691
-9.9463094315E-1,9.296657952141E0,5.99176278894E0,                   119P   1692
-9.996067021313E-1,9.336432219385E0,5.961594079451E0,                119P   1693
-1.00451233462E0,9.356255746417E0,5.946559496155E0,                  119P   1694
-1.006935855287E0,9.455179575452E0,5.871519834274E0,                 119P   1695
-1.018928929239E0,9.554668801589E0,5.796051286048E0,                 119P   1696
-1.03047430394E0,9.633595216397E0,5.736180861452E0,                  119P   1697
-1.039314429971E0,9.713833459994E0,5.67531533893E0,                  119P   1698
-1.04797843351E0,9.79422560047E0,5.614333075329E0,                   119P   1699
-1.056343847668E0,0E0,4.777250883792E0,0E0,0E0,0E0;                  119P   1700
126,1,1,0,0,1,0,0E0,0E0,9.743428960786E-1,9.743428960786E-1,1E0,     121P   1701
1E0,7.891345092923E0,7.057782149128E0,-7.751515042825E-1,            121P   1702
8.307724727255E0,7.606689917245E0,-7.751507687204E-1,0E0,            121P   1703
9.743428960786E-1,0E0,0E0,0E0;                                       121P   1704
126,23,5,0,0,1,0,3.265474062332E-11,3.265474062332E-11,              123P   1705
3.265474062332E-11,3.265474062332E-11,3.265474062332E-11,            123P   1706
3.265474062332E-11,1.339788767624E0,1.339788767624E0,                123P   1707
1.339788767624E0,2.048612203045E0,2.048612203045E0,                  123P   1708
2.048612203045E0,2.757435638465E0,2.757435638465E0,                  123P   1709
2.757435638465E0,3.236100001429E0,3.236100001429E0,                  123P   1710
3.236100001429E0,3.713516283042E0,3.713516283042E0,                  123P   1711
3.713516283042E0,4.188782802476E0,4.188782802476E0,                  123P   1712
4.188782802476E0,4.780444832535E0,4.780444832535E0,                  123P   1713
4.780444832535E0,4.780444832535E0,4.780444832535E0,                  123P   1714
4.780444832535E0,1E0,1E0,1E0,1E0,1E0,1E0,1E0,1E0,1E0,1E0,1E0,        123P   1715
1E0,1E0,1E0,1E0,1E0,1E0,1E0,1E0,1E0,1E0,1E0,1E0,1E0,                 123P   1716
8.30772463371E0,7.606689988198E0,-7.751515042825E-1,                 123P   1717
8.404562990792E0,7.533232282217E0,-7.947912105799E-1,                123P   1718
8.503361173435E0,7.458287932055E0,-8.138994144489E-1,                123P   1719
8.604143176006E0,7.381838734289E0,-8.32524775011E-1,                 123P   1720
8.760286286985E0,7.263394811325E0,-8.601198064656E-1,                123P   1721
8.919804382015E0,7.142390763066E0,-8.864527672639E-1,                123P   1722
8.975357207769E0,7.100253021578E0,-8.954080219925E-1,                123P   1723
9.087150244374E0,7.015453192066E0,-9.130094028158E-1,                123P   1724
9.20028037193E0,6.929635126434E0,-9.299967624641E-1,                 123P   1725
9.257169399676E0,6.886479148827E0,-9.383380463996E-1,                123P   1726
9.353009512116E0,6.813778670886E0,-9.520579125752E-1,                123P   1727
9.44960687377E0,6.740503774697E0,-9.653378340273E-1,                 123P   1728
9.488290386488E0,6.711160008561E0,-9.705692775026E-1,                123P   1729
9.566546296844E0,6.651798203478E0,-9.809787769578E-1,                123P   1730
9.645165034717E0,6.592161172432E0,-9.910923332575E-1,                123P   1731
9.6844908184E0,6.562330205275E0,-9.960665795181E-1,                  123P   1732
9.763256131246E0,6.502581987717E0,-1.005861677011E0,                 123P   1733
9.842467301436E0,6.442495561314E0,-1.015379590489E0,                 123P   1734
9.882852894516E0,6.411860665189E0,-1.020147962231E0,                 123P   1735
9.971920166646E0,6.344297792878E0,-1.03048044748E0,                  123P   1736
1.006134674076E1,6.276462369972E0,-1.040447894401E0,                 123P   1737
1.01110310636E1,6.23877382822E0,-1.045861602635E0,                   123P   1738
1.016078855493E1,6.201029785067E0,-1.051160052934E0,                 123P   1739
1.021060514126E1,6.163240914399E0,-1.056343847668E0,                 123P   1740
3.265474062332E-11,4.780444832535E0,0E0,0E0,0E0;                     123P   1741
126,11,5,0,0,1,0,8.434666688064E-7,8.434666688064E-7,                125P   1742
8.434666688064E-7,8.434666688064E-7,8.434666688064E-7,               125P   1743
8.434666688064E-7,3.457152351436E-1,3.457152351436E-1,               125P   1744
3.457152351436E-1,6.199654004941E-1,6.199654004941E-1,               125P   1745
6.199654004941E-1,6.914296268204E-1,6.914296268204E-1,               125P   1746
6.914296268204E-1,6.914296268204E-1,6.914296268204E-1,               125P   1747
6.914296268204E-1,1E0,1E0,1E0,1E0,1E0,1E0,1E0,1E0,1E0,1E0,1E0,       125P   1748
1E0,6.055331400695E1,7.2E1,1.369220892252E0,6.051210816014E1,        125P   1749
7.199999590133E1,1.365902133217E0,6.047092925695E1,                  125P   1750
7.199999501957E1,1.36254903155E0,6.042977863459E1,                   125P   1751
7.199999569645E1,1.359168547969E0,6.03560370445E1,                   125P   1752
7.199999758201E1,1.353063589947E0,6.028240256678E1,                  125P   1753
7.199999883923E1,1.34686493697E0,6.024985169142E1,                   125P   1754
7.199999938504E1,1.344105013306E0,6.02088526995E1,                   125P   1755
7.19999978744E1,1.340581231208E0,6.016789759027E1,                   125P   1756
7.199999721726E1,1.337035883331E0,6.015862522146E1,                  125P   1757
7.19999986045E1,1.336232322936E0,6.014886251876E1,                   125P   1758
7.19999995497E1,1.33538567992E0,6.013900200925E1,7.2E1,              125P   1759
1.334530421575E0,8.434666688064E-7,6.914296268204E-1,0E0,0E0,        125P   1760
0E0;                                                                 125P   1761
126,13,3,0,0,1,0,4.520709912595E-3,4.520709912595E-3,                127P   1762
4.520709912595E-3,4.520709912595E-3,1.507458253098E-1,               127P   1763
2.973460798387E-1,5.904414228994E-1,5.904414228994E-1,               127P   1764
8.840046309963E-1,1.177670098308E0,1.764859562768E0,                 127P   1765
1.764859562768E0,2.352293257501E0,3.527464982242E0,                  127P   1766
4.702405245252E0,4.702405245252E0,4.702405245252E0,                  127P   1767
4.702405245252E0,1E0,1E0,1E0,1E0,1E0,1E0,1E0,1E0,1E0,1E0,1E0,        127P   1768
1E0,1E0,1E0,5.600100724494E1,7.199999808773E1,                       127P   1769
-4.321062872425E-1,5.600467714163E1,7.199999886631E1,                127P   1770
-3.822134601279E-1,5.602289461463E1,7.200000019103E1,                127P   1771
-2.866450995699E-1,5.611303731243E1,7.199999643941E1,                127P   1772
-1.113362524172E-1,5.621422121247E1,7.200000120395E1,                127P   1773
-1.829432776334E-3,5.635375296246E1,7.200000133295E1,                127P   1774
1.344523514987E-1,5.650854173229E1,7.199999870779E1,                 127P   1775
2.564950435228E-1,5.683892332965E1,7.199999532565E1,                 127P   1776
4.658984296255E-1,5.710970601674E1,7.200000018114E1,                 127P   1777
5.843933333745E-1,5.747140869597E1,7.200000076664E1,                 127P   1778
7.331928485388E-1,5.80273857134E1,7.200000113348E1,                  127P   1779
9.249897039136E-1,5.897426847018E1,7.199999932884E1,                 127P   1780
1.176526895168E0,5.974837507279E1,7.199999732215E1,                  127P   1781
1.303085452845E0,6.013900200925E1,7.2E1,1.334530421575E0,            127P   1782
4.520709912595E-3,4.702405245252E0,0E0,0E0,0E0;                      127P   1783
126,50,5,0,0,1,0,0E0,0E0,0E0,0E0,0E0,0E0,1.312830826447E-1,          129P   1784
1.312830826447E-1,1.312830826447E-1,2.27400769392E-1,                129P   1785
2.27400769392E-1,2.27400769392E-1,2.449834458131E-1,                 129P   1786
2.449834458131E-1,2.449834458131E-1,2.537748055513E-1,               129P   1787
2.537748055513E-1,2.537748055513E-1,2.625661652894E-1,               129P   1788
2.625661652894E-1,2.625661652894E-1,2.977313880352E-1,               129P   1789
2.977313880352E-1,2.977313880352E-1,3.342781925105E-1,               129P   1790
3.342781925105E-1,3.342781925105E-1,3.532533411518E-1,               129P   1791
3.532533411518E-1,3.532533411518E-1,3.722284897931E-1,               129P   1792
3.722284897931E-1,3.722284897931E-1,5.177769432052E-1,               129P   1793
5.177769432052E-1,5.177769432052E-1,6.443917053026E-1,               129P   1794
6.443917053026E-1,6.443917053026E-1,7.710064674001E-1,               129P   1795
7.710064674001E-1,7.710064674001E-1,8.793484976314E-1,               129P   1796
8.793484976314E-1,8.793484976314E-1,9.876905278628E-1,               129P   1797
9.876905278628E-1,9.876905278628E-1,1.032552130893E0,                129P   1798
1.032552130893E0,1.032552130893E0,1.077413733923E0,                  129P   1799
1.077413733923E0,1.077413733923E0,1.077413733923E0,                  129P   1800
1.077413733923E0,1.077413733923E0,1E0,1E0,1E0,1E0,1E0,1E0,1E0,       129P   1801
1E0,1E0,1E0,1E0,1E0,1E0,1E0,1E0,1E0,1E0,1E0,1E0,1E0,1E0,1E0,1E0,     129P   1802
1E0,1E0,1E0,1E0,1E0,1E0,1E0,1E0,1E0,1E0,1E0,1E0,1E0,1E0,1E0,1E0,     129P   1803
1E0,1E0,1E0,1E0,1E0,1E0,1E0,1E0,1E0,1E0,1E0,1E0,                     129P   1804
5.649905340078E1,7.2E1,-6.830286971165E-1,5.648274614305E1,          129P   1805
7.200000021692E1,-6.805102199883E-1,5.646650400201E1,                129P   1806
7.199999991413E1,-6.779824006151E-1,5.645033240594E1,                129P   1807
7.19999981258E1,-6.754427521067E-1,5.642244702595E1,                 129P   1808
7.19999941549E1,-6.710304018691E-1,5.63947750986E1,                  129P   1809
7.199999334513E1,-6.666114293498E-1,5.638311717561E1,                129P   1810
7.199999330485E1,-6.647415363808E-1,5.636936038328E1,                129P   1811
7.200000373576E1,-6.625621075142E-1,5.635565866401E1,                129P   1812
7.200000884818E1,-6.603552012723E-1,5.635353764378E1,                129P   1813
7.200000942335E1,-6.600123497114E-1,5.635040479129E1,                129P   1814
7.20000098747E1,-6.595038936962E-1,5.634712365916E1,                 129P   1815
7.200000932566E1,-6.589665563787E-1,5.63460146036E1,                 129P   1816
7.200000900645E1,-6.587843165235E-1,5.634382031765E1,                129P   1817
7.200000806486E1,-6.584223615623E-1,5.634169270311E1,                129P   1818
7.200000650074E1,-6.58068538888E-1,5.634064743992E1,                 129P   1819
7.200000553076E1,-6.578939655689E-1,5.633537735035E1,                129P   1820
7.200000026532E1,-6.570095698771E-1,5.633011336054E1,                129P   1821
7.199999401523E1,-6.561028165362E-1,5.632590023269E1,                129P   1822
7.199999164834E1,-6.553568039877E-1,5.631730707417E1,                129P   1823
7.199999170029E1,-6.53785687863E-1,5.630872047911E1,                 129P   1824
7.199999779423E1,-6.521055794578E-1,5.630517947274E1,                129P   1825
7.20000007975E1,-6.513896716955E-1,5.629850559768E1,                 129P   1826
7.200000462111E1,-6.499947921562E-1,5.629187923096E1,                129P   1827
7.200000654391E1,-6.485371065432E-1,5.628982989128E1,                129P   1828
7.20000058731E1,-6.480777822878E-1,5.628594253021E1,                 129P   1829
7.200000552291E1,-6.471961370677E-1,5.628206258693E1,                129P   1830
7.200000652912E1,-6.462912864896E-1,5.628001963823E1,                129P   1831
7.200000757907E1,-6.458094043051E-1,5.626055474477E1,                129P   1832
7.200000676468E1,-6.41140936252E-1,5.624131727752E1,                 129P   1833
7.200000195638E1,-6.359214495238E-1,5.622453783836E1,                129P   1834
7.199999974618E1,-6.308867691809E-1,5.619376019872E1,                129P   1835
7.199999870602E1,-6.206737477844E-1,5.616436033895E1,                129P   1836
7.200000028399E1,-6.089055880319E-1,5.615102794168E1,                129P   1837
7.200000198816E1,-6.030822419662E-1,5.612517885432E1,                129P   1838
7.200000309511E1,-5.907143906642E-1,5.610123164726E1,                129P   1839
7.200000086444E1,-5.768653485464E-1,5.608980022079E1,                129P   1840
7.200000044249E1,-5.695679106488E-1,5.606973107197E1,                129P   1841
7.200000205608E1,-5.553020865689E-1,5.605208383772E1,                129P   1842
7.200000291462E1,-5.3965469509E-1,5.604451250896E1,                  129P   1843
7.200000244365E1,-5.321371978414E-1,5.603063459107E1,                129P   1844
7.200000027476E1,-5.164933564066E-1,5.601954108322E1,                129P   1845
7.199999899967E1,-4.996708164709E-1,5.601475536406E1,                129P   1846
7.199999857972E1,-4.909755349466E-1,5.60091554528E1,                 129P   1847
7.199999568584E1,-4.783128656681E-1,5.600527912728E1,                129P   1848
7.199999852954E1,-4.651739436382E-1,5.600425020343E1,                129P   1849
7.20000031883E1,-4.611370968936E-1,5.600251144968E1,                 129P   1850
7.200000382405E1,-4.528353221174E-1,5.600147198189E1,                129P   1851
7.199999863133E1,-4.443957908355E-1,5.600114712103E1,                129P   1852
7.199999573257E1,-4.402201199967E-1,5.600100897809E1,                129P   1853
7.19999967611E1,-4.361703700896E-1,5.600100724494E1,                 129P   1854
7.199999808773E1,-4.321062872425E-1,0E0,1.077413733923E0,0E0,        129P   1855
0E0,0E0;                                                             129P   1856
126,1,1,0,0,1,0,0E0,0E0,1E0,1E0,1E0,1E0,3.273149568144E1,            131P   1857
3.599999997542E0,1.835998960866E-2,3.000067473753E1,                 131P   1858
5.80966595916E-12,1.835998960868E-2,0E0,1E0,0E0,0E0,0E0;             131P   1859
126,3,3,0,0,1,0,6.390206526133E0,6.390206526133E0,                   133P   1860
6.390206526133E0,6.390206526133E0,1.341943370302E2,                  133P   1861
1.341943370302E2,1.341943370302E2,1.341943370302E2,1E0,1E0,1E0,      133P   1862
1E0,6.013900200925E1,7.2E1,1.334530421575E0,4.193356155894E1,        133P   1863
4.800000000482E1,1.334533248299E0,2.372812109765E1,                  133P   1864
2.399999999517E1,1.334536075003E0,5.522680647337E0,                  133P   1865
-7.993605775694E-15,1.334538901684E0,6.390206526133E0,               133P   1866
1.341943370302E2,0E0,0E0,0E0;                                        133P   1867
126,1,1,0,0,1,0,0E0,0E0,1E0,1E0,1E0,1E0,8.461709365303E1,7.2E1,      135P   1868
1.835998960842E-2,5.73088851137E1,3.600000121075E1,                  135P   1869
1.83599896085E-2,0E0,1E0,0E0,0E0,0E0;                                135P   1870
126,74,5,0,0,1,0,0E0,0E0,0E0,0E0,0E0,0E0,2.324009410321E0,           137P   1871
2.324009410321E0,2.324009410321E0,3.318101086878E0,                  137P   1872
3.318101086878E0,3.318101086878E0,3.388741205988E0,                  137P   1873
3.388741205988E0,3.388741205988E0,3.459457396586E0,                  137P   1874
3.459457396586E0,3.459457396586E0,3.578476469018E0,                  137P   1875
3.578476469018E0,3.578476469018E0,3.861363274542E0,                  137P   1876
3.861363274542E0,3.861363274542E0,4.020494489541E0,                  137P   1877
4.020494489541E0,4.020494489541E0,4.194282978556E0,                  137P   1878
4.194282978556E0,4.194282978556E0,4.545487587917E0,                  137P   1879
4.545487587917E0,4.545487587917E0,5.072874376011E0,                  137P   1880
5.072874376011E0,5.072874376011E0,5.338643791004E0,                  137P   1881
5.338643791004E0,5.338643791004E0,5.48587033741E0,                   137P   1882
5.48587033741E0,5.48587033741E0,5.52017889182E0,5.52017889182E0,     137P   1883
5.52017889182E0,5.554487446231E0,5.554487446231E0,                   137P   1884
5.554487446231E0,5.620619217731E0,5.620619217731E0,                  137P   1885
5.620619217731E0,5.637332986557E0,5.637332986557E0,                  137P   1886
5.637332986557E0,5.654135219074E0,5.654135219074E0,                  137P   1887
5.654135219074E0,5.829913267943E0,5.829913267943E0,                  137P   1888
5.829913267943E0,5.979446398768E0,5.979446398768E0,                  137P   1889
5.979446398768E0,6.212151710595E0,6.212151710595E0,                  137P   1890
6.212151710595E0,6.232453833286E0,6.232453833286E0,                  137P   1891
6.232453833286E0,6.273053996194E0,6.273053996194E0,                  137P   1892
6.273053996194E0,6.293698372045E0,6.293698372045E0,                  137P   1893
6.293698372045E0,6.707882812819E0,6.707882812819E0,                  137P   1894
6.707882812819E0,6.707882812819E0,6.707882812819E0,                  137P   1895
6.707882812819E0,1E0,1E0,1E0,1E0,1E0,1E0,1E0,1E0,1E0,1E0,1E0,        137P   1896
1E0,1E0,1E0,1E0,1E0,1E0,1E0,1E0,1E0,1E0,1E0,1E0,1E0,1E0,1E0,1E0,     137P   1897
1E0,1E0,1E0,1E0,1E0,1E0,1E0,1E0,1E0,1E0,1E0,1E0,1E0,1E0,1E0,1E0,     137P   1898
1E0,1E0,1E0,1E0,1E0,1E0,1E0,1E0,1E0,1E0,1E0,1E0,1E0,1E0,1E0,1E0,     137P   1899
1E0,1E0,1E0,1E0,1E0,1E0,1E0,1E0,1E0,1E0,1E0,1E0,1E0,1E0,1E0,1E0,     137P   1900
5.546726264794E1,7.2E1,3.970232587928E-2,5.522124191108E1,7.2E1,     137P   1901
-1.264695593068E-1,5.498420326626E1,7.2E1,-3.01132434751E-1,         137P   1902
5.475649988993E1,7.2E1,-4.84356775892E-1,5.444565650294E1,7.2E1,     137P   1903
-7.580957486494E-1,5.415603096073E1,7.2E1,-1.049015735767E0,         137P   1904
5.407119953678E1,7.2E1,-1.137708771297E0,5.398244898248E1,7.2E1,     137P   1905
-1.234335794846E0,5.389597610667E1,7.2E1,-1.332693420291E0,          137P   1906
5.389021872041E1,7.2E1,-1.33926133226E0,5.387877770729E1,7.2E1,      137P   1907
-1.352350954403E0,5.386735378367E1,7.2E1,-1.36549414199E0,           137P   1908
5.386163841418E1,7.2E1,-1.372087308043E0,5.38462855937E1,7.2E1,      137P   1909
-1.38984278073E0,5.38308389582E1,7.2E1,-1.407820394337E0,            137P   1910
5.382114737469E1,7.2E1,-1.419139338032E0,5.378790689097E1,7.2E1,     137P   1911
-1.458090883626E0,5.375359709495E1,7.2E1,-1.498749587589E0,          137P   1912
5.372878254855E1,7.2E1,-1.528393816804E0,5.368926452829E1,7.2E1,     137P   1913
-1.576091720211E0,5.364883384956E1,7.2E1,-1.625838707697E0,          137P   1914
5.363417656406E1,7.2E1,-1.644008988033E0,5.36033853809E1,7.2E1,      137P   1915
-1.682496009041E0,5.357240570979E1,7.2E1,-1.721950256047E0,          137P   1916
5.355620945437E1,7.2E1,-1.742798099653E0,5.350733936544E1,7.2E1,     137P   1917
-1.806441794428E0,5.345886618548E1,7.2E1,-1.872028804972E0,          137P   1918
5.342685384332E1,7.2E1,-1.916674911981E0,5.334847712031E1,7.2E1,     137P   1919
-2.029973109443E0,5.32760266302E1,7.2E1,-2.146964680724E0,           137P   1920
5.32355749667E1,7.2E1,-2.218343893981E0,5.318124562394E1,7.2E1,      137P   1921
-2.32690839414E0,5.314144273605E1,7.2E1,-2.435847171224E0,           137P   1922
5.312999811036E1,7.2E1,-2.472327805857E0,5.311572647909E1,7.2E1,     137P   1923
-2.528658041554E0,5.31076983741E1,7.2E1,-2.583960783713E0,           137P   1924
5.310568592595E1,7.2E1,-2.603508110021E0,5.310431777439E1,7.2E1,     137P   1925
-2.627345212125E0,5.310437157409E1,7.2E1,-2.650787645958E0,          137P   1926
5.310443295861E1,7.2E1,-2.655204338181E0,5.310465880426E1,7.2E1,     137P   1927
-2.664005334697E0,5.310509192401E1,7.2E1,-2.672743118126E0,          137P   1928
5.310535813139E1,7.2E1,-2.677096579468E0,5.310631625345E1,7.2E1,     137P   1929
-2.689790318445E0,5.310775663706E1,7.2E1,-2.702336618814E0,          137P   1930
5.310889140688E1,7.2E1,-2.71052613291E0,5.31104169886E1,7.2E1,       137P   1931
-2.720698687567E0,5.311237510409E1,7.2E1,-2.730760104068E0,          137P   1932
5.311280099644E1,7.2E1,-2.732839274648E0,5.311368996547E1,7.2E1,     137P   1933
-2.736891385079E0,5.31146905326E1,7.2E1,-2.740923894044E0,           137P   1934
5.311522014015E1,7.2E1,-2.742940653947E0,5.31216062619E1,7.2E1,      137P   1935
-2.765985620732E0,5.31316045807E1,7.2E1,-2.788241413461E0,           137P   1936
5.314351767735E1,7.2E1,-2.807495227869E0,5.31700766628E1,7.2E1,      137P   1937
-2.84061711814E0,5.320381869208E1,7.2E1,-2.86843119424E0,            137P   1938
5.322063661892E1,7.2E1,-2.879975036638E0,5.32664170118E1,7.2E1,      137P   1939
-2.906107271514E0,5.331803820813E1,7.2E1,-2.92325893491E0,           137P   1940
5.335089057267E1,7.2E1,-2.930171003197E0,5.338736766879E1,7.2E1,     137P   1941
-2.933735409905E0,5.342380090345E1,7.2E1,-2.932940190809E0,          137P   1942
5.342672365709E1,7.2E1,-2.932844762273E0,5.343548968085E1,7.2E1,     137P   1943
-2.93250905442E0,5.344425083232E1,7.2E1,-2.932014426597E0,           137P   1944
5.345008994372E1,7.2E1,-2.931617475827E0,5.345886854711E1,7.2E1,     137P   1945
-2.930794413222E0,5.34676470492E1,7.2E1,-2.929977571785E0,           137P   1946
5.347223768951E1,7.2E1,-2.929559439758E0,5.353457774098E1,7.2E1,     137P   1947
-2.923913721527E0,5.359698729618E1,7.2E1,-2.919117616814E0,          137P   1948
5.365638702572E1,7.2E1,-2.91374876067E0,5.371581305686E1,7.2E1,      137P   1949
-2.908882767018E0,5.377523397651E1,7.2E1,-2.90382040413E0,0E0,       137P   1950
6.707882812819E0,0E0,0E0,0E0;                                        137P   1951
126,1,1,0,0,1,0,0E0,0E0,1E0,1E0,1E0,1E0,5.546726264794E1,7.2E1,      139P   1952
3.970232587931E-2,5.544543143183E1,7.2E1,7.200147026554E-2,0E0,      139P   1953
1E0,0E0,0E0,0E0;                                                     139P   1954
126,44,5,0,0,1,0,0E0,0E0,0E0,0E0,0E0,0E0,7.424695995643E-1,          141P   1955
7.424695995643E-1,7.424695995643E-1,1.409850241114E0,                141P   1956
1.409850241114E0,1.409850241114E0,2.504041319857E0,                  141P   1957
2.504041319857E0,2.504041319857E0,3.367799240025E0,                  141P   1958
3.367799240025E0,3.367799240025E0,3.889820683171E0,                  141P   1959
3.889820683171E0,3.889820683171E0,4.313575860254E0,                  141P   1960
4.313575860254E0,4.313575860254E0,4.756808620286E0,                  141P   1961
4.756808620286E0,4.756808620286E0,5.03185172074E0,                   141P   1962
5.03185172074E0,5.03185172074E0,5.244918610682E0,                    141P   1963
5.244918610682E0,5.244918610682E0,5.504706596759E0,                  141P   1964
5.504706596759E0,5.504706596759E0,5.808836431231E0,                  141P   1965
5.808836431231E0,5.808836431231E0,5.998253288295E0,                  141P   1966
5.998253288295E0,5.998253288295E0,6.36796250265E0,                   141P   1967
6.36796250265E0,6.36796250265E0,6.449189835803E0,                    141P   1968
6.449189835803E0,6.449189835803E0,6.449189835803E0,                  141P   1969
6.449189835803E0,6.449189835803E0,1E0,1E0,1E0,1E0,1E0,1E0,1E0,       141P   1970
1E0,1E0,1E0,1E0,1E0,1E0,1E0,1E0,1E0,1E0,1E0,1E0,1E0,1E0,1E0,1E0,     141P   1971
1E0,1E0,1E0,1E0,1E0,1E0,1E0,1E0,1E0,1E0,1E0,1E0,1E0,1E0,1E0,1E0,     141P   1972
1E0,1E0,1E0,1E0,1E0,1E0,5.544543143183E1,7.2E1,                      141P   1973
7.200147026557E-2,5.532567789014E1,7.2E1,7.117931946724E-4,          141P   1974
5.520637836629E1,7.2E1,-7.092977416781E-2,5.508781719277E1,          141P   1975
7.2E1,-1.427297184965E-1,5.486319751925E1,7.2E1,                     141P   1976
-2.799776497435E-1,5.464063533725E1,7.2E1,-4.184551375831E-1,        141P   1977
5.45357866254E1,7.2E1,-4.842867902109E-1,5.42604992068E1,7.2E1,      141P   1978
-6.588252054561E-1,5.398953009346E1,7.2E1,-8.354177849206E-1,        141P   1979
5.382326519138E1,7.2E1,-9.458525013249E-1,5.352964227958E1,          141P   1980
7.2E1,-1.145139839026E0,5.324517973274E1,7.2E1,                      141P   1981
-1.347335734996E0,5.312191142082E1,7.2E1,-1.437012151595E0,          141P   1982
5.292781011726E1,7.2E1,-1.582036461058E0,5.27417680723E1,7.2E1,      141P   1983
-1.728536832177E0,5.267300073827E1,7.2E1,-1.78391136485E0,           141P   1984
5.255111622362E1,7.2E1,-1.884594575638E0,5.243527439762E1,7.2E1,     141P   1985
-1.985681928237E0,5.238477184577E1,7.2E1,-2.031012403769E0,          141P   1986
5.228475596178E1,7.2E1,-2.123754740926E0,5.21930002009E1,7.2E1,      141P   1987
-2.215882146733E0,5.214859309944E1,7.2E1,-2.262719721993E0,          141P   1988
5.208168323717E1,7.2E1,-2.337515796114E0,5.202413397181E1,7.2E1,     141P   1989
-2.409262806882E0,5.200358175838E1,7.2E1,-2.436170106429E0,          141P   1990
5.196996054739E1,7.2E1,-2.482605983458E0,5.194149147388E1,7.2E1,     141P   1991
-2.526280212753E0,5.193006388697E1,7.2E1,-2.544750076122E0,          141P   1992
5.190687922438E1,7.2E1,-2.584311241692E0,5.188829379515E1,7.2E1,     141P   1993
-2.620587881217E0,5.187938959793E1,7.2E1,-2.639479661367E0,          141P   1994
5.18625253443E1,7.2E1,-2.678375741314E0,5.185037456117E1,7.2E1,      141P   1995
-2.713313400842E0,5.18449643636E1,7.2E1,-2.731238574278E0,           141P   1996
5.183775731174E1,7.2E1,-2.759221263852E0,5.183285578825E1,7.2E1,     141P   1997
-2.785886408893E0,5.183129131486E1,7.2E1,-2.795970197281E0,          141P   1998
5.182758592485E1,7.2E1,-2.825358568614E0,5.18265718729E1,7.2E1,      141P   1999
-2.853732201094E0,5.182706553137E1,7.2E1,-2.87212147917E0,           141P   2000
5.182902436168E1,7.2E1,-2.893850687917E0,5.183246232607E1,7.2E1,     141P   2001
-2.914495585364E0,5.183312835706E1,7.2E1,-2.918177205134E0,          141P   2002
5.183383964181E1,7.2E1,-2.921820003529E0,5.183459452707E1,7.2E1,     141P   2003
-2.925422604698E0,0E0,6.449189835803E0,0E0,0E0,0E0;                  141P   2004
126,47,5,0,0,1,0,6.449189835803E0,6.449189835803E0,                  143P   2005
6.449189835803E0,6.449189835803E0,6.449189835803E0,                  143P   2006
6.449189835803E0,6.823799832383E0,6.823799832383E0,                  143P   2007
6.823799832383E0,7.064102113582E0,7.064102113582E0,                  143P   2008
7.064102113582E0,7.346672355762E0,7.346672355762E0,                  143P   2009
7.346672355762E0,7.723610396317E0,7.723610396317E0,                  143P   2010
7.723610396317E0,8.032614002877E0,8.032614002877E0,                  143P   2011
8.032614002877E0,8.256303555259E0,8.256303555259E0,                  143P   2012
8.256303555259E0,8.549391770327E0,8.549391770327E0,                  143P   2013
8.549391770327E0,8.781915879103E0,8.781915879103E0,                  143P   2014
8.781915879103E0,9.050957011272E0,9.050957011272E0,                  143P   2015
9.050957011272E0,9.302281150527E0,9.302281150527E0,                  143P   2016
9.302281150527E0,9.432891835E0,9.432891835E0,9.432891835E0,          143P   2017
9.880862421528E0,9.880862421528E0,9.880862421528E0,                  143P   2018
1.024894278741E1,1.024894278741E1,1.024894278741E1,                  143P   2019
1.069298385965E1,1.069298385965E1,1.069298385965E1,                  143P   2020
1.092212396801E1,1.092212396801E1,1.092212396801E1,                  143P   2021
1.092212396801E1,1.092212396801E1,1.092212396801E1,1E0,1E0,1E0,      143P   2022
1E0,1E0,1E0,1E0,1E0,1E0,1E0,1E0,1E0,1E0,1E0,1E0,1E0,1E0,1E0,1E0,     143P   2023
1E0,1E0,1E0,1E0,1E0,1E0,1E0,1E0,1E0,1E0,1E0,1E0,1E0,1E0,1E0,1E0,     143P   2024
1E0,1E0,1E0,1E0,1E0,1E0,1E0,1E0,1E0,1E0,1E0,1E0,1E0,                 143P   2025
5.183459432537E1,7.19999999771E1,-2.925422719822E0,                  143P   2026
5.183807596063E1,7.2E1,-2.942037337193E0,5.184248474894E1,7.2E1,     143P   2027
-2.957797100601E0,5.184765872176E1,7.2E1,-2.972566935647E0,          143P   2028
5.185702448139E1,7.2E1,-2.995182946758E0,5.186753143363E1,7.2E1,     143P   2029
-3.015447360383E0,5.187179386279E1,7.2E1,-3.023060844149E0,          143P   2030
5.188138113941E1,7.2E1,-3.039041384459E0,5.189186483151E1,7.2E1,     143P   2031
-3.054109112101E0,5.189784884306E1,7.2E1,-3.062082994456E0,          143P   2032
5.191277765677E1,7.2E1,-3.080481624253E0,5.193035180144E1,7.2E1,     143P   2033
-3.098425599392E0,5.194143319895E1,7.2E1,-3.108550202964E0,          143P   2034
5.196363218163E1,7.2E1,-3.126260020574E0,5.198947579027E1,7.2E1,     143P   2035
-3.141956490098E0,5.200181224449E1,7.2E1,-3.148474541519E0,          143P   2036
5.202428310336E1,7.2E1,-3.158703375598E0,5.204858598105E1,7.2E1,     143P   2037
-3.167098379169E0,5.205910343433E1,7.2E1,-3.170296225268E0,          143P   2038
5.208410484261E1,7.2E1,-3.176941514938E0,5.21109760756E1,7.2E1,      143P   2039
-3.181966164398E0,5.21269229694E1,7.2E1,-3.184333166192E0,           143P   2040
5.215717361603E1,7.2E1,-3.187825626689E0,5.219141599503E1,7.2E1,     143P   2041
-3.19010722618E0,5.220749867742E1,7.2E1,-3.190900221385E0,           143P   2042
5.224456175258E1,7.2E1,-3.192161556548E0,5.22873603582E1,7.2E1,      143P   2043
-3.192395546273E0,5.23121542615E1,7.2E1,-3.192204636586E0,           143P   2044
5.236385990674E1,7.2E1,-3.191154448034E0,5.242240262594E1,7.2E1,     143P   2045
-3.188651600288E0,5.245220415429E1,7.2E1,-3.187074005263E0,          143P   2046
5.249958262306E1,7.2E1,-3.18406907368E0,5.254977523423E1,7.2E1,      143P   2047
-3.180069809921E0,5.256724690465E1,7.2E1,-3.178581370704E0,          143P   2048
5.26459030746E1,7.2E1,-3.171434085573E0,5.272974244059E1,7.2E1,      143P   2049
-3.161799656208E0,5.279702196444E1,7.2E1,-3.152762949804E0,          143P   2050
5.292252427122E1,7.2E1,-3.133656843214E0,5.305249809438E1,7.2E1,     143P   2051
-3.11006421674E0,5.311182929772E1,7.2E1,-3.098573806632E0,           143P   2052
5.324402258027E1,7.2E1,-3.071532669063E0,5.33786179981E1,7.2E1,      143P   2053
-3.041141919841E0,5.345276526037E1,7.2E1,-3.023662007873E0,          143P   2054
5.356591023257E1,7.2E1,-2.996027843941E0,5.368000644519E1,7.2E1,     143P   2055
-2.966875882481E0,5.371895076783E1,7.2E1,-2.956787435954E0,          143P   2056
5.375798359804E1,7.2E1,-2.946546391289E0,5.379710521999E1,7.2E1,     143P   2057
-2.936158835864E0,6.449189835803E0,1.092212396801E1,0E0,0E0,0E0;     143P   2058
126,1,1,0,0,1,0,0E0,0E0,1E0,1E0,1E0,1E0,5.379710521999E1,7.2E1,      145P   2059
-2.936158835864E0,5.377523397651E1,7.2E1,-2.90382040413E0,0E0,       145P   2060
1E0,0E0,0E0,0E0;                                                     145P   2061
126,1,1,0,0,1,0,0E0,0E0,1E0,1E0,1E0,1E0,8.290124163898E-1,           147P   2062
4.47585975282E-15,7.200147899583E-2,5.544543143183E1,7.2E1,          147P   2063
7.200147026554E-2,0E0,1E0,0E0,0E0,0E0;                               147P   2064
126,5,5,0,0,1,0,2.818659082898E0,2.818659082898E0,                   149P   2065
2.818659082898E0,2.818659082898E0,2.818659082898E0,                  149P   2066
2.818659082898E0,9.318985596592E1,9.318985596592E1,                  149P   2067
9.318985596592E1,9.318985596592E1,9.318985596592E1,                  149P   2068
9.318985596592E1,1E0,1E0,1E0,1E0,1E0,1E0,-2.781824690072E0,          149P   2069
-2.289748512188E-8,-2.925422711092E0,8.141459113016E0,               149P   2070
1.43999999771E1,-2.925422712838E0,1.90647429161E1,                   149P   2071
2.87999999771E1,-2.925422714584E0,2.998802671919E1,                  149P   2072
4.31999999771E1,-2.92542271633E0,4.091131052228E1,                   149P   2073
5.75999999771E1,-2.925422718076E0,5.183459432537E1,                  149P   2074
7.19999999771E1,-2.925422719822E0,2.818659082898E0,                  149P   2075
9.318985596592E1,0E0,0E0,0E0;                                        149P   2076
126,1,1,0,0,1,0,0E0,0E0,1E0,1E0,1E0,1E0,-8.193137954535E-1,0E0,      151P   2077
-2.936158827134E0,5.379710521999E1,7.2E1,-2.936158835864E0,0E0,      151P   2078
1E0,0E0,0E0,0E0;                                                     151P   2079
126,1,1,0,0,1,0,0E0,0E0,1E0,1E0,1E0,1E0,-8.411850389308E-1,          153P   2080
4.47585975282E-15,-2.9038203954E0,5.377523397651E1,7.2E1,            153P   2081
-2.90382040413E0,0E0,1E0,0E0,0E0,0E0;                                153P   2082
126,1,1,0,0,1,0,0E0,0E0,1E0,1E0,1E0,1E0,8.508436324991E-1,           155P   2083
-1.790343901128E-14,3.97023346096E-2,5.546726264794E1,7.2E1,         155P   2084
3.970232587931E-2,0E0,1E0,0E0,0E0,0E0;                               155P   2085
126,38,5,0,0,1,0,2.205019262387E0,2.205019262387E0,                  157P   2086
2.205019262387E0,2.205019262387E0,2.205019262387E0,                  157P   2087
2.205019262387E0,2.235478849226E0,2.235478849226E0,                  157P   2088
2.235478849226E0,2.625818417342E0,2.625818417342E0,                  157P   2089
2.625818417342E0,3.071836984983E0,3.071836984983E0,                  157P   2090
3.071836984983E0,3.36492467741E0,3.36492467741E0,                    157P   2091
3.36492467741E0,3.525447159602E0,3.525447159602E0,                   157P   2092
3.525447159602E0,3.559648861673E0,3.559648861673E0,                  157P   2093
3.559648861673E0,3.593703826321E0,3.593703826321E0,                  157P   2094
3.593703826321E0,3.65986815252E0,3.65986815252E0,                    157P   2095
3.65986815252E0,3.676432216689E0,3.676432216689E0,                   157P   2096
3.676432216689E0,3.692943724521E0,3.692943724521E0,                  157P   2097
3.692943724521E0,3.884938035144E0,3.884938035144E0,                  157P   2098
3.884938035144E0,4.057998794088E0,4.057998794088E0,                  157P   2099
4.057998794088E0,4.057998794088E0,4.057998794088E0,                  157P   2100
4.057998794088E0,1E0,1E0,1E0,1E0,1E0,1E0,1E0,1E0,1E0,1E0,1E0,        157P   2101
1E0,1E0,1E0,1E0,1E0,1E0,1E0,1E0,1E0,1E0,1E0,1E0,1E0,1E0,1E0,1E0,     157P   2102
1E0,1E0,1E0,1E0,1E0,1E0,1E0,1E0,1E0,1E0,1E0,1E0,                     157P   2103
4.909017778706E1,6.616579144287E1,-1.795878386059E0,                 157P   2104
4.908847587879E1,6.616708244244E1,-1.79943350297E0,                  157P   2105
4.908677504456E1,6.616837262729E1,-1.80299408674E0,                  157P   2106
4.908507536502E1,6.616966193623E1,-1.806560086574E0,                 157P   2107
4.906161129656E1,6.618746084045E1,-1.855898637459E0,                 157P   2108
4.90383953479E1,6.62050715309E1,-1.906258351249E0,                   157P   2109
4.901724007379E1,6.622111907603E1,-1.953758242929E0,                 157P   2110
4.897310956501E1,6.62545947156E1,-2.057015034314E0,                  157P   2111
4.893249288066E1,6.628540490845E1,-2.163281370386E0,                 157P   2112
4.891216010081E1,6.630082854232E1,-2.220706656925E0,                 157P   2113
4.888130314868E1,6.632423539251E1,-2.317107455541E0,                 157P   2114
4.885708901717E1,6.634260326456E1,-2.414928293514E0,                 157P   2115
4.884872033896E1,6.634895140927E1,-2.453919248415E0,                 157P   2116
4.883812038368E1,6.635699211155E1,-2.514295791946E0,                 157P   2117
4.8831902248E1,6.636170894066E1,-2.574279846325E0,                   157P   2118
4.883030174265E1,6.636292302004E1,-2.595425168606E0,                 157P   2119
4.882915594217E1,6.636379217846E1,-2.620907092467E0,                 157P   2120
4.882903762841E1,6.636388192656E1,-2.646103949605E0,                 157P   2121
4.882904896038E1,6.636387333057E1,-2.650521154758E0,                 157P   2122
4.882913641254E1,6.636380699287E1,-2.65931489067E0,                  157P   2123
4.882935460918E1,6.636364147762E1,-2.66806669201E0,                  157P   2124
4.882949835281E1,6.636353243945E1,-2.672516608611E0,                 157P   2125
4.883001692489E1,6.63631390714E1,-2.68529994433E0,                   157P   2126
4.883085348547E1,6.636250448999E1,-2.697984241833E0,                 157P   2127
4.883154368864E1,6.636198092946E1,-2.706286380453E0,                 157P   2128
4.883248026588E1,6.636127047941E1,-2.716614046529E0,                 157P   2129
4.883365315683E1,6.636038077123E1,-2.726860549828E0,                 157P   2130
4.883389899255E1,6.636019429008E1,-2.728909319184E0,                 157P   2131
4.883441615874E1,6.635980198848E1,-2.732994401762E0,                 157P   2132
4.883499866984E1,6.635936011886E1,-2.73707000064E0,                  157P   2133
4.883531476099E1,6.635912034475E1,-2.739135508559E0,                 157P   2134
4.883946736092E1,6.635597034846E1,-2.764767555471E0,                 157P   2135
4.884653234492E1,6.635061113407E1,-2.789903622077E0,                 157P   2136
4.885545549677E1,6.634384238783E1,-2.811975234596E0,                 157P   2137
4.887653657178E1,6.632785112717E1,-2.850728514434E0,                 157P   2138
4.890402191391E1,6.630700184553E1,-2.881828573197E0,                 157P   2139
4.891821178603E1,6.629623797586E1,-2.894548339975E0,                 157P   2140
4.89332307697E1,6.628484517532E1,-2.905097860954E0,                  157P   2141
4.894879750922E1,6.62730368691E1,-2.913438497223E0,                  157P   2142
2.205019262387E0,4.057998794088E0,0E0,0E0,0E0;                       157P   2143
126,5,5,0,0,1,0,0E0,0E0,0E0,0E0,0E0,0E0,9.743424419244E-1,           159P   2144
9.743424419244E-1,9.743424419244E-1,9.743424419244E-1,               159P   2145
9.743424419244E-1,9.743424419244E-1,1E0,1E0,1E0,1E0,1E0,1E0,         159P   2146
4.909017778706E1,6.616579144287E1,-1.795878386059E0,                 159P   2147
4.900690175912E1,6.605600996592E1,-1.795878438817E0,                 159P   2148
4.892362573119E1,6.594622848896E1,-1.795878491576E0,                 159P   2149
4.884034970325E1,6.5836447012E1,-1.795878544334E0,                   159P   2150
4.875707367532E1,6.572666553505E1,-1.795878597092E0,                 159P   2151
4.867379764739E1,6.561688405809E1,-1.795878649849E0,0E0,             159P   2152
9.743424419244E-1,0E0,0E0,0E0;                                       159P   2153
126,38,5,0,0,1,0,2.205019714228E0,2.205019714228E0,                  161P   2154
2.205019714228E0,2.205019714228E0,2.205019714228E0,                  161P   2155
2.205019714228E0,2.235478848912E0,2.235478848912E0,                  161P   2156
2.235478848912E0,2.625818417002E0,2.625818417002E0,                  161P   2157
2.625818417002E0,3.071836984659E0,3.071836984659E0,                  161P   2158
3.071836984659E0,3.364924677096E0,3.364924677096E0,                  161P   2159
3.364924677096E0,3.525447159274E0,3.525447159274E0,                  161P   2160
3.525447159274E0,3.559648861345E0,3.559648861345E0,                  161P   2161
3.559648861345E0,3.593703827644E0,3.593703827644E0,                  161P   2162
3.593703827644E0,3.659868153826E0,3.659868153826E0,                  161P   2163
3.659868153826E0,3.676432217995E0,3.676432217995E0,                  161P   2164
3.676432217995E0,3.692943725963E0,3.692943725963E0,                  161P   2165
3.692943725963E0,3.884938036761E0,3.884938036761E0,                  161P   2166
3.884938036761E0,4.057999684389E0,4.057999684389E0,                  161P   2167
4.057999684389E0,4.057999684389E0,4.057999684389E0,                  161P   2168
4.057999684389E0,1E0,1E0,1E0,1E0,1E0,1E0,1E0,1E0,1E0,1E0,1E0,        161P   2169
1E0,1E0,1E0,1E0,1E0,1E0,1E0,1E0,1E0,1E0,1E0,1E0,1E0,1E0,1E0,1E0,     161P   2170
1E0,1E0,1E0,1E0,1E0,1E0,1E0,1E0,1E0,1E0,1E0,1E0,                     161P   2171
4.867379764739E1,6.561688405809E1,-1.795878649849E0,                 161P   2172
4.867209576382E1,6.561817503892E1,-1.799433713972E0,                 161P   2173
4.867039495425E1,6.561946520506E1,-1.802994244789E0,                 161P   2174
4.866869529935E1,6.562075449532E1,-1.806560191506E0,                 161P   2175
4.864523124757E1,6.563855338687E1,-1.855898685761E0,                 161P   2176
4.862201531491E1,6.565616406519E1,-1.90625834064E0,                  161P   2177
4.860086003239E1,6.567221161671E1,-1.953758227822E0,                 161P   2178
4.855672950538E1,6.570568727011E1,-2.057015009436E0,                 161P   2179
4.851611280242E1,6.573649747707E1,-2.163281335535E0,                 161P   2180
4.849578001258E1,6.575192111852E1,-2.220706616708E0,                 161P   2181
4.846492304377E1,6.577532798136E1,-2.317107406386E0,                 161P   2182
4.844070889556E1,6.579369586609E1,-2.414928235412E0,                 161P   2183
4.843234021073E1,6.580004401581E1,-2.453919186764E0,                 161P   2184
4.842174024529E1,6.58080847258E1,-2.514295724846E0,                  161P   2185
4.841552209965E1,6.581280156247E1,-2.574279773888E0,                 161P   2186
4.84139215908E1,6.581401564449E1,-2.595425094305E0,                  161P   2187
4.841277578615E1,6.581488480609E1,-2.620907015922E0,                 161P   2188
4.841265746828E1,6.581497455729E1,-2.64610387086E0,                  161P   2189
4.841266879953E1,6.581496596186E1,-2.650521075627E0,                 161P   2190
4.841275625026E1,6.581489962523E1,-2.659314810987E0,                 161P   2191
4.841297444549E1,6.581473411105E1,-2.668066611778E0,                 161P   2192
4.841311818838E1,6.581462507345E1,-2.67251652715E0,                  161P   2193
4.84136367584E1,6.581423170696E1,-2.685299861973E0,                  161P   2194
4.841447331696E1,6.581359712709E1,-2.697984158592E0,                 161P   2195
4.84151635188E1,6.581307356756E1,-2.706286296508E0,                  161P   2196
4.841610009439E1,6.581236311877E1,-2.716613961698E0,                 161P   2197
4.841727298372E1,6.581147341182E1,-2.726860464122E0,                 161P   2198
4.841751881911E1,6.581128693092E1,-2.728909233304E0,                 161P   2199
4.841803598465E1,6.581089462981E1,-2.732994315552E0,                 161P   2200
4.841861849511E1,6.581045276067E1,-2.737069914101E0,                 161P   2201
4.841893458592E1,6.581021298682E1,-2.739135421779E0,                 161P   2202
4.842308718182E1,6.580706299359E1,-2.764767466566E0,                 161P   2203
4.843015216198E1,6.580170378211E1,-2.789903531141E0,                 161P   2204
4.843907531049E1,6.579493503841E1,-2.811975141813E0,                 161P   2205
4.846015643121E1,6.577894374307E1,-2.850728513E0,                    161P   2206
4.848764185169E1,6.5758094402E1,-2.881828626624E0,                   161P   2207
4.850183180699E1,6.574733046923E1,-2.894548437086E0,                 161P   2208
4.851685087933E1,6.573593760143E1,-2.905097978144E0,                 161P   2209
4.853241770919E1,6.572412922669E1,-2.913438611413E0,                 161P   2210
2.205019714228E0,4.057999684389E0,0E0,0E0,0E0;                       161P   2211
126,5,5,0,0,1,0,1.008418328968E2,1.008418328968E2,                   163P   2212
1.008418328968E2,1.008418328968E2,1.008418328968E2,                  163P   2213
1.008418328968E2,1.018161755768E2,1.018161755768E2,                  163P   2214
1.018161755768E2,1.018161755768E2,1.018161755768E2,                  163P   2215
1.018161755768E2,1E0,1E0,1E0,1E0,1E0,1E0,4.853241770919E1,           163P   2216
6.572412922669E1,-2.913438611413E0,4.861569366919E1,                 163P   2217
6.583391075517E1,-2.913438588575E0,4.86989696292E1,                  163P   2218
6.594369228365E1,-2.913438565737E0,4.878224558921E1,                 163P   2219
6.605347381214E1,-2.913438542899E0,4.886552154921E1,                 163P   2220
6.616325534062E1,-2.913438520061E0,4.894879750922E1,                 163P   2221
6.62730368691E1,-2.913438497223E0,1.008418328968E2,                  163P   2222
1.018161755768E2,0E0,0E0,0E0;                                        163P   2223
126,44,5,0,0,1,0,0E0,0E0,0E0,0E0,0E0,0E0,2.941365505165E-1,          165P   2224
2.941365505165E-1,2.941365505165E-1,3.890168378137E-1,               165P   2225
3.890168378137E-1,3.890168378137E-1,4.600347167794E-1,               165P   2226
4.600347167794E-1,4.600347167794E-1,4.714787014432E-1,               165P   2227
4.714787014432E-1,4.714787014432E-1,4.833355682325E-1,               165P   2228
4.833355682325E-1,4.833355682325E-1,5.083116434831E-1,               165P   2229
5.083116434831E-1,5.083116434831E-1,5.336450943022E-1,               165P   2230
5.336450943022E-1,5.336450943022E-1,5.842734009102E-1,               165P   2231
5.842734009102E-1,5.842734009102E-1,7.215580262564E-1,               165P   2232
7.215580262564E-1,7.215580262564E-1,1.041927333528E0,                165P   2233
1.041927333528E0,1.041927333528E0,1.244266288552E0,                  165P   2234
1.244266288552E0,1.244266288552E0,1.446605243576E0,                  165P   2235
1.446605243576E0,1.446605243576E0,2.129805140909E0,                  165P   2236
2.129805140909E0,2.129805140909E0,2.30363683889E0,                   165P   2237
2.30363683889E0,2.30363683889E0,2.30363683889E0,2.30363683889E0,     165P   2238
2.30363683889E0,1E0,1E0,1E0,1E0,1E0,1E0,1E0,1E0,1E0,1E0,1E0,1E0,     165P   2239
1E0,1E0,1E0,1E0,1E0,1E0,1E0,1E0,1E0,1E0,1E0,1E0,1E0,1E0,1E0,1E0,     165P   2240
1E0,1E0,1E0,1E0,1E0,1E0,1E0,1E0,1E0,1E0,1E0,1E0,1E0,1E0,1E0,1E0,     165P   2241
1E0,2.267732060188E1,3.163974824341E1,-2.913452150337E0,             165P   2242
2.265655461593E1,3.16555004901E1,-2.902329778073E0,                  165P   2243
2.263669310757E1,3.167056662392E1,-2.887239263868E0,                 165P   2244
2.261842295019E1,3.168442564538E1,-2.868220369544E0,                 165P   2245
2.259754446908E1,3.170026322878E1,-2.838425828599E0,                 165P   2246
2.258204732247E1,3.171201874383E1,-2.804307178588E0,                 165P   2247
2.25786068978E1,3.171462851301E1,-2.795761962425E0,                  165P   2248
2.257321063089E1,3.171872190465E1,-2.780495052529E0,                 165P   2249
2.256892704796E1,3.172197125991E1,-2.764780196215E0,                 165P   2250
2.256730126989E1,3.172320451037E1,-2.757987337605E0,                 165P   2251
2.256565769829E1,3.172445125757E1,-2.750043117547E0,                 165P   2252
2.256429876917E1,3.172548208695E1,-2.742055134315E0,                 165P   2253
2.256408445694E1,3.172564465566E1,-2.740753966606E0,                 165P   2254
2.256372480681E1,3.17259174718E1,-2.738496250387E0,                  165P   2255
2.256338975809E1,3.172617162644E1,-2.736249070711E0,                 165P   2256
2.256322687204E1,3.172629518548E1,-2.735117511731E0,                 165P   2257
2.256273298218E1,3.172666982985E1,-2.73155795699E0,                  165P   2258
2.256228430239E1,3.172701018194E1,-2.727958484385E0,                 165P   2259
2.256197947323E1,3.172724141254E1,-2.725351012772E0,                 165P   2260
2.256143464512E1,3.17276546965E1,-2.720431991911E0,                  165P   2261
2.256093874146E1,3.172803087006E1,-2.715490585875E0,                 165P   2262
2.256069934946E1,3.172821246281E1,-2.712996235664E0,                 165P   2263
2.256001045444E1,3.172873503105E1,-2.705498543381E0,                 165P   2264
2.255940830663E1,3.172919179627E1,-2.697946322621E0,                 165P   2265
2.255904428449E1,3.172946792879E1,-2.692869743158E0,                 165P   2266
2.255788176886E1,3.173034976722E1,-2.674019598122E0,                 165P   2267
2.255741706199E1,3.173070227378E1,-2.654908845113E0,                 165P   2268
2.255738927538E1,3.173072335331E1,-2.640838074736E0,                 165P   2269
2.255839502549E1,3.17299604294E1,-2.593454586613E0,                  165P   2270
2.256285634511E1,3.172657625558E1,-2.544991286943E0,                 165P   2271
2.25674945377E1,3.172305790935E1,-2.510829050043E0,                  165P   2272
2.257719940888E1,3.171569617451E1,-2.454772589264E0,                 165P   2273
2.258991370892E1,3.170605161962E1,-2.3986202618E0,                   165P   2274
2.259523868236E1,3.170201457913E1,-2.376915502379E0,                 165P   2275
2.260661035866E1,3.169339010744E1,-2.333598712869E0,                 165P   2276
2.261929736734E1,3.168376427904E1,-2.290495947964E0,                 165P   2277
2.262593691866E1,3.16787258526E1,-2.269005466254E0,                  165P   2278
2.265618609949E1,3.165578002689E1,-2.175222448353E0,                 165P   2279
2.269102802768E1,3.162935035524E1,-2.083112860419E0,                 165P   2280
2.271952783818E1,3.160773153476E1,-2.01366706897E0,                  165P   2281
2.275690314877E1,3.157938010174E1,-1.928072095179E0,                 165P   2282
2.279523009463E1,3.155030681722E1,-1.845410223051E0,                 165P   2283
2.280303386555E1,3.15443871869E1,-1.828770147648E0,                  165P   2284
2.281085813714E1,3.153845200814E1,-1.812263077322E0,                 165P   2285
2.281869409085E1,3.153250796694E1,-1.795895029482E0,0E0,             165P   2286
2.30363683889E0,0E0,0E0,0E0;                                         165P   2287
126,1,1,0,0,1,0,0E0,0E0,1E0,1E0,1E0,1E0,2.267732060188E1,            167P   2288
3.163974824341E1,-2.913452150337E0,2.309370014267E1,                 167P   2289
3.218865608248E1,-2.913452150337E0,0E0,1E0,0E0,0E0,0E0;              167P   2290
126,44,5,0,0,1,0,0E0,0E0,0E0,0E0,0E0,0E0,2.941367659001E-1,          169P   2291
2.941367659001E-1,2.941367659001E-1,3.890171738384E-1,               169P   2292
3.890171738384E-1,3.890171738384E-1,4.60035159666E-1,                169P   2293
4.60035159666E-1,4.60035159666E-1,4.714698926522E-1,                 169P   2294
4.714698926522E-1,4.714698926522E-1,4.833268123592E-1,               169P   2295
4.833268123592E-1,4.833268123592E-1,5.083025773227E-1,               169P   2296
5.083025773227E-1,5.083025773227E-1,5.336363176676E-1,               169P   2297
5.336363176676E-1,5.336363176676E-1,5.842651947166E-1,               169P   2298
5.842651947166E-1,5.842651947166E-1,7.215500312264E-1,               169P   2299
7.215500312264E-1,7.215500312264E-1,1.041919925044E0,                169P   2300
1.041919925044E0,1.041919925044E0,1.244259366643E0,                  169P   2301
1.244259366643E0,1.244259366643E0,1.446598808242E0,                  169P   2302
1.446598808242E0,1.446598808242E0,2.129798703684E0,                  169P   2303
2.129798703684E0,2.129798703684E0,2.303626697178E0,                  169P   2304
2.303626697178E0,2.303626697178E0,2.303626697178E0,                  169P   2305
2.303626697178E0,2.303626697178E0,1E0,1E0,1E0,1E0,1E0,1E0,1E0,       169P   2306
1E0,1E0,1E0,1E0,1E0,1E0,1E0,1E0,1E0,1E0,1E0,1E0,1E0,1E0,1E0,1E0,     169P   2307
1E0,1E0,1E0,1E0,1E0,1E0,1E0,1E0,1E0,1E0,1E0,1E0,1E0,1E0,1E0,1E0,     169P   2308
1E0,1E0,1E0,1E0,1E0,1E0,2.309370014267E1,3.218865608248E1,           169P   2309
-2.913452150337E0,2.307293417246E1,3.220440831723E1,                 169P   2310
-2.902329712359E0,2.305307269276E1,3.22194744293E1,                  169P   2311
-2.887239132255E0,2.303480257786E1,3.223333341854E1,                 169P   2312
-2.86822017747E0,2.30139241633E1,3.224917095146E1,                   169P   2313
-2.838425567456E0,2.299842709305E1,3.226092640859E1,                 169P   2314
-2.804306872093E0,2.299498668614E1,3.226353616429E1,                 169P   2315
-2.795761642798E0,2.298959045067E1,3.226762953209E1,                 169P   2316
-2.780494710934E0,2.298530690042E1,3.227087886256E1,                 169P   2317
-2.764779836998E0,2.298368113632E1,3.227211210242E1,                 169P   2318
-2.757986970803E0,2.298203776582E1,3.227335869708E1,                 169P   2319
-2.750043635753E0,2.298067897391E1,3.227438942237E1,                 169P   2320
-2.742056548433E0,2.29804640727E1,3.227455243786E1,                  169P   2321
-2.740751787337E0,2.298010457985E1,3.227482513469E1,                 169P   2322
-2.738494970268E0,2.297976966877E1,3.227507918492E1,                 169P   2323
-2.736248680915E0,2.297960678707E1,3.227520274066E1,                 169P   2324
-2.73511713458E0,2.297911290788E1,3.227557737694E1,                  169P   2325
-2.73155760395E0,2.297866423664E1,3.227591772255E1,                  169P   2326
-2.727958155257E0,2.297835938108E1,3.227614897317E1,                 169P   2327
-2.725350423274E0,2.297781456102E1,3.227656225103E1,                 169P   2328
-2.720431403249E0,2.297731866393E1,3.22769384196E1,                  169P   2329
-2.715489996951E0,2.297707927227E1,3.22771200121E1,                  169P   2330
-2.712995616449E0,2.29763903788E1,3.227764257916E1,                  169P   2331
-2.705497834759E0,2.297578823443E1,3.227809934177E1,                 169P   2332
-2.697945523417E0,2.297542421583E1,3.22783754716E1,                  169P   2333
-2.692868878619E0,2.297426173033E1,3.227925728717E1,                 169P   2334
-2.674018645206E0,2.297379706074E1,3.227960976546E1,                 169P   2335
-2.654907805459E0,2.297376929349E1,3.22796308303E1,                  169P   2336
-2.640837143936E0,2.297477511835E1,3.227886784969E1,                 169P   2337
-2.593453549996E0,2.297923651546E1,3.227548361708E1,                 169P   2338
-2.544990143071E0,2.298387476385E1,3.227196522853E1,                 169P   2339
-2.510827823454E0,2.299357972766E1,3.226460342343E1,                 169P   2340
-2.454771223584E0,2.300629412099E1,3.225495879777E1,                 169P   2341
-2.398618759553E0,2.301161913229E1,3.225092172871E1,                 169P   2342
-2.37691394141E0,2.302299088394E1,3.224229719996E1,                  169P   2343
-2.333597036864E0,2.303567796789E1,3.223267131434E1,                 169P   2344
-2.290494158971E0,2.304231755694E1,3.222763285916E1,                 169P   2345
-2.269003620599E0,2.307256684888E1,3.220468694916E1,                 169P   2346
-2.175220525052E0,2.310740886836E1,3.217825720827E1,                 169P   2347
-2.083110866164E0,2.31359087164E1,3.215663835931E1,                  169P   2348
-2.013665080051E0,2.317328391205E1,3.212828701348E1,                 169P   2349
-1.928070462279E0,2.321161072139E1,3.209921383251E1,                 169P   2350
-1.845408929632E0,2.321941433048E1,3.209329432495E1,                 169P   2351
-1.82876920376E0,2.322723843969E1,3.208735926936E1,                  169P   2352
-1.812262476436E0,2.323507423057E1,3.208141535168E1,                 169P   2353
-1.795894765669E0,0E0,2.303626697178E0,0E0,0E0,0E0;                  169P   2354
126,1,1,0,0,1,0,0E0,0E0,1E0,1E0,1E0,1E0,2.281869409085E1,            171P   2355
3.153250796694E1,-1.795895029482E0,2.323507423057E1,                 171P   2356
3.208141535168E1,-1.795894765669E0,0E0,1E0,0E0,0E0,0E0;              171P   2357
126,41,5,0,0,1,0,0E0,0E0,0E0,0E0,0E0,0E0,2.94127654652E-1,           173P   2358
2.94127654652E-1,2.94127654652E-1,3.889795065421E-1,                 173P   2359
3.889795065421E-1,3.889795065421E-1,4.363191984252E-1,               173P   2360
4.363191984252E-1,4.363191984252E-1,4.718254686629E-1,               173P   2361
4.718254686629E-1,4.718254686629E-1,4.836609760977E-1,               173P   2362
4.836609760977E-1,4.836609760977E-1,5.08982325004E-1,                173P   2363
5.08982325004E-1,5.08982325004E-1,5.849456411804E-1,                 173P   2364
5.849456411804E-1,5.849456411804E-1,7.221563957388E-1,               173P   2365
7.221563957388E-1,7.221563957388E-1,9.762296503727E-1,               173P   2366
9.762296503727E-1,9.762296503727E-1,1.230302905007E0,                173P   2367
1.230302905007E0,1.230302905007E0,1.673118876181E0,                  173P   2368
1.673118876181E0,1.673118876181E0,1.988479325652E0,                  173P   2369
1.988479325652E0,1.988479325652E0,2.303839775124E0,                  173P   2370
2.303839775124E0,2.303839775124E0,2.303839775124E0,                  173P   2371
2.303839775124E0,2.303839775124E0,1E0,1E0,1E0,1E0,1E0,1E0,1E0,       173P   2372
1E0,1E0,1E0,1E0,1E0,1E0,1E0,1E0,1E0,1E0,1E0,1E0,1E0,1E0,1E0,1E0,     173P   2373
1E0,1E0,1E0,1E0,1E0,1E0,1E0,1E0,1E0,1E0,1E0,1E0,1E0,1E0,1E0,1E0,     173P   2374
1E0,1E0,1E0,5.440609688525E0,8.916812043845E0,-2.913452150337E0,     173P   2375
5.41984299484E0,8.932564827399E0,-2.90233252196E0,                   173P   2376
5.399980209287E0,8.94763193004E0,-2.887244772334E0,                  173P   2377
5.381708178161E0,8.961492372851E0,-2.868228439824E0,                 173P   2378
5.360827997501E0,8.977331245475E0,-2.838438641848E0,                 173P   2379
5.345328054547E0,8.989088881723E0,-2.80432429185E0,                  173P   2380
5.341883438735E0,8.991701830135E0,-2.795771220358E0,                 173P   2381
5.337256951857E0,8.995211297527E0,-2.782685955845E0,                 173P   2382
5.333447919063E0,8.998100677805E0,-2.769271451815E0,                 173P   2383
5.332271262855E0,8.998993242226E0,-2.764772476374E0,                 173P   2384
5.330374859018E0,9.000431778071E0,-2.756854663405E0,                 173P   2385
5.328763962985E0,9.00165373961E0,-2.748870171174E0,                  173P   2386
5.328126995284E0,9.002136918099E0,-2.745445030145E0,                 173P   2387
5.327344133877E0,9.002730764997E0,-2.740835445564E0,                 173P   2388
5.326662866466E0,9.003247547372E0,-2.736269441917E0,                 173P   2389
5.326498725734E0,9.003372058165E0,-2.735129960578E0,                 173P   2390
5.326000186932E0,9.003750229031E0,-2.731539124627E0,                 173P   2391
5.325547719456E0,9.004093454346E0,-2.727907699857E0,                 173P   2392
5.325259269754E0,9.00431226012E0,-2.72544098653E0,                   173P   2393
5.324161025893E0,9.005145342253E0,-2.715538294365E0,                 173P   2394
5.323261314921E0,9.005827832277E0,-2.705545060196E0,                 173P   2395
5.322642546731E0,9.006297200808E0,-2.697988917281E0,                 173P   2396
5.321215128355E0,9.007379984274E0,-2.676645205299E0,                 173P   2397
5.320685665136E0,9.007781612177E0,-2.654965917233E0,                 173P   2398
5.320656929E0,9.007803411997E0,-2.640863900523E0,                    173P   2399
5.32151434309E0,9.007153010166E0,-2.600352903703E0,                  173P   2400
5.324898006171E0,9.004586301937E0,-2.559052487166E0,                 173P   2401
5.328078761274E0,9.002170367176E0,-2.53196663077E0,                  173P   2402
5.336214221267E0,8.995997061586E0,-2.477477278403E0,                 173P   2403
5.347496949582E0,8.987441200073E0,-2.422719481447E0,                 173P   2404
5.353825988088E0,8.982642691985E0,-2.39536501854E0,                  173P   2405
5.372798535066E0,8.968250868987E0,-2.320598888609E0,                 173P   2406
5.395769881148E0,8.950825737173E0,-2.246434738676E0,                 173P   2407
5.411679556809E0,8.93875729143E0,-2.199508770618E0,                  173P   2408
5.440499401846E0,8.916895698402E0,-2.12031802224E0,                  173P   2409
5.471619934071E0,8.893288914604E0,-2.042715674764E0,                 173P   2410
5.484847447121E0,8.883255196444E0,-2.010841078762E0,                 173P   2411
5.511774905506E0,8.862825859814E0,-1.947835192571E0,                 173P   2412
5.539516269242E0,8.841782017961E0,-1.88623008075E0,                  173P   2413
5.553557412442E0,8.831134413496E0,-1.855754369901E0,                 173P   2414
5.567734158586E0,8.820380503431E0,-1.82560337426E0,                  173P   2415
5.581949351089E0,8.809597426737E0,-1.795909929085E0,0E0,             173P   2416
2.303839775124E0,0E0,0E0,0E0;                                        173P   2417
126,1,1,0,0,1,0,0E0,0E0,1E0,1E0,1E0,1E0,5.440609688525E0,            175P   2418
8.916812043845E0,-2.913452150337E0,5.856989229313E0,                 175P   2419
9.465719882915E0,-2.913452150337E0,0E0,1E0,0E0,0E0,0E0;              175P   2420
126,41,5,0,0,1,0,0E0,0E0,0E0,0E0,0E0,0E0,2.941278697306E-1,          177P   2421
2.941278697306E-1,2.941278697306E-1,3.889798423056E-1,               177P   2422
3.889798423056E-1,3.889798423056E-1,4.363196053457E-1,               177P   2423
4.363196053457E-1,4.363196053457E-1,4.718259289425E-1,               177P   2424
4.718259289425E-1,4.718259289425E-1,4.836614541633E-1,               177P   2425
4.836614541633E-1,4.836614541633E-1,5.089830926767E-1,               177P   2426
5.089830926767E-1,5.089830926767E-1,5.849472776872E-1,               177P   2427
5.849472776872E-1,5.849472776872E-1,7.221579627962E-1,               177P   2428
7.221579627962E-1,7.221579627962E-1,9.762317339051E-1,               177P   2429
9.762317339051E-1,9.762317339051E-1,1.230305505014E0,                177P   2430
1.230305505014E0,1.230305505014E0,1.673122004626E0,                  177P   2431
1.673122004626E0,1.673122004626E0,1.988480549448E0,                  177P   2432
1.988480549448E0,1.988480549448E0,2.30383909427E0,                   177P   2433
2.30383909427E0,2.30383909427E0,2.30383909427E0,2.30383909427E0,     177P   2434
2.30383909427E0,1E0,1E0,1E0,1E0,1E0,1E0,1E0,1E0,1E0,1E0,1E0,1E0,     177P   2435
1E0,1E0,1E0,1E0,1E0,1E0,1E0,1E0,1E0,1E0,1E0,1E0,1E0,1E0,1E0,1E0,     177P   2436
1E0,1E0,1E0,1E0,1E0,1E0,1E0,1E0,1E0,1E0,1E0,1E0,1E0,1E0,             177P   2437
5.856989229313E0,9.465719882915E0,-2.913452150337E0,                 177P   2438
5.836222547726E0,9.481472657291E0,-2.902332457861E0,                 177P   2439
5.816359785023E0,9.496539742599E0,-2.887244644907E0,                 177P   2440
5.798087788298E0,9.510400159315E0,-2.868228255428E0,                 177P   2441
5.777207660783E0,9.526238991625E0,-2.838438394272E0,                 177P   2442
5.761707777968E0,9.537996582255E0,-2.804324006078E0,                 177P   2443
5.758263175841E0,9.540609520285E0,-2.795770923283E0,                 177P   2444
5.753636709653E0,9.544118971982E0,-2.78268564303E0,                  177P   2445
5.749827698167E0,9.547008336096E0,-2.769271126577E0,                 177P   2446
5.74865104894E0,9.547900895223E0,-2.76477214668E0,                   177P   2447
5.746754657416E0,9.549339421727E0,-2.756854326547E0,                 177P   2448
5.74514377382E0,9.550561373833E0,-2.748869828263E0,                  177P   2449
5.744506810585E0,9.551044548933E0,-2.74544467954E0,                  177P   2450
5.743723957278E0,9.551638389687E0,-2.740835097455E0,                 177P   2451
5.743042697379E0,9.552155166364E0,-2.736269094421E0,                 177P   2452
5.742878558481E0,9.552279675766E0,-2.735129612431E0,                 177P   2453
5.742380021068E0,9.552657845577E0,-2.731538746807E0,                 177P   2454
5.741927554192E0,9.553001070438E0,-2.727907290854E0,                 177P   2455
5.74163910426E0,9.553219876386E0,-2.725440552706E0,                  177P   2456
5.740540857359E0,9.554052960825E0,-2.715537747665E0,                 177P   2457
5.739641142059E0,9.554735454132E0,-2.705544394106E0,                 177P   2458
5.739022372368E0,9.555204823801E0,-2.697988160887E0,                 177P   2459
5.737594975766E0,9.55628759075E0,-2.676644362403E0,                  177P   2460
5.737065542577E0,9.556689195875E0,-2.654964990055E0,                 177P   2461
5.737036818275E0,9.556710986718E0,-2.640862972836E0,                 177P   2462
5.737894276126E0,9.556060551691E0,-2.600351918263E0,                 177P   2463
5.741277981229E0,9.553493811586E0,-2.559051445528E0,                 177P   2464
5.74445876624E0,9.55107785422E0,-2.531965529284E0,                   177P   2465
5.752594286537E0,9.544904502945E0,-2.477476058066E0,                 177P   2466
5.763877075572E0,9.536348595302E0,-2.422718143502E0,                 177P   2467
5.770206144374E0,9.531550064161E0,-2.395363621999E0,                 177P   2468
5.789178764337E0,9.5171581858E0,-2.320597371546E0,                   177P   2469
5.812150176926E0,9.499733003537E0,-2.246433107193E0,                 177P   2470
5.828059882636E0,9.487664535E0,-2.199507096267E0,                    177P   2471
5.856879696292E0,9.465802965776E0,-2.120316490728E0,                 177P   2472
5.88800017607E0,9.442196221763E0,-2.042714283126E0,                  177P   2473
5.90122760971E0,9.432162563764E0,-2.010839872092E0,                  177P   2474
5.928154904268E0,9.411733351588E0,-1.947834343045E0,                 177P   2475
5.95589609207E0,9.390689643271E0,-1.886229573673E0,                  177P   2476
5.969937143791E0,9.380042108013E0,-1.855754033209E0,                 177P   2477
5.984113794691E0,9.369288270196E0,-1.825603208736E0,                 177P   2478
5.998328891877E0,9.358505265806E0,-1.795909929085E0,0E0,             177P   2479
2.30383909427E0,0E0,0E0,0E0;                                         177P   2480
126,1,1,0,0,1,0,0E0,0E0,1E0,1E0,1E0,1E0,5.581949351089E0,            179P   2481
8.809597426737E0,-1.795909929085E0,5.998328891877E0,                 179P   2482
9.358505265806E0,-1.795909929085E0,0E0,1E0,0E0,0E0,0E0;              179P   2483
126,38,5,0,0,1,0,2.20502861717E0,2.20502861717E0,                    181P   2484
2.20502861717E0,2.20502861717E0,2.20502861717E0,2.20502861717E0,     181P   2485
2.2354788458E0,2.2354788458E0,2.2354788458E0,2.625818414006E0,       181P   2486
2.625818414006E0,2.625818414006E0,3.071836981485E0,                  181P   2487
3.071836981485E0,3.071836981485E0,3.364924673829E0,                  181P   2488
3.364924673829E0,3.364924673829E0,3.525447155985E0,                  181P   2489
3.525447155985E0,3.525447155985E0,3.559648858052E0,                  181P   2490
3.559648858052E0,3.559648858052E0,3.593703823891E0,                  181P   2491
3.593703823891E0,3.593703823891E0,3.659868150056E0,                  181P   2492
3.659868150056E0,3.659868150056E0,3.676432214224E0,                  181P   2493
3.676432214224E0,3.676432214224E0,3.692943722247E0,                  181P   2494
3.692943722247E0,3.692943722247E0,3.884938032364E0,                  181P   2495
3.884938032364E0,3.884938032364E0,4.058017186409E0,                  181P   2496
4.058017186409E0,4.058017186409E0,4.058017186409E0,                  181P   2497
4.058017186409E0,4.058017186409E0,1E0,1E0,1E0,1E0,1E0,1E0,1E0,       181P   2498
1E0,1E0,1E0,1E0,1E0,1E0,1E0,1E0,1E0,1E0,1E0,1E0,1E0,1E0,1E0,1E0,     181P   2499
1E0,1E0,1E0,1E0,1E0,1E0,1E0,1E0,1E0,1E0,1E0,1E0,1E0,1E0,1E0,1E0,     181P   2500
4.047187037119E1,5.480441241672E1,-1.795883845612E0,                 181P   2501
4.047016888693E1,5.480570309466E1,-1.799437908326E0,                 181P   2502
4.046846847597E1,5.480699295842E1,-1.802997434535E0,                 181P   2503
4.046676921892E1,5.480828194688E1,-1.806562373497E0,                 181P   2504
4.044330428754E1,5.482608150568E1,-1.855900284638E0,                 181P   2505
4.042008743991E1,5.484369287805E1,-1.906259321085E0,                 181P   2506
4.039893083469E1,5.485974143291E1,-1.95375962907E0,                  181P   2507
4.035479744183E1,5.489321926023E1,-2.057017322404E0,                 181P   2508
4.031417781397E1,5.492403168591E1,-2.163284579014E0,                 181P   2509
4.029384345178E1,5.493945652007E1,-2.220710360399E0,                 181P   2510
4.026298386015E1,5.496286537248E1,-2.317111984459E0,                 181P   2511
4.023876708667E1,5.498123524864E1,-2.414933648646E0,                 181P   2512
4.023039736196E1,5.498758418717E1,-2.453924930816E0,                 181P   2513
4.021979579831E1,5.499562610949E1,-2.514301977332E0,                 181P   2514
4.021357608684E1,5.500034413394E1,-2.574286524506E0,                 181P   2515
4.021197502903E1,5.500155863239E1,-2.595432019561E0,                 181P   2516
4.021082856681E1,5.500242829279E1,-2.620914150368E0,                 181P   2517
4.021070960392E1,5.500251853328E1,-2.64611121051E0,                  181P   2518
4.021072082226E1,5.50025100235E1,-2.6505284512E0,                    181P   2519
4.021080804853E1,5.500244385714E1,-2.659322257908E0,                 181P   2520
4.021102602103E1,5.500227851191E1,-2.668074129496E0,                 181P   2521
4.021116965085E1,5.500216956007E1,-2.672524081074E0,                 181P   2522
4.021168789657E1,5.500177643959E1,-2.685307519007E0,                 181P   2523
4.021252413498E1,5.500114210257E1,-2.697991917416E0,                 181P   2524
4.021321412801E1,5.500061870144E1,-2.706294121764E0,                 181P   2525
4.021415044424E1,5.499990844939E1,-2.716621869464E0,                 181P   2526
4.021532307748E1,5.499901893669E1,-2.726868453354E0,                 181P   2527
4.021556886173E1,5.499883249459E1,-2.728917238807E0,                 181P   2528
4.021608592543E1,5.499844027073E1,-2.733002353461E0,                 181P   2529
4.021666833463E1,5.499799847841E1,-2.737077984234E0,                 181P   2530
4.021698437422E1,5.499775874341E1,-2.739143508177E0,                 181P   2531
4.022113633573E1,5.499460923141E1,-2.76477575471E0,                  181P   2532
4.0228200709E1,5.498925048028E1,-2.789912012273E0,                   181P   2533
4.023712333863E1,5.498248213018E1,-2.811983788348E0,                 181P   2534
4.025820458657E1,5.496649073834E1,-2.850739299023E0,                 181P   2535
4.02856909769E1,5.494564066157E1,-2.881840745447E0,                  181P   2536
4.029988234934E1,5.493487565383E1,-2.894561513616E0,                 181P   2537
4.031490299936E1,5.492348158927E1,-2.905111524624E0,                 181P   2538
4.03304714916E1,5.491167195349E1,-2.913452150337E0,                  181P   2539
2.20502861717E0,4.058017186409E0,0E0,0E0,0E0;                        181P   2540
126,5,5,0,0,1,0,2.016710667437E1,2.016710667437E1,                   183P   2541
2.016710667437E1,2.016710667437E1,2.016710667437E1,                  183P   2542
2.016710667437E1,2.114144911629E1,2.114144911629E1,                  183P   2543
2.114144911629E1,2.114144911629E1,2.114144911629E1,                  183P   2544
2.114144911629E1,1E0,1E0,1E0,1E0,1E0,1E0,4.047187037119E1,           183P   2545
5.480441241672E1,-1.795883845612E0,4.038859434327E1,                 183P   2546
5.469463093975E1,-1.795883898365E0,4.030531831535E1,                 183P   2547
5.458484946279E1,-1.795883951118E0,4.022204228743E1,                 183P   2548
5.447506798582E1,-1.79588400387E0,4.013876625951E1,                  183P   2549
5.436528650886E1,-1.795884056623E0,4.005549023159E1,                 183P   2550
5.425550503189E1,-1.795884109376E0,2.016710667437E1,                 183P   2551
2.114144911629E1,0E0,0E0,0E0;                                        183P   2552
126,38,5,0,0,1,0,2.20502906922E0,2.20502906922E0,                    185P   2553
2.20502906922E0,2.20502906922E0,2.20502906922E0,2.20502906922E0,     185P   2554
2.235478845615E0,2.235478845615E0,2.235478845615E0,                  185P   2555
2.625818413789E0,2.625818413789E0,2.625818413789E0,                  185P   2556
3.07183698132E0,3.07183698132E0,3.07183698132E0,                     185P   2557
3.364924673697E0,3.364924673697E0,3.364924673697E0,                  185P   2558
3.525447155858E0,3.525447155858E0,3.525447155858E0,                  185P   2559
3.559648857926E0,3.559648857926E0,3.559648857926E0,                  185P   2560
3.59370382353E0,3.59370382353E0,3.59370382353E0,                     185P   2561
3.659868149715E0,3.659868149715E0,3.659868149715E0,                  185P   2562
3.676432213883E0,3.676432213883E0,3.676432213883E0,                  185P   2563
3.692943721785E0,3.692943721785E0,3.692943721785E0,                  185P   2564
3.884938031703E0,3.884938031703E0,3.884938031703E0,                  185P   2565
4.058018074654E0,4.058018074654E0,4.058018074654E0,                  185P   2566
4.058018074654E0,4.058018074654E0,4.058018074654E0,1E0,1E0,1E0,      185P   2567
1E0,1E0,1E0,1E0,1E0,1E0,1E0,1E0,1E0,1E0,1E0,1E0,1E0,1E0,1E0,1E0,     185P   2568
1E0,1E0,1E0,1E0,1E0,1E0,1E0,1E0,1E0,1E0,1E0,1E0,1E0,1E0,1E0,1E0,     185P   2569
1E0,1E0,1E0,1E0,4.005549023159E1,5.425550503189E1,                   185P   2570
-1.795884109376E0,4.00537887729E1,5.425679569042E1,                  185P   2571
-1.799438118903E0,4.00520883875E1,5.425808553481E1,                  185P   2572
-1.802997591761E0,4.005038915597E1,5.425937450391E1,                 185P   2573
-1.806562477208E0,4.00269242535E1,5.427717404077E1,                  185P   2574
-1.855900326326E0,4.000370743432E1,5.429478539156E1,                 185P   2575
-1.906259298374E0,3.998255083238E1,5.431083394393E1,                 185P   2576
-1.953759596694E0,3.993841744664E1,5.434431176585E1,                 185P   2577
-2.057017269096E0,3.989779782605E1,5.437512418602E1,                 185P   2578
-2.163284504341E0,3.987746346776E1,5.439054901723E1,                 185P   2579
-2.22071027424E0,3.984660388264E1,5.44139578647E1,                   185P   2580
-2.317111879151E0,3.982238711567E1,5.443232773591E1,                 185P   2581
-2.414933524172E0,3.981401739354E1,5.443867667249E1,                 185P   2582
-2.453924798744E0,3.980341583385E1,5.44467185918E1,                  185P   2583
-2.51430183359E0,3.979719612627E1,5.44514366133E1,                   185P   2584
-2.574286369333E0,3.979559506982E1,5.445265111071E1,                 185P   2585
-2.595431860381E0,3.979444860924E1,5.445352076987E1,                 185P   2586
-2.620913986385E0,3.979432964795E1,5.445361100916E1,                 185P   2587
-2.646111041817E0,3.979434086657E1,5.445360249916E1,                 185P   2588
-2.650528281682E0,3.979442809339E1,5.445353633238E1,                 185P   2589
-2.659322086721E0,3.979464606645E1,5.445337098673E1,                 185P   2590
-2.668073956652E0,3.979478969655E1,5.445326203468E1,                 185P   2591
-2.672523907524E0,3.979530794308E1,5.445286891358E1,                 185P   2592
-2.685307343062E0,3.979614418228E1,5.445223457596E1,                 185P   2593
-2.697991739105E0,3.979683417583E1,5.445171117444E1,                 185P   2594
-2.70629394192E0,3.97977704927E1,5.44510009219E1,                    185P   2595
-2.716621687728E0,3.979894312658E1,5.445011140872E1,                 185P   2596
-2.72686826975E0,3.979918891095E1,5.444992496652E1,                  185P   2597
-2.72891705483E0,3.979970597491E1,5.444953274247E1,                  185P   2598
-2.733002168726E0,3.980028838435E1,5.444909094996E1,                 185P   2599
-2.737077798744E0,3.980060442408E1,5.444885121486E1,                 185P   2600
-2.739143322373E0,3.980475638715E1,5.444570170167E1,                 185P   2601
-2.764775564232E0,3.981182076192E1,5.444034294941E1,                 185P   2602
-2.789911817325E0,3.982074339287E1,5.443357459831E1,                 185P   2603
-2.811983589706E0,3.984182469433E1,5.441758316587E1,                 185P   2604
-2.850739188268E0,3.986931116879E1,5.439673302529E1,                 185P   2605
-2.881840686983E0,3.988350262662E1,5.438596795277E1,                 185P   2606
-2.894561497806E0,3.989852336703E1,5.437457381964E1,                 185P   2607
-2.905111528148E0,3.991409195082E1,5.436276411442E1,                 185P   2608
-2.913452150337E0,2.20502906922E0,4.058018074654E0,0E0,0E0,0E0;      185P   2609
126,1,1,0,0,1,0,0E0,0E0,1E0,1E0,1E0,1E0,3.991409195082E1,            187P   2610
5.436276411442E1,-2.913452150337E0,4.03304714916E1,                  187P   2611
5.491167195349E1,-2.913452150337E0,0E0,1E0,0E0,0E0,0E0;              187P   2612
126,38,5,0,0,1,0,2.205037973417E0,2.205037973417E0,                  189P   2613
2.205037973417E0,2.205037973417E0,2.205037973417E0,                  189P   2614
2.205037973417E0,2.235478844103E0,2.235478844103E0,                  189P   2615
2.235478844103E0,2.625818412515E0,2.625818412515E0,                  189P   2616
2.625818412515E0,3.071836979701E0,3.071836979701E0,                  189P   2617
3.071836979701E0,3.364924671883E0,3.364924671883E0,                  189P   2618
3.364924671883E0,3.525447153983E0,3.525447153983E0,                  189P   2619
3.525447153983E0,3.559648856042E0,3.559648856042E0,                  189P   2620
3.559648856042E0,3.593703821426E0,3.593703821426E0,                  189P   2621
3.593703821426E0,3.659868147575E0,3.659868147575E0,                  189P   2622
3.659868147575E0,3.676432211739E0,3.676432211739E0,                  189P   2623
3.676432211739E0,3.692943719606E0,3.692943719606E0,                  189P   2624
3.692943719606E0,3.884938029528E0,3.884938029528E0,                  189P   2625
3.884938029528E0,4.058035579976E0,4.058035579976E0,                  189P   2626
4.058035579976E0,4.058035579976E0,4.058035579976E0,                  189P   2627
4.058035579976E0,1E0,1E0,1E0,1E0,1E0,1E0,1E0,1E0,1E0,1E0,1E0,        189P   2628
1E0,1E0,1E0,1E0,1E0,1E0,1E0,1E0,1E0,1E0,1E0,1E0,1E0,1E0,1E0,1E0,     189P   2629
1E0,1E0,1E0,1E0,1E0,1E0,1E0,1E0,1E0,1E0,1E0,1E0,                     189P   2630
3.185344208371E1,4.344287404801E1,-1.79588930537E0,                  189P   2631
3.185174112878E1,4.344416432441E1,-1.799442267516E0,                 189P   2632
3.185004124658E1,4.344545378708E1,-1.803000689733E0,                 189P   2633
3.184834251763E1,4.344674237495E1,-1.806564521332E0,                 189P   2634
3.182487818462E1,4.346454147984E1,-1.855901149117E0,                 189P   2635
3.180166192562E1,4.348215240571E1,-1.906258853034E0,                 189P   2636
3.178050538839E1,4.349820090898E1,-1.95375896106E0,                  189P   2637
3.173637214291E1,4.353167862451E1,-2.057016221088E0,                 189P   2638
3.169575266547E1,4.356249093609E1,-2.163283035458E0,                 189P   2639
3.167541838416E1,4.357791570891E1,-2.220708579061E0,                 189P   2640
3.164455892743E1,4.360132445898E1,-2.317109806503E0,                 189P   2641
3.162034228897E1,4.361969423271E1,-2.414931073699E0,                 189P   2642
3.161197261775E1,4.362604313067E1,-2.453922198615E0,                 189P   2643
3.160137113629E1,4.363408499065E1,-2.514299003457E0,                 189P   2644
3.159515150536E1,4.363880295401E1,-2.574283313852E0,                 189P   2645
3.159355047578E1,4.364001743103E1,-2.595428725895E0,                 189P   2646
3.159240404738E1,4.364088706578E1,-2.620910757272E0,                 189P   2647
3.159228511766E1,4.364097728111E1,-2.646107719877E0,                 189P   2648
3.159229634181E1,4.364096876692E1,-2.650524943493E0,                 189P   2649
3.159238357962E1,4.364090259181E1,-2.659318716204E0,                 189P   2650
3.159260156358E1,4.364073723789E1,-2.668070554057E0,                 189P   2651
3.159274519922E1,4.364062828164E1,-2.672520488765E0,                 189P   2652
3.159326346162E1,4.36402351485E1,-2.685303877604E0,                  189P   2653
3.159409971649E1,4.363960079899E1,-2.697988227547E0,                 189P   2654
3.159478972026E1,4.363907738972E1,-2.706290400315E0,                 189P   2655
3.159572604982E1,4.363836712755E1,-2.716618108797E0,                 189P   2656
3.159689869624E1,4.363747760486E1,-2.726864653966E0,                 189P   2657
3.159714448311E1,4.363729116076E1,-2.728913431685E0,                 189P   2658
3.159766155206E1,4.363689893294E1,-2.732998530921E0,                 189P   2659
3.159824396645E1,4.363645713666E1,-2.737074146363E0,                 189P   2660
3.159856000869E1,4.363621739965E1,-2.739139662638E0,                 189P   2661
3.160271200283E1,4.36330678629E1,-2.764771813209E0,                  189P   2662
3.160977640731E1,4.36277090881E1,-2.789907978971E0,                  189P   2663
3.161869906366E1,4.362094071774E1,-2.811979676618E0,                 189P   2664
3.163978141936E1,4.36049484856E1,-2.850737006561E0,                  189P   2665
3.166726955123E1,4.358409708777E1,-2.881839535383E0,                 189P   2666
3.168146269161E1,4.357333073893E1,-2.894561186905E0,                 189P   2667
3.169648521253E1,4.356193525518E1,-2.905111597789E0,                 189P   2668
3.171205559935E1,4.355012418226E1,-2.913452150337E0,                 189P   2669
2.205037973417E0,4.058035579976E0,0E0,0E0,0E0;                       189P   2670
126,5,5,0,0,1,0,4.033449619141E1,4.033449619141E1,                   191P   2671
4.033449619141E1,4.033449619141E1,4.033449619141E1,                  191P   2672
4.033449619141E1,4.130883863334E1,4.130883863334E1,                  191P   2673
4.130883863334E1,4.130883863334E1,4.130883863334E1,                  191P   2674
4.130883863334E1,1E0,1E0,1E0,1E0,1E0,1E0,3.185344208371E1,           191P   2675
4.344287404801E1,-1.79588930537E0,3.177016143348E1,                  191P   2676
4.333309607734E1,-1.795891394121E0,3.168688078326E1,                 191P   2677
4.322331810667E1,-1.795893482872E0,3.160360013303E1,                 191P   2678
4.3113540136E1,-1.795895571623E0,3.152031948281E1,                   191P   2679
4.300376216532E1,-1.795897660374E0,3.143703883258E1,                 191P   2680
4.289398419465E1,-1.795899749126E0,4.033449619141E1,                 191P   2681
4.130883863334E1,0E0,0E0,0E0;                                        191P   2682
126,38,5,0,0,1,0,2.205107950144E0,2.205107950144E0,                  193P   2683
2.205107950144E0,2.205107950144E0,2.205107950144E0,                  193P   2684
2.205107950144E0,2.235478843726E0,2.235478843726E0,                  193P   2685
2.235478843726E0,2.62581841221E0,2.62581841221E0,                    193P   2686
2.62581841221E0,3.071836979299E0,3.071836979299E0,                   193P   2687
3.071836979299E0,3.364924671439E0,3.364924671439E0,                  193P   2688
3.364924671439E0,3.525447153525E0,3.525447153525E0,                  193P   2689
3.525447153525E0,3.559648855581E0,3.559648855581E0,                  193P   2690
3.559648855581E0,3.593703820771E0,3.593703820771E0,                  193P   2691
3.593703820771E0,3.659868146913E0,3.659868146913E0,                  193P   2692
3.659868146913E0,3.676432211077E0,3.676432211077E0,                  193P   2693
3.676432211077E0,3.692943719052E0,3.692943719052E0,                  193P   2694
3.692943719052E0,3.88493802943E0,3.88493802943E0,                    193P   2695
3.88493802943E0,4.058036468462E0,4.058036468462E0,                   193P   2696
4.058036468462E0,4.058036468462E0,4.058036468462E0,                  193P   2697
4.058036468462E0,1E0,1E0,1E0,1E0,1E0,1E0,1E0,1E0,1E0,1E0,1E0,        193P   2698
1E0,1E0,1E0,1E0,1E0,1E0,1E0,1E0,1E0,1E0,1E0,1E0,1E0,1E0,1E0,1E0,     193P   2699
1E0,1E0,1E0,1E0,1E0,1E0,1E0,1E0,1E0,1E0,1E0,1E0,                     193P   2700
3.143703883258E1,4.289398419465E1,-1.795899749126E0,                 193P   2701
3.143534181037E1,4.289527148785E1,-1.799444696142E0,                 193P   2702
3.143364585654E1,4.289655797062E1,-1.802995077944E0,                 193P   2703
3.143195105102E1,4.289784358233E1,-1.80655084424E0,                  193P   2704
3.140849083868E1,4.291563956145E1,-1.855880859552E0,                 193P   2705
3.138527862103E1,4.293324742171E1,-1.906231636996E0,                 193P   2706
3.136412225353E1,4.294929579624E1,-1.953733107335E0,                 193P   2707
3.131998937579E1,4.298277323281E1,-2.056993319053E0,                 193P   2708
3.127937027367E1,4.301358525968E1,-2.163263145945E0,                 193P   2709
3.125903619412E1,4.302900987945E1,-2.220690309001E0,                 193P   2710
3.122817707395E1,4.305241837423E1,-2.317094237835E0,                 193P   2711
3.120396077237E1,4.307078789241E1,-2.414918208958E0,                 193P   2712
3.119559123459E1,4.307713668915E1,-2.453910404912E0,                 193P   2713
3.118498995822E1,4.308517839356E1,-2.514288855854E0,                 193P   2714
3.117877052821E1,4.30898962045E1,-2.574274779007E0,                  193P   2715
3.117716956908E1,4.309111062809E1,-2.595420756468E0,                 193P   2716
3.117602322506E1,4.309198019883E1,-2.620903465112E0,                 193P   2717
3.117590437811E1,4.309207035138E1,-2.646101092082E0,                 193P   2718
3.117591561674E1,4.30920618262E1,-2.650518431998E0,                  193P   2719
3.117600288336E1,4.309199562923E1,-2.659312435872E0,                 193P   2720
3.11762208959E1,4.309183025364E1,-2.668064503098E0,                  193P   2721
3.117636454605E1,4.309172128638E1,-2.672514554371E0,                 193P   2722
3.117688285006E1,4.309132812167E1,-2.685298277206E0,                 193P   2723
3.117771914601E1,4.3090693741E1,-2.697982956867E0,                   193P   2724
3.117840917658E1,4.30901703114E1,-2.706285344709E0,                  193P   2725
3.117934553942E1,4.308946002399E1,-2.716613320328E0,                 193P   2726
3.11805182187E1,4.308857047637E1,-2.726860129256E0,                  193P   2727
3.118076401214E1,4.30883840273E1,-2.728908959655E0,                  193P   2728
3.118128109415E1,4.308799178955E1,-2.732994163801E0,                 193P   2729
3.118186352154E1,4.308754998342E1,-2.737069883559E0,                 193P   2730
3.118217957035E1,4.308731024143E1,-2.739135452531E0,                 193P   2731
3.118633164591E1,4.308416064292E1,-2.764768256582E0,                 193P   2732
3.119339612828E1,4.307880180903E1,-2.789905047468E0,                 193P   2733
3.120231885115E1,4.307203338821E1,-2.811977279476E0,                 193P   2734
3.122340137159E1,4.305604103111E1,-2.850735614089E0,                 193P   2735
3.125088967008E1,4.303518950688E1,-2.881838875028E0,                 193P   2736
3.126508292776E1,4.302442306907E1,-2.894560831728E0,                 193P   2737
3.128010556338E1,4.301302749831E1,-2.905111462387E0,                 193P   2738
3.129567605856E1,4.300121634319E1,-2.913452150337E0,                 193P   2739
2.205107950144E0,4.058036468462E0,0E0,0E0,0E0;                       193P   2740
126,1,1,0,0,1,0,0E0,0E0,1E0,1E0,1E0,1E0,3.129567605856E1,            195P   2741
4.300121634319E1,-2.913452150337E0,3.171205559935E1,                 195P   2742
4.355012418226E1,-2.913452150337E0,0E0,1E0,0E0,0E0,0E0;              195P   2743
126,1,1,0,0,1,0,0E0,0E0,1E0,1E0,1E0,1E0,4.969282963327E1,            197P   2744
6.570864384701E1,-1.530426798405E0,4.909017778706E1,                 197P   2745
6.616579144287E1,-1.795878386059E0,0E0,1E0,0E0,0E0,0E0;              197P   2746
126,1,1,0,0,1,0,0E0,0E0,1E0,1E0,1E0,1E0,4.927645009249E1,            199P   2747
6.515973600794E1,-1.530426798405E0,4.969282963327E1,                 199P   2748
6.570864384701E1,-1.530426798405E0,0E0,1E0,0E0,0E0,0E0;              199P   2749
126,1,1,0,0,1,0,0E0,0E0,1E0,1E0,1E0,1E0,4.927645009249E1,            201P   2750
6.515973600794E1,-1.530426798405E0,4.867379764739E1,                 201P   2751
6.561688405809E1,-1.795878649849E0,0E0,1E0,0E0,0E0,0E0;              201P   2752
126,1,1,0,0,1,0,0E0,0E0,1E0,1E0,1E0,1E0,4.927645009249E1,            203P   2753
6.515973600794E1,-1.530426798405E0,5.098312237631E1,                 203P   2754
6.386512264803E1,-7.751515042825E-1,0E0,1E0,0E0,0E0,0E0;             203P   2755
126,1,1,0,0,1,0,0E0,0E0,1E0,1E0,1E0,1E0,4.969282963327E1,            205P   2756
6.570864384701E1,-1.530426798405E0,5.13995019171E1,                  205P   2757
6.44140304871E1,-7.751515042825E-1,0E0,1E0,0E0,0E0,0E0;              205P   2758
126,1,1,0,0,1,0,0E0,0E0,1E0,1E0,1E0,1E0,5.288600288386E1,            207P   2759
6.242167357424E1,-1.056343847668E0,5.229469365751E1,                 207P   2760
6.287021711216E1,-1.581027806171E0,0E0,1E0,0E0,0E0,0E0;              207P   2761
126,1,1,0,0,1,0,0E0,0E0,1E0,1E0,1E0,1E0,5.229469365751E1,            209P   2762
6.287021711216E1,-1.581027806171E0,5.27110731983E1,                  209P   2763
6.341912495123E1,-1.581027806171E0,0E0,1E0,0E0,0E0,0E0;              209P   2764
126,1,1,0,0,1,0,0E0,0E0,1E0,1E0,1E0,1E0,5.330238242465E1,            211P   2765
6.29705814133E1,-1.056343847668E0,5.27110731983E1,                   211P   2766
6.341912495123E1,-1.581027806171E0,0E0,1E0,0E0,0E0,0E0;              211P   2767
126,2,2,0,0,0,0,0E0,0E0,0E0,3.937007874016E-2,3.937007874016E-2,     213P   2768
3.937007874016E-2,1E0,9.838098298365E-1,1E0,5.229469365751E1,        213P   2769
6.287021711216E1,-1.581027806171E0,5.22354386953E1,                  213P   2770
6.291516555742E1,-1.633606265545E0,5.216521846272E1,                 213P   2771
6.296843181837E1,-1.65658086127E0,0E0,3.937007874016E-2,0E0,0E0,     213P   2772
0E0;                                                                 213P   2773
126,1,1,0,0,1,0,0E0,0E0,1E0,1E0,1E0,1E0,5.216521846272E1,            215P   2774
6.296843181837E1,-1.65658086127E0,5.258159800351E1,                  215P   2775
6.351733965744E1,-1.65658086127E0,0E0,1E0,0E0,0E0,0E0;               215P   2776
126,2,2,0,0,0,0,0E0,0E0,0E0,3.937007874016E-2,3.937007874016E-2,     217P   2777
3.937007874016E-2,1E0,9.838098298365E-1,1E0,5.27110731983E1,         217P   2778
6.341912495123E1,-1.581027806171E0,5.265181823608E1,                 217P   2779
6.346407339649E1,-1.633606265545E0,5.258159800351E1,                 217P   2780
6.351733965744E1,-1.65658086127E0,0E0,3.937007874016E-2,0E0,0E0,     217P   2781
0E0;                                                                 217P   2782
126,1,1,0,0,1,0,0E0,0E0,1E0,1E0,1E0,1E0,5.216521846272E1,            219P   2783
6.296843181837E1,-1.65658086127E0,4.916693407835E1,                  219P   2784
6.524281047769E1,-2.637556985542E0,0E0,1E0,0E0,0E0,0E0;              219P   2785
126,1,1,0,0,1,0,0E0,0E0,1E0,1E0,1E0,1E0,4.916693407835E1,            221P   2786
6.524281047769E1,-2.637556985542E0,4.958331361914E1,                 221P   2787
6.579171831676E1,-2.637556985542E0,0E0,1E0,0E0,0E0,0E0;              221P   2788
126,1,1,0,0,1,0,0E0,0E0,1E0,1E0,1E0,1E0,5.258159800351E1,            223P   2789
6.351733965744E1,-1.65658086127E0,4.958331361914E1,                  223P   2790
6.579171831676E1,-2.637556985542E0,0E0,1E0,0E0,0E0,0E0;              223P   2791
126,1,1,0,0,1,0,0E0,0E0,1E0,1E0,1E0,1E0,4.910407872318E1,            225P   2792
6.52904900371E1,-2.661637634254E0,4.952045826397E1,                  225P   2793
6.583939787617E1,-2.661637634254E0,0E0,1E0,0E0,0E0,0E0;              225P   2794
126,2,2,0,0,0,0,0E0,0E0,0E0,3.937007874016E-2,3.937007874016E-2,     227P   2795
3.937007874016E-2,1E0,9.991491363028E-1,1E0,4.910407872318E1,        227P   2796
6.52904900371E1,-2.661637634254E0,4.913511042992E1,                  227P   2797
6.526695062504E1,-2.647969019657E0,4.916693407835E1,                 227P   2798
6.524281047769E1,-2.637556985542E0,0E0,3.937007874016E-2,0E0,        227P   2799
0E0,0E0;                                                             227P   2800
126,2,2,0,0,0,0,0E0,0E0,0E0,3.937007874016E-2,3.937007874016E-2,     229P   2801
3.937007874016E-2,1E0,9.991491363028E-1,1E0,4.952045826397E1,        229P   2802
6.583939787617E1,-2.661637634254E0,4.955148997071E1,                 229P   2803
6.581585846411E1,-2.647969019657E0,4.958331361914E1,                 229P   2804
6.579171831676E1,-2.637556985542E0,0E0,3.937007874016E-2,0E0,        229P   2805
0E0,0E0;                                                             229P   2806
126,1,1,0,0,1,0,0E0,0E0,1E0,1E0,1E0,1E0,4.853241770919E1,            231P   2807
6.572412922669E1,-2.913438611413E0,4.910407872318E1,                 231P   2808
6.52904900371E1,-2.661637634254E0,0E0,1E0,0E0,0E0,0E0;               231P   2809
126,1,1,0,0,1,0,0E0,0E0,1E0,1E0,1E0,1E0,4.894879750922E1,            233P   2810
6.62730368691E1,-2.913438497223E0,4.952045826397E1,                  233P   2811
6.583939787617E1,-2.661637634254E0,0E0,1E0,0E0,0E0,0E0;              233P   2812
126,1,1,0,0,1,0,0E0,0E0,1E0,1E0,1E0,1E0,4.107453461218E1,            235P   2813
5.434725541868E1,-1.530426798405E0,4.047187037119E1,                 235P   2814
5.480441241672E1,-1.795883845612E0,0E0,1E0,0E0,0E0,0E0;              235P   2815
126,1,1,0,0,1,0,0E0,0E0,1E0,1E0,1E0,1E0,4.065815507139E1,            237P   2816
5.379834757961E1,-1.530426798405E0,4.107453461218E1,                 237P   2817
5.434725541868E1,-1.530426798405E0,0E0,1E0,0E0,0E0,0E0;              237P   2818
126,1,1,0,0,1,0,0E0,0E0,1E0,1E0,1E0,1E0,4.065815507139E1,            239P   2819
5.379834757961E1,-1.530426798405E0,4.005549023159E1,                 239P   2820
5.425550503189E1,-1.795884109376E0,0E0,1E0,0E0,0E0,0E0;              239P   2821
126,1,1,0,0,1,0,0E0,0E0,1E0,1E0,1E0,1E0,4.065815507139E1,            241P   2822
5.379834757961E1,-1.530426798405E0,4.236482735522E1,                 241P   2823
5.250373421971E1,-7.751515042825E-1,0E0,1E0,0E0,0E0,0E0;             241P   2824
126,1,1,0,0,1,0,0E0,0E0,1E0,1E0,1E0,1E0,4.107453461218E1,            243P   2825
5.434725541868E1,-1.530426798405E0,4.2781206896E1,                   243P   2826
5.305264205878E1,-7.751515042825E-1,0E0,1E0,0E0,0E0,0E0;             243P   2827
126,1,1,0,0,1,0,0E0,0E0,1E0,1E0,1E0,1E0,4.426770786276E1,            245P   2828
5.106028514591E1,-1.056343847668E0,4.367639863641E1,                 245P   2829
5.150882868383E1,-1.581027806171E0,0E0,1E0,0E0,0E0,0E0;              245P   2830
126,1,1,0,0,1,0,0E0,0E0,1E0,1E0,1E0,1E0,4.367639863641E1,            247P   2831
5.150882868383E1,-1.581027806171E0,4.40927781772E1,                  247P   2832
5.20577365229E1,-1.581027806171E0,0E0,1E0,0E0,0E0,0E0;               247P   2833
126,1,1,0,0,1,0,0E0,0E0,1E0,1E0,1E0,1E0,4.468408740355E1,            249P   2834
5.160919298498E1,-1.056343847668E0,4.40927781772E1,                  249P   2835
5.20577365229E1,-1.581027806171E0,0E0,1E0,0E0,0E0,0E0;               249P   2836
126,2,2,0,0,0,0,0E0,0E0,0E0,3.937007874016E-2,3.937007874016E-2,     251P   2837
3.937007874016E-2,1E0,9.838098298365E-1,1E0,4.367639863641E1,        251P   2838
5.150882868383E1,-1.581027806171E0,4.36171436742E1,                  251P   2839
5.155377712909E1,-1.633606265545E0,4.354692344162E1,                 251P   2840
5.160704339004E1,-1.65658086127E0,0E0,3.937007874016E-2,0E0,0E0,     251P   2841
0E0;                                                                 251P   2842
126,1,1,0,0,1,0,0E0,0E0,1E0,1E0,1E0,1E0,4.354692344162E1,            253P   2843
5.160704339004E1,-1.65658086127E0,4.396330298241E1,                  253P   2844
5.215595122911E1,-1.65658086127E0,0E0,1E0,0E0,0E0,0E0;               253P   2845
126,2,2,0,0,0,0,0E0,0E0,0E0,3.937007874016E-2,3.937007874016E-2,     255P   2846
3.937007874016E-2,1E0,9.838098298365E-1,1E0,4.40927781772E1,         255P   2847
5.20577365229E1,-1.581027806171E0,4.403352321499E1,                  255P   2848
5.210268496816E1,-1.633606265545E0,4.396330298241E1,                 255P   2849
5.215595122911E1,-1.65658086127E0,0E0,3.937007874016E-2,0E0,0E0,     255P   2850
0E0;                                                                 255P   2851
126,1,1,0,0,1,0,0E0,0E0,1E0,1E0,1E0,1E0,4.354692344162E1,            257P   2852
5.160704339004E1,-1.65658086127E0,4.054863905725E1,                  257P   2853
5.388142204936E1,-2.637556985542E0,0E0,1E0,0E0,0E0,0E0;              257P   2854
126,1,1,0,0,1,0,0E0,0E0,1E0,1E0,1E0,1E0,4.054863905725E1,            259P   2855
5.388142204936E1,-2.637556985542E0,4.096501859804E1,                 259P   2856
5.443032988843E1,-2.637556985542E0,0E0,1E0,0E0,0E0,0E0;              259P   2857
126,1,1,0,0,1,0,0E0,0E0,1E0,1E0,1E0,1E0,4.396330298241E1,            261P   2858
5.215595122911E1,-1.65658086127E0,4.096501859804E1,                  261P   2859
5.443032988843E1,-2.637556985542E0,0E0,1E0,0E0,0E0,0E0;              261P   2860
126,1,1,0,0,1,0,0E0,0E0,1E0,1E0,1E0,1E0,4.048578370208E1,            263P   2861
5.392910160877E1,-2.661637634254E0,4.090216324287E1,                 263P   2862
5.447800944784E1,-2.661637634254E0,0E0,1E0,0E0,0E0,0E0;              263P   2863
126,2,2,0,0,0,0,0E0,0E0,0E0,3.937007874016E-2,3.937007874016E-2,     265P   2864
3.937007874016E-2,1E0,9.991491363028E-1,1E0,4.048578370208E1,        265P   2865
5.392910160877E1,-2.661637634254E0,4.051681540882E1,                 265P   2866
5.390556219672E1,-2.647969019657E0,4.054863905725E1,                 265P   2867
5.388142204936E1,-2.637556985542E0,0E0,3.937007874016E-2,0E0,        265P   2868
0E0,0E0;                                                             265P   2869
126,2,2,0,0,0,0,0E0,0E0,0E0,3.937007874016E-2,3.937007874016E-2,     267P   2870
3.937007874016E-2,1E0,9.991491363028E-1,1E0,4.090216324287E1,        267P   2871
5.447800944784E1,-2.661637634254E0,4.093319494961E1,                 267P   2872
5.445447003579E1,-2.647969019657E0,4.096501859804E1,                 267P   2873
5.443032988843E1,-2.637556985542E0,0E0,3.937007874016E-2,0E0,        267P   2874
0E0,0E0;                                                             267P   2875
126,1,1,0,0,1,0,0E0,0E0,1E0,1E0,1E0,1E0,3.991409195082E1,            269P   2876
5.436276411442E1,-2.913452150337E0,4.048578370208E1,                 269P   2877
5.392910160877E1,-2.661637634254E0,0E0,1E0,0E0,0E0,0E0;              269P   2878
126,1,1,0,0,1,0,0E0,0E0,1E0,1E0,1E0,1E0,4.03304714916E1,             271P   2879
5.491167195349E1,-2.913452150337E0,4.090216324287E1,                 271P   2880
5.447800944784E1,-2.661637634254E0,0E0,1E0,0E0,0E0,0E0;              271P   2881
126,1,1,0,0,1,0,0E0,0E0,1E0,1E0,1E0,1E0,3.245611871992E1,            273P   2882
4.298570764744E1,-1.530426798405E0,3.185344208371E1,                 273P   2883
4.344287404801E1,-1.79588930537E0,0E0,1E0,0E0,0E0,0E0;               273P   2884
126,1,1,0,0,1,0,0E0,0E0,1E0,1E0,1E0,1E0,3.203973917913E1,            275P   2885
4.243679980837E1,-1.530426798405E0,3.245611871992E1,                 275P   2886
4.298570764744E1,-1.530426798405E0,0E0,1E0,0E0,0E0,0E0;              275P   2887
126,1,1,0,0,1,0,0E0,0E0,1E0,1E0,1E0,1E0,3.203973917913E1,            277P   2888
4.243679980837E1,-1.530426798405E0,3.143703883258E1,                 277P   2889
4.289398419465E1,-1.795899749126E0,0E0,1E0,0E0,0E0,0E0;              277P   2890
126,1,1,0,0,1,0,0E0,0E0,1E0,1E0,1E0,1E0,3.203973917913E1,            279P   2891
4.243679980837E1,-1.530426798405E0,3.374641146296E1,                 279P   2892
4.114218644847E1,-7.751515042825E-1,0E0,1E0,0E0,0E0,0E0;             279P   2893
126,1,1,0,0,1,0,0E0,0E0,1E0,1E0,1E0,1E0,3.245611871992E1,            281P   2894
4.298570764744E1,-1.530426798405E0,3.416279100374E1,                 281P   2895
4.169109428754E1,-7.751515042825E-1,0E0,1E0,0E0,0E0,0E0;             281P   2896
126,1,1,0,0,1,0,0E0,0E0,1E0,1E0,1E0,1E0,3.56492919705E1,             283P   2897
3.969873737467E1,-1.056343847668E0,3.505798274415E1,                 283P   2898
4.01472809126E1,-1.581027806171E0,0E0,1E0,0E0,0E0,0E0;               283P   2899
126,1,1,0,0,1,0,0E0,0E0,1E0,1E0,1E0,1E0,3.505798274415E1,            285P   2900
4.01472809126E1,-1.581027806171E0,3.547436228494E1,                  285P   2901
4.069618875167E1,-1.581027806171E0,0E0,1E0,0E0,0E0,0E0;              285P   2902
126,1,1,0,0,1,0,0E0,0E0,1E0,1E0,1E0,1E0,3.606567151129E1,            287P   2903
4.024764521374E1,-1.056343847668E0,3.547436228494E1,                 287P   2904
4.069618875167E1,-1.581027806171E0,0E0,1E0,0E0,0E0,0E0;              287P   2905
126,2,2,0,0,0,0,0E0,0E0,0E0,3.937007874016E-2,3.937007874016E-2,     289P   2906
3.937007874016E-2,1E0,9.838098298365E-1,1E0,3.505798274415E1,        289P   2907
4.01472809126E1,-1.581027806171E0,3.499872778194E1,                  289P   2908
4.019222935786E1,-1.633606265545E0,3.492850754936E1,                 289P   2909
4.024549561881E1,-1.65658086127E0,0E0,3.937007874016E-2,0E0,0E0,     289P   2910
0E0;                                                                 289P   2911
126,1,1,0,0,1,0,0E0,0E0,1E0,1E0,1E0,1E0,3.492850754936E1,            291P   2912
4.024549561881E1,-1.65658086127E0,3.534488709015E1,                  291P   2913
4.079440345788E1,-1.65658086127E0,0E0,1E0,0E0,0E0,0E0;               291P   2914
126,2,2,0,0,0,0,0E0,0E0,0E0,3.937007874016E-2,3.937007874016E-2,     293P   2915
3.937007874016E-2,1E0,9.838098298365E-1,1E0,3.547436228494E1,        293P   2916
4.069618875167E1,-1.581027806171E0,3.541510732273E1,                 293P   2917
4.074113719693E1,-1.633606265545E0,3.534488709015E1,                 293P   2918
4.079440345788E1,-1.65658086127E0,0E0,3.937007874016E-2,0E0,0E0,     293P   2919
0E0;                                                                 293P   2920
126,1,1,0,0,1,0,0E0,0E0,1E0,1E0,1E0,1E0,3.492850754936E1,            295P   2921
4.024549561881E1,-1.65658086127E0,3.1930223165E1,                    295P   2922
4.251987427813E1,-2.637556985542E0,0E0,1E0,0E0,0E0,0E0;              295P   2923
126,1,1,0,0,1,0,0E0,0E0,1E0,1E0,1E0,1E0,3.1930223165E1,              297P   2924
4.251987427813E1,-2.637556985542E0,3.234660270578E1,                 297P   2925
4.30687821172E1,-2.637556985542E0,0E0,1E0,0E0,0E0,0E0;               297P   2926
126,1,1,0,0,1,0,0E0,0E0,1E0,1E0,1E0,1E0,3.534488709015E1,            299P   2927
4.079440345788E1,-1.65658086127E0,3.234660270578E1,                  299P   2928
4.30687821172E1,-2.637556985542E0,0E0,1E0,0E0,0E0,0E0;               299P   2929
126,1,1,0,0,1,0,0E0,0E0,1E0,1E0,1E0,1E0,3.186736780983E1,            301P   2930
4.256755383753E1,-2.661637634254E0,3.228374735061E1,                 301P   2931
4.31164616766E1,-2.661637634254E0,0E0,1E0,0E0,0E0,0E0;               301P   2932
126,2,2,0,0,0,0,0E0,0E0,0E0,3.937007874016E-2,3.937007874016E-2,     303P   2933
3.937007874016E-2,1E0,9.991491363028E-1,1E0,3.186736780983E1,        303P   2934
4.256755383754E1,-2.661637634254E0,3.189839951657E1,                 303P   2935
4.254401442548E1,-2.647969019657E0,3.1930223165E1,                   303P   2936
4.251987427813E1,-2.637556985542E0,0E0,3.937007874016E-2,0E0,        303P   2937
0E0,0E0;                                                             303P   2938
126,2,2,0,0,0,0,0E0,0E0,0E0,3.937007874016E-2,3.937007874016E-2,     305P   2939
3.937007874016E-2,1E0,9.991491363028E-1,1E0,3.228374735061E1,        305P   2940
4.31164616766E1,-2.661637634254E0,3.231477905735E1,                  305P   2941
4.309292226455E1,-2.647969019657E0,3.234660270578E1,                 305P   2942
4.30687821172E1,-2.637556985542E0,0E0,3.937007874016E-2,0E0,0E0,     305P   2943
0E0;                                                                 305P   2944
126,1,1,0,0,1,0,0E0,0E0,1E0,1E0,1E0,1E0,3.129567605856E1,            307P   2945
4.300121634319E1,-2.913452150337E0,3.186736780983E1,                 307P   2946
4.256755383753E1,-2.661637634254E0,0E0,1E0,0E0,0E0,0E0;              307P   2947
126,1,1,0,0,1,0,0E0,0E0,1E0,1E0,1E0,1E0,3.171205559935E1,            309P   2948
4.355012418226E1,-2.913452150337E0,3.228374735061E1,                 309P   2949
4.31164616766E1,-2.661637634254E0,0E0,1E0,0E0,0E0,0E0;               309P   2950
126,1,1,0,0,1,0,0E0,0E0,1E0,1E0,1E0,1E0,2.383776326324E1,            311P   2951
3.162423954766E1,-1.530426798405E0,2.323507423057E1,                 311P   2952
3.208141535168E1,-1.795894765669E0,0E0,1E0,0E0,0E0,0E0;              311P   2953
126,1,1,0,0,1,0,0E0,0E0,1E0,1E0,1E0,1E0,2.342138372245E1,            313P   2954
3.107533170859E1,-1.530426798405E0,2.383776326324E1,                 313P   2955
3.162423954766E1,-1.530426798405E0,0E0,1E0,0E0,0E0,0E0;              313P   2956
126,1,1,0,0,1,0,0E0,0E0,1E0,1E0,1E0,1E0,2.342138372245E1,            315P   2957
3.107533170859E1,-1.530426798405E0,2.281869409085E1,                 315P   2958
3.153250796694E1,-1.795895029482E0,0E0,1E0,0E0,0E0,0E0;              315P   2959
126,1,1,0,0,1,0,0E0,0E0,1E0,1E0,1E0,1E0,2.342138372245E1,            317P   2960
3.107533170859E1,-1.530426798405E0,2.512805600628E1,                 317P   2961
2.978071834869E1,-7.751515042825E-1,0E0,1E0,0E0,0E0,0E0;             317P   2962
126,1,1,0,0,1,0,0E0,0E0,1E0,1E0,1E0,1E0,2.383776326324E1,            319P   2963
3.162423954766E1,-1.530426798405E0,2.554443554707E1,                 319P   2964
3.032962618776E1,-7.751515042825E-1,0E0,1E0,0E0,0E0,0E0;             319P   2965
126,1,1,0,0,1,0,0E0,0E0,1E0,1E0,1E0,1E0,2.703093651383E1,            321P   2966
2.833726927489E1,-1.056343847668E0,2.643962728748E1,                 321P   2967
2.878581281282E1,-1.581027806171E0,0E0,1E0,0E0,0E0,0E0;              321P   2968
126,1,1,0,0,1,0,0E0,0E0,1E0,1E0,1E0,1E0,2.643962728748E1,            323P   2969
2.878581281282E1,-1.581027806171E0,2.685600682826E1,                 323P   2970
2.933472065189E1,-1.581027806171E0,0E0,1E0,0E0,0E0,0E0;              323P   2971
126,1,1,0,0,1,0,0E0,0E0,1E0,1E0,1E0,1E0,2.744731605461E1,            325P   2972
2.888617711396E1,-1.056343847668E0,2.685600682826E1,                 325P   2973
2.933472065189E1,-1.581027806171E0,0E0,1E0,0E0,0E0,0E0;              325P   2974
126,2,2,0,0,0,0,0E0,0E0,0E0,3.937007874016E-2,3.937007874016E-2,     327P   2975
3.937007874016E-2,1E0,9.838098298365E-1,1E0,2.643962728748E1,        327P   2976
2.878581281282E1,-1.581027806171E0,2.638037232526E1,                 327P   2977
2.883076125807E1,-1.633606265545E0,2.631015209268E1,                 327P   2978
2.888402751903E1,-1.65658086127E0,0E0,3.937007874016E-2,0E0,0E0,     327P   2979
0E0;                                                                 327P   2980
126,1,1,0,0,1,0,0E0,0E0,1E0,1E0,1E0,1E0,2.631015209268E1,            329P   2981
2.888402751903E1,-1.65658086127E0,2.672653163347E1,                  329P   2982
2.94329353581E1,-1.65658086127E0,0E0,1E0,0E0,0E0,0E0;                329P   2983
126,2,2,0,0,0,0,0E0,0E0,0E0,3.937007874016E-2,3.937007874016E-2,     331P   2984
3.937007874016E-2,1E0,9.838098298365E-1,1E0,2.685600682826E1,        331P   2985
2.933472065189E1,-1.581027806171E0,2.679675186605E1,                 331P   2986
2.937966909714E1,-1.633606265545E0,2.672653163347E1,                 331P   2987
2.94329353581E1,-1.65658086127E0,0E0,3.937007874016E-2,0E0,0E0,      331P   2988
0E0;                                                                 331P   2989
126,1,1,0,0,1,0,0E0,0E0,1E0,1E0,1E0,1E0,2.631015209268E1,            333P   2990
2.888402751903E1,-1.65658086127E0,2.331186770832E1,                  333P   2991
3.115840617835E1,-2.637556985542E0,0E0,1E0,0E0,0E0,0E0;              333P   2992
126,1,1,0,0,1,0,0E0,0E0,1E0,1E0,1E0,1E0,2.331186770832E1,            335P   2993
3.115840617835E1,-2.637556985542E0,2.372824724911E1,                 335P   2994
3.170731401742E1,-2.637556985542E0,0E0,1E0,0E0,0E0,0E0;              335P   2995
126,1,1,0,0,1,0,0E0,0E0,1E0,1E0,1E0,1E0,2.672653163347E1,            337P   2996
2.94329353581E1,-1.65658086127E0,2.372824724911E1,                   337P   2997
3.170731401742E1,-2.637556985542E0,0E0,1E0,0E0,0E0,0E0;              337P   2998
126,1,1,0,0,1,0,0E0,0E0,1E0,1E0,1E0,1E0,2.324901235315E1,            339P   2999
3.120608573775E1,-2.661637634254E0,2.366539189393E1,                 339P   3000
3.175499357682E1,-2.661637634254E0,0E0,1E0,0E0,0E0,0E0;              339P   3001
126,2,2,0,0,0,0,0E0,0E0,0E0,3.937007874016E-2,3.937007874016E-2,     341P   3002
3.937007874016E-2,1E0,9.991491363028E-1,1E0,2.324901235315E1,        341P   3003
3.120608573775E1,-2.661637634254E0,2.328004405989E1,                 341P   3004
3.11825463257E1,-2.647969019657E0,2.331186770832E1,                  341P   3005
3.115840617835E1,-2.637556985542E0,0E0,3.937007874016E-2,0E0,        341P   3006
0E0,0E0;                                                             341P   3007
126,2,2,0,0,0,0,0E0,0E0,0E0,3.937007874016E-2,3.937007874016E-2,     343P   3008
3.937007874016E-2,1E0,9.991491363028E-1,1E0,2.366539189393E1,        343P   3009
3.175499357682E1,-2.661637634254E0,2.369642360068E1,                 343P   3010
3.173145416477E1,-2.647969019657E0,2.372824724911E1,                 343P   3011
3.170731401742E1,-2.637556985542E0,0E0,3.937007874016E-2,0E0,        343P   3012
0E0,0E0;                                                             343P   3013
126,1,1,0,0,1,0,0E0,0E0,1E0,1E0,1E0,1E0,2.267732060188E1,            345P   3014
3.163974824341E1,-2.913452150337E0,2.324901235315E1,                 345P   3015
3.120608573775E1,-2.661637634254E0,0E0,1E0,0E0,0E0,0E0;              345P   3016
126,1,1,0,0,1,0,0E0,0E0,1E0,1E0,1E0,1E0,2.309370014267E1,            347P   3017
3.218865608248E1,-2.913452150337E0,2.366539189393E1,                 347P   3018
3.175499357682E1,-2.661637634254E0,0E0,1E0,0E0,0E0,0E0;              347P   3019
126,1,1,0,0,1,0,0E0,0E0,1E0,1E0,1E0,1E0,6.184672809096E0,            349P   3020
8.35239550903E0,-1.530426798405E0,6.601052349884E0,                  349P   3021
8.9013033481E0,-1.530426798405E0,0E0,1E0,0E0,0E0,0E0;                349P   3022
126,1,1,0,0,1,0,0E0,0E0,1E0,1E0,1E0,1E0,6.184672809096E0,            351P   3023
8.35239550903E0,-1.530426798405E0,5.581949351089E0,                  351P   3024
8.809597426737E0,-1.795909929085E0,0E0,1E0,0E0,0E0,0E0;              351P   3025
126,1,1,0,0,1,0,0E0,0E0,1E0,1E0,1E0,1E0,6.601052349884E0,            353P   3026
8.9013033481E0,-1.530426798405E0,5.998328891877E0,                   353P   3027
9.358505265806E0,-1.795909929085E0,0E0,1E0,0E0,0E0,0E0;              353P   3028
126,1,1,0,0,1,0,0E0,0E0,1E0,1E0,1E0,1E0,6.184672809096E0,            355P   3029
8.35239550903E0,-1.530426798405E0,7.891345092923E0,                  355P   3030
7.057782149128E0,-7.751515042825E-1,0E0,1E0,0E0,0E0,0E0;             355P   3031
126,1,1,0,0,1,0,0E0,0E0,1E0,1E0,1E0,1E0,6.601052349884E0,            357P   3032
8.9013033481E0,-1.530426798405E0,8.30772463371E0,                    357P   3033
7.606689988198E0,-7.751515042825E-1,0E0,1E0,0E0,0E0,0E0;             357P   3034
126,1,1,0,0,1,0,0E0,0E0,1E0,1E0,1E0,1E0,9.79422560047E0,             359P   3035
5.614333075329E0,-1.056343847668E0,9.20291637412E0,                  359P   3036
6.062876613255E0,-1.581027806171E0,0E0,1E0,0E0,0E0,0E0;              359P   3037
126,1,1,0,0,1,0,0E0,0E0,1E0,1E0,1E0,1E0,9.20291637412E0,             361P   3038
6.062876613255E0,-1.581027806171E0,9.619295914907E0,                 361P   3039
6.611784452324E0,-1.581027806171E0,0E0,1E0,0E0,0E0,0E0;              361P   3040
126,1,1,0,0,1,0,0E0,0E0,1E0,1E0,1E0,1E0,1.021060514126E1,            363P   3041
6.163240914399E0,-1.056343847668E0,9.619295914907E0,                 363P   3042
6.611784452324E0,-1.581027806171E0,0E0,1E0,0E0,0E0,0E0;              363P   3043
126,2,2,0,0,0,0,0E0,0E0,0E0,3.937007874016E-2,3.937007874016E-2,     365P   3044
3.937007874016E-2,1E0,9.838098298365E-1,1E0,9.20291637412E0,         365P   3045
6.062876613255E0,-1.581027806171E0,9.143661411906E0,                 365P   3046
6.107825058512E0,-1.633606265545E0,9.073441179328E0,                 365P   3047
6.161091319465E0,-1.65658086127E0,0E0,3.937007874016E-2,0E0,0E0,     365P   3048
0E0;                                                                 365P   3049
126,1,1,0,0,1,0,0E0,0E0,1E0,1E0,1E0,1E0,9.073441179328E0,            367P   3050
6.161091319465E0,-1.65658086127E0,9.489820720115E0,                  367P   3051
6.709999158534E0,-1.65658086127E0,0E0,1E0,0E0,0E0,0E0;               367P   3052
126,2,2,0,0,0,0,0E0,0E0,0E0,3.937007874016E-2,3.937007874016E-2,     369P   3053
3.937007874016E-2,1E0,9.838098298365E-1,1E0,9.619295914907E0,        369P   3054
6.611784452324E0,-1.581027806171E0,9.560040952694E0,                 369P   3055
6.656732897581E0,-1.633606265545E0,9.489820720115E0,                 369P   3056
6.709999158534E0,-1.65658086127E0,0E0,3.937007874016E-2,0E0,0E0,     369P   3057
0E0;                                                                 369P   3058
126,1,1,0,0,1,0,0E0,0E0,1E0,1E0,1E0,1E0,9.073441179328E0,            371P   3059
6.161091319465E0,-1.65658086127E0,6.075156794962E0,                  371P   3060
8.435469978784E0,-2.637556985542E0,0E0,1E0,0E0,0E0,0E0;              371P   3061
126,1,1,0,0,1,0,0E0,0E0,1E0,1E0,1E0,1E0,6.075156794962E0,            373P   3062
8.435469978784E0,-2.637556985542E0,6.491536335749E0,                 373P   3063
8.984377817853E0,-2.637556985542E0,0E0,1E0,0E0,0E0,0E0;              373P   3064
126,1,1,0,0,1,0,0E0,0E0,1E0,1E0,1E0,1E0,9.489820720115E0,            375P   3065
6.709999158534E0,-1.65658086127E0,6.491536335749E0,                  375P   3066
8.984377817853E0,-2.637556985542E0,0E0,1E0,0E0,0E0,0E0;              375P   3067
126,1,1,0,0,1,0,0E0,0E0,1E0,1E0,1E0,1E0,6.012301439791E0,            377P   3068
8.483149538191E0,-2.661637634254E0,6.428680980578E0,                 377P   3069
9.032057377261E0,-2.661637634254E0,0E0,1E0,0E0,0E0,0E0;              377P   3070
126,2,2,0,0,0,0,0E0,0E0,0E0,3.937007874016E-2,3.937007874016E-2,     379P   3071
3.937007874016E-2,1E0,9.991491363028E-1,1E0,6.012301439791E0,        379P   3072
8.483149538191E0,-2.661637634254E0,6.043333146532E0,                 379P   3073
8.459610126139E0,-2.647969019657E0,6.075156794962E0,                 379P   3074
8.435469978784E0,-2.637556985542E0,0E0,3.937007874016E-2,0E0,        379P   3075
0E0,0E0;                                                             379P   3076
126,2,2,0,0,0,0,0E0,0E0,0E0,3.937007874016E-2,3.937007874016E-2,     381P   3077
3.937007874016E-2,1E0,9.991491363028E-1,1E0,6.428680980578E0,        381P   3078
9.032057377261E0,-2.661637634254E0,6.45971268732E0,                  381P   3079
9.008517965208E0,-2.647969019657E0,6.491536335749E0,                 381P   3080
8.984377817853E0,-2.637556985542E0,0E0,3.937007874016E-2,0E0,        381P   3081
0E0,0E0;                                                             381P   3082
126,1,1,0,0,1,0,0E0,0E0,1E0,1E0,1E0,1E0,5.440609688525E0,            383P   3083
8.916812043845E0,-2.913452150337E0,6.012301439791E0,                 383P   3084
8.483149538191E0,-2.661637634254E0,0E0,1E0,0E0,0E0,0E0;              383P   3085
126,1,1,0,0,1,0,0E0,0E0,1E0,1E0,1E0,1E0,5.856989229313E0,            385P   3086
9.465719882915E0,-2.913452150337E0,6.428680980578E0,                 385P   3087
9.032057377261E0,-2.661637634254E0,0E0,1E0,0E0,0E0,0E0;              385P   3088
126,92,5,0,0,1,0,8.470226953637E0,8.470226953637E0,                  387P   3089
8.470226953637E0,8.470226953637E0,8.470226953637E0,                  387P   3090
8.470226953637E0,8.547376338248E0,8.547376338248E0,                  387P   3091
8.547376338248E0,8.596308009052E0,8.596308009052E0,                  387P   3092
8.596308009052E0,8.644877990521E0,8.644877990521E0,                  387P   3093
8.644877990521E0,8.681384155898E0,8.681384155898E0,                  387P   3094
8.681384155898E0,8.717890321275E0,8.717890321275E0,                  387P   3095
8.717890321275E0,8.736302349993E0,8.736302349993E0,                  387P   3096
8.736302349993E0,8.754714378711E0,8.754714378711E0,                  387P   3097
8.754714378711E0,8.791534178727E0,8.791534178727E0,                  387P   3098
8.791534178727E0,8.889361213135E0,8.889361213135E0,                  387P   3099
8.889361213135E0,8.912773080771E0,8.912773080771E0,                  387P   3100
8.912773080771E0,8.936184948407E0,8.936184948407E0,                  387P   3101
8.936184948407E0,9.050392663262E0,9.050392663262E0,                  387P   3102
9.050392663262E0,9.060272534125E0,9.060272534125E0,                  387P   3103
9.060272534125E0,9.070152404989E0,9.070152404989E0,                  387P   3104
9.070152404989E0,9.089912145812E0,9.089912145812E0,                  387P   3105
9.089912145812E0,1.009108123944E1,1.009108123944E1,                  387P   3106
1.009108123944E1,1.029062939155E1,1.029062939155E1,                  387P   3107
1.029062939155E1,1.049081681251E1,1.049081681251E1,                  387P   3108
1.049081681251E1,1.074194078879E1,1.074194078879E1,                  387P   3109
1.074194078879E1,1.099055499348E1,1.099055499348E1,                  387P   3110
1.099055499348E1,1.228093518936E1,1.228093518936E1,                  387P   3111
1.228093518936E1,1.310347299356E1,1.310347299356E1,                  387P   3112
1.310347299356E1,1.412979149647E1,1.412979149647E1,                  387P   3113
1.412979149647E1,1.603201523929E1,1.603201523929E1,                  387P   3114
1.603201523929E1,1.731037645724E1,1.731037645724E1,                  387P   3115
1.731037645724E1,1.883460260701E1,1.883460260701E1,                  387P   3116
1.883460260701E1,2.005811527507E1,2.005811527507E1,                  387P   3117
2.005811527507E1,2.148790876021E1,2.148790876021E1,                  387P   3118
2.148790876021E1,2.238837925201E1,2.238837925201E1,                  387P   3119
2.238837925201E1,2.336116969933E1,2.336116969933E1,                  387P   3120
2.336116969933E1,2.336116969933E1,2.336116969933E1,                  387P   3121
2.336116969933E1,1E0,1E0,1E0,1E0,1E0,1E0,1E0,1E0,1E0,1E0,1E0,        387P   3122
1E0,1E0,1E0,1E0,1E0,1E0,1E0,1E0,1E0,1E0,1E0,1E0,1E0,1E0,1E0,1E0,     387P   3123
1E0,1E0,1E0,1E0,1E0,1E0,1E0,1E0,1E0,1E0,1E0,1E0,1E0,1E0,1E0,1E0,     387P   3124
1E0,1E0,1E0,1E0,1E0,1E0,1E0,1E0,1E0,1E0,1E0,1E0,1E0,1E0,1E0,1E0,     387P   3125
1E0,1E0,1E0,1E0,1E0,1E0,1E0,1E0,1E0,1E0,1E0,1E0,1E0,1E0,1E0,1E0,     387P   3126
1E0,1E0,1E0,1E0,1E0,1E0,1E0,1E0,1E0,1E0,1E0,1E0,1E0,1E0,1E0,1E0,     387P   3127
1E0,1E0,5.278251648131E1,3.570466659959E1,4.029551351805E-1,         387P   3128
5.277706171142E1,3.570893586231E1,3.954315510175E-1,                 387P   3129
5.277205531081E1,3.571321736135E1,3.877392668588E-1,                 387P   3130
5.27675339807E1,3.571748585411E1,3.799213561313E-1,                  387P   3131
5.276097268406E1,3.572441801553E1,3.66977023716E-1,                  387P   3132
5.275578651135E1,3.573124070168E1,3.538339163583E-1,                 387P   3133
5.275398292088E1,3.573386862579E1,3.487100129932E-1,                 387P   3134
5.275080382556E1,3.57390613393E1,3.384632992294E-1,                  387P   3135
5.27484519462E1,3.574415327493E1,3.281727022077E-1,                  387P   3136
5.274748420928E1,3.574666563739E1,3.230342192553E-1,                 387P   3137
5.274615465758E1,3.575100286978E1,3.140552020406E-1,                 387P   3138
5.274545961056E1,3.575522807196E1,3.051177991767E-1,                 387P   3139
5.274527796013E1,3.575702029856E1,3.012908863742E-1,                 387P   3140
5.274514677417E1,3.57605529853E1,2.936756565915E-1,                  387P   3141
5.274546750316E1,3.576398307267E1,2.861395000953E-1,                 387P   3142
5.274573830257E1,3.576567249359E1,2.82391938117E-1,                  387P   3143
5.27463050759E1,3.576816989138E1,2.767992940486E-1,                  387P   3144
5.274710967769E1,3.577060708475E1,2.712617226363E-1,                 387P   3145
5.274740608537E1,3.577141773964E1,2.694106985813E-1,                 387P   3146
5.274805208697E1,3.577302614168E1,2.657197615749E-1,                 387P   3147
5.274880608482E1,3.577461135618E1,2.620448359792E-1,                 387P   3148
5.274921042661E1,3.577539871802E1,2.602100717418E-1,                 387P   3149
5.275050798082E1,3.577774741955E1,2.547079835806E-1,                 387P   3150
5.275206246727E1,3.578005786253E1,2.492073442162E-1,                 387P   3151
5.275321681809E1,3.578158359769E1,2.455343829301E-1,                 387P   3152
5.275786753958E1,3.578709599917E1,2.321119211037E-1,                 387P   3153
5.276411179738E1,3.579235096158E1,2.187421256379E-1,                 387P   3154
5.276950969816E1,3.579599630505E1,2.091294377834E-1,                 387P   3155
5.277724371018E1,3.580016523753E1,1.976411256917E-1,                 387P   3156
5.278618912762E1,3.580388006689E1,1.867529086581E-1,                 387P   3157
5.278796158354E1,3.580458051295E1,1.846726963284E-1,                 387P   3158
5.279159113401E1,3.580594679626E1,1.805604445765E-1,                 387P   3159
5.279539022924E1,3.580724258837E1,1.765472141761E-1,                 387P   3160
5.279733227034E1,3.58078725964E1,1.745658951482E-1,                  387P   3161
5.280898491231E1,3.581146230871E1,1.630903940854E-1,                 387P   3162
5.282203936678E1,3.58143600285E1,1.52670216809E-1,                   387P   3163
5.28337684106E1,3.581617418543E1,1.450188694799E-1,                  387P   3164
5.284734136035E1,3.581732279435E1,1.38225340848E-1,                  387P   3165
5.286099882054E1,3.58184204446E1,1.315154628434E-1,                  387P   3166
5.2862086205E1,3.581850810821E1,1.309806471047E-1,                   387P   3167
5.286426154949E1,3.581868331015E1,1.299111046702E-1,                 387P   3168
5.286643774522E1,3.581885857239E1,1.288411616147E-1,                 387P   3169
5.286752605474E1,3.581894621854E1,1.283060904092E-1,                 387P   3170
5.287079161399E1,3.581920920181E1,1.267005795983E-1,                 387P   3171
5.287405905524E1,3.581947231919E1,1.250941813379E-1,                 387P   3172
5.287623817663E1,3.581964778997E1,1.240228585707E-1,                 387P   3173
5.298886927023E1,3.582871688771E1,6.865076171823E-2,                 387P   3174
5.310365526828E1,3.583794136597E1,1.225856541253E-2,                 387P   3175
5.321654658543E1,3.584703595048E1,-4.325128941483E-2,                387P   3176
5.335259439938E1,3.585801657582E1,-1.10191960033E-1,                 387P   3177
5.34874703727E1,3.586894839463E1,-1.76655253478E-1,                  387P   3178
5.350984652725E1,3.587076339333E1,-1.876846429441E-1,                387P   3179
5.355457798603E1,3.587439478241E1,-2.097398265936E-1,                387P   3180
5.359909627443E1,3.587801584299E1,-2.317050273001E-1,                387P   3181
5.362097089588E1,3.587979687642E1,-2.425017625901E-1,                387P   3182
5.367092142162E1,3.588386771923E1,-2.671644040536E-1,                387P   3183
5.372052857589E1,3.588791994695E1,-2.916778150397E-1,                387P   3184
5.374803391946E1,3.589016981907E1,-3.05276234403E-1,                 387P   3185
5.380262583288E1,3.589464190624E1,-3.322803346595E-1,                387P   3186
5.385699708092E1,3.589910985337E1,-3.59205488304E-1,                 387P   3187
5.388537458964E1,3.590144570556E1,-3.732668280284E-1,                387P   3188
5.40522890141E1,3.591520855114E1,-4.560256056762E-1,                 387P   3189
5.421737799393E1,3.592897191462E1,-5.382066540739E-1,                387P   3190
5.435446333217E1,3.594053343293E1,-6.067353666842E-1,                387P   3191
5.457748800334E1,3.595959606108E1,-7.187736774053E-1,                387P   3192
5.479843023487E1,3.597897448371E1,-8.308361032904E-1,                387P   3193
5.488417561136E1,3.598657782661E1,-8.745057798137E-1,                387P   3194
5.507639375982E1,3.600382793053E1,-9.728467796009E-1,                387P   3195
5.526757159751E1,3.602149471174E1,-1.071761011274E0,                 387P   3196
5.537342117922E1,3.603145228814E1,-1.126908388421E0,                 387P   3197
5.567468393689E1,3.60603546069E1,-1.285082913829E0,                  387P   3198
5.597345876098E1,3.609081011053E1,-1.445834920865E0,                 387P   3199
5.6166364972E1,3.611138036424E1,-1.551590277968E0,                   387P   3200
5.64852580896E1,3.614724503077E1,-1.730445779538E0,                  387P   3201
5.679515885645E1,3.618567398865E1,-1.912007696702E0,                 387P   3202
5.691792731031E1,3.620154313519E1,-1.985332955595E0,                 387P   3203
5.718218729367E1,3.623722818895E1,-2.146474896602E0,                 387P   3204
5.74335104829E1,3.627464088253E1,-2.307259084849E0,                  387P   3205
5.756564156831E1,3.629542704116E1,-2.394210499485E0,                 387P   3206
5.779369626941E1,3.633338314984E1,-2.548794019749E0,                 387P   3207
5.800089593679E1,3.637160603953E1,-2.697342599372E0,                 387P   3208
5.808843141247E1,3.638855024837E1,-2.761825534069E0,                 387P   3209
5.826779570947E1,3.642496924007E1,-2.897637657165E0,                 387P   3210
5.842391139957E1,3.646022416705E1,-3.023554584354E0,                 387P   3211
5.850124366984E1,3.647875847489E1,-3.088248482873E0,                 387P   3212
5.861759823475E1,3.650825884172E1,-3.189084516634E0,                 387P   3213
5.872210609622E1,3.653748074667E1,-3.285560394881E0,                 387P   3214
5.876109074148E1,3.654881275358E1,-3.322483755649E0,                 387P   3215
5.884036253199E1,3.6572772409E1,-3.399551706588E0,                   387P   3216
5.891817769626E1,3.659837065512E1,-3.479709279129E0,                 387P   3217
5.895892458994E1,3.661236360263E1,-3.522958837804E0,                 387P   3218
5.900071146833E1,3.66273614484E1,-3.568716217806E0,                  387P   3219
5.904422831329E1,3.664372367779E1,-3.617979370703E0,                 387P   3220
8.470226953637E0,2.336116969933E1,0E0,0E0,0E0;                       387P   3221
126,1,1,0,0,1,0,0E0,0E0,1E0,1E0,1E0,1E0,5.905819318689E1,            389P   3222
3.663356267738E1,-3.600384463395E0,5.904422831329E1,                 389P   3223
3.664372367779E1,-3.617979370703E0,0E0,1E0,0E0,0E0,0E0;              389P   3224
126,104,5,0,0,1,0,0E0,0E0,0E0,0E0,0E0,0E0,1.773766259456E-1,         391P   3225
1.773766259456E-1,1.773766259456E-1,3.635070159504E-1,               391P   3226
3.635070159504E-1,3.635070159504E-1,5.88108887828E-1,                391P   3227
5.88108887828E-1,5.88108887828E-1,9.033617639268E-1,                 391P   3228
9.033617639268E-1,9.033617639268E-1,1.115003121171E0,                391P   3229
1.115003121171E0,1.115003121171E0,1.565209566902E0,                  391P   3230
1.565209566902E0,1.565209566902E0,2.128006924583E0,                  391P   3231
2.128006924583E0,2.128006924583E0,2.897883476098E0,                  391P   3232
2.897883476098E0,2.897883476098E0,3.158625491878E0,                  391P   3233
3.158625491878E0,3.158625491878E0,3.223082272476E0,                  391P   3234
3.223082272476E0,3.223082272476E0,3.418444946405E0,                  391P   3235
3.418444946405E0,3.418444946405E0,3.576908442102E0,                  391P   3236
3.576908442102E0,3.576908442102E0,3.735837009489E0,                  391P   3237
3.735837009489E0,3.735837009489E0,4.121703952674E0,                  391P   3238
4.121703952674E0,4.121703952674E0,4.172044992087E0,                  391P   3239
4.172044992087E0,4.172044992087E0,4.301173387425E0,                  391P   3240
4.301173387425E0,4.301173387425E0,4.430340412729E0,                  391P   3241
4.430340412729E0,4.430340412729E0,4.478906553563E0,                  391P   3242
4.478906553563E0,4.478906553563E0,4.527108336356E0,                  391P   3243
4.527108336356E0,4.527108336356E0,5.200872911744E0,                  391P   3244
5.200872911744E0,5.200872911744E0,5.704975020278E0,                  391P   3245
5.704975020278E0,5.704975020278E0,6.097826860005E0,                  391P   3246
6.097826860005E0,6.097826860005E0,6.464913898638E0,                  391P   3247
6.464913898638E0,6.464913898638E0,6.797298406211E0,                  391P   3248
6.797298406211E0,6.797298406211E0,6.949087121062E0,                  391P   3249
6.949087121062E0,6.949087121062E0,7.091961151676E0,                  391P   3250
7.091961151676E0,7.091961151676E0,7.464476846295E0,                  391P   3251
7.464476846295E0,7.464476846295E0,7.758363802832E0,                  391P   3252
7.758363802832E0,7.758363802832E0,8.056995583281E0,                  391P   3253
8.056995583281E0,8.056995583281E0,8.235107919275E0,                  391P   3254
8.235107919275E0,8.235107919275E0,8.393585426148E0,                  391P   3255
8.393585426148E0,8.393585426148E0,8.419259336491E0,                  391P   3256
8.419259336491E0,8.419259336491E0,8.444951447953E0,                  391P   3257
8.444951447953E0,8.444951447953E0,8.470226953637E0,                  391P   3258
8.470226953637E0,8.470226953637E0,8.470226953637E0,                  391P   3259
8.470226953637E0,8.470226953637E0,1E0,1E0,1E0,1E0,1E0,1E0,1E0,       391P   3260
1E0,1E0,1E0,1E0,1E0,1E0,1E0,1E0,1E0,1E0,1E0,1E0,1E0,1E0,1E0,1E0,     391P   3261
1E0,1E0,1E0,1E0,1E0,1E0,1E0,1E0,1E0,1E0,1E0,1E0,1E0,1E0,1E0,1E0,     391P   3262
1E0,1E0,1E0,1E0,1E0,1E0,1E0,1E0,1E0,1E0,1E0,1E0,1E0,1E0,1E0,1E0,     391P   3263
1E0,1E0,1E0,1E0,1E0,1E0,1E0,1E0,1E0,1E0,1E0,1E0,1E0,1E0,1E0,1E0,     391P   3264
1E0,1E0,1E0,1E0,1E0,1E0,1E0,1E0,1E0,1E0,1E0,1E0,1E0,1E0,1E0,1E0,     391P   3265
1E0,1E0,1E0,1E0,1E0,1E0,1E0,1E0,1E0,1E0,1E0,1E0,1E0,1E0,1E0,1E0,     391P   3266
1E0,1E0,5.905819318689E1,3.663356267738E1,-3.600384463395E0,         391P   3267
5.903984400954E1,3.662469668821E1,-3.575349551406E0,                 391P   3268
5.902142502951E1,3.66159497556E1,-3.550550550885E0,                  391P   3269
5.900293447679E1,3.660732710635E1,-3.52599822925E0,                  391P   3270
5.896484334397E1,3.658989701201E1,-3.476141063419E0,                 391P   3271
5.89263039665E1,3.657295058342E1,-3.427190067052E0,                  391P   3272
5.890642868326E1,3.656439206413E1,-3.402337641718E0,                 391P   3273
5.886222843947E1,3.654575399845E1,-3.347925080235E0,                 391P   3274
5.88171488007E1,3.652759463102E1,-3.294271202995E0,                  391P   3275
5.879223291704E1,3.651780026807E1,-3.26514179747E0,                  391P   3276
5.873147521594E1,3.649446763811E1,-3.195303726901E0,                 391P   3277
5.866876628616E1,3.64716297404E1,-3.125919212712E0,                  391P   3278
5.86314772977E1,3.645842856924E1,-3.085482276763E0,                  391P   3279
5.856800337214E1,3.643652902378E1,-3.017888987989E0,                 391P   3280
5.850280143544E1,3.64149036754E1,-2.950342045102E0,                  391P   3281
5.847633603197E1,3.640625540967E1,-2.923205362405E0,                 391P   3282
5.839282515707E1,3.637934692488E1,-2.838401827533E0,                 391P   3283
5.83070260534E1,3.635282514727E1,-2.753710849598E0,                  391P   3284
5.824762556993E1,3.633491487454E1,-2.696055700907E0,                 391P   3285
5.811259551983E1,3.629505403322E1,-2.566842099425E0,                 391P   3286
5.797436369913E1,3.625590848106E1,-2.438163545525E0,                 391P   3287
5.789676183409E1,3.623434364588E1,-2.366815721147E0,                 391P   3288
5.771160708874E1,3.618370208532E1,-2.198341103295E0,                 391P   3289
5.752353935375E1,3.613388000853E1,-2.030718939862E0,                 391P   3290
5.741431446792E1,3.610534626434E1,-1.934238820817E0,                 391P   3291
5.726721968897E1,3.60673368129E1,-1.805212218816E0,                  391P   3292
5.7119413521E1,3.602956384853E1,-1.676472601791E0,                   391P   3293
5.708197875678E1,3.602002097235E1,-1.643918515459E0,                 391P   3294
5.703524622424E1,3.600813421316E1,-1.603335902665E0,                 391P   3295
5.698846601919E1,3.599626401123E1,-1.562774059446E0,                 391P   3296
5.697866758747E1,3.599377900458E1,-1.554280897003E0,                 391P   3297
5.694127826654E1,3.598429966291E1,-1.521878927013E0,                 391P   3298
5.690385824921E1,3.597483416222E1,-1.489497222416E0,                 391P   3299
5.687555503269E1,3.596770162997E1,-1.465063002672E0,                 391P   3300
5.682448413851E1,3.595490767686E1,-1.421138414081E0,                 391P   3301
5.677328821818E1,3.594223874195E1,-1.377445146901E0,                 391P   3302
5.674999599622E1,3.593650915469E1,-1.357640698681E0,                 391P   3303
5.670396887327E1,3.592525187905E1,-1.318646130107E0,                 391P   3304
5.665784118728E1,3.591410371849E1,-1.27985617141E0,                  391P   3305
5.663471770189E1,3.590854939707E1,-1.260485105188E0,                 391P   3306
5.655536910581E1,3.588961054437E1,-1.194275006051E0,                 391P   3307
5.647572718249E1,3.587103388633E1,-1.128756921652E0,                 391P   3308
5.641894076442E1,3.585802639838E1,-1.082557109845E0,                 391P   3309
5.635483847516E1,3.584365978366E1,-1.031091618698E0,                 391P   3310
5.629055997872E1,3.582964910652E1,-9.80341719523E-1,                 391P   3311
5.628318085907E1,3.582804596494E1,-9.74527100512E-1,                 391P   3312
5.625672156102E1,3.582231690053E1,-9.537195000737E-1,                391P   3313
5.623024020299E1,3.581665391379E1,-9.33048122692E-1,                 391P   3314
5.621124799617E1,3.581263137588E1,-9.183071161627E-1,                391P   3315
5.617306846552E1,3.580463022035E1,-8.888584250068E-1,                391P   3316
5.613474313092E1,3.5796775377E1,-8.596806196456E-1,                  391P   3317
5.611562983625E1,3.579290345455E1,-8.452276634475E-1,                391P   3318
5.6089100231E1,3.578759072021E1,-8.253001321648E-1,                  391P   3319
5.606244448275E1,3.578233562489E1,-8.054575288714E-1,                391P   3320
5.605515110262E1,3.578090387547E1,-8.000415774551E-1,                391P   3321
5.604060025964E1,3.577805952871E1,-7.892625747135E-1,                391P   3322
5.602601266303E1,3.577523211487E1,-7.785086181343E-1,                391P   3323
5.601846236742E1,3.577377500396E1,-7.729562292603E-1,                391P   3324
5.590936380178E1,3.575281210492E1,-6.929253960476E-1,                391P   3325
5.579834535198E1,3.573282728905E1,-6.14405684849E-1,                 391P   3326
5.569315103986E1,3.571503817135E1,-5.424918263277E-1,                391P   3327
5.55068845821E1,3.568551460556E1,-4.194363256131E-1,                 391P   3328
5.531653929984E1,3.565882656956E1,-3.012332170045E-1,                391P   3329
5.523436029184E1,3.564793929116E1,-2.515767624847E-1,                391P   3330
5.508691734179E1,3.562955642015E1,-1.649788710769E-1,                391P   3331
5.493736224017E1,3.561302566935E1,-8.172554199157E-2,                391P   3332
5.48714677243E1,3.560615508419E1,-4.593880501703E-2,                 391P   3333
5.47432456684E1,3.559361139625E1,2.190812283755E-2,                  391P   3334
5.461361126043E1,3.558259766232E1,8.688685140875E-2,                 391P   3335
5.455064280772E1,3.557765113801E1,1.175754734376E-1,                 391P   3336
5.443011445026E1,3.556898508264E1,1.745782430376E-1,                 391P   3337
5.430850184111E1,3.556186197552E1,2.285806081059E-1,                 391P   3338
5.425045473123E1,3.555884561153E1,2.535251883059E-1,                 391P   3339
5.416560494552E1,3.555503155607E1,2.886978798719E-1,                 391P   3340
5.408030251743E1,3.55521333403E1,3.220290924776E-1,                  391P   3341
5.405351123688E1,3.55513178986E1,3.322920626389E-1,                  391P   3342
5.400143051411E1,3.554992339862E1,3.518294243871E-1,                 391P   3343
5.394919388234E1,3.55489082585E1,3.705939915653E-1,                  391P   3344
5.392388325998E1,3.554850953252E1,3.794842428893E-1,                 391P   3345
5.383227338942E1,3.554741754265E1,4.109006997569E-1,                 391P   3346
5.37402790488E1,3.554764475747E1,4.395797972047E-1,                  391P   3347
5.367367316987E1,3.554857791028E1,4.58678101772E-1,                  391P   3348
5.355434788561E1,3.555180422945E1,4.895235598836E-1,                 391P   3349
5.343544572302E1,3.555830259765E1,5.131429286462E-1,                 391P   3350
5.338319666849E1,3.556187910399E1,5.219593915799E-1,                 391P   3351
5.327850108941E1,3.557071994549E1,5.359966953274E-1,                 391P   3352
5.317635220707E1,3.558335455489E1,5.410037344414E-1,                 391P   3353
5.312574677034E1,3.559082613545E1,5.408567269593E-1,                 391P   3354
5.304745499131E1,3.560475719874E1,5.354886714461E-1,                 391P   3355
5.297534079631E1,3.562217531122E1,5.206037799301E-1,                 391P   3356
5.294945110938E1,3.562919209299E1,5.136051061298E-1,                 391P   3357
5.290303610103E1,3.564341819348E1,4.974893995777E-1,                 391P   3358
5.286224060303E1,3.565936053341E1,4.758719182451E-1,                 391P   3359
5.284446134E1,3.566722233955E1,4.644698887931E-1,                    391P   3360
5.282563703434E1,3.567672016941E1,4.498532875633E-1,                 391P   3361
5.280905093324E1,3.568655109464E1,4.338049889064E-1,                 391P   3362
5.280678157141E1,3.568792838917E1,4.315394266914E-1,                 391P   3363
5.280233100619E1,3.569069487763E1,4.269545560645E-1,                 391P   3364
5.279805761476E1,3.56934840407E1,4.222643577932E-1,                  391P   3365
5.27959716124E1,3.569487985252E1,4.199005171783E-1,                  391P   3366
5.279190732035E1,3.569766863933E1,4.151448286523E-1,                 391P   3367
5.278802076505E1,3.570047543701E1,4.102937423089E-1,                 391P   3368
5.278613873587E1,3.570187059197E1,4.078666451225E-1,                 391P   3369
5.278430353875E1,3.570326795208E1,4.054199179079E-1,                 391P   3370
5.278251646486E1,3.570466662868E1,4.029550773464E-1,0E0,             391P   3371
8.470226953637E0,0E0,0E0,0E0;                                        391P   3372
126,104,5,0,0,1,0,0E0,0E0,0E0,0E0,0E0,0E0,1.622513015561E-1,         393P   3373
1.622513015561E-1,1.622513015561E-1,3.311332838983E-1,               393P   3374
3.311332838983E-1,3.311332838983E-1,5.2589420837E-1,                 393P   3375
5.2589420837E-1,5.2589420837E-1,8.015608256999E-1,                   393P   3376
8.015608256999E-1,8.015608256999E-1,9.936981586854E-1,               393P   3377
9.936981586854E-1,9.936981586854E-1,1.188688445153E0,                393P   3378
1.188688445153E0,1.188688445153E0,1.626200693054E0,                  393P   3379
1.626200693054E0,1.626200693054E0,2.188138508871E0,                  393P   3380
2.188138508871E0,2.188138508871E0,2.969309185828E0,                  393P   3381
2.969309185828E0,2.969309185828E0,3.029923987007E0,                  393P   3382
3.029923987007E0,3.029923987007E0,3.214003927774E0,                  393P   3383
3.214003927774E0,3.214003927774E0,3.326278916712E0,                  393P   3384
3.326278916712E0,3.326278916712E0,3.438725846075E0,                  393P   3385
3.438725846075E0,3.438725846075E0,3.85351865814E0,                   393P   3386
3.85351865814E0,3.85351865814E0,3.896234415285E0,                    393P   3387
3.896234415285E0,3.896234415285E0,3.938950172431E0,                  393P   3388
3.938950172431E0,3.938950172431E0,4.024381074664E0,                  393P   3389
4.024381074664E0,4.024381074664E0,4.138024855387E0,                  393P   3390
4.138024855387E0,4.138024855387E0,4.194847332425E0,                  393P   3391
4.194847332425E0,4.194847332425E0,4.251884863371E0,                  393P   3392
4.251884863371E0,4.251884863371E0,4.683050994273E0,                  393P   3393
4.683050994273E0,4.683050994273E0,5.397511818054E0,                  393P   3394
5.397511818054E0,5.397511818054E0,5.757848404189E0,                  393P   3395
5.757848404189E0,5.757848404189E0,6.105684888946E0,                  393P   3396
6.105684888946E0,6.105684888946E0,6.43344081461E0,                   393P   3397
6.43344081461E0,6.43344081461E0,6.587830564036E0,                    393P   3398
6.587830564036E0,6.587830564036E0,6.735372106639E0,                  393P   3399
6.735372106639E0,6.735372106639E0,7.136881952671E0,                  393P   3400
7.136881952671E0,7.136881952671E0,7.472552298727E0,                  393P   3401
7.472552298727E0,7.472552298727E0,7.979605029681E0,                  393P   3402
7.979605029681E0,7.979605029681E0,8.238357528174E0,                  393P   3403
8.238357528174E0,8.238357528174E0,8.297886158897E0,                  393P   3404
8.297886158897E0,8.297886158897E0,8.327174070772E0,                  393P   3405
8.327174070772E0,8.327174070772E0,8.351907152606E0,                  393P   3406
8.351907152606E0,8.351907152606E0,8.351907152606E0,                  393P   3407
8.351907152606E0,8.351907152606E0,1E0,1E0,1E0,1E0,1E0,1E0,1E0,       393P   3408
1E0,1E0,1E0,1E0,1E0,1E0,1E0,1E0,1E0,1E0,1E0,1E0,1E0,1E0,1E0,1E0,     393P   3409
1E0,1E0,1E0,1E0,1E0,1E0,1E0,1E0,1E0,1E0,1E0,1E0,1E0,1E0,1E0,1E0,     393P   3410
1E0,1E0,1E0,1E0,1E0,1E0,1E0,1E0,1E0,1E0,1E0,1E0,1E0,1E0,1E0,1E0,     393P   3411
1E0,1E0,1E0,1E0,1E0,1E0,1E0,1E0,1E0,1E0,1E0,1E0,1E0,1E0,1E0,1E0,     393P   3412
1E0,1E0,1E0,1E0,1E0,1E0,1E0,1E0,1E0,1E0,1E0,1E0,1E0,1E0,1E0,1E0,     393P   3413
1E0,1E0,1E0,1E0,1E0,1E0,1E0,1E0,1E0,1E0,1E0,1E0,1E0,1E0,1E0,1E0,     393P   3414
1E0,1E0,3.45335883142E1,4.303147042784E0,-3.600376744579E0,          393P   3415
3.452002520899E1,4.300265575172E0,-3.575872619399E0,                 393P   3416
3.450632900049E1,4.297399855224E0,-3.551612487997E0,                 393P   3417
3.449249501363E1,4.294550479771E0,-3.527605401413E0,                 393P   3418
3.446394045831E1,4.288762807475E0,-3.47908364314E0,                  393P   3419
3.443469023688E1,4.283025582152E0,-3.431486541977E0,                 393P   3420
3.441957036028E1,4.28010910422E0,-3.407424076323E0,                  393P   3421
3.438656545768E1,4.273846779377E0,-3.356043024929E0,                 393P   3422
3.435250045331E1,4.267600382213E0,-3.305400350162E0,                 393P   3423
3.433394434527E1,4.264256696813E0,-3.278462014879E0,                 393P   3424
3.428825619625E1,4.256158440195E0,-3.213614874913E0,                 393P   3425
3.424053034955E1,4.24800403548E0,-3.149232245666E0,                  393P   3426
3.421187409288E1,4.243201077003E0,-3.111600603654E0,                 393P   3427
3.416203114132E1,4.234989986463E0,-3.047718747241E0,                 393P   3428
3.411032227433E1,4.226692086541E0,-2.983872748248E0,                 393P   3429
3.408878098509E1,4.223269282613E0,-2.95764943311E0,                  393P   3430
3.404481018163E1,4.216346791705E0,-2.904828564256E0,                 393P   3431
3.399974963128E1,4.209374583136E0,-2.85203943733E0,                  393P   3432
3.397679849261E1,4.205852098296E0,-2.825468084758E0,                 393P   3433
3.390154769829E1,4.194390079656E0,-2.739308118943E0,                 393P   3434
3.38239340562E1,4.182831690679E0,-2.653342758748E0,                  393P   3435
3.376924646198E1,4.174792756736E0,-2.593928737905E0,                 393P   3436
3.36427186885E1,4.156395514749E0,-2.458688676885E0,                  393P   3437
3.351277616725E1,4.137898233759E0,-2.32416159728E0,                  393P   3438
3.343891447026E1,4.127482819366E0,-2.24878092849E0,                  393P   3439
3.326068335781E1,4.102544475413E0,-2.069024278799E0,                 393P   3440
3.307927979937E1,4.077547452418E0,-1.890307042737E0,                 393P   3441
3.297316334778E1,4.063018140745E0,-1.786788819576E0,                 393P   3442
3.285807263065E1,4.04733440981E0,-1.675333949924E0,                  393P   3443
3.2742552416E1,4.031646937378E0,-1.564066047642E0,                   393P   3444
3.273368044437E1,4.030442465621E0,-1.555524271709E0,                 393P   3445
3.27000837231E1,4.025882116282E0,-1.52318664534E0,                   393P   3446
3.266645034633E1,4.021322015177E0,-1.490871221223E0,                 393P   3447
3.264099416879E1,4.01787722606E0,-1.466485479791E0,                  393P   3448
3.260012817136E1,4.012363938946E0,-1.427522717238E0,                 393P   3449
3.25591265992E1,4.00686314147E0,-1.388769408923E0,                   393P   3450
3.254345314329E1,4.004765145513E0,-1.374007820993E0,                 393P   3451
3.251228178179E1,4.000601761338E0,-1.344750222166E0,                 393P   3452
3.248103131862E1,3.996446343329E0,-1.315622302611E0,                 393P   3453
3.246537404666E1,3.994369049808E0,-1.301079934101E0,                 393P   3454
3.239186943449E1,3.984639251997E0,-1.233054325824E0,                 393P   3455
3.231792949973E1,3.974958501217E0,-1.165799680324E0,                 393P   3456
3.225920413363E1,3.96734085941E0,-1.113166466769E0,                  393P   3457
3.219442340518E1,3.959030574577E0,-1.056127675517E0,                 393P   3458
3.2129293218E1,3.95079105156E0,-1.000053194179E0,                    393P   3459
3.212320919232E1,3.95002238518E0,-9.948262573905E-1,                 393P   3460
3.211103497551E1,3.948486316661E0,-9.843895708829E-1,                393P   3461
3.209884945679E1,3.946952961752E0,-9.739887490963E-1,                393P   3462
3.209275400569E1,3.946186994153E0,-9.687975794713E-1,                393P   3463
3.207446035099E1,3.943891383858E0,-9.532531763476E-1,                393P   3464
3.205614306429E1,3.941602662847E0,-9.377971378339E-1,                393P   3465
3.204391978723E1,3.940079958093E0,-9.275335700774E-1,                393P   3466
3.201540517096E1,3.936539026967E0,-9.037144300005E-1,                393P   3467
3.198679042E1,3.933012841375E0,-8.801107437488E-1,                   393P   3468
3.197041188457E1,3.931003783437E0,-8.667023804857E-1,                393P   3469
3.194576146768E1,3.927994086885E0,-8.466765289268E-1,                393P   3470
3.192097156801E1,3.924987983935E0,-8.267643127574E-1,                393P   3471
3.191269178875E1,3.923986212615E0,-8.201385549631E-1,                393P   3472
3.189606776777E1,3.921979337431E0,-8.068846080984E-1,                393P   3473
3.187937700711E1,3.919973268138E0,-7.936749802143E-1,                393P   3474
3.187115699845E1,3.918987438284E0,-7.871928983575E-1,                393P   3475
3.179931195883E1,3.910389676716E0,-7.307430364522E-1,                393P   3476
3.172632781105E1,3.901817378223E0,-6.751784481411E-1,                393P   3477
3.166102895696E1,3.894270413628E0,-6.26814685614E-1,                 393P   3478
3.148548880048E1,3.874300065282E0,-5.002980135972E-1,                393P   3479
3.130475095135E1,3.854568674467E0,-3.791718078877E-1,                393P   3480
3.119019144122E1,3.842373802867E0,-3.058272568205E-1,                393P   3481
3.101532637159E1,3.824226002055E0,-1.990078683398E-1,                393P   3482
3.083686772175E1,3.806421344164E0,-9.787336389256E-2,                393P   3483
3.077664878998E1,3.800493662505E0,-6.463034352161E-2,                393P   3484
3.065755569272E1,3.788931211571E0,-6.532897547457E-4,                393P   3485
3.053705256301E1,3.777554993557E0,6.05254202342E-2,                  393P   3486
3.047750459924E1,3.772012722023E0,8.988367263305E-2,                 393P   3487
3.036128984294E1,3.761354793684E0,1.454359942813E-1,                 393P   3488
3.024393588457E1,3.75091084357E0,1.980285136017E-1,                  393P   3489
3.018673448425E1,3.74589724302E0,2.228155520501E-1,                  393P   3490
3.010224993492E1,3.738610400811E0,2.581258138387E-1,                 393P   3491
3.001726876247E1,3.731463672243E0,2.916304262425E-1,                 393P   3492
2.9990002021E1,3.729189737456E0,3.021699923224E-1,                   393P   3493
2.993659366056E1,3.724774091709E0,3.223917338509E-1,                 393P   3494
2.988300630637E1,3.720420734635E0,3.418329539325E-1,                 393P   3495
2.985672872336E1,3.718304877423E0,3.511584055599E-1,                 393P   3496
2.975897531152E1,3.710505550699E0,3.850600671587E-1,                 393P   3497
2.966069337113E1,3.702939986528E0,4.161085903618E-1,                 393P   3498
2.958860492687E1,3.697550792678E0,4.371210918552E-1,                 393P   3499
2.945591518693E1,3.68795334442E0,4.722524022056E-1,                  393P   3500
2.932312707676E1,3.67901495385E0,5.000789862556E-1,                  393P   3501
2.926272553089E1,3.675100706113E0,5.110685578559E-1,                 393P   3502
2.911151155145E1,3.665726080504E0,5.33908176512E-1,                  393P   3503
2.896269860401E1,3.657717690829E0,5.429886906557E-1,                 393P   3504
2.887435835237E1,3.653496560139E0,5.425148499312E-1,                 393P   3505
2.874583200071E1,3.648400116693E0,5.303272181444E-1,                 393P   3506
2.863073465294E1,3.645821557442E0,4.975652134954E-1,                 393P   3507
2.859376048558E1,3.645272920922E0,4.839626867541E-1,                 393P   3508
2.855132754145E1,3.645041102882E0,4.639742054518E-1,                 393P   3509
2.851329853434E1,3.645370829472E0,4.401455916048E-1,                 393P   3510
2.850633759526E1,3.645452377229E0,4.355507119499E-1,                 393P   3511
2.849620893292E1,3.645603522846E0,4.285073286791E-1,                 393P   3512
2.848645604895E1,3.645798773775E0,4.211782024354E-1,                 393P   3513
2.848329045398E1,3.645867753399E0,4.187376325652E-1,                 393P   3514
2.847751048958E1,3.646004169638E0,4.141662718836E-1,                 393P   3515
2.847187862836E1,3.646156782105E0,4.094953521649E-1,                 393P   3516
2.846933209596E1,3.646230050911E0,4.073364157082E-1,                 393P   3517
2.846681987967E1,3.646306684571E0,4.051586793442E-1,                 393P   3518
2.846434325939E1,3.646386686184E0,4.029627888331E-1,0E0,             393P   3519
8.351907152606E0,0E0,0E0,0E0;                                        393P   3520
126,86,5,0,0,1,0,8.351907152606E0,8.351907152606E0,                  395P   3521
8.351907152606E0,8.351907152606E0,8.351907152606E0,                  395P   3522
8.351907152606E0,8.356444230584E0,8.356444230584E0,                  395P   3523
8.356444230584E0,8.466130605522E0,8.466130605522E0,                  395P   3524
8.466130605522E0,8.515633216572E0,8.515633216572E0,                  395P   3525
8.515633216572E0,8.563557123066E0,8.563557123066E0,                  395P   3526
8.563557123066E0,8.609610427394E0,8.609610427394E0,                  395P   3527
8.609610427394E0,8.632254617888E0,8.632254617888E0,                  395P   3528
8.632254617888E0,8.65491971338E0,8.65491971338E0,                    395P   3529
8.65491971338E0,8.74538190214E0,8.74538190214E0,8.74538190214E0,     395P   3530
8.787626611334E0,8.787626611334E0,8.787626611334E0,                  395P   3531
8.869138077719E0,8.869138077719E0,8.869138077719E0,                  395P   3532
8.928607461951E0,8.928607461951E0,8.928607461951E0,                  395P   3533
8.945757094709E0,8.945757094709E0,8.945757094709E0,                  395P   3534
9.815604582439E0,9.815604582439E0,9.815604582439E0,                  395P   3535
1.015576135387E1,1.015576135387E1,1.015576135387E1,                  395P   3536
1.037023354165E1,1.037023354165E1,1.037023354165E1,                  395P   3537
1.058354839897E1,1.058354839897E1,1.058354839897E1,                  395P   3538
1.081998201042E1,1.081998201042E1,1.081998201042E1,                  395P   3539
1.172492772978E1,1.172492772978E1,1.172492772978E1,                  395P   3540
1.244188915415E1,1.244188915415E1,1.244188915415E1,                  395P   3541
1.394179570867E1,1.394179570867E1,1.394179570867E1,                  395P   3542
1.517245567918E1,1.517245567918E1,1.517245567918E1,                  395P   3543
1.65542839424E1,1.65542839424E1,1.65542839424E1,                     395P   3544
1.788342124541E1,1.788342124541E1,1.788342124541E1,                  395P   3545
1.89468648628E1,1.89468648628E1,1.89468648628E1,1.98850731907E1,     395P   3546
1.98850731907E1,1.98850731907E1,2.128426979657E1,                    395P   3547
2.128426979657E1,2.128426979657E1,2.213562055396E1,                  395P   3548
2.213562055396E1,2.213562055396E1,2.320555740709E1,                  395P   3549
2.320555740709E1,2.320555740709E1,2.320555740709E1,                  395P   3550
2.320555740709E1,2.320555740709E1,1E0,1E0,1E0,1E0,1E0,1E0,1E0,       395P   3551
1E0,1E0,1E0,1E0,1E0,1E0,1E0,1E0,1E0,1E0,1E0,1E0,1E0,1E0,1E0,1E0,     395P   3552
1E0,1E0,1E0,1E0,1E0,1E0,1E0,1E0,1E0,1E0,1E0,1E0,1E0,1E0,1E0,1E0,     395P   3553
1E0,1E0,1E0,1E0,1E0,1E0,1E0,1E0,1E0,1E0,1E0,1E0,1E0,1E0,1E0,1E0,     395P   3554
1E0,1E0,1E0,1E0,1E0,1E0,1E0,1E0,1E0,1E0,1E0,1E0,1E0,1E0,1E0,1E0,     395P   3555
1E0,1E0,1E0,1E0,1E0,1E0,1E0,1E0,1E0,1E0,1E0,1E0,1E0,1E0,1E0,1E0,     395P   3556
2.846434325835E1,3.646386686249E0,4.029627890237E-1,                 395P   3557
2.846388894402E1,3.646401361814E0,4.025599709981E-1,                 395P   3558
2.846343582648E1,3.646416150778E0,4.021565422606E-1,                 395P   3559
2.846298391468E1,3.646431053096E0,4.017525066069E-1,                 395P   3560
2.845163730824E1,3.646809082423E0,3.915654789707E-1,                 395P   3561
2.844106230126E1,3.647259063972E0,3.809965241136E-1,                 395P   3562
2.843175678033E1,3.647756948768E0,3.705747511729E-1,                 395P   3563
2.841957174208E1,3.648578949072E0,3.550567727573E-1,                 395P   3564
2.840945441448E1,3.649539030018E0,3.391176363404E-1,                 395P   3565
2.840650860537E1,3.649851295634E0,3.341166179352E-1,                 395P   3566
2.840113704524E1,3.650490235191E0,3.24232271303E-1,                  395P   3567
2.839661411666E1,3.651177813857E0,3.142634599588E-1,                 395P   3568
2.839460117902E1,3.651527513466E0,3.093460278627E-1,                 395P   3569
2.839108509163E1,3.652234717333E0,2.996960674012E-1,                 395P   3570
2.838842292244E1,3.65298105291E0,2.900690727421E-1,                  395P   3571
2.838732568867E1,3.653355503978E0,2.853656703968E-1,                 395P   3572
2.838599148409E1,3.653925176845E0,2.783881132852E-1,                 395P   3573
2.83851053473E1,3.65451162953E0,2.714639099793E-1,                   395P   3574
2.838486167476E1,3.65470685708E0,2.691861321065E-1,                  395P   3575
2.838447145477E1,3.655101194253E0,2.64639447632E-1,                  395P   3576
2.838427749784E1,3.655504232484E0,2.601012648E-1,                    395P   3577
2.83842301751E1,3.65570745342E0,2.578398220921E-1,                   395P   3578
2.838424541645E1,3.6567399917E0,2.464855481969E-1,                   395P   3579
2.838554173705E1,3.657842201795E0,2.350450662323E-1,                 395P   3580
2.838745053001E1,3.658773861209E0,2.258067088917E-1,                 395P   3581
2.839161650531E1,3.660192340621E0,2.124102014102E-1,                 395P   3582
2.839782392143E1,3.661664884583E0,1.995031209504E-1,                 395P   3583
2.840000804022E1,3.662137922708E0,1.954578209846E-1,                 395P   3584
2.840701050579E1,3.663532700377E0,1.838288181795E-1,                 395P   3585
2.841571344789E1,3.66494685141E0,1.72889881908E-1,                   395P   3586
2.842212131406E1,3.665882218198E0,1.66000539588E-1,                  395P   3587
2.843443151711E1,3.667477053048E0,1.549894032424E-1,                 395P   3588
2.844855625464E1,3.669008550606E0,1.456390921659E-1,                 395P   3589
2.845479785738E1,3.669640235779E0,1.420032404369E-1,                 395P   3590
2.846310926414E1,3.67043569013E0,1.376646580603E-1,                  395P   3591
2.847157283681E1,3.671221585838E0,1.335120892468E-1,                 395P   3592
2.847331410065E1,3.671382511455E0,1.326661364764E-1,                 395P   3593
2.85715484262E1,3.680470955801E0,8.483407801413E-2,                  395P   3594
2.867150879386E1,3.689715292773E0,3.620336590213E-2,                 395P   3595
2.877014487424E1,3.698839854868E0,-1.181273978382E-2,                395P   3596
2.890799687231E1,3.711596166451E0,-7.896307484253E-2,                395P   3597
2.904526869925E1,3.724307230834E0,-1.459236703233E-1,                395P   3598
2.908377990967E1,3.727874041292E0,-1.647176160887E-1,                395P   3599
2.9146388873E1,3.733674146281E0,-1.95287209429E-1,                   395P   3600
2.920860616671E1,3.739440827344E0,-2.256970421556E-1,                395P   3601
2.923195065194E1,3.741605008183E0,-2.371122611172E-1,                395P   3602
2.927963374972E1,3.746026386049E0,-2.604382185551E-1,                395P   3603
2.932700240578E1,3.750420473483E0,-2.836308884236E-1,                395P   3604
2.935054853436E1,3.752605181819E0,-2.951648896344E-1,                395P   3605
2.94000637095E1,3.757200496606E0,-3.194317420477E-1,                 395P   3606
2.944936036075E1,3.761777961634E0,-3.436182454494E-1,                395P   3607
2.947567701475E1,3.764222339528E0,-3.565380863333E-1,                395P   3608
2.960040645507E1,3.775811251913E0,-4.178124243691E-1,                395P   3609
2.972409851569E1,3.787321643543E0,-4.787737298579E-1,                395P   3610
2.982152086848E1,3.796400793717E0,-5.269348150767E-1,                395P   3611
2.999505525903E1,3.812600280207E0,-6.130211801457E-1,                395P   3612
3.016691090429E1,3.828698172266E0,-6.988812825934E-1,                395P   3613
3.024267607225E1,3.835806997895E0,-7.368641451832E-1,                395P   3614
3.047586779176E1,3.857726572704E0,-8.542074209424E-1,                395P   3615
3.070682284716E1,3.879571071644E0,-9.719126071542E-1,                395P   3616
3.086229638514E1,3.894349608596E0,-1.051955946355E0,                 395P   3617
3.114402081945E1,3.921287811852E0,-1.198746210697E0,                 395P   3618
3.142296562005E1,3.94830387291E0,-1.347869728703E0,                  395P   3619
3.154816338591E1,3.960508820264E0,-1.415674341013E0,                 395P   3620
3.181200713455E1,3.986422030661E0,-1.56068310811E0,                  395P   3621
3.207110269535E1,4.012329562889E0,-1.708151527401E0,                 395P   3622
3.22064551262E1,4.026011131971E0,-1.786811398428E0,                  395P   3623
3.246775771943E1,4.052749601035E0,-1.942251374266E0,                 395P   3624
3.271855530095E1,4.079104695505E0,-2.099052616869E0,                 395P   3625
3.283851891453E1,4.091895538698E0,-2.176084878253E0,                 395P   3626
3.30479413543E1,4.114574342795E0,-2.314408683803E0,                  395P   3627
3.324377043026E1,4.136426527933E0,-2.45085662541E0,                  395P   3628
3.332783465102E1,4.145943937581E0,-2.510936009052E0,                 395P   3629
3.347981429524E1,4.163413529985E0,-2.62244843481E0,                  395P   3630
3.361914447713E1,4.179924253172E0,-2.730128293565E0,                 395P   3631
3.368145966231E1,4.187424094271E0,-2.77955835615E0,                  395P   3632
3.382911025501E1,4.205478689271E0,-2.89980783116E0,                  395P   3633
3.395778026336E1,4.22190608086E0,-3.012233141032E0,                  395P   3634
3.402800424681E1,4.231129502232E0,-3.076429027036E0,                 395P   3635
3.413132012082E1,4.245086436189E0,-3.175136236552E0,                 395P   3636
3.422243764883E1,4.258041170775E0,-3.269294437271E0,                 395P   3637
3.425544958657E1,4.262834285873E0,-3.304504114448E0,                 395P   3638
3.432752803914E1,4.273529582116E0,-3.383911911024E0,                 395P   3639
3.439614020995E1,4.284273543068E0,-3.465696444305E0,                 395P   3640
3.443410919645E1,4.290406179571E0,-3.51301354928E0,                  395P   3641
3.447260485138E1,4.296833811265E0,-3.563297117256E0,                 395P   3642
3.451235094639E1,4.303720824079E0,-3.617971649598E0,                 395P   3643
8.351907152606E0,2.320555740709E1,0E0,0E0,0E0;                       395P   3644
126,1,1,0,0,1,0,0E0,0E0,1E0,1E0,1E0,1E0,3.45335883142E1,             397P   3645
4.303147042784E0,-3.600376744579E0,3.451235094639E1,                 397P   3646
4.303720824079E0,-3.617971649598E0,0E0,1E0,0E0,0E0,0E0;              397P   3647
126,1,1,0,0,1,0,0E0,0E0,1E0,1E0,1E0,1E0,5.905819318689E1,            399P   3648
3.663356267738E1,-3.600384463395E0,3.45335883142E1,                  399P   3649
4.303147042784E0,-3.600376744579E0,0E0,1E0,0E0,0E0,0E0;              399P   3650
126,5,5,0,0,1,0,4.872182028709E0,4.872182028709E0,                   401P   3651
4.872182028709E0,4.872182028709E0,4.872182028709E0,                  401P   3652
4.872182028709E0,4.511030897201E1,4.511030897201E1,                  401P   3653
4.511030897201E1,4.511030897201E1,4.511030897201E1,                  401P   3654
4.511030897201E1,1E0,1E0,1E0,1E0,1E0,1E0,2.846434325835E1,           401P   3655
3.646386686249E0,4.029627890237E-1,3.332797790294E1,                 401P   3656
1.005804266892E1,4.029612582547E-1,3.819161254753E1,                 401P   3657
1.646969865158E1,4.02959727486E-1,4.305524719213E1,                  401P   3658
2.288135463425E1,4.029581967176E-1,4.791888183672E1,                 401P   3659
2.929301061692E1,4.029566659489E-1,5.278251648131E1,                 401P   3660
3.570466659959E1,4.029551351805E-1,4.872182028709E0,                 401P   3661
4.511030897201E1,0E0,0E0,0E0;                                        401P   3662
126,1,1,0,0,1,0,0E0,0E0,1E0,1E0,1E0,1E0,5.904422831329E1,            403P   3663
3.664372367779E1,-3.617979370703E0,3.451235094639E1,                 403P   3664
4.303720824079E0,-3.617971649598E0,0E0,1E0,0E0,0E0,0E0;              403P   3665
502,135,3E3,0E0,3E3,-3E3,0E0,3E3,3E3,0E0,-3E3,-3E3,0E0,-3E3,         405P   3666
1.882732038865E0,3.583114146576E-15,-6.830437624574E-1,              405P   3667
5.522680647337E0,-8.47641199567E-15,1.334538901684E0,                405P   3668
2.999932526245E1,7.707430494355E-12,-1.835998960803E-2,              405P   3669
3.000067473753E1,5.80966595916E-12,1.835998960868E-2,                405P   3670
8.290124163898E-1,4.47585975282E-15,7.200147899583E-2,               405P   3671
-2.781824690072E0,-2.289748512188E-8,-2.925422711092E0,              405P   3672
-8.193137954535E-1,0E0,-2.936158827134E0,-8.411850389308E-1,         405P   3673
4.47585975282E-15,-2.9038203954E0,8.508436324991E-1,                 405P   3674
-1.790343901128E-14,3.97023346096E-2,3E3,3E3,3E3,3E3,3E3,-3E3,       405P   3675
-3E3,3E3,-3E3,-3E3,3E3,3E3,2.523082095939E1,3.600000017388E0,        405P   3676
-3.176919118717E-1,2.86058209513E1,3.600000007289E0,                 405P   3677
8.134881708761E-1,2.860582095127E1,3.600000007245E0,                 405P   3678
8.502281389556E-1,3.273149568144E1,3.599999997542E0,                 405P   3679
1.835998960866E-2,3.273014620639E1,3.599999997592E0,                 405P   3680
-1.835998960805E-2,5.318320946073E1,3.600000000394E1,                405P   3681
8.134881708761E-1,4.980820931611E1,3.599999981115E1,                 405P   3682
-3.176962929117E-1,5.31832094483E1,3.599999998755E1,                 405P   3683
8.502281389556E-1,5.73088851137E1,3.600000121075E1,                  405P   3684
1.83599896085E-2,5.730753565083E1,3.600000122684E1,                  405P   3685
-1.835998960821E-2,6.059035638215E1,7.2E1,-1.083841508961E0,         405P   3686
8.461574417794E1,7.2E1,-1.835998960842E-2,6.055331400695E1,          405P   3687
7.2E1,1.369220892252E0,8.461709365303E1,7.2E1,1.835998960842E-2,     405P   3688
5.649905340078E1,7.2E1,-6.830286971165E-1,5.098312237631E1,          405P   3689
6.386512264803E1,-7.751515042825E-1,5.13995019171E1,                 405P   3690
6.44140304871E1,-7.751515042825E-1,5.330238242465E1,                 405P   3691
6.29705814133E1,-1.056343847668E0,5.288600288386E1,                  405P   3692
6.242167357424E1,-1.056343847668E0,4.236482735522E1,                 405P   3693
5.250373421971E1,-7.751515042825E-1,4.426770786276E1,                405P   3694
5.106028514591E1,-1.056343847668E0,4.2781206896E1,                   405P   3695
5.305264205878E1,-7.751515042825E-1,4.468408740355E1,                405P   3696
5.160919298498E1,-1.056343847668E0,3.374641146296E1,                 405P   3697
4.114218644847E1,-7.751515042825E-1,3.56492919705E1,                 405P   3698
3.969873737467E1,-1.056343847668E0,3.416279100374E1,                 405P   3699
4.169109428754E1,-7.751515042825E-1,3.606567151129E1,                405P   3700
4.024764521374E1,-1.056343847668E0,2.512805600628E1,                 405P   3701
2.978071834869E1,-7.751515042825E-1,2.703093651383E1,                405P   3702
2.833726927489E1,-1.056343847668E0,2.554443554707E1,                 405P   3703
3.032962618776E1,-7.751515042825E-1,2.744731605461E1,                405P   3704
2.888617711396E1,-1.056343847668E0,9.79422560047E0,                  405P   3705
5.614333075329E0,-1.056343847668E0,1.021060514126E1,                 405P   3706
6.163240914399E0,-1.056343847668E0,7.891345092923E0,                 405P   3707
7.057782149128E0,-7.751515042825E-1,8.30772463371E0,                 405P   3708
7.606689988198E0,-7.751515042825E-1,6.013900200925E1,7.2E1,          405P   3709
1.334530421575E0,5.600100724494E1,7.199999808773E1,                  405P   3710
-4.321062872425E-1,5.546726264794E1,7.2E1,3.970232587931E-2,         405P   3711
5.377523397651E1,7.2E1,-2.90382040413E0,5.544543143183E1,7.2E1,      405P   3712
7.200147026554E-2,5.183459432537E1,7.19999999771E1,                  405P   3713
-2.925422719822E0,5.379710521999E1,7.2E1,-2.936158835864E0,          405P   3714
4.909017778706E1,6.616579144287E1,-1.795878386059E0,                 405P   3715
4.894879750922E1,6.62730368691E1,-2.913438497223E0,                  405P   3716
4.867379764739E1,6.561688405809E1,-1.795878649849E0,                 405P   3717
4.853241770919E1,6.572412922669E1,-2.913438611413E0,                 405P   3718
2.267732060188E1,3.163974824341E1,-2.913452150337E0,                 405P   3719
2.281869409085E1,3.153250796694E1,-1.795895029482E0,                 405P   3720
2.309370014267E1,3.218865608248E1,-2.913452150337E0,                 405P   3721
2.323507423057E1,3.208141535168E1,-1.795894765669E0,                 405P   3722
5.440609688525E0,8.916812043845E0,-2.913452150337E0,                 405P   3723
5.581949351089E0,8.809597426737E0,-1.795909929085E0,                 405P   3724
5.856989229313E0,9.465719882915E0,-2.913452150337E0,                 405P   3725
5.998328891877E0,9.358505265806E0,-1.795909929085E0,                 405P   3726
4.047187037119E1,5.480441241672E1,-1.795883845612E0,                 405P   3727
4.03304714916E1,5.491167195349E1,-2.913452150337E0,                  405P   3728
4.005549023159E1,5.425550503189E1,-1.795884109376E0,                 405P   3729
3.991409195082E1,5.436276411442E1,-2.913452150337E0,                 405P   3730
3.185344208371E1,4.344287404801E1,-1.79588930537E0,                  405P   3731
3.171205559935E1,4.355012418226E1,-2.913452150337E0,                 405P   3732
3.143703883258E1,4.289398419465E1,-1.795899749126E0,                 405P   3733
3.129567605856E1,4.300121634319E1,-2.913452150337E0,                 405P   3734
4.969282963327E1,6.570864384701E1,-1.530426798405E0,                 405P   3735
4.927645009249E1,6.515973600794E1,-1.530426798405E0,                 405P   3736
5.229469365751E1,6.287021711216E1,-1.581027806171E0,                 405P   3737
5.27110731983E1,6.341912495123E1,-1.581027806171E0,                  405P   3738
5.216521846272E1,6.296843181837E1,-1.65658086127E0,                  405P   3739
5.258159800351E1,6.351733965744E1,-1.65658086127E0,                  405P   3740
4.916693407835E1,6.524281047769E1,-2.637556985542E0,                 405P   3741
4.958331361914E1,6.579171831676E1,-2.637556985542E0,                 405P   3742
4.910407872318E1,6.52904900371E1,-2.661637634254E0,                  405P   3743
4.952045826397E1,6.583939787617E1,-2.661637634254E0,                 405P   3744
4.107453461218E1,5.434725541868E1,-1.530426798405E0,                 405P   3745
4.065815507139E1,5.379834757961E1,-1.530426798405E0,                 405P   3746
4.367639863641E1,5.150882868383E1,-1.581027806171E0,                 405P   3747
4.40927781772E1,5.20577365229E1,-1.581027806171E0,                   405P   3748
4.354692344162E1,5.160704339004E1,-1.65658086127E0,                  405P   3749
4.396330298241E1,5.215595122911E1,-1.65658086127E0,                  405P   3750
4.054863905725E1,5.388142204936E1,-2.637556985542E0,                 405P   3751
4.096501859804E1,5.443032988843E1,-2.637556985542E0,                 405P   3752
4.048578370208E1,5.392910160877E1,-2.661637634254E0,                 405P   3753
4.090216324287E1,5.447800944784E1,-2.661637634254E0,                 405P   3754
3.245611871992E1,4.298570764744E1,-1.530426798405E0,                 405P   3755
3.203973917913E1,4.243679980837E1,-1.530426798405E0,                 405P   3756
3.505798274415E1,4.01472809126E1,-1.581027806171E0,                  405P   3757
3.547436228494E1,4.069618875167E1,-1.581027806171E0,                 405P   3758
3.492850754936E1,4.024549561881E1,-1.65658086127E0,                  405P   3759
3.534488709015E1,4.079440345788E1,-1.65658086127E0,                  405P   3760
3.1930223165E1,4.251987427813E1,-2.637556985542E0,                   405P   3761
3.234660270578E1,4.30687821172E1,-2.637556985542E0,                  405P   3762
3.186736780983E1,4.256755383753E1,-2.661637634254E0,                 405P   3763
3.228374735061E1,4.31164616766E1,-2.661637634254E0,                  405P   3764
2.383776326324E1,3.162423954766E1,-1.530426798405E0,                 405P   3765
2.342138372245E1,3.107533170859E1,-1.530426798405E0,                 405P   3766
2.643962728748E1,2.878581281282E1,-1.581027806171E0,                 405P   3767
2.685600682826E1,2.933472065189E1,-1.581027806171E0,                 405P   3768
2.631015209268E1,2.888402751903E1,-1.65658086127E0,                  405P   3769
2.672653163347E1,2.94329353581E1,-1.65658086127E0,                   405P   3770
2.331186770832E1,3.115840617835E1,-2.637556985542E0,                 405P   3771
2.372824724911E1,3.170731401742E1,-2.637556985542E0,                 405P   3772
2.324901235315E1,3.120608573775E1,-2.661637634254E0,                 405P   3773
2.366539189393E1,3.175499357682E1,-2.661637634254E0,                 405P   3774
6.184672809096E0,8.35239550903E0,-1.530426798405E0,                  405P   3775
6.601052349884E0,8.9013033481E0,-1.530426798405E0,                   405P   3776
9.20291637412E0,6.062876613255E0,-1.581027806171E0,                  405P   3777
9.619295914907E0,6.611784452324E0,-1.581027806171E0,                 405P   3778
9.073441179328E0,6.161091319465E0,-1.65658086127E0,                  405P   3779
9.489820720115E0,6.709999158534E0,-1.65658086127E0,                  405P   3780
6.075156794962E0,8.435469978784E0,-2.637556985542E0,                 405P   3781
6.491536335749E0,8.984377817853E0,-2.637556985542E0,                 405P   3782
6.012301439791E0,8.483149538191E0,-2.661637634254E0,                 405P   3783
6.428680980578E0,9.032057377261E0,-2.661637634254E0,                 405P   3784
5.278251648131E1,3.570466659959E1,4.029551351805E-1,                 405P   3785
5.904422831329E1,3.664372367779E1,-3.617979370703E0,                 405P   3786
5.905819318689E1,3.663356267738E1,-3.600384463395E0,                 405P   3787
3.45335883142E1,4.303147042784E0,-3.600376744579E0,                  405P   3788
2.846434325835E1,3.646386686249E0,4.029627890237E-1,                 405P   3789
3.451235094639E1,4.303720824079E0,-3.617971649598E0;                 405P   3790
504,202,                                                             407P   3791
     1,   405,     1,   405,     2,                                  407P   3792
     3,   405,     1,   405,     3,                                  407P   3793
     5,   405,     4,   405,     3,                                  407P   3794
     7,   405,     4,   405,     2,                                  407P   3795
     9,   405,     5,   405,     6,                                  407P   3796
    11,   405,     5,   405,     7,                                  407P   3797
    13,   405,     8,   405,     7,                                  407P   3798
    15,   405,     8,   405,     6,                                  407P   3799
    17,   405,     9,   405,    10,                                  407P   3800
    19,   405,    10,   405,    11,                                  407P   3801
    21,   405,    11,   405,    12,                                  407P   3802
    23,   405,    13,   405,    12,                                  407P   3803
    25,   405,    13,   405,     9,                                  407P   3804
    27,   405,    14,   405,    15,                                  407P   3805
    29,   405,    15,   405,    16,                                  407P   3806
    31,   405,    16,   405,    17,                                  407P   3807
    33,   405,    17,   405,    14,                                  407P   3808
    35,   405,     3,   405,    15,                                  407P   3809
    37,   405,     1,   405,    14,                                  407P   3810
    39,   405,     4,   405,    16,                                  407P   3811
    41,   405,     2,   405,    17,                                  407P   3812
    43,   405,    18,   405,    19,                                  407P   3813
    45,   405,    20,   405,    19,                                  407P   3814
    47,   405,    21,   405,    20,                                  407P   3815
    49,   405,    22,   405,    21,                                  407P   3816
    51,   405,    22,   405,    18,                                  407P   3817
    53,   405,    19,   405,    23,                                  407P   3818
    55,   405,    24,   405,    23,                                  407P   3819
    57,   405,    18,   405,    24,                                  407P   3820
    59,   405,    25,   405,    23,                                  407P   3821
    61,   405,    20,   405,    25,                                  407P   3822
    63,   405,    26,   405,    25,                                  407P   3823
    65,   405,    27,   405,    26,                                  407P   3824
    67,   405,    27,   405,    24,                                  407P   3825
    69,   405,    28,   405,    29,                                  407P   3826
    71,   405,    28,   405,    30,                                  407P   3827
    73,   405,    31,   405,    30,                                  407P   3828
    75,   405,    29,   405,    31,                                  407P   3829
    77,   405,    29,   405,    27,                                  407P   3830
    79,   405,    32,   405,    28,                                  407P   3831
    81,   405,    32,   405,     5,                                  407P   3832
    83,   405,    22,   405,     7,                                  407P   3833
    85,   405,    33,   405,    34,                                  407P   3834
    87,   405,    34,   405,    35,                                  407P   3835
    89,   405,    36,   405,    35,                                  407P   3836
    91,   405,    33,   405,    36,                                  407P   3837
    93,   405,    37,   405,    38,                                  407P   3838
    95,   405,    37,   405,    39,                                  407P   3839
    97,   405,    39,   405,    40,                                  407P   3840
    99,   405,    38,   405,    40,                                  407P   3841
   101,   405,    41,   405,    42,                                  407P   3842
   103,   405,    41,   405,    43,                                  407P   3843
   105,   405,    43,   405,    44,                                  407P   3844
   107,   405,    42,   405,    44,                                  407P   3845
   109,   405,    45,   405,    46,                                  407P   3846
   111,   405,    45,   405,    47,                                  407P   3847
   113,   405,    47,   405,    48,                                  407P   3848
   115,   405,    46,   405,    48,                                  407P   3849
   117,   405,    49,   405,    50,                                  407P   3850
   119,   405,    51,   405,    49,                                  407P   3851
   121,   405,    51,   405,    52,                                  407P   3852
   123,   405,    52,   405,    50,                                  407P   3853
   125,   405,    30,   405,    53,                                  407P   3854
   127,   405,    54,   405,    53,                                  407P   3855
   129,   405,    32,   405,    54,                                  407P   3856
   131,   405,    21,   405,     8,                                  407P   3857
   133,   405,    53,   405,     6,                                  407P   3858
   135,   405,    31,   405,    26,                                  407P   3859
   137,   405,    55,   405,    56,                                  407P   3860
   139,   405,    55,   405,    57,                                  407P   3861
   141,   405,    57,   405,    58,                                  407P   3862
   143,   405,    58,   405,    59,                                  407P   3863
   145,   405,    59,   405,    56,                                  407P   3864
   147,   405,     9,   405,    57,                                  407P   3865
   149,   405,    10,   405,    58,                                  407P   3866
   151,   405,    11,   405,    59,                                  407P   3867
   153,   405,    12,   405,    56,                                  407P   3868
   155,   405,    13,   405,    55,                                  407P   3869
   157,   405,    60,   405,    61,                                  407P   3870
   159,   405,    60,   405,    62,                                  407P   3871
   161,   405,    62,   405,    63,                                  407P   3872
   163,   405,    63,   405,    61,                                  407P   3873
   165,   405,    64,   405,    65,                                  407P   3874
   167,   405,    64,   405,    66,                                  407P   3875
   169,   405,    66,   405,    67,                                  407P   3876
   171,   405,    65,   405,    67,                                  407P   3877
   173,   405,    68,   405,    69,                                  407P   3878
   175,   405,    68,   405,    70,                                  407P   3879
   177,   405,    70,   405,    71,                                  407P   3880
   179,   405,    69,   405,    71,                                  407P   3881
   181,   405,    72,   405,    73,                                  407P   3882
   183,   405,    72,   405,    74,                                  407P   3883
   185,   405,    74,   405,    75,                                  407P   3884
   187,   405,    75,   405,    73,                                  407P   3885
   189,   405,    76,   405,    77,                                  407P   3886
   191,   405,    76,   405,    78,                                  407P   3887
   193,   405,    78,   405,    79,                                  407P   3888
   195,   405,    79,   405,    77,                                  407P   3889
   197,   405,    80,   405,    60,                                  407P   3890
   199,   405,    81,   405,    80,                                  407P   3891
   201,   405,    81,   405,    62,                                  407P   3892
   203,   405,    81,   405,    33,                                  407P   3893
   205,   405,    80,   405,    34,                                  407P   3894
   207,   405,    36,   405,    82,                                  407P   3895
   209,   405,    82,   405,    83,                                  407P   3896
   211,   405,    35,   405,    83,                                  407P   3897
   213,   405,    82,   405,    84,                                  407P   3898
   215,   405,    84,   405,    85,                                  407P   3899
   217,   405,    83,   405,    85,                                  407P   3900
   219,   405,    84,   405,    86,                                  407P   3901
   221,   405,    86,   405,    87,                                  407P   3902
   223,   405,    85,   405,    87,                                  407P   3903
   225,   405,    88,   405,    89,                                  407P   3904
   227,   405,    88,   405,    86,                                  407P   3905
   229,   405,    89,   405,    87,                                  407P   3906
   231,   405,    63,   405,    88,                                  407P   3907
   233,   405,    61,   405,    89,                                  407P   3908
   235,   405,    90,   405,    72,                                  407P   3909
   237,   405,    91,   405,    90,                                  407P   3910
   239,   405,    91,   405,    74,                                  407P   3911
   241,   405,    91,   405,    37,                                  407P   3912
   243,   405,    90,   405,    39,                                  407P   3913
   245,   405,    38,   405,    92,                                  407P   3914
   247,   405,    92,   405,    93,                                  407P   3915
   249,   405,    40,   405,    93,                                  407P   3916
   251,   405,    92,   405,    94,                                  407P   3917
   253,   405,    94,   405,    95,                                  407P   3918
   255,   405,    93,   405,    95,                                  407P   3919
   257,   405,    94,   405,    96,                                  407P   3920
   259,   405,    96,   405,    97,                                  407P   3921
   261,   405,    95,   405,    97,                                  407P   3922
   263,   405,    98,   405,    99,                                  407P   3923
   265,   405,    98,   405,    96,                                  407P   3924
   267,   405,    99,   405,    97,                                  407P   3925
   269,   405,    75,   405,    98,                                  407P   3926
   271,   405,    73,   405,    99,                                  407P   3927
   273,   405,   100,   405,    76,                                  407P   3928
   275,   405,   101,   405,   100,                                  407P   3929
   277,   405,   101,   405,    78,                                  407P   3930
   279,   405,   101,   405,    41,                                  407P   3931
   281,   405,   100,   405,    43,                                  407P   3932
   283,   405,    42,   405,   102,                                  407P   3933
   285,   405,   102,   405,   103,                                  407P   3934
   287,   405,    44,   405,   103,                                  407P   3935
   289,   405,   102,   405,   104,                                  407P   3936
   291,   405,   104,   405,   105,                                  407P   3937
   293,   405,   103,   405,   105,                                  407P   3938
   295,   405,   104,   405,   106,                                  407P   3939
   297,   405,   106,   405,   107,                                  407P   3940
   299,   405,   105,   405,   107,                                  407P   3941
   301,   405,   108,   405,   109,                                  407P   3942
   303,   405,   108,   405,   106,                                  407P   3943
   305,   405,   109,   405,   107,                                  407P   3944
   307,   405,    79,   405,   108,                                  407P   3945
   309,   405,    77,   405,   109,                                  407P   3946
   311,   405,   110,   405,    67,                                  407P   3947
   313,   405,   111,   405,   110,                                  407P   3948
   315,   405,   111,   405,    65,                                  407P   3949
   317,   405,   111,   405,    45,                                  407P   3950
   319,   405,   110,   405,    47,                                  407P   3951
   321,   405,    46,   405,   112,                                  407P   3952
   323,   405,   112,   405,   113,                                  407P   3953
   325,   405,    48,   405,   113,                                  407P   3954
   327,   405,   112,   405,   114,                                  407P   3955
   329,   405,   114,   405,   115,                                  407P   3956
   331,   405,   113,   405,   115,                                  407P   3957
   333,   405,   114,   405,   116,                                  407P   3958
   335,   405,   116,   405,   117,                                  407P   3959
   337,   405,   115,   405,   117,                                  407P   3960
   339,   405,   118,   405,   119,                                  407P   3961
   341,   405,   118,   405,   116,                                  407P   3962
   343,   405,   119,   405,   117,                                  407P   3963
   345,   405,    64,   405,   118,                                  407P   3964
   347,   405,    66,   405,   119,                                  407P   3965
   349,   405,   120,   405,   121,                                  407P   3966
   351,   405,   120,   405,    69,                                  407P   3967
   353,   405,   121,   405,    71,                                  407P   3968
   355,   405,   120,   405,    51,                                  407P   3969
   357,   405,   121,   405,    52,                                  407P   3970
   359,   405,    49,   405,   122,                                  407P   3971
   361,   405,   122,   405,   123,                                  407P   3972
   363,   405,    50,   405,   123,                                  407P   3973
   365,   405,   122,   405,   124,                                  407P   3974
   367,   405,   124,   405,   125,                                  407P   3975
   369,   405,   123,   405,   125,                                  407P   3976
   371,   405,   124,   405,   126,                                  407P   3977
   373,   405,   126,   405,   127,                                  407P   3978
   375,   405,   125,   405,   127,                                  407P   3979
   377,   405,   128,   405,   129,                                  407P   3980
   379,   405,   128,   405,   126,                                  407P   3981
   381,   405,   129,   405,   127,                                  407P   3982
   383,   405,    68,   405,   128,                                  407P   3983
   385,   405,    70,   405,   129,                                  407P   3984
   387,   405,   130,   405,   131,                                  407P   3985
   389,   405,   132,   405,   131,                                  407P   3986
   391,   405,   132,   405,   130,                                  407P   3987
   393,   405,   133,   405,   134,                                  407P   3988
   395,   405,   134,   405,   135,                                  407P   3989
   397,   405,   133,   405,   135,                                  407P   3990
   399,   405,   132,   405,   133,                                  407P   3991
   401,   405,   134,   405,   130,                                  407P   3992
   403,   405,   131,   405,   135;                                  407P   3993
314,8.235294342041E1,8.235294342041E1,1E2;                           409P   3994
406,1,8HSYMMETRY;                                                    411P   3995
128,1,1,1,1,0,0,1,0,0,0E0,0E0,7.2E3,7.2E3,0E0,0E0,7.2E3,7.2E3,       413P   3996
1E0,1E0,1E0,1E0,3.6E3,0E0,3.6E3,-3.6E3,0E0,3.6E3,3.6E3,0E0,          413P   3997
-3.6E3,-3.6E3,0E0,-3.6E3,0E0,7.2E3,0E0,7.2E3;                        413P   3998
508,4,                                                               415P   3999
0,407,1,1,0,0,407,4,0,0,                                             415P   4000
0,407,3,1,0,0,407,2,0,0;                                             415P   4001
508,4,                                                               417P   4002
0,407,5,1,0,0,407,8,0,0,                                             417P   4003
0,407,7,1,0,0,407,6,0,0;                                             417P   4004
508,5,                                                               419P   4005
0,407,9,0,0,0,407,13,0,0,                                            419P   4006
0,407,12,1,0,0,407,11,0,0,                                           419P   4007
0,407,10,0,0;                                                        419P   4008
510,413,3,1,415,417,419,                                             421P   4009
0,1,411;                                                             421P   4010
406,1,10HFREESTREAM;                                                 423P   4011
128,1,1,1,1,0,0,1,0,0,0E0,0E0,7.2E3,7.2E3,0E0,0E0,7.2E3,7.2E3,       425P   4012
1E0,1E0,1E0,1E0,3.6E3,3E3,-3.6E3,-3.6E3,3E3,-3.6E3,3.6E3,3E3,        425P   4013
3.6E3,-3.6E3,3E3,3.6E3,0E0,7.2E3,0E0,7.2E3;                          425P   4014
508,4,                                                               427P   4015
0,407,14,1,0,0,407,15,1,0,                                           427P   4016
0,407,16,1,0,0,407,17,1,0;                                           427P   4017
510,425,1,1,427,                                                     429P   4018
0,1,423;                                                             429P   4019
406,1,10HFREESTREAM;                                                 431P   4020
128,1,1,1,1,0,0,1,0,0,0E0,0E0,7.2E3,7.2E3,0E0,0E0,3.6E3,3.6E3,       433P   4021
1E0,1E0,1E0,1E0,3E3,-3E2,3.6E3,3E3,-3E2,-3.6E3,3E3,3.3E3,3.6E3,      433P   4022
3E3,3.3E3,-3.6E3,0E0,7.2E3,0E0,3.6E3;                                433P   4023
508,4,                                                               435P   4024
0,407,18,1,0,0,407,14,0,0,                                           435P   4025
0,407,19,0,0,0,407,2,1,0;                                            435P   4026
510,433,1,1,435,                                                     437P   4027
0,1,431;                                                             437P   4028
406,1,10HFREESTREAM;                                                 439P   4029
128,1,1,1,1,0,0,1,0,0,0E0,0E0,3.6E3,3.6E3,0E0,0E0,7.2E3,7.2E3,       441P   4030
1E0,1E0,1E0,1E0,3.6E3,3.3E3,-3E3,3.6E3,-3E2,-3E3,-3.6E3,3.3E3,       441P   4031
-3E3,-3.6E3,-3E2,-3E3,0E0,3.6E3,0E0,7.2E3;                           441P   4032
508,4,                                                               443P   4033
0,407,3,0,0,0,407,20,1,0,                                            443P   4034
0,407,15,0,0,0,407,18,0,0;                                           443P   4035
510,441,1,1,443,                                                     445P   4036
0,1,439;                                                             445P   4037
406,1,10HFREESTREAM;                                                 447P   4038
128,1,1,1,1,0,0,1,0,0,0E0,0E0,7.2E3,7.2E3,0E0,0E0,3.6E3,3.6E3,       449P   4039
1E0,1E0,1E0,1E0,-3E3,-3E2,-3.6E3,-3E3,-3E2,3.6E3,-3E3,3.3E3,         449P   4040
-3.6E3,-3E3,3.3E3,3.6E3,0E0,7.2E3,0E0,3.6E3;                         449P   4041
508,4,                                                               451P   4042
0,407,21,1,0,0,407,16,0,0,                                           451P   4043
0,407,20,0,0,0,407,4,1,0;                                            451P   4044
510,449,1,1,451,                                                     453P   4045
0,1,447;                                                             453P   4046
406,1,10HFREESTREAM;                                                 455P   4047
128,1,1,1,1,0,0,1,0,0,0E0,0E0,3.6E3,3.6E3,0E0,0E0,7.2E3,7.2E3,       457P   4048
1E0,1E0,1E0,1E0,-3.6E3,3.3E3,3E3,-3.6E3,-3E2,3E3,3.6E3,3.3E3,        457P   4049
3E3,3.6E3,-3E2,3E3,0E0,3.6E3,0E0,7.2E3;                              457P   4050
508,4,                                                               459P   4051
0,407,1,0,0,0,407,19,1,0,                                            459P   4052
0,407,17,0,0,0,407,21,0,0;                                           459P   4053
510,457,1,1,459,                                                     461P   4054
0,1,455;                                                             461P   4055
406,1,9HFLAP_COVE;                                                   463P   4056
128,1,1,1,1,0,0,1,0,0,0E0,0E0,1E0,1E0,0E0,0E0,9.009731530809E0,      465P   4057
9.009731530809E0,1E0,1E0,1E0,1E0,3.348741022648E1,                   465P   4058
3.599999995712E0,-9.452471222173E-2,3.343653295842E1,                465P   4059
3.599999994325E0,1.180131121335E0,2.44848471413E1,                   465P   4060
3.600000019485E0,-4.538576421633E-1,2.443396987324E1,                465P   4061
3.600000018098E0,8.207981913938E-1,0E0,1E0,0E0,9.009731530809E0;     465P   4062
508,5,                                                               467P   4063
0,407,22,0,0,0,407,26,0,0,                                           467P   4064
0,407,25,1,0,0,407,24,1,0,                                           467P   4065
0,407,23,1,0;                                                        467P   4066
510,465,1,1,467,                                                     469P   4067
0,1,463;                                                             469P   4068
406,1,9HFLAP_COVE;                                                   471P   4069
128,17,5,5,5,0,0,1,0,0,0E0,0E0,0E0,0E0,0E0,0E0,                      473P   4070
6.532661049402E-1,7.349243680577E-1,7.349243680577E-1,               473P   4071
8.165826311753E-1,8.165826311753E-1,9.798991574103E-1,               473P   4072
9.798991574103E-1,4.572862734578E0,4.736179260813E0,                 473P   4073
4.736179260813E0,4.81783752393E0,4.899495787047E0,                   473P   4074
5.226128839515E0,5.226128839515E0,5.226128839515E0,                  473P   4075
5.226128839515E0,5.226128839515E0,5.226128839515E0,                  473P   4076
2.487241255731E0,2.487241255731E0,2.487241255731E0,                  473P   4077
2.487241255731E0,2.487241255731E0,2.487241255731E0,                  473P   4078
4.721691699348E1,4.721691699348E1,4.721691699348E1,                  473P   4079
4.721691699348E1,4.721691699348E1,4.721691699348E1,1E0,1E0,1E0,      473P   4080
1E0,1E0,1E0,1E0,1E0,1E0,1E0,1E0,1E0,1E0,1E0,1E0,1E0,1E0,1E0,1E0,     473P   4081
1E0,1E0,1E0,1E0,1E0,1E0,1E0,1E0,1E0,1E0,1E0,1E0,1E0,1E0,1E0,1E0,     473P   4082
1E0,1E0,1E0,1E0,1E0,1E0,1E0,1E0,1E0,1E0,1E0,1E0,1E0,1E0,1E0,1E0,     473P   4083
1E0,1E0,1E0,1E0,1E0,1E0,1E0,1E0,1E0,1E0,1E0,1E0,1E0,1E0,1E0,1E0,     473P   4084
1E0,1E0,1E0,1E0,1E0,1E0,1E0,1E0,1E0,1E0,1E0,1E0,1E0,1E0,1E0,1E0,     473P   4085
1E0,1E0,1E0,1E0,1E0,1E0,1E0,1E0,1E0,1E0,1E0,1E0,1E0,1E0,1E0,1E0,     473P   4086
1E0,1E0,1E0,1E0,1E0,1E0,1E0,1E0,1E0,2.400318038427E1,                473P   4087
1.981619992974E0,-3.176903319457E-1,2.400316197828E1,                473P   4088
1.981619992974E0,-2.500176645768E-1,2.400325460931E1,                473P   4089
1.981619992974E0,-1.739190939785E-1,2.400306802966E1,                473P   4090
1.981619992974E0,-9.773878451362E-2,2.400327656186E1,                473P   4091
1.981619992974E0,-1.321573078777E-2,2.400313812423E1,                473P   4092
1.981619992974E0,7.140889039965E-2,2.400334685864E1,                 473P   4093
1.981619992974E0,1.051815169743E-1,2.400617873006E1,                 473P   4094
1.981619992974E0,1.29718107717E-1,2.408086442998E1,                  473P   4095
1.981619992974E0,5.049844298287E-1,2.466842399167E1,                 473P   4096
1.981619992974E0,7.325494829892E-1,2.5528351331E1,                   473P   4097
1.981619992974E0,8.361381843188E-1,2.638204580954E1,                 473P   4098
1.981619992974E0,8.567740033765E-1,2.701091919695E1,                 473P   4099
1.981619992974E0,8.311312826884E-1,2.711181102653E1,                 473P   4100
1.981619992974E0,8.261896708482E-1,2.718831281989E1,                 473P   4101
1.981619992974E0,8.226315278065E-1,2.726400523825E1,                 473P   4102
1.981619992974E0,8.189283639208E-1,2.732751747097E1,                 473P   4103
1.981619992974E0,8.159207775212E-1,2.737818038427E1,                 473P   4104
1.981619992974E0,8.134881708762E-1,2.940971431088E1,                 473P   4105
9.108971995271E0,-3.176903319457E-1,2.940969590488E1,                473P   4106
9.108971995271E0,-2.500176645768E-1,2.940978853591E1,                473P   4107
9.108971995271E0,-1.739190939785E-1,2.940960195626E1,                473P   4108
9.10897199527E0,-9.773878451362E-2,2.940981048846E1,                 473P   4109
9.108971995271E0,-1.321573078777E-2,2.940967205084E1,                473P   4110
9.108971995271E0,7.140889039965E-2,2.940988078525E1,                 473P   4111
9.108971995271E0,1.051815169743E-1,2.941271265666E1,                 473P   4112
9.108971995271E0,1.29718107717E-1,2.948739835658E1,                  473P   4113
9.108971995271E0,5.049844298287E-1,3.007495791827E1,                 473P   4114
9.108971995271E0,7.325494829892E-1,3.09348852576E1,                  473P   4115
9.108971995271E0,8.361381843188E-1,3.178857973614E1,                 473P   4116
9.108971995271E0,8.567740033765E-1,3.241745312356E1,                 473P   4117
9.108971995271E0,8.311312826884E-1,3.251834495314E1,                 473P   4118
9.108971995271E0,8.261896708482E-1,3.259484674649E1,                 473P   4119
9.108971995271E0,8.226315278065E-1,3.267053916485E1,                 473P   4120
9.108971995271E0,8.189283639208E-1,3.273405139757E1,                 473P   4121
9.108971995271E0,8.159207775212E-1,3.278471431088E1,                 473P   4122
9.108971995271E0,8.134881708762E-1,3.481624823748E1,                 473P   4123
1.623632399757E1,-3.176903319457E-1,3.481622983149E1,                473P   4124
1.623632399757E1,-2.500176645768E-1,3.481632246252E1,                473P   4125
1.623632399757E1,-1.739190939785E-1,3.481613588286E1,                473P   4126
1.623632399757E1,-9.773878451362E-2,3.481634441506E1,                473P   4127
1.623632399757E1,-1.321573078777E-2,3.481620597744E1,                473P   4128
1.623632399757E1,7.140889039965E-2,3.481641471185E1,                 473P   4129
1.623632399757E1,1.051815169743E-1,3.481924658327E1,                 473P   4130
1.623632399757E1,1.29718107717E-1,3.489393228319E1,                  473P   4131
1.623632399757E1,5.049844298287E-1,3.548149184488E1,                 473P   4132
1.623632399757E1,7.325494829892E-1,3.63414191842E1,                  473P   4133
1.623632399757E1,8.361381843188E-1,3.719511366275E1,                 473P   4134
1.623632399757E1,8.567740033765E-1,3.782398705016E1,                 473P   4135
1.623632399757E1,8.311312826884E-1,3.792487887974E1,                 473P   4136
1.623632399757E1,8.261896708482E-1,3.80013806731E1,                  473P   4137
1.623632399757E1,8.226315278065E-1,3.807707309146E1,                 473P   4138
1.623632399757E1,8.189283639208E-1,3.814058532418E1,                 473P   4139
1.623632399757E1,8.159207775212E-1,3.819124823748E1,                 473P   4140
1.623632399757E1,8.134881708762E-1,4.022278216409E1,                 473P   4141
2.336367599986E1,-3.176903319457E-1,4.022276375809E1,                473P   4142
2.336367599986E1,-2.500176645768E-1,4.022285638912E1,                473P   4143
2.336367599986E1,-1.739190939785E-1,4.022266980947E1,                473P   4144
2.336367599986E1,-9.773878451362E-2,4.022287834167E1,                473P   4145
2.336367599986E1,-1.321573078777E-2,4.022273990405E1,                473P   4146
2.336367599986E1,7.140889039965E-2,4.022294863846E1,                 473P   4147
2.336367599986E1,1.051815169743E-1,4.022578050987E1,                 473P   4148
2.336367599986E1,1.29718107717E-1,4.030046620979E1,                  473P   4149
2.336367599986E1,5.049844298287E-1,4.088802577148E1,                 473P   4150
2.336367599986E1,7.325494829892E-1,4.174795311081E1,                 473P   4151
2.336367599987E1,8.361381843188E-1,4.260164758935E1,                 473P   4152
2.336367599987E1,8.567740033765E-1,4.323052097676E1,                 473P   4153
2.336367599986E1,8.311312826884E-1,4.333141280635E1,                 473P   4154
2.336367599986E1,8.261896708482E-1,4.34079145997E1,                  473P   4155
2.336367599987E1,8.226315278065E-1,4.348360701806E1,                 473P   4156
2.336367599986E1,8.189283639208E-1,4.354711925078E1,                 473P   4157
2.336367599986E1,8.159207775212E-1,4.359778216409E1,                 473P   4158
2.336367599986E1,8.134881708762E-1,4.562931609069E1,                 473P   4159
3.049102800216E1,-3.176903319457E-1,4.56292976847E1,                 473P   4160
3.049102800216E1,-2.500176645768E-1,4.562939031573E1,                473P   4161
3.049102800216E1,-1.739190939785E-1,4.562920373607E1,                473P   4162
3.049102800216E1,-9.773878451362E-2,4.562941226827E1,                473P   4163
3.049102800216E1,-1.321573078777E-2,4.562927383065E1,                473P   4164
3.049102800216E1,7.140889039965E-2,4.562948256506E1,                 473P   4165
3.049102800216E1,1.051815169743E-1,4.563231443647E1,                 473P   4166
3.049102800216E1,1.29718107717E-1,4.57070001364E1,                   473P   4167
3.049102800216E1,5.049844298287E-1,4.629455969809E1,                 473P   4168
3.049102800216E1,7.325494829892E-1,4.715448703741E1,                 473P   4169
3.049102800216E1,8.361381843188E-1,4.800818151596E1,                 473P   4170
3.049102800216E1,8.567740033765E-1,4.863705490337E1,                 473P   4171
3.049102800216E1,8.311312826884E-1,4.873794673295E1,                 473P   4172
3.049102800216E1,8.261896708482E-1,4.881444852631E1,                 473P   4173
3.049102800216E1,8.226315278065E-1,4.889014094467E1,                 473P   4174
3.049102800216E1,8.189283639208E-1,4.895365317739E1,                 473P   4175
3.049102800216E1,8.159207775212E-1,4.900431609069E1,                 473P   4176
3.049102800216E1,8.134881708762E-1,5.103585001729E1,                 473P   4177
3.761838000446E1,-3.176903319457E-1,5.10358316113E1,                 473P   4178
3.761838000446E1,-2.500176645768E-1,5.103592424233E1,                473P   4179
3.761838000446E1,-1.739190939785E-1,5.103573766268E1,                473P   4180
3.761838000446E1,-9.773878451362E-2,5.103594619488E1,                473P   4181
3.761838000446E1,-1.321573078777E-2,5.103580775726E1,                473P   4182
3.761838000446E1,7.140889039965E-2,5.103601649167E1,                 473P   4183
3.761838000446E1,1.051815169743E-1,5.103884836308E1,                 473P   4184
3.761838000446E1,1.29718107717E-1,5.1113534063E1,                    473P   4185
3.761838000446E1,5.049844298287E-1,5.170109362469E1,                 473P   4186
3.761838000446E1,7.325494829892E-1,5.256102096402E1,                 473P   4187
3.761838000446E1,8.361381843188E-1,5.341471544256E1,                 473P   4188
3.761838000446E1,8.567740033765E-1,5.404358882997E1,                 473P   4189
3.761838000446E1,8.311312826884E-1,5.414448065956E1,                 473P   4190
3.761838000446E1,8.261896708482E-1,5.422098245291E1,                 473P   4191
3.761838000446E1,8.226315278065E-1,5.429667487127E1,                 473P   4192
3.761838000446E1,8.189283639208E-1,5.436018710399E1,                 473P   4193
3.761838000446E1,8.159207775212E-1,5.441085001729E1,                 473P   4194
3.761838000446E1,8.134881708762E-1,0E0,5.226128839515E0,             473P   4195
2.487241255731E0,4.721691699348E1;                                   473P   4196
508,4,                                                               475P   4197
0,407,22,1,0,0,407,27,1,0,                                           475P   4198
0,407,28,0,0,0,407,29,0,0;                                           475P   4199
510,473,1,1,475,                                                     477P   4200
0,1,471;                                                             477P   4201
406,1,9HFLAP_COVE;                                                   479P   4202
128,1,1,1,1,0,0,1,0,0,0E0,0E0,4.408796169539E-2,                     481P   4203
4.408796169539E-2,0E0,0E0,4.880044627923E1,4.880044627923E1,1E0,     481P   4204
1E0,1E0,1E0,2.614808210032E1,3.600000075759E-1,                      481P   4205
8.098141740682E-1,2.614808210032E1,3.600000075759E-1,                481P   4206
8.539021357636E-1,5.564094831167E1,3.924000000361E1,                 481P   4207
8.098141740682E-1,5.564094831167E1,3.924000000361E1,                 481P   4208
8.539021357636E-1,0E0,4.408796169539E-2,0E0,4.880044627923E1;        481P   4209
508,4,                                                               483P   4210
0,407,23,0,0,0,407,31,1,0,                                           483P   4211
0,407,30,1,0,0,407,27,0,0;                                           483P   4212
510,481,1,1,483,                                                     485P   4213
0,1,479;                                                             485P   4214
406,1,9HFLAP_COVE;                                                   487P   4215
128,1,1,1,1,0,0,1,0,0,0E0,0E0,9.009733055503E0,9.009733055503E0,     489P   4216
0E0,0E0,1E0,1E0,1E0,1E0,1E0,1E0,5.806479986324E1,                    489P   4217
3.600000141723E1,-9.452458003595E-2,4.906223546209E1,                489P   4218
3.599999971777E1,-4.538627696034E-1,5.801392171034E1,                489P   4219
3.600000083834E1,1.180134950697E0,4.901135730919E1,                  489P   4220
3.599999913888E1,8.207967611299E-1,0E0,9.009733055503E0,0E0,1E0;     489P   4221
508,5,                                                               491P   4222
0,407,28,1,0,0,407,30,0,0,                                           491P   4223
0,407,32,0,0,0,407,33,0,0,                                           491P   4224
0,407,34,1,0;                                                        491P   4225
510,489,1,1,491,                                                     493P   4226
0,1,487;                                                             493P   4227
406,1,4HWING;                                                        495P   4228
128,3,35,3,5,0,0,1,0,0,0E0,0E0,0E0,0E0,5.686771517963E0,             497P   4229
5.686771517963E0,5.686771517963E0,5.686771517963E0,0E0,0E0,0E0,      497P   4230
0E0,0E0,0E0,7.281870368912E-1,7.281870368912E-1,                     497P   4231
7.281870368912E-1,1.694944871058E0,1.694944871058E0,                 497P   4232
1.694944871058E0,3.165698569671E0,3.165698569671E0,                  497P   4233
3.165698569671E0,4.793317518935E0,4.793317518935E0,                  497P   4234
4.793317518935E0,7.844934398145E0,7.844934398145E0,                  497P   4235
7.844934398145E0,1.149351093892E1,1.149351093892E1,                  497P   4236
1.149351093892E1,1.510410471877E1,1.510410471877E1,                  497P   4237
1.510410471877E1,1.78273590418E1,1.78273590418E1,                    497P   4238
1.78273590418E1,2.161323815485E1,2.161323815485E1,                   497P   4239
2.161323815485E1,2.314988022085E1,2.314988022085E1,                  497P   4240
2.314988022085E1,2.418275059259E1,2.418275059259E1,                  497P   4241
2.418275059259E1,2.418275059259E1,2.418275059259E1,                  497P   4242
2.418275059259E1,1E0,1E0,1E0,1E0,1E0,1E0,1E0,1E0,1E0,1E0,1E0,        497P   4243
1E0,1E0,1E0,1E0,1E0,1E0,1E0,1E0,1E0,1E0,1E0,1E0,1E0,1E0,1E0,1E0,     497P   4244
1E0,1E0,1E0,1E0,1E0,1E0,1E0,1E0,1E0,1E0,1E0,1E0,1E0,1E0,1E0,1E0,     497P   4245
1E0,1E0,1E0,1E0,1E0,1E0,1E0,1E0,1E0,1E0,1E0,1E0,1E0,1E0,1E0,1E0,     497P   4246
1E0,1E0,1E0,1E0,1E0,1E0,1E0,1E0,1E0,1E0,1E0,1E0,1E0,1E0,1E0,1E0,     497P   4247
1E0,1E0,1E0,1E0,1E0,1E0,1E0,1E0,1E0,1E0,1E0,1E0,1E0,1E0,1E0,1E0,     497P   4248
1E0,1E0,1E0,1E0,1E0,1E0,1E0,1E0,1E0,1E0,1E0,1E0,1E0,1E0,1E0,1E0,     497P   4249
1E0,1E0,1E0,1E0,1E0,1E0,1E0,1E0,1E0,1E0,1E0,1E0,1E0,1E0,1E0,1E0,     497P   4250
1E0,1E0,1E0,1E0,1E0,1E0,1E0,1E0,1E0,1E0,1E0,1E0,1E0,1E0,1E0,1E0,     497P   4251
1E0,1E0,1E0,1E0,1E0,8.461574417794E1,7.2E1,-1.835998960842E-2,       497P   4252
8.463053671461E1,7.201950077763E1,-1.835998960842E-2,                497P   4253
8.463188618969E1,7.201950077763E1,1.835998960842E-2,                 497P   4254
8.461709365302E1,7.2E1,1.835998960842E-2,8.447652926786E1,           497P   4255
7.199999999999E1,2.360350699711E-2,8.449767089374E1,                 497P   4256
7.20268468332E1,2.336940017395E-2,8.450384616966E1,                  497P   4257
7.202672438105E1,7.427481397988E-2,8.448254311719E1,7.2E1,           497P   4258
7.470655940306E-2,8.433581113219E1,7.199999999998E1,                 497P   4259
6.058005494837E-2,8.436376038296E1,7.20350800154E1,                  497P   4260
6.02371667145E-2,8.43745699252E1,7.203480847419E1,                   497P   4261
1.262987875467E-1,8.434629846383E1,7.2E1,1.270078216522E-1,          497P   4262
8.419665342048E1,7.2E1,9.038859670564E-2,8.423138620829E1,           497P   4263
7.204354728256E1,9.004718161136E-2,8.424640709678E1,                 497P   4264
7.204307150925E1,1.718861712275E-1,8.421109605514E1,                 497P   4265
7.200000000008E1,1.727612413111E-1,8.386319740303E1,7.2E1,           497P   4266
1.491564548546E-1,8.391432590341E1,7.206503092113E1,                 497P   4267
1.4893306257E-1,8.393840904426E1,7.206403366809E1,                   497P   4268
2.702238889692E-1,8.388604900846E1,7.199999999989E1,                 497P   4269
2.712442225166E-1,8.352632218727E1,7.2E1,1.843956956376E-1,          497P   4270
8.359467095185E1,7.208945051009E1,1.843896820465E-1,                 497P   4271
8.362618221812E1,7.208784777044E1,3.50029374742E-1,                  497P   4272
8.355579314575E1,7.200000000014E1,3.508746645074E-1,                 497P   4273
8.333397028277E1,7.200000000014E1,1.987515522661E-1,                 497P   4274
8.341251383047E1,7.210441819437E1,1.988372253656E-1,                 497P   4275
8.344789435388E1,7.210244896608E1,3.915474257839E-1,                 497P   4276
8.336680432264E1,7.2E1,3.922489235457E-1,8.284777934848E1,           497P   4277
7.199999999978E1,2.234290334264E-1,8.29528309667E1,                  497P   4278
7.214458979152E1,2.236448496896E-1,8.299709769735E1,                 497P   4279
7.214166876164E1,4.886998068133E-1,8.288814403201E1,7.2E1,           497P   4280
4.889249075037E-1,8.236083016895E1,7.200000000033E1,                 497P   4281
2.229900893541E-1,8.249457914109E1,7.219132165266E1,                 497P   4282
2.229518857642E-1,8.254593322829E1,7.218736515157E1,                 497P   4283
5.714165509039E-1,8.240670064431E1,7.2E1,5.708974124921E-1,          497P   4284
8.206864357023E1,7.2E1,2.157936388754E-1,8.222044969517E1,           497P   4285
7.222191046316E1,2.154003289205E-1,8.227555089478E1,                 497P   4286
7.221730321176E1,6.182142796228E-1,8.211722700045E1,                 497P   4287
7.200000000066E1,6.171517458683E-1,8.145051084436E1,7.2E1,           497P   4288
1.879640093779E-1,8.164189104373E1,7.229172267182E1,                 497P   4289
1.862820085118E-1,8.170375324703E1,7.228573667312E1,                 497P   4290
7.126526407869E-1,8.150355708994E1,7.199999999927E1,                 497P   4291
7.101966241088E-1,8.083371108425E1,7.2E1,1.385413988792E-1,          497P   4292
8.106674131239E1,7.23713866612E1,1.344129026648E-1,                  497P   4293
8.113307970058E1,7.236413008736E1,8.007494546058E-1,                 497P   4294
8.088887177571E1,7.200000000081E1,7.962901672702E-1,                 497P   4295
8.051002554755E1,7.200000000041E1,1.081049377222E-1,                 497P   4296
8.076525814544E1,7.241569239908E1,1.023641614362E-1,                 497P   4297
8.083336487953E1,7.240783350073E1,8.462706926359E-1,                 497P   4298
8.056574914622E1,7.2E1,8.405547260712E-1,7.95807219883E1,            497P   4299
7.199999999924E1,1.098632957677E-2,7.989969261655E1,                 497P   4300
7.254891723598E1,-2.745830511474E-4,7.997147653601E1,                497P   4301
7.253953028158E1,9.758440185734E-1,7.963680973518E1,7.2E1,           497P   4302
9.659288750645E-1,7.865383674911E1,7.200000000143E1,                 497P   4303
-1.075937001989E-1,7.903346111978E1,7.269496567491E1,                497P   4304
-1.267505789977E-1,7.910515698017E1,7.268464495555E1,                497P   4305
1.100116315397E0,7.870701494916E1,7.2E1,1.08482104945E0,             497P   4306
7.806434859942E1,7.2E1,-1.872255340691E-1,7.847917970208E1,          497P   4307
7.279018358395E1,-2.122565591997E-1,7.854947758834E1,                497P   4308
7.27795293566E1,1.175875950722E0,7.811458890733E1,7.2E1,             497P   4309
1.157024821392E0,7.673906082909E1,7.2E1,-3.703075017295E-1,          497P   4310
7.722223807767E1,7.3002363578E1,-4.09130655445E-1,                   497P   4311
7.728637267884E1,7.299163847369E1,1.331318236372E0,                  497P   4312
7.678055880415E1,7.2E1,1.305658214647E0,7.54132692727E1,7.2E1,       497P   4313
-5.497052752224E-1,7.593760374056E1,7.319992926114E1,                497P   4314
-6.007142391031E-1,7.599080426904E1,7.319032880043E1,                497P   4315
1.450115691183E0,7.544324319267E1,7.2E1,1.421481613369E0,            497P   4316
7.469081590684E1,7.2E1,-6.421621791107E-1,7.522830568818E1,          497P   4317
7.329941423405E1,-6.983986082233E-1,7.527475990959E1,                497P   4318
7.329067202723E1,1.502207247131E0,7.471431575773E1,7.2E1,            497P   4319
1.473522452898E0,7.325105082066E1,7.2E1,-8.107441280758E-1,          497P   4320
7.379719930469E1,7.347810619799E1,-8.731251524574E-1,                497P   4321
7.383029638394E1,7.347112552713E1,1.583717260677E0,                  497P   4322
7.326246894748E1,7.2E1,1.557471641107E0,7.180773125125E1,7.2E1,      497P   4323
-9.452639001214E-1,7.233174978594E1,7.361751620981E1,                497P   4324
-1.006293440471E0,7.235266151105E1,7.36121385706E1,                  497P   4325
1.629235597535E0,7.180909150683E1,7.2E1,1.60843811271E0,             497P   4326
7.108872594527E1,7.2E1,-1.002949922173E0,7.159517169907E1,           497P   4327
7.367701983571E1,-1.061417992643E0,7.161060988926E1,                 497P   4328
7.367232800251E1,1.644780809399E0,7.108573965223E1,                  497P   4329
7.2000000002E1,1.627193909697E0,6.982680999652E1,7.2E1,              497P   4330
-1.088465055958E0,7.029309478335E1,7.376461197002E1,                 497P   4331
-1.140104261144E0,7.029978607807E1,7.376097713373E1,                 497P   4332
1.660998906138E0,6.981710470682E1,7.199999999849E1,                  497P   4333
1.650164409288E0,6.856341890974E1,7.2E1,-1.147578771071E0,           497P   4334
6.897634171071E1,7.382279976779E1,-1.188269625367E0,                 497P   4335
6.897550409895E1,7.381997572763E1,1.658163867652E0,                  497P   4336
6.854827900316E1,7.200000000113E1,1.656362880072E0,                  497P   4337
6.801991650608E1,7.200000000113E1,-1.16819780415E0,                  497P   4338
6.840789029182E1,7.384234982588E1,-1.203527815627E0,                 497P   4339
6.840401545063E1,7.383983386939E1,1.653466486068E0,                  497P   4340
6.800264449146E1,7.2E1,1.656038707961E0,6.672071717513E1,            497P   4341
7.199999999842E1,-1.206573392886E0,6.704529944229E1,                 497P   4342
7.387595886842E1,-1.227739881877E0,6.703452815147E1,                 497P   4343
7.387408891818E1,1.633665377006E0,6.66987192388E1,7.2E1,             497P   4344
1.647933549393E0,6.542096834643E1,7.20000000022E1,                   497P   4345
-1.219154153869E0,6.567542510395E1,7.387736751385E1,                 497P   4346
-1.223099949719E0,6.565855125494E1,7.387592313287E1,                 497P   4347
1.592430507846E0,6.539501507921E1,7.2E1,1.62152824851E0,             497P   4348
6.466635573194E1,7.20000000022E1,-1.218013943613E0,                  497P   4349
6.487891617671E1,7.386695303025E1,-1.211343586749E0,                 497P   4350
6.485871550641E1,7.386568169889E1,1.560830419676E0,                  497P   4351
6.463829979041E1,7.2E1,1.599578292677E0,6.360358809129E1,            497P   4352
7.199999999911E1,-1.204660067255E0,6.375696691984E1,                 497P   4353
7.383597127654E1,-1.181746440947E0,6.373239665846E1,                 497P   4354
7.383482671983E1,1.505210197688E0,6.357280459315E1,7.2E1,            497P   4355
1.558716176226E0,6.254124503503E1,7.200000000036E1,                  497P   4356
-1.173534997612E0,6.263753040514E1,7.37801085038E1,                  497P   4357
-1.13308763763E0,6.260912297816E1,7.377895434048E1,                  497P   4358
1.432921130564E0,6.250806530421E1,7.2E1,1.502316261422E0,            497P   4359
6.22333017629E1,7.200000000108E1,-1.162984351386E0,                  497P   4360
6.231329238039E1,7.376177523751E1,-1.117478252127E0,                 497P   4361
6.228380974135E1,7.376060853345E1,1.410627319084E0,                  497P   4362
6.219944711369E1,7.2E1,1.484614691618E0,6.172061051404E1,            497P   4363
7.199999999927E1,-1.142843034419E0,6.177403129044E1,                 497P   4364
7.372760136431E1,-1.088624108907E0,6.174286019538E1,                 497P   4365
7.372639576667E1,1.37094874495E0,6.168569274502E1,7.2E1,             497P   4366
1.45281885211E0,6.12081363547E1,7.200000000049E1,                    497P   4367
-1.118154847864E0,6.123618149901E1,7.368700681797E1,                 497P   4368
-1.05508966697E0,6.120345635089E1,7.368573462927E1,                  497P   4369
1.326957217742E0,6.117221373973E1,7.2E1,1.416863537105E0,            497P   4370
6.100215861672E1,7.200000000456E1,-1.107494393615E0,                 497P   4371
6.102022629207E1,7.366964118972E1,-1.040992050794E0,                 497P   4372
6.098690730776E1,7.366833400305E1,1.308582589002E0,                  497P   4373
6.096585241414E1,7.199999999794E1,1.401709806111E0,                  497P   4374
6.079623395013E1,7.199999999999E1,-1.096064579458E0,                 497P   4375
6.080457217396E1,7.365119024226E1,-1.026028179892E0,                 497P   4376
6.0770682908E1,7.364985072111E1,1.289536059549E0,                    497P   4377
6.075955239223E1,7.199999999995E1,1.385847628942E0,                  497P   4378
6.059035638215E1,7.2E1,-1.083841508961E0,6.058924578335E1,           497P   4379
7.363160650363E1,-1.010294168943E0,6.055481762521E1,                 497P   4380
7.36302248068E1,1.269646569507E0,6.055331400695E1,7.2E1,             497P   4381
1.369220892252E0,0E0,5.686771517963E0,0E0,2.418275059259E1;          497P   4382
508,4,                                                               499P   4383
0,407,35,1,0,0,407,38,1,0,                                           499P   4384
0,407,37,1,0,0,407,36,0,0;                                           499P   4385
510,497,1,1,499,                                                     501P   4386
0,1,495;                                                             501P   4387
406,1,4HWING;                                                        503P   4388
128,37,5,5,5,0,0,1,0,0,0E0,0E0,0E0,0E0,0E0,0E0,                      505P   4389
8.995454319913E-1,2.406653200611E0,2.406653200611E0,                 505P   4390
3.913760969231E0,5.42086873785E0,5.42086873785E0,                    505P   4391
6.17442262216E0,8.435084275089E0,8.435084275089E0,                   505P   4392
9.188638159398E0,9.942192043708E0,1.144929981233E1,                  505P   4393
1.144929981233E1,1.295640758095E1,1.446351534957E1,                  505P   4394
1.597062311818E1,1.74777308868E1,1.74777308868E1,                    505P   4395
1.898483865542E1,2.049194642404E1,2.199905419266E1,                  505P   4396
2.199905419266E1,2.350616196128E1,2.50132697299E1,                   505P   4397
2.50132697299E1,2.652037749852E1,2.652037749852E1,                   505P   4398
2.802748526714E1,2.953459303576E1,3.104170080438E1,                  505P   4399
3.254880857299E1,3.405591634161E1,3.556302411023E1,                  505P   4400
3.556302411023E1,3.556302411023E1,3.556302411023E1,                  505P   4401
3.556302411023E1,3.556302411023E1,4.518557616721E0,                  505P   4402
4.518557616721E0,4.518557616721E0,4.518557616721E0,                  505P   4403
4.518557616721E0,4.518557616721E0,9.488975666384E1,                  505P   4404
9.488975666384E1,9.488975666384E1,9.488975666384E1,                  505P   4405
9.488975666384E1,9.488975666384E1,1E0,1E0,1E0,1E0,1E0,1E0,1E0,       505P   4406
1E0,1E0,1E0,1E0,1E0,1E0,1E0,1E0,1E0,1E0,1E0,1E0,1E0,1E0,1E0,1E0,     505P   4407
1E0,1E0,1E0,1E0,1E0,1E0,1E0,1E0,1E0,1E0,1E0,1E0,1E0,1E0,1E0,1E0,     505P   4408
1E0,1E0,1E0,1E0,1E0,1E0,1E0,1E0,1E0,1E0,1E0,1E0,1E0,1E0,1E0,1E0,     505P   4409
1E0,1E0,1E0,1E0,1E0,1E0,1E0,1E0,1E0,1E0,1E0,1E0,1E0,1E0,1E0,1E0,     505P   4410
1E0,1E0,1E0,1E0,1E0,1E0,1E0,1E0,1E0,1E0,1E0,1E0,1E0,1E0,1E0,1E0,     505P   4411
1E0,1E0,1E0,1E0,1E0,1E0,1E0,1E0,1E0,1E0,1E0,1E0,1E0,1E0,1E0,1E0,     505P   4412
1E0,1E0,1E0,1E0,1E0,1E0,1E0,1E0,1E0,1E0,1E0,1E0,1E0,1E0,1E0,1E0,     505P   4413
1E0,1E0,1E0,1E0,1E0,1E0,1E0,1E0,1E0,1E0,1E0,1E0,1E0,1E0,1E0,1E0,     505P   4414
1E0,1E0,1E0,1E0,1E0,1E0,1E0,1E0,1E0,1E0,1E0,1E0,1E0,1E0,1E0,1E0,     505P   4415
1E0,1E0,1E0,1E0,1E0,1E0,1E0,1E0,1E0,1E0,1E0,1E0,1E0,1E0,1E0,1E0,     505P   4416
1E0,1E0,1E0,1E0,1E0,1E0,1E0,1E0,1E0,1E0,1E0,1E0,1E0,1E0,1E0,1E0,     505P   4417
1E0,1E0,1E0,1E0,1E0,1E0,1E0,1E0,1E0,1E0,1E0,1E0,1E0,1E0,1E0,1E0,     505P   4418
1E0,1E0,1E0,1E0,1E0,1E0,1E0,1E0,1E0,1E0,1E0,1E0,1E0,1E0,1E0,1E0,     505P   4419
1E0,1E0,1E0,1E0,1E0,1E0,1E0,1E0,1E0,1E0,1E0,1E0,1E0,                 505P   4420
1.880691954498E0,-1.77221794405E-6,-6.827129752062E-1,               505P   4421
1.966397145371E0,-1.77221794377E-6,-6.959634803237E-1,               505P   4422
2.202212817243E0,-1.772217940133E-6,-7.312004320159E-1,              505P   4423
2.455279048155E0,-1.772217933979E-6,-7.658822487138E-1,              505P   4424
2.894339561279E0,-1.77221792167E-6,-8.212966577856E-1,               505P   4425
3.561986669481E0,-1.772217977898E-6,-8.95216032596E-1,               505P   4426
4.173752579875E0,-1.772217885164E-6,-9.5304354074E-1,                505P   4427
4.707744425039E0,-1.772217923209E-6,-9.982216694155E-1,              505P   4428
5.609619143725E0,-1.772217861106E-6,-1.063686288672E0,               505P   4429
6.304970065462E0,-1.77221786796E-6,-1.104689769992E0,                505P   4430
6.879877996402E0,-1.772217787674E-6,-1.133950667404E0,               505P   4431
7.62040926651E0,-1.772217906285E-6,-1.164063174084E0,                505P   4432
8.52403924121E0,-1.772217788234E-6,-1.191175879179E0,                505P   4433
9.055135801231E0,-1.772217895514E-6,-1.202784292996E0,               505P   4434
9.880466934877E0,-1.772217826418E-6,-1.213991486738E0,               505P   4435
1.087615196028E1,-1.772217796906E-6,-1.217021897634E0,               505P   4436
1.204580444687E1,-1.772217813131E-6,-1.20556429919E0,                505P   4437
1.322326387881E1,-1.772217819005E-6,-1.178114742944E0,               505P   4438
1.437908675501E1,-1.772217785996E-6,-1.130136800636E0,               505P   4439
1.552988348493E1,-1.772217755364E-6,-1.066112062668E0,               505P   4440
1.666742640851E1,-1.772217866981E-6,-9.862164104652E-1,              505P   4441
1.77757882334E1,-1.772217774946E-6,-8.918756674032E-1,               505P   4442
1.85792285214E1,-1.772217842084E-6,-8.121477818317E-1,               505P   4443
1.970209780207E1,-1.772217828516E-6,-6.857734623117E-1,              505P   4444
2.089313663465E1,-1.772217797605E-6,-5.365572595247E-1,              505P   4445
2.179852868307E1,-1.772217823061E-6,-4.143805939845E-1,              505P   4446
2.267217794565E1,-1.772217810613E-6,-2.937415245383E-1,              505P   4447
2.348114484137E1,-1.772217838307E-6,-1.8322451233E-1,                505P   4448
2.424788322775E1,-1.772217832713E-6,-8.193513674913E-2,              505P   4449
2.498241650309E1,-1.772217822782E-6,1.06019038078E-2,                505P   4450
2.593903448158E1,-1.772217860407E-6,1.167007997952E-1,               505P   4451
2.689610285195E1,-1.772217815648E-6,2.025378409201E-1,               505P   4452
2.80201149442E1,-1.772217906704E-6,2.397335622892E-1,                505P   4453
2.892844860629E1,-1.772217855791E-6,1.967537558743E-1,               505P   4454
2.93985287898E1,-1.772217869079E-6,1.281547315295E-1,                505P   4455
2.9679533926E1,-1.772217940273E-6,7.065432957348E-2,                 505P   4456
2.988407692251E1,-1.772217904186E-6,1.636678624051E-2,               505P   4457
2.999932391812E1,-1.772217896633E-6,-1.835998960842E-2,              505P   4458
1.280397600647E1,1.439999858224E1,-6.827129752062E-1,                505P   4459
1.288968119735E1,1.439999858224E1,-6.959634803237E-1,                505P   4460
1.312549686922E1,1.439999858224E1,-7.312004320159E-1,                505P   4461
1.337856310013E1,1.439999858224E1,-7.658822487138E-1,                505P   4462
1.381762361325E1,1.439999858224E1,-8.212966577856E-1,                505P   4463
1.448527072145E1,1.439999858224E1,-8.95216032596E-1,                 505P   4464
1.509703663185E1,1.439999858224E1,-9.5304354074E-1,                  505P   4465
1.563102847701E1,1.439999858224E1,-9.982216694155E-1,                505P   4466
1.65329031957E1,1.439999858224E1,-1.063686288672E0,                  505P   4467
1.722825411744E1,1.439999858224E1,-1.104689769992E0,                 505P   4468
1.780316204838E1,1.439999858224E1,-1.133950667404E0,                 505P   4469
1.854369331848E1,1.439999858224E1,-1.164063174084E0,                 505P   4470
1.944732329318E1,1.439999858224E1,-1.191175879179E0,                 505P   4471
1.99784198532E1,1.439999858224E1,-1.202784292996E0,                  505P   4472
2.080375098685E1,1.439999858224E1,-1.213991486738E0,                 505P   4473
2.179943601225E1,1.439999858224E1,-1.217021897634E0,                 505P   4474
2.296908849884E1,1.439999858224E1,-1.20556429919E0,                  505P   4475
2.414654793078E1,1.439999858224E1,-1.178114742944E0,                 505P   4476
2.530237080698E1,1.439999858224E1,-1.130136800636E0,                 505P   4477
2.64531675369E1,1.439999858224E1,-1.066112062668E0,                  505P   4478
2.759071046048E1,1.439999858224E1,-9.862164104652E-1,                505P   4479
2.869907228537E1,1.439999858224E1,-8.918756674032E-1,                505P   4480
2.950251257338E1,1.439999858224E1,-8.121477818317E-1,                505P   4481
3.062538185404E1,1.439999858224E1,-6.857734623117E-1,                505P   4482
3.181642068662E1,1.439999858224E1,-5.365572595247E-1,                505P   4483
3.272181273505E1,1.439999858224E1,-4.143805939845E-1,                505P   4484
3.359546199762E1,1.439999858224E1,-2.937415245383E-1,                505P   4485
3.440442889334E1,1.439999858224E1,-1.8322451233E-1,                  505P   4486
3.517116727972E1,1.439999858224E1,-8.193513674913E-2,                505P   4487
3.590570055507E1,1.439999858224E1,1.06019038078E-2,                  505P   4488
3.686231853356E1,1.439999858224E1,1.167007997952E-1,                 505P   4489
3.781938690393E1,1.439999858224E1,2.025378409201E-1,                 505P   4490
3.894339899618E1,1.439999858224E1,2.397335622892E-1,                 505P   4491
3.985173265827E1,1.439999858224E1,1.967537558743E-1,                 505P   4492
4.032181284177E1,1.439999858224E1,1.281547315295E-1,                 505P   4493
4.060281797797E1,1.439999858224E1,7.065432957348E-2,                 505P   4494
4.080736097449E1,1.439999858224E1,1.636678624051E-2,                 505P   4495
4.09226079701E1,1.439999858224E1,-1.835998960842E-2,                 505P   4496
2.372726005845E1,2.87999989367E1,-6.827129752062E-1,                 505P   4497
2.381296524932E1,2.87999989367E1,-6.959634803237E-1,                 505P   4498
2.404878092119E1,2.87999989367E1,-7.312004320159E-1,                 505P   4499
2.43018471521E1,2.87999989367E1,-7.658822487138E-1,                  505P   4500
2.474090766523E1,2.87999989367E1,-8.212966577856E-1,                 505P   4501
2.540855477343E1,2.87999989367E1,-8.95216032596E-1,                  505P   4502
2.602032068382E1,2.87999989367E1,-9.5304354074E-1,                   505P   4503
2.655431252899E1,2.87999989367E1,-9.982216694155E-1,                 505P   4504
2.745618724767E1,2.87999989367E1,-1.063686288672E0,                  505P   4505
2.815153816941E1,2.87999989367E1,-1.104689769992E0,                  505P   4506
2.872644610035E1,2.87999989367E1,-1.133950667404E0,                  505P   4507
2.946697737046E1,2.87999989367E1,-1.164063174084E0,                  505P   4508
3.037060734516E1,2.87999989367E1,-1.191175879179E0,                  505P   4509
3.090170390518E1,2.87999989367E1,-1.202784292996E0,                  505P   4510
3.172703503883E1,2.87999989367E1,-1.213991486738E0,                  505P   4511
3.272272006422E1,2.87999989367E1,-1.217021897634E0,                  505P   4512
3.389237255082E1,2.87999989367E1,-1.20556429919E0,                   505P   4513
3.506983198276E1,2.87999989367E1,-1.178114742944E0,                  505P   4514
3.622565485895E1,2.87999989367E1,-1.130136800636E0,                  505P   4515
3.737645158888E1,2.87999989367E1,-1.066112062668E0,                  505P   4516
3.851399451246E1,2.87999989367E1,-9.862164104652E-1,                 505P   4517
3.962235633735E1,2.87999989367E1,-8.918756674032E-1,                 505P   4518
4.042579662535E1,2.87999989367E1,-8.121477818317E-1,                 505P   4519
4.154866590602E1,2.87999989367E1,-6.857734623117E-1,                 505P   4520
4.27397047386E1,2.87999989367E1,-5.365572595247E-1,                  505P   4521
4.364509678702E1,2.87999989367E1,-4.143805939845E-1,                 505P   4522
4.451874604959E1,2.87999989367E1,-2.937415245383E-1,                 505P   4523
4.532771294532E1,2.87999989367E1,-1.8322451233E-1,                   505P   4524
4.60944513317E1,2.87999989367E1,-8.193513674913E-2,                  505P   4525
4.682898460704E1,2.87999989367E1,1.06019038078E-2,                   505P   4526
4.778560258553E1,2.87999989367E1,1.167007997952E-1,                  505P   4527
4.87426709559E1,2.87999989367E1,2.025378409201E-1,                   505P   4528
4.986668304815E1,2.87999989367E1,2.397335622892E-1,                  505P   4529
5.077501671024E1,2.87999989367E1,1.967537558743E-1,                  505P   4530
5.124509689375E1,2.87999989367E1,1.281547315295E-1,                  505P   4531
5.152610202995E1,2.87999989367E1,7.065432957348E-2,                  505P   4532
5.173064502646E1,2.87999989367E1,1.636678624051E-2,                  505P   4533
5.184589202207E1,2.87999989367E1,-1.835998960842E-2,                 505P   4534
3.465054411042E1,4.319999929116E1,-6.827129752062E-1,                505P   4535
3.47362493013E1,4.319999929116E1,-6.959634803237E-1,                 505P   4536
3.497206497317E1,4.319999929116E1,-7.312004320159E-1,                505P   4537
3.522513120408E1,4.319999929116E1,-7.658822487138E-1,                505P   4538
3.56641917172E1,4.319999929116E1,-8.212966577856E-1,                 505P   4539
3.633183882541E1,4.319999929116E1,-8.95216032596E-1,                 505P   4540
3.69436047358E1,4.319999929116E1,-9.5304354074E-1,                   505P   4541
3.747759658096E1,4.319999929116E1,-9.982216694155E-1,                505P   4542
3.837947129965E1,4.319999929116E1,-1.063686288672E0,                 505P   4543
3.907482222139E1,4.319999929116E1,-1.104689769992E0,                 505P   4544
3.964973015233E1,4.319999929116E1,-1.133950667404E0,                 505P   4545
4.039026142243E1,4.319999929116E1,-1.164063174084E0,                 505P   4546
4.129389139713E1,4.319999929116E1,-1.191175879179E0,                 505P   4547
4.182498795716E1,4.319999929116E1,-1.202784292996E0,                 505P   4548
4.26503190908E1,4.319999929116E1,-1.213991486738E0,                  505P   4549
4.36460041162E1,4.319999929116E1,-1.217021897634E0,                  505P   4550
4.48156566028E1,4.319999929116E1,-1.20556429919E0,                   505P   4551
4.599311603473E1,4.319999929116E1,-1.178114742944E0,                 505P   4552
4.714893891093E1,4.319999929116E1,-1.130136800636E0,                 505P   4553
4.829973564086E1,4.319999929116E1,-1.066112062668E0,                 505P   4554
4.943727856443E1,4.319999929116E1,-9.862164104652E-1,                505P   4555
5.054564038932E1,4.319999929116E1,-8.918756674032E-1,                505P   4556
5.134908067733E1,4.319999929116E1,-8.121477818317E-1,                505P   4557
5.247194995799E1,4.319999929116E1,-6.857734623117E-1,                505P   4558
5.366298879057E1,4.319999929116E1,-5.365572595247E-1,                505P   4559
5.4568380839E1,4.319999929116E1,-4.143805939845E-1,                  505P   4560
5.544203010157E1,4.319999929116E1,-2.937415245383E-1,                505P   4561
5.625099699729E1,4.319999929116E1,-1.8322451233E-1,                  505P   4562
5.701773538367E1,4.319999929116E1,-8.193513674913E-2,                505P   4563
5.775226865902E1,4.319999929116E1,1.06019038078E-2,                  505P   4564
5.870888663751E1,4.319999929116E1,1.167007997952E-1,                 505P   4565
5.966595500788E1,4.319999929116E1,2.025378409201E-1,                 505P   4566
6.078996710013E1,4.319999929116E1,2.397335622892E-1,                 505P   4567
6.169830076222E1,4.319999929116E1,1.967537558743E-1,                 505P   4568
6.216838094572E1,4.319999929116E1,1.281547315295E-1,                 505P   4569
6.244938608193E1,4.319999929116E1,7.065432957348E-2,                 505P   4570
6.265392907844E1,4.319999929116E1,1.636678624051E-2,                 505P   4571
6.276917607405E1,4.319999929116E1,-1.835998960842E-2,                505P   4572
4.55738281624E1,5.759999964562E1,-6.827129752062E-1,                 505P   4573
4.565953335327E1,5.759999964562E1,-6.959634803237E-1,                505P   4574
4.589534902514E1,5.759999964562E1,-7.312004320159E-1,                505P   4575
4.614841525606E1,5.759999964562E1,-7.658822487138E-1,                505P   4576
4.658747576918E1,5.759999964562E1,-8.212966577856E-1,                505P   4577
4.725512287738E1,5.759999964562E1,-8.95216032596E-1,                 505P   4578
4.786688878778E1,5.759999964562E1,-9.5304354074E-1,                  505P   4579
4.840088063294E1,5.759999964562E1,-9.982216694155E-1,                505P   4580
4.930275535163E1,5.759999964562E1,-1.063686288672E0,                 505P   4581
4.999810627336E1,5.759999964562E1,-1.104689769992E0,                 505P   4582
5.05730142043E1,5.759999964562E1,-1.133950667404E0,                  505P   4583
5.131354547441E1,5.759999964562E1,-1.164063174084E0,                 505P   4584
5.221717544911E1,5.759999964562E1,-1.191175879179E0,                 505P   4585
5.274827200913E1,5.759999964562E1,-1.202784292996E0,                 505P   4586
5.357360314278E1,5.759999964562E1,-1.213991486738E0,                 505P   4587
5.456928816817E1,5.759999964562E1,-1.217021897634E0,                 505P   4588
5.573894065477E1,5.759999964562E1,-1.20556429919E0,                  505P   4589
5.691640008671E1,5.759999964562E1,-1.178114742944E0,                 505P   4590
5.807222296291E1,5.759999964562E1,-1.130136800636E0,                 505P   4591
5.922301969283E1,5.759999964562E1,-1.066112062668E0,                 505P   4592
6.036056261641E1,5.759999964562E1,-9.862164104652E-1,                505P   4593
6.14689244413E1,5.759999964562E1,-8.918756674032E-1,                 505P   4594
6.22723647293E1,5.759999964562E1,-8.121477818317E-1,                 505P   4595
6.339523400997E1,5.759999964562E1,-6.857734623117E-1,                505P   4596
6.458627284255E1,5.759999964562E1,-5.365572595247E-1,                505P   4597
6.549166489097E1,5.759999964562E1,-4.143805939845E-1,                505P   4598
6.636531415355E1,5.759999964562E1,-2.937415245383E-1,                505P   4599
6.717428104927E1,5.759999964562E1,-1.8322451233E-1,                  505P   4600
6.794101943565E1,5.759999964562E1,-8.193513674913E-2,                505P   4601
6.867555271099E1,5.759999964562E1,1.06019038078E-2,                  505P   4602
6.963217068948E1,5.759999964562E1,1.167007997952E-1,                 505P   4603
7.058923905985E1,5.759999964562E1,2.025378409201E-1,                 505P   4604
7.17132511521E1,5.759999964562E1,2.397335622892E-1,                  505P   4605
7.262158481419E1,5.759999964562E1,1.967537558743E-1,                 505P   4606
7.30916649977E1,5.759999964562E1,1.281547315295E-1,                  505P   4607
7.33726701339E1,5.759999964562E1,7.065432957348E-2,                  505P   4608
7.357721313041E1,5.759999964562E1,1.636678624051E-2,                 505P   4609
7.369246012602E1,5.759999964562E1,-1.835998960842E-2,                505P   4610
5.649711221437E1,7.200000000008E1,-6.827129752062E-1,                505P   4611
5.658281740524E1,7.200000000008E1,-6.959634803237E-1,                505P   4612
5.681863307712E1,7.200000000008E1,-7.312004320159E-1,                505P   4613
5.707169930803E1,7.200000000008E1,-7.658822487138E-1,                505P   4614
5.751075982115E1,7.200000000008E1,-8.212966577856E-1,                505P   4615
5.817840692935E1,7.200000000008E1,-8.95216032596E-1,                 505P   4616
5.879017283975E1,7.200000000008E1,-9.5304354074E-1,                  505P   4617
5.932416468491E1,7.200000000008E1,-9.982216694155E-1,                505P   4618
6.02260394036E1,7.200000000008E1,-1.063686288672E0,                  505P   4619
6.092139032533E1,7.200000000008E1,-1.104689769992E0,                 505P   4620
6.149629825627E1,7.200000000008E1,-1.133950667404E0,                 505P   4621
6.223682952638E1,7.200000000008E1,-1.164063174084E0,                 505P   4622
6.314045950108E1,7.200000000008E1,-1.191175879179E0,                 505P   4623
6.36715560611E1,7.200000000008E1,-1.202784292996E0,                  505P   4624
6.449688719475E1,7.200000000008E1,-1.213991486738E0,                 505P   4625
6.549257222015E1,7.200000000008E1,-1.217021897634E0,                 505P   4626
6.666222470674E1,7.200000000008E1,-1.20556429919E0,                  505P   4627
6.783968413868E1,7.200000000008E1,-1.178114742944E0,                 505P   4628
6.899550701488E1,7.200000000008E1,-1.130136800636E0,                 505P   4629
7.01463037448E1,7.200000000008E1,-1.066112062668E0,                  505P   4630
7.128384666838E1,7.200000000008E1,-9.862164104652E-1,                505P   4631
7.239220849327E1,7.200000000008E1,-8.918756674032E-1,                505P   4632
7.319564878128E1,7.200000000008E1,-8.121477818317E-1,                505P   4633
7.431851806194E1,7.200000000008E1,-6.857734623117E-1,                505P   4634
7.550955689452E1,7.200000000008E1,-5.365572595247E-1,                505P   4635
7.641494894295E1,7.200000000008E1,-4.143805939845E-1,                505P   4636
7.728859820552E1,7.200000000008E1,-2.937415245383E-1,                505P   4637
7.809756510124E1,7.200000000008E1,-1.8322451233E-1,                  505P   4638
7.886430348762E1,7.200000000008E1,-8.193513674913E-2,                505P   4639
7.959883676297E1,7.200000000008E1,1.06019038078E-2,                  505P   4640
8.055545474146E1,7.200000000008E1,1.167007997952E-1,                 505P   4641
8.151252311183E1,7.200000000008E1,2.025378409201E-1,                 505P   4642
8.263653520408E1,7.200000000008E1,2.397335622892E-1,                 505P   4643
8.354486886617E1,7.200000000008E1,1.967537558743E-1,                 505P   4644
8.401494904967E1,7.200000000008E1,1.281547315295E-1,                 505P   4645
8.429595418588E1,7.200000000008E1,7.065432957348E-2,                 505P   4646
8.450049718239E1,7.200000000008E1,1.636678624051E-2,                 505P   4647
8.4615744178E1,7.200000000008E1,-1.835998960842E-2,0E0,              505P   4648
3.556302411023E1,4.518557616721E0,9.488975666384E1;                  505P   4649
508,9,                                                               507P   4650
0,407,39,0,0,0,407,35,0,0,                                           507P   4651
0,407,40,0,0,0,407,41,1,0,                                           507P   4652
0,407,6,1,0,0,407,42,0,0,                                            507P   4653
0,407,26,1,0,0,407,29,1,0,                                           507P   4654
0,407,34,0,0;                                                        507P   4655
508,4,                                                               509P   4656
0,407,43,1,0,0,407,44,1,0,                                           509P   4657
0,407,45,0,0,0,407,46,0,0;                                           509P   4658
508,4,                                                               511P   4659
0,407,47,0,0,0,407,48,1,0,                                           511P   4660
0,407,49,1,0,0,407,50,0,0;                                           511P   4661
508,4,                                                               513P   4662
0,407,51,0,0,0,407,52,1,0,                                           513P   4663
0,407,53,1,0,0,407,54,0,0;                                           513P   4664
508,4,                                                               515P   4665
0,407,55,0,0,0,407,56,1,0,                                           515P   4666
0,407,57,1,0,0,407,58,0,0;                                           515P   4667
508,4,                                                               517P   4668
0,407,59,0,0,0,407,60,0,0,                                           517P   4669
0,407,61,1,0,0,407,62,1,0;                                           517P   4670
510,505,6,1,507,509,511,513,515,517,                                 519P   4671
0,1,503;                                                             519P   4672
406,1,4HWING;                                                        521P   4673
128,77,29,5,5,0,0,1,0,0,0E0,0E0,0E0,0E0,0E0,0E0,                     523P   4674
1.561818401675E0,1.561818401675E0,1.561818401675E0,                  523P   4675
2.305246400908E0,2.305246400908E0,2.305246400908E0,                  523P   4676
2.991487683408E0,2.991487683408E0,2.991487683408E0,                  523P   4677
3.116596786838E0,3.116596786838E0,3.116596786838E0,                  523P   4678
3.240213524784E0,3.240213524784E0,3.240213524784E0,                  523P   4679
3.738412122358E0,3.738412122358E0,3.738412122358E0,                  523P   4680
4.184469741491E0,4.184469741491E0,4.184469741491E0,                  523P   4681
4.57060915225E0,4.57060915225E0,4.57060915225E0,                     523P   4682
4.757943589089E0,4.757943589089E0,4.757943589089E0,                  523P   4683
5.133175021394E0,5.133175021394E0,5.133175021394E0,                  523P   4684
7.00595916977E0,7.00595916977E0,7.00595916977E0,                     523P   4685
9.208540099227E0,9.208540099227E0,9.208540099227E0,                  523P   4686
1.028528090513E1,1.028528090513E1,1.028528090513E1,                  523P   4687
1.137938853369E1,1.137938853369E1,1.137938853369E1,                  523P   4688
1.233239682552E1,1.233239682552E1,1.233239682552E1,                  523P   4689
1.330002179477E1,1.330002179477E1,1.330002179477E1,                  523P   4690
1.430272680727E1,1.430272680727E1,1.430272680727E1,                  523P   4691
1.513779741385E1,1.513779741385E1,1.513779741385E1,                  523P   4692
1.577033770039E1,1.577033770039E1,1.577033770039E1,                  523P   4693
1.616443662384E1,1.616443662384E1,1.616443662384E1,                  523P   4694
1.636119066289E1,1.636119066289E1,1.636119066289E1,                  523P   4695
1.654807697709E1,1.654807697709E1,1.654807697709E1,                  523P   4696
1.668065445956E1,1.668065445956E1,1.668065445956E1,                  523P   4697
1.689393375902E1,1.689393375902E1,1.689393375902E1,                  523P   4698
1.714963645427E1,1.714963645427E1,1.714963645427E1,                  523P   4699
1.714963645427E1,1.714963645427E1,1.714963645427E1,0E0,0E0,0E0,      523P   4700
0E0,0E0,0E0,2.779485815192E0,2.779485815192E0,2.779485815192E0,      523P   4701
5.924558639192E0,5.924558639192E0,5.924558639192E0,                  523P   4702
7.14054477686E0,7.14054477686E0,7.14054477686E0,                     523P   4703
7.987963012062E0,7.987963012062E0,7.987963012062E0,                  523P   4704
8.538041479572E0,8.538041479572E0,8.538041479572E0,                  523P   4705
9.064437555381E0,9.064437555381E0,9.064437555381E0,                  523P   4706
9.422903582926E0,9.422903582926E0,9.422903582926E0,                  523P   4707
9.504895403376E0,9.504895403376E0,9.504895403376E0,                  523P   4708
9.508541695799E0,9.508541695799E0,9.508541695799E0,                  523P   4709
9.508541695799E0,9.508541695799E0,9.508541695799E0,1E0,1E0,1E0,      523P   4710
1E0,1E0,1E0,1E0,1E0,1E0,1E0,1E0,1E0,1E0,1E0,1E0,1E0,1E0,1E0,1E0,     523P   4711
1E0,1E0,1E0,1E0,1E0,1E0,1E0,1E0,1E0,1E0,1E0,1E0,1E0,1E0,1E0,1E0,     523P   4712
1E0,1E0,1E0,1E0,1E0,1E0,1E0,1E0,1E0,1E0,1E0,1E0,1E0,1E0,1E0,1E0,     523P   4713
1E0,1E0,1E0,1E0,1E0,1E0,1E0,1E0,1E0,1E0,1E0,1E0,1E0,1E0,1E0,1E0,     523P   4714
1E0,1E0,1E0,1E0,1E0,1E0,1E0,1E0,1E0,1E0,1E0,1E0,1E0,1E0,1E0,1E0,     523P   4715
1E0,1E0,1E0,1E0,1E0,1E0,1E0,1E0,1E0,1E0,1E0,1E0,1E0,1E0,1E0,1E0,     523P   4716
1E0,1E0,1E0,1E0,1E0,1E0,1E0,1E0,1E0,1E0,1E0,1E0,1E0,1E0,1E0,1E0,     523P   4717
1E0,1E0,1E0,1E0,1E0,1E0,1E0,1E0,1E0,1E0,1E0,1E0,1E0,1E0,1E0,1E0,     523P   4718
1E0,1E0,1E0,1E0,1E0,1E0,1E0,1E0,1E0,1E0,1E0,1E0,1E0,1E0,1E0,1E0,     523P   4719
1E0,1E0,1E0,1E0,1E0,1E0,1E0,1E0,1E0,1E0,1E0,1E0,1E0,1E0,1E0,1E0,     523P   4720
1E0,1E0,1E0,1E0,1E0,1E0,1E0,1E0,1E0,1E0,1E0,1E0,1E0,1E0,1E0,1E0,     523P   4721
1E0,1E0,1E0,1E0,1E0,1E0,1E0,1E0,1E0,1E0,1E0,1E0,1E0,1E0,1E0,1E0,     523P   4722
1E0,1E0,1E0,1E0,1E0,1E0,1E0,1E0,1E0,1E0,1E0,1E0,1E0,1E0,1E0,1E0,     523P   4723
1E0,1E0,1E0,1E0,1E0,1E0,1E0,1E0,1E0,1E0,1E0,1E0,1E0,1E0,1E0,1E0,     523P   4724
1E0,1E0,1E0,1E0,1E0,1E0,1E0,1E0,1E0,1E0,1E0,1E0,1E0,1E0,1E0,1E0,     523P   4725
1E0,1E0,1E0,1E0,1E0,1E0,1E0,1E0,1E0,1E0,1E0,1E0,1E0,1E0,1E0,1E0,     523P   4726
1E0,1E0,1E0,1E0,1E0,1E0,1E0,1E0,1E0,1E0,1E0,1E0,1E0,1E0,1E0,1E0,     523P   4727
1E0,1E0,1E0,1E0,1E0,1E0,1E0,1E0,1E0,1E0,1E0,1E0,1E0,1E0,1E0,1E0,     523P   4728
1E0,1E0,1E0,1E0,1E0,1E0,1E0,1E0,1E0,1E0,1E0,1E0,1E0,1E0,1E0,1E0,     523P   4729
1E0,1E0,1E0,1E0,1E0,1E0,1E0,1E0,1E0,1E0,1E0,1E0,1E0,1E0,1E0,1E0,     523P   4730
1E0,1E0,1E0,1E0,1E0,1E0,1E0,1E0,1E0,1E0,1E0,1E0,1E0,1E0,1E0,1E0,     523P   4731
1E0,1E0,1E0,1E0,1E0,1E0,1E0,1E0,1E0,1E0,1E0,1E0,1E0,1E0,1E0,1E0,     523P   4732
1E0,1E0,1E0,1E0,1E0,1E0,1E0,1E0,1E0,1E0,1E0,1E0,1E0,1E0,1E0,1E0,     523P   4733
1E0,1E0,1E0,1E0,1E0,1E0,1E0,1E0,1E0,1E0,1E0,1E0,1E0,1E0,1E0,1E0,     523P   4734
1E0,1E0,1E0,1E0,1E0,1E0,1E0,1E0,1E0,1E0,1E0,1E0,1E0,1E0,1E0,1E0,     523P   4735
1E0,1E0,1E0,1E0,1E0,1E0,1E0,1E0,1E0,1E0,1E0,1E0,1E0,1E0,1E0,1E0,     523P   4736
1E0,1E0,1E0,1E0,1E0,1E0,1E0,1E0,1E0,1E0,1E0,1E0,1E0,1E0,1E0,1E0,     523P   4737
1E0,1E0,1E0,1E0,1E0,1E0,1E0,1E0,1E0,1E0,1E0,1E0,1E0,1E0,1E0,1E0,     523P   4738
1E0,1E0,1E0,1E0,1E0,1E0,1E0,1E0,1E0,1E0,1E0,1E0,1E0,1E0,1E0,1E0,     523P   4739
1E0,1E0,1E0,1E0,1E0,1E0,1E0,1E0,1E0,1E0,1E0,1E0,1E0,1E0,1E0,1E0,     523P   4740
1E0,1E0,1E0,1E0,1E0,1E0,1E0,1E0,1E0,1E0,1E0,1E0,1E0,1E0,1E0,1E0,     523P   4741
1E0,1E0,1E0,1E0,1E0,1E0,1E0,1E0,1E0,1E0,1E0,1E0,1E0,1E0,1E0,1E0,     523P   4742
1E0,1E0,1E0,1E0,1E0,1E0,1E0,1E0,1E0,1E0,1E0,1E0,1E0,1E0,1E0,1E0,     523P   4743
1E0,1E0,1E0,1E0,1E0,1E0,1E0,1E0,1E0,1E0,1E0,1E0,1E0,1E0,1E0,1E0,     523P   4744
1E0,1E0,1E0,1E0,1E0,1E0,1E0,1E0,1E0,1E0,1E0,1E0,1E0,1E0,1E0,1E0,     523P   4745
1E0,1E0,1E0,1E0,1E0,1E0,1E0,1E0,1E0,1E0,1E0,1E0,1E0,1E0,1E0,1E0,     523P   4746
1E0,1E0,1E0,1E0,1E0,1E0,1E0,1E0,1E0,1E0,1E0,1E0,1E0,1E0,1E0,1E0,     523P   4747
1E0,1E0,1E0,1E0,1E0,1E0,1E0,1E0,1E0,1E0,1E0,1E0,1E0,1E0,1E0,1E0,     523P   4748
1E0,1E0,1E0,1E0,1E0,1E0,1E0,1E0,1E0,1E0,1E0,1E0,1E0,1E0,1E0,1E0,     523P   4749
1E0,1E0,1E0,1E0,1E0,1E0,1E0,1E0,1E0,1E0,1E0,1E0,1E0,1E0,1E0,1E0,     523P   4750
1E0,1E0,1E0,1E0,1E0,1E0,1E0,1E0,1E0,1E0,1E0,1E0,1E0,1E0,1E0,1E0,     523P   4751
1E0,1E0,1E0,1E0,1E0,1E0,1E0,1E0,1E0,1E0,1E0,1E0,1E0,1E0,1E0,1E0,     523P   4752
1E0,1E0,1E0,1E0,1E0,1E0,1E0,1E0,1E0,1E0,1E0,1E0,1E0,1E0,1E0,1E0,     523P   4753
1E0,1E0,1E0,1E0,1E0,1E0,1E0,1E0,1E0,1E0,1E0,1E0,1E0,1E0,1E0,1E0,     523P   4754
1E0,1E0,1E0,1E0,1E0,1E0,1E0,1E0,1E0,1E0,1E0,1E0,1E0,1E0,1E0,1E0,     523P   4755
1E0,1E0,1E0,1E0,1E0,1E0,1E0,1E0,1E0,1E0,1E0,1E0,1E0,1E0,1E0,1E0,     523P   4756
1E0,1E0,1E0,1E0,1E0,1E0,1E0,1E0,1E0,1E0,1E0,1E0,1E0,1E0,1E0,1E0,     523P   4757
1E0,1E0,1E0,1E0,1E0,1E0,1E0,1E0,1E0,1E0,1E0,1E0,1E0,1E0,1E0,1E0,     523P   4758
1E0,1E0,1E0,1E0,1E0,1E0,1E0,1E0,1E0,1E0,1E0,1E0,1E0,1E0,1E0,1E0,     523P   4759
1E0,1E0,1E0,1E0,1E0,1E0,1E0,1E0,1E0,1E0,1E0,1E0,1E0,1E0,1E0,1E0,     523P   4760
1E0,1E0,1E0,1E0,1E0,1E0,1E0,1E0,1E0,1E0,1E0,1E0,1E0,1E0,1E0,1E0,     523P   4761
1E0,1E0,1E0,1E0,1E0,1E0,1E0,1E0,1E0,1E0,1E0,1E0,1E0,1E0,1E0,1E0,     523P   4762
1E0,1E0,1E0,1E0,1E0,1E0,1E0,1E0,1E0,1E0,1E0,1E0,1E0,1E0,1E0,1E0,     523P   4763
1E0,1E0,1E0,1E0,1E0,1E0,1E0,1E0,1E0,1E0,1E0,1E0,1E0,1E0,1E0,1E0,     523P   4764
1E0,1E0,1E0,1E0,1E0,1E0,1E0,1E0,1E0,1E0,1E0,1E0,1E0,1E0,1E0,1E0,     523P   4765
1E0,1E0,1E0,1E0,1E0,1E0,1E0,1E0,1E0,1E0,1E0,1E0,1E0,1E0,1E0,1E0,     523P   4766
1E0,1E0,1E0,1E0,1E0,1E0,1E0,1E0,1E0,1E0,1E0,1E0,1E0,1E0,1E0,1E0,     523P   4767
1E0,1E0,1E0,1E0,1E0,1E0,1E0,1E0,1E0,1E0,1E0,1E0,1E0,1E0,1E0,1E0,     523P   4768
1E0,1E0,1E0,1E0,1E0,1E0,1E0,1E0,1E0,1E0,1E0,1E0,1E0,1E0,1E0,1E0,     523P   4769
1E0,1E0,1E0,1E0,1E0,1E0,1E0,1E0,1E0,1E0,1E0,1E0,1E0,1E0,1E0,1E0,     523P   4770
1E0,1E0,1E0,1E0,1E0,1E0,1E0,1E0,1E0,1E0,1E0,1E0,1E0,1E0,1E0,1E0,     523P   4771
1E0,1E0,1E0,1E0,1E0,1E0,1E0,1E0,1E0,1E0,1E0,1E0,1E0,1E0,1E0,1E0,     523P   4772
1E0,1E0,1E0,1E0,1E0,1E0,1E0,1E0,1E0,1E0,1E0,1E0,1E0,1E0,1E0,1E0,     523P   4773
1E0,1E0,1E0,1E0,1E0,1E0,1E0,1E0,1E0,1E0,1E0,1E0,1E0,1E0,1E0,1E0,     523P   4774
1E0,1E0,1E0,1E0,1E0,1E0,1E0,1E0,1E0,1E0,1E0,1E0,1E0,1E0,1E0,1E0,     523P   4775
1E0,1E0,1E0,1E0,1E0,1E0,1E0,1E0,1E0,1E0,1E0,1E0,1E0,1E0,1E0,1E0,     523P   4776
1E0,1E0,1E0,1E0,1E0,1E0,1E0,1E0,1E0,1E0,1E0,1E0,1E0,1E0,1E0,1E0,     523P   4777
1E0,1E0,1E0,1E0,1E0,1E0,1E0,1E0,1E0,1E0,1E0,1E0,1E0,1E0,1E0,1E0,     523P   4778
1E0,1E0,1E0,1E0,1E0,1E0,1E0,1E0,1E0,1E0,1E0,1E0,1E0,1E0,1E0,1E0,     523P   4779
1E0,1E0,1E0,1E0,1E0,1E0,1E0,1E0,1E0,1E0,1E0,1E0,1E0,1E0,1E0,1E0,     523P   4780
1E0,1E0,1E0,1E0,1E0,1E0,1E0,1E0,1E0,1E0,1E0,1E0,1E0,1E0,1E0,1E0,     523P   4781
1E0,1E0,1E0,1E0,1E0,1E0,1E0,1E0,1E0,1E0,1E0,1E0,1E0,1E0,1E0,1E0,     523P   4782
1E0,1E0,1E0,1E0,1E0,1E0,1E0,1E0,1E0,1E0,1E0,1E0,1E0,1E0,1E0,1E0,     523P   4783
1E0,1E0,1E0,1E0,1E0,1E0,1E0,1E0,1E0,1E0,1E0,1E0,1E0,1E0,1E0,1E0,     523P   4784
1E0,1E0,1E0,1E0,1E0,1E0,1E0,1E0,1E0,1E0,1E0,1E0,1E0,1E0,1E0,1E0,     523P   4785
1E0,1E0,1E0,1E0,1E0,1E0,1E0,1E0,1E0,1E0,1E0,1E0,1E0,1E0,1E0,1E0,     523P   4786
1E0,1E0,1E0,1E0,1E0,1E0,1E0,1E0,1E0,1E0,1E0,1E0,1E0,1E0,1E0,1E0,     523P   4787
1E0,1E0,1E0,1E0,1E0,1E0,1E0,1E0,1E0,1E0,1E0,1E0,1E0,1E0,1E0,1E0,     523P   4788
1E0,1E0,1E0,1E0,1E0,1E0,1E0,1E0,1E0,1E0,1E0,1E0,1E0,1E0,1E0,1E0,     523P   4789
1E0,1E0,1E0,1E0,1E0,1E0,1E0,1E0,1E0,1E0,1E0,1E0,1E0,1E0,1E0,1E0,     523P   4790
1E0,1E0,1E0,1E0,1E0,1E0,1E0,1E0,1E0,1E0,1E0,1E0,1E0,1E0,1E0,1E0,     523P   4791
1E0,1E0,1E0,1E0,1E0,1E0,1E0,1E0,1E0,1E0,1E0,1E0,1E0,1E0,1E0,1E0,     523P   4792
1E0,1E0,1E0,1E0,1E0,1E0,1E0,1E0,1E0,1E0,1E0,1E0,1E0,1E0,1E0,1E0,     523P   4793
1E0,1E0,1E0,1E0,1E0,1E0,1E0,1E0,1E0,1E0,1E0,1E0,1E0,1E0,1E0,1E0,     523P   4794
1E0,1E0,1E0,1E0,1E0,1E0,1E0,1E0,1E0,1E0,1E0,1E0,1E0,1E0,1E0,1E0,     523P   4795
1E0,1E0,1E0,1E0,1E0,1E0,1E0,1E0,1E0,1E0,1E0,1E0,1E0,1E0,1E0,1E0,     523P   4796
1E0,1E0,1E0,1E0,1E0,1E0,1E0,1E0,1E0,1E0,1E0,1E0,1E0,1E0,1E0,1E0,     523P   4797
1E0,1E0,1E0,1E0,1E0,1E0,1E0,1E0,1E0,1E0,1E0,1E0,1E0,1E0,1E0,1E0,     523P   4798
1E0,1E0,1E0,1E0,1E0,1E0,1E0,1E0,1E0,1E0,1E0,1E0,1E0,1E0,1E0,1E0,     523P   4799
1E0,1E0,1E0,1E0,1E0,1E0,1E0,1E0,1E0,1E0,1E0,1E0,1E0,1E0,1E0,1E0,     523P   4800
1E0,1E0,1E0,1E0,1E0,1E0,1E0,1E0,1E0,1E0,1E0,1E0,1E0,1E0,1E0,1E0,     523P   4801
1E0,1E0,1E0,1E0,1E0,1E0,1E0,1E0,1E0,1E0,1E0,1E0,1E0,1E0,1E0,1E0,     523P   4802
1E0,1E0,1E0,1E0,1E0,1E0,1E0,1E0,1E0,1E0,1E0,1E0,1E0,1E0,1E0,1E0,     523P   4803
1E0,1E0,1E0,1E0,1E0,1E0,1E0,1E0,1E0,1E0,1E0,1E0,1E0,1E0,1E0,1E0,     523P   4804
1E0,1E0,1E0,1E0,1E0,1E0,1E0,1E0,1E0,1E0,1E0,1E0,1E0,1E0,1E0,1E0,     523P   4805
1E0,1E0,1E0,1E0,1E0,1E0,1E0,1E0,1E0,1E0,1E0,1E0,1E0,1E0,1E0,1E0,     523P   4806
1E0,1E0,1E0,1E0,1E0,1E0,1E0,1E0,1E0,1E0,1E0,1E0,1E0,1E0,1E0,1E0,     523P   4807
1E0,1E0,1E0,1E0,1E0,1E0,1E0,1E0,1E0,1E0,1E0,1E0,1E0,1E0,1E0,1E0,     523P   4808
1E0,1E0,1E0,1E0,1E0,1E0,1E0,1E0,1E0,1E0,1E0,1E0,1E0,1E0,1E0,1E0,     523P   4809
1E0,1E0,1E0,1E0,1E0,1E0,1E0,1E0,1E0,1E0,1E0,1E0,1E0,1E0,1E0,1E0,     523P   4810
1E0,1E0,1E0,1E0,1E0,1E0,1E0,1E0,1E0,1E0,1E0,1E0,1E0,1E0,1E0,1E0,     523P   4811
1E0,1E0,1E0,1E0,1E0,1E0,1E0,1E0,1E0,1E0,1E0,1E0,1E0,1E0,1E0,1E0,     523P   4812
1E0,1E0,1E0,1E0,1E0,1E0,1E0,1E0,1E0,1E0,1E0,1E0,1E0,1E0,1E0,1E0,     523P   4813
1E0,1E0,1E0,1E0,1E0,1E0,1E0,1E0,1E0,1E0,1E0,1E0,1E0,1E0,1E0,1E0,     523P   4814
1E0,1E0,1E0,1E0,1E0,1E0,1E0,1E0,1E0,1E0,1E0,1E0,1E0,1E0,1E0,1E0,     523P   4815
1E0,1E0,1E0,1E0,1E0,1E0,1E0,1E0,1E0,1E0,1E0,1E0,1E0,1E0,1E0,1E0,     523P   4816
1E0,1E0,1E0,1E0,1E0,1E0,1E0,1E0,1E0,1E0,1E0,1E0,1E0,1E0,1E0,1E0,     523P   4817
1E0,1E0,1E0,1E0,1E0,1E0,1E0,1E0,1E0,1E0,1E0,1E0,1E0,1E0,1E0,1E0,     523P   4818
1E0,1E0,1E0,1E0,1E0,1E0,1E0,1E0,1E0,1E0,1E0,1E0,1E0,1E0,1E0,1E0,     523P   4819
1E0,1E0,1E0,1E0,1E0,1E0,1E0,1E0,1E0,1E0,1E0,1E0,1E0,1E0,1E0,1E0,     523P   4820
1E0,1E0,1E0,1E0,1E0,1E0,1E0,1E0,1E0,1E0,1E0,1E0,1E0,1E0,1E0,1E0,     523P   4821
1E0,1E0,1E0,1E0,1E0,1E0,1E0,1E0,1E0,1E0,1E0,1E0,1E0,1E0,1E0,1E0,     523P   4822
1E0,1E0,1E0,1E0,1E0,1E0,1E0,1E0,1E0,1E0,1E0,1E0,1E0,1E0,1E0,1E0,     523P   4823
1E0,1E0,1E0,1E0,1E0,1E0,1E0,1E0,1E0,1E0,1E0,1E0,1E0,1E0,1E0,1E0,     523P   4824
1E0,1E0,1E0,1E0,1E0,1E0,1E0,1E0,1E0,1E0,1E0,1E0,1E0,1E0,1E0,1E0,     523P   4825
1E0,1E0,1E0,1E0,1E0,1E0,1E0,1E0,1E0,1E0,1E0,1E0,1E0,1E0,1E0,1E0,     523P   4826
1E0,1E0,1E0,1E0,1E0,1E0,1E0,1E0,1E0,1E0,1E0,1E0,1E0,1E0,1E0,1E0,     523P   4827
1E0,1E0,1E0,1E0,1E0,1E0,1E0,1E0,1E0,1E0,1E0,1E0,1E0,1E0,1E0,1E0,     523P   4828
1E0,1E0,1E0,1E0,1E0,1E0,1E0,1E0,1E0,1E0,1E0,1E0,1E0,1E0,1E0,1E0,     523P   4829
1E0,1E0,1E0,1E0,1E0,1E0,1E0,1E0,1E0,1E0,1E0,1E0,1E0,1E0,1E0,1E0,     523P   4830
1E0,1E0,1E0,1E0,1E0,1E0,1E0,1E0,1E0,1E0,1E0,1E0,1E0,1E0,1E0,1E0,     523P   4831
1E0,1E0,1E0,1E0,1E0,1E0,1E0,1E0,1E0,1E0,1E0,1E0,1E0,1E0,1E0,1E0,     523P   4832
1E0,1E0,1E0,1E0,1E0,1E0,1E0,1E0,1E0,1E0,1E0,1E0,1E0,1E0,1E0,1E0,     523P   4833
1E0,1E0,1E0,1E0,1E0,1E0,1E0,1E0,1E0,1E0,1E0,1E0,1E0,1E0,1E0,1E0,     523P   4834
1E0,1E0,1E0,1E0,1E0,1E0,1E0,1E0,1E0,1E0,1E0,1E0,1E0,1E0,1E0,1E0,     523P   4835
1E0,1E0,1E0,1E0,1E0,1E0,1E0,1E0,1E0,1E0,1E0,1E0,1E0,1E0,1E0,1E0,     523P   4836
1E0,1E0,1E0,1E0,1E0,1E0,1E0,1E0,1E0,1E0,1E0,1E0,1E0,1E0,1E0,1E0,     523P   4837
1E0,1E0,1E0,1E0,1E0,1E0,1E0,1E0,1E0,1E0,1E0,1E0,1E0,1E0,1E0,1E0,     523P   4838
1E0,1E0,1E0,1E0,1E0,1E0,1E0,1E0,1E0,1E0,1E0,1E0,1E0,1E0,1E0,1E0,     523P   4839
1E0,1E0,1E0,1E0,1E0,1E0,1E0,1E0,1E0,1E0,1E0,1E0,1E0,1E0,1E0,1E0,     523P   4840
1E0,1E0,1E0,1E0,1E0,1E0,1E0,1E0,1E0,1E0,1E0,1E0,1E0,1E0,1E0,1E0,     523P   4841
1E0,1E0,1E0,1E0,1E0,1E0,1E0,1E0,1E0,1E0,1E0,1E0,1E0,1E0,1E0,1E0,     523P   4842
1E0,1E0,1E0,1E0,1E0,1E0,1E0,1E0,1E0,1E0,1E0,1E0,1E0,1E0,1E0,1E0,     523P   4843
1E0,1E0,1E0,1E0,1E0,1E0,1E0,1E0,1E0,1E0,1E0,1E0,1E0,1E0,1E0,1E0,     523P   4844
1E0,1E0,1E0,1E0,1E0,1E0,1E0,1E0,1E0,1E0,1E0,1E0,1E0,1E0,1E0,1E0,     523P   4845
1E0,1E0,1E0,1E0,1E0,1E0,1E0,1E0,1E0,1E0,1E0,1E0,1E0,1E0,1E0,1E0,     523P   4846
1E0,1E0,1E0,1E0,1E0,1E0,1E0,1E0,1E0,1E0,1E0,1E0,1E0,1E0,1E0,1E0,     523P   4847
1E0,1E0,1E0,1E0,1E0,1E0,1E0,1E0,1E0,1E0,1E0,1E0,1E0,1E0,1E0,1E0,     523P   4848
1E0,1E0,1E0,1E0,1E0,1E0,1E0,1E0,1E0,1E0,1E0,1E0,1E0,1E0,1E0,1E0,     523P   4849
1E0,1E0,1E0,1E0,1E0,1E0,1E0,1E0,1E0,1E0,1E0,1E0,1E0,1E0,1E0,1E0,     523P   4850
1E0,1E0,1E0,1E0,1E0,1E0,1E0,1E0,1E0,1E0,1E0,1E0,1E0,1E0,1E0,1E0,     523P   4851
1E0,1E0,1E0,1E0,1E0,1E0,1E0,1E0,1E0,1E0,1E0,1E0,1E0,1E0,1E0,1E0,     523P   4852
1E0,1E0,1E0,1E0,1E0,1E0,1E0,1E0,1E0,1E0,1E0,1E0,1E0,1E0,1E0,1E0,     523P   4853
1E0,1E0,1E0,1E0,1E0,1E0,1E0,1E0,1E0,1E0,1E0,1E0,1E0,1E0,1E0,1E0,     523P   4854
1E0,1E0,1E0,1E0,1E0,1E0,1E0,1E0,1E0,1E0,1E0,1E0,1E0,1E0,1E0,1E0,     523P   4855
1E0,1E0,1E0,1E0,1E0,1E0,1E0,1E0,1E0,1E0,1E0,1E0,1E0,1E0,1E0,1E0,     523P   4856
1E0,6.201503025539E1,7.275906012924E1,-9.273244421059E-1,            523P   4857
6.183835534738E1,7.279112096779E1,-8.962937092618E-1,                523P   4858
6.167778741756E1,7.282084738842E1,-8.649424632132E-1,                523P   4859
6.153354785578E1,7.284827713803E1,-8.333493392526E-1,                523P   4860
6.134556532293E1,7.28855822226E1,-7.867739677021E-1,                 523P   4861
6.119342795225E1,7.291887478387E1,-7.406650795513E-1,                523P   4862
6.114804650356E1,7.292922767452E1,-7.258632010256E-1,                523P   4863
6.106766688548E1,7.294848671665E1,-6.975569257339E-1,                523P   4864
6.099975286604E1,7.296668318316E1,-6.695080909694E-1,                523P   4865
6.096986342439E1,7.297521212455E1,-6.560953059123E-1,                523P   4866
6.093742151947E1,7.298510110739E1,-6.402591846906E-1,                523P   4867
6.09079939815E1,7.299479447944E1,-6.243925441775E-1,                 523P   4868
6.090352619318E1,7.299628468689E1,-6.219449585026E-1,                523P   4869
6.08947792547E1,7.299923865352E1,-6.17076545776E-1,                  523P   4870
6.088629423562E1,7.300217583864E1,-6.12202278034E-1,                 523P   4871
6.088214013218E1,7.300363158687E1,-6.097780739949E-1,                523P   4872
6.086155206691E1,7.301093443934E1,-5.975741327557E-1,                523P   4873
6.0842469369E1,7.301813922142E1,-5.853152543123E-1,                  523P   4874
6.082803380107E1,7.302385331938E1,-5.754423932918E-1,                523P   4875
6.080210792302E1,7.303457005585E1,-5.566103699096E-1,                523P   4876
6.077867186737E1,7.304505842119E1,-5.375303543222E-1,                523P   4877
6.076810996887E1,7.304995942295E1,-5.284573197192E-1,                523P   4878
6.074929959414E1,7.305899779727E1,-5.114136888059E-1,                523P   4879
6.073208823855E1,7.306783619185E1,-4.941409545769E-1,                523P   4880
6.072443340891E1,7.307189336112E1,-4.860749691912E-1,                523P   4881
6.071354078136E1,7.307785301101E1,-4.740152076284E-1,                523P   4882
6.070334217152E1,7.308371510328E1,-4.618295571562E-1,                523P   4883
6.070008398495E1,7.308561963742E1,-4.578351731707E-1,                523P   4884
6.069051786836E1,7.30913075771E1,-4.457979050445E-1,                 523P   4885
6.068160122456E1,7.309690067646E1,-4.336318463126E-1,                523P   4886
6.067593700743E1,7.310058844491E1,-4.25457735998E-1,                 523P   4887
6.064368597772E1,7.31224220664E1,-3.7612120678E-1,                   523P   4888
6.062142039615E1,7.314266970462E1,-3.245363332879E-1,                523P   4889
6.060944912765E1,7.315833533852E1,-2.797897417716E-1,                523P   4890
6.059761341701E1,7.318939479128E1,-1.782339122782E-1,                523P   4891
6.061625776752E1,7.321259313907E1,-6.74845397722E-2,                 523P   4892
6.063512017826E1,7.32224174191E1,-4.907998228217E-3,                 523P   4893
6.067624676351E1,7.323217930985E1,9.206363805847E-2,                 523P   4894
6.073680499904E1,7.323365232048E1,1.93383090382E-1,                  523P   4895
6.075878434078E1,7.32331881862E1,2.270510659318E-1,                  523P   4896
6.080733640547E1,7.323024411937E1,2.955724551271E-1,                 523P   4897
6.086446043442E1,7.322310451657E1,3.650115917432E-1,                 523P   4898
6.089543626453E1,7.321840233557E1,4.001442960812E-1,                 523P   4899
6.095751031782E1,7.32074903779E1,4.659283829479E-1,                  523P   4900
6.102738315105E1,7.319259441874E1,5.313983481838E-1,                 523P   4901
6.106162178498E1,7.318479081492E1,5.617322941227E-1,                 523P   4902
6.113413253115E1,7.316732118157E1,6.224092314866E-1,                 523P   4903
6.121400176113E1,7.314641440442E1,6.818281767989E-1,                 523P   4904
6.125618257207E1,7.313502759009E1,7.113574986004E-1,                 523P   4905
6.134629052057E1,7.311017725937E1,7.704783885546E-1,                 523P   4906
6.144595055154E1,7.308208760149E1,8.272481413429E-1,                 523P   4907
6.149939524132E1,7.30669937116E1,8.55448748361E-1,                   523P   4908
6.160303786202E1,7.303792455292E1,9.057637561767E-1,                 523P   4909
6.171841241812E1,7.300629586198E1,9.534013290791E-1,                 523P   4910
6.177348340782E1,7.299139901645E1,9.744662928443E-1,                 523P   4911
6.187532321398E1,7.296427942106E1,1.010423121262E0,                  523P   4912
6.198662809621E1,7.29354540923E1,1.044429090784E0,                   523P   4913
6.203644109909E1,7.292270576393E1,1.05871209989E0,                   523P   4914
6.21203869101E1,7.290147166848E1,1.081268703335E0,                   523P   4915
6.220949841332E1,7.287932745457E1,1.102779701143E0,                  523P   4916
6.224448051829E1,7.287069000425E1,1.110880740441E0,                  523P   4917
6.22981048469E1,7.285753075834E1,1.122788000432E0,                   523P   4918
6.23535132633E1,7.284405119601E1,1.134331575421E0,                   523P   4919
6.237216311309E1,7.283952664683E1,1.138135029209E0,                  523P   4920
6.240891705258E1,7.283063398025E1,1.145471428557E0,                  523P   4921
6.244643354156E1,7.282160275976E1,1.152650660374E0,                  523P   4922
6.246489091249E1,7.281717016885E1,1.156110302639E0,                  523P   4923
6.249675333623E1,7.280953612106E1,1.161959714792E0,                  523P   4924
6.252914937275E1,7.280180407574E1,1.167698539967E0,                  523P   4925
6.2542685798E1,7.279857832432E1,1.170061057613E0,                    523P   4926
6.257823908865E1,7.279011879285E1,1.176173752662E0,                  523P   4927
6.261442099289E1,7.278154278829E1,1.182154473162E0,                  523P   4928
6.263697288937E1,7.277620963292E1,1.185792018474E0,                  523P   4929
6.268709031731E1,7.276438390373E1,1.193679171391E0,                  523P   4930
6.273837002277E1,7.27523401691E1,1.201319323433E0,                   523P   4931
6.276667526904E1,7.274570838867E1,1.205410989432E0,                  523P   4932
6.279532688343E1,7.273901106151E1,1.209428296917E0,                  523P   4933
6.28243250174E1,7.273224795441E1,1.213370994384E0,                   523P   4934
6.20607252704E1,7.269209130925E1,-9.767198818741E-1,                 523P   4935
6.186116046807E1,7.272656023496E1,-9.453306227967E-1,                523P   4936
6.167740522458E1,7.275867250766E1,-9.135333597895E-1,                523P   4937
6.150931808329E1,7.278841586405E1,-8.813518010802E-1,                523P   4938
6.128504399684E1,7.282897425825E1,-8.336481879179E-1,                523P   4939
6.10951164942E1,7.286509780355E1,-7.86084889789E-1,                  523P   4940
6.103738552352E1,7.287631086007E1,-7.707859545467E-1,                523P   4941
6.093303306272E1,7.289709829716E1,-7.414991026969E-1,                523P   4942
6.084081783709E1,7.291658977121E1,-7.124797227851E-1,                523P   4943
6.079914691653E1,7.29256896879E1,-6.985953610674E-1,                 523P   4944
6.075276279041E1,7.29361717526E1,-6.822314207315E-1,                 523P   4945
6.070936350479E1,7.294638441102E1,-6.658690167027E-1,                523P   4946
6.070274040836E1,7.294795296118E1,-6.63345736864E-1,                 523P   4947
6.068970641936E1,7.295105927822E1,-6.583282700649E-1,                523P   4948
6.067692951574E1,7.295414209207E1,-6.533077360388E-1,                523P   4949
6.067064100722E1,7.295566856596E1,-6.508115171049E-1,                523P   4950
6.063930946342E1,7.296331887209E1,-6.382486101407E-1,                523P   4951
6.060944866357E1,7.297082955274E1,-6.256471276036E-1,                523P   4952
6.058636042853E1,7.297676153518E1,-6.155121563026E-1,                523P   4953
6.054403594674E1,7.298783899779E1,-5.962103649506E-1,                523P   4954
6.050433755053E1,7.299859622403E1,-5.767332886069E-1,                523P   4955
6.048615504482E1,7.300360311244E1,-5.674963527969E-1,                523P   4956
6.045325359467E1,7.301281024065E1,-5.501812351229E-1,                523P   4957
6.04222693939E1,7.302177775079E1,-5.327044886978E-1,                 523P   4958
6.040830083275E1,7.302588863897E1,-5.245575211899E-1,                523P   4959
6.038815184369E1,7.303192170578E1,-5.123954486745E-1,                523P   4960
6.036889098795E1,7.30378524903E1,-5.001312638113E-1,                 523P   4961
6.036269371977E1,7.303977914415E1,-4.96113627989E-1,                 523P   4962
6.03443660635E1,7.304553285504E1,-4.84013462831E-1,                  523P   4963
6.032688516996E1,7.305119093682E1,-4.718043412531E-1,                523P   4964
6.031560002724E1,7.305492287842E1,-4.636094622597E-1,                523P   4965
6.025023740154E1,7.307703170285E1,-4.141908752912E-1,                523P   4966
6.019824880848E1,7.309763220003E1,-3.627543147758E-1,                523P   4967
6.016409191429E1,7.311371807595E1,-3.182132309859E-1,                523P   4968
6.010942091865E1,7.314598730798E1,-2.171662820651E-1,                523P   4969
6.009730708725E1,7.317117558297E1,-1.066965098816E-1,                523P   4970
6.010312817661E1,7.318233771002E1,-4.409163401208E-2,                523P   4971
6.013007182856E1,7.319445404991E1,5.335813398392E-2,                 523P   4972
6.018424053508E1,7.319869786957E1,1.559222840621E-1,                 523P   4973
6.020495763259E1,7.319918160523E1,1.900874688141E-1,                 523P   4974
6.025266209127E1,7.319820853366E1,2.597890851917E-1,                 523P   4975
6.031233420404E1,7.319313001375E1,3.307530507723E-1,                 523P   4976
6.034545522721E1,7.318948101835E1,3.6673860436E-1,                   523P   4977
6.041314878197E1,7.318055283221E1,4.34266111732E-1,                  523P   4978
6.049156989708E1,7.316763961761E1,5.017425713676E-1,                 523P   4979
6.053041232448E1,7.316075385243E1,5.330650129354E-1,                 523P   4980
6.061340634523E1,7.314511119769E1,5.958411963269E-1,                 523P   4981
6.070600684621E1,7.312595655576E1,6.575660014774E-1,                 523P   4982
6.075512057041E1,7.311542589776E1,6.883072645546E-1,                 523P   4983
6.086024184901E1,7.309225063994E1,7.499840366765E-1,                 523P   4984
6.097642206693E1,7.306569990667E1,8.094484842302E-1,                 523P   4985
6.103858287951E1,7.305135177429E1,8.39047689659E-1,                  523P   4986
6.115866197202E1,7.302358125087E1,8.919630172645E-1,                 523P   4987
6.129122262064E1,7.299311419206E1,9.422462925393E-1,                 523P   4988
6.135423081216E1,7.297871133448E1,9.645191942159E-1,                 523P   4989
6.147018539646E1,7.295240906517E1,1.00259883817E0,                   523P   4990
6.15959053887E1,7.292429279961E1,1.038724300751E0,                   523P   4991
6.165197903857E1,7.291182819577E1,1.053917824896E0,                  523P   4992
6.174614327691E1,7.289102006296E1,1.077946799382E0,                  523P   4993
6.184555980523E1,7.286924604533E1,1.100919288293E0,                  523P   4994
6.188450807745E1,7.286074254853E1,1.10957561644E0,                   523P   4995
6.19440915889E1,7.284777291783E1,1.122309292287E0,                   523P   4996
6.200546941413E1,7.283446861811E1,1.134677830025E0,                  523P   4997
6.202610796207E1,7.283000088369E1,1.138754754667E0,                  523P   4998
6.206674037394E1,7.28212156392E1,1.146621925098E0,                   523P   4999
6.210813550109E1,7.281228585382E1,1.1543304837E0,                    523P   5000
6.212848206831E1,7.280790134835E1,1.158048124014E0,                  523P   5001
6.216357392723E1,7.280034673528E1,1.164333610816E0,                  523P   5002
6.219919918399E1,7.279268946659E1,1.17049944828E0,                   523P   5003
6.221407567317E1,7.278949395368E1,1.173037525478E0,                  523P   5004
6.225312395333E1,7.278111192117E1,1.179609857941E0,                  523P   5005
6.229279864866E1,7.277260978452E1,1.186053674231E0,                  523P   5006
6.231750361971E1,7.276732076918E1,1.189977463509E0,                  523P   5007
6.237235421383E1,7.275558823713E1,1.198487273098E0,                  523P   5008
6.242836376243E1,7.274363055027E1,1.206740697904E0,                  523P   5009
6.245924682136E1,7.273704385911E1,1.211165730532E0,                  523P   5010
6.249047536093E1,7.273039022811E1,1.215515410392E0,                  523P   5011
6.25220496891E1,7.272366975147E1,1.219789467769E0,                   523P   5012
6.208826402733E1,7.262168919007E1,-1.020445624501E0,                 523P   5013
6.186635067616E1,7.265862223764E1,-9.887781556855E-1,                523P   5014
6.166031266524E1,7.26931134188E1,-9.56802778321E-1,                  523P   5015
6.147007598208E1,7.272523992475E1,-9.243718489669E-1,                523P   5016
6.121208914485E1,7.27692334008E1,-8.757435611444E-1,                 523P   5017
6.098778461331E1,7.280844424295E1,-8.271577221276E-1,                523P   5018
6.091896522E1,7.282061286052E1,-8.115181529695E-1,                   523P   5019
6.079310946105E1,7.284315819053E1,-7.815133547961E-1,                523P   5020
6.067918145483E1,7.286409895786E1,-7.516760431137E-1,                523P   5021
6.062731188085E1,7.287378420558E1,-7.374554945222E-1,                523P   5022
6.05688023365E1,7.288496882557E1,-7.206952381558E-1,                 523P   5023
6.051295500561E1,7.289581527808E1,-7.039060047057E-1,                523P   5024
6.050440482392E1,7.289747981958E1,-7.013162003739E-1,                523P   5025
6.048752563753E1,7.290077329719E1,-6.961654029712E-1,                523P   5026
6.047087830809E1,7.290403534665E1,-6.910101721678E-1,                523P   5027
6.046266061388E1,7.29056487911E1,-6.884468454298E-1,                 523P   5028
6.042160131594E1,7.291372568634E1,-6.755469106869E-1,                523P   5029
6.038191843185E1,7.292160694954E1,-6.626172005759E-1,                523P   5030
6.035095976745E1,7.292779823412E1,-6.522370046545E-1,                523P   5031
6.029387512194E1,7.293930144961E1,-6.325377001822E-1,                523P   5032
6.02397786169E1,7.295039236527E1,-6.127694185637E-1,                 523P   5033
6.021488079612E1,7.295554571764E1,-6.034088178899E-1,                523P   5034
6.01696778126E1,7.296500860955E1,-5.859005971081E-1,                 523P   5035
6.012675779752E1,7.297420138669E1,-5.682788046317E-1,                523P   5036
6.010733312389E1,7.297841153599E1,-5.600734777986E-1,                523P   5037
6.007921908873E1,7.298458666582E1,-5.478389870278E-1,                523P   5038
6.005218296265E1,7.299064740448E1,-5.355251594085E-1,                523P   5039
6.00434659114E1,7.299261517574E1,-5.314937559419E-1,                 523P   5040
6.001763350635E1,7.299848885971E1,-5.193592344089E-1,                523P   5041
5.999283680355E1,7.30042574641E1,-5.071357074981E-1,                 523P   5042
5.997675855727E1,7.30080598758E1,-4.989391548297E-1,                 523P   5043
5.988317366447E1,7.303057125346E1,-4.495510488385E-1,                523P   5044
5.980603156545E1,7.305149335344E1,-3.983536863839E-1,                523P   5045
5.975307805097E1,7.306785644343E1,-3.540661920446E-1,                523P   5046
5.966231875774E1,7.310083483016E1,-2.535382968678E-1,                523P   5047
5.962449853732E1,7.312717075106E1,-1.431770697577E-1,                523P   5048
5.961941209681E1,7.31391326121E1,-8.038703571652E-2,                 523P   5049
5.963460649607E1,7.315277137029E1,1.774873140109E-2,                 523P   5050
5.968366365727E1,7.315899014495E1,1.217421298213E-1,                 523P   5051
5.970342675147E1,7.31601694654E1,1.564646112545E-1,                  523P   5052
5.975063282225E1,7.316068564118E1,2.274646125942E-1,                 523P   5053
5.981273964674E1,7.315724041506E1,3.000718040569E-1,                 523P   5054
5.984783598447E1,7.315444457781E1,3.369708034065E-1,                 523P   5055
5.992061428241E1,7.314715528028E1,4.063550638628E-1,                 523P   5056
6.000675471721E1,7.313593074422E1,4.759432820948E-1,                 523P   5057
6.004976046342E1,7.312983665588E1,5.082999252035E-1,                 523P   5058
6.014229225611E1,7.311579333679E1,5.732568584052E-1,                 523P   5059
6.024666824921E1,7.309820918769E1,6.373572013952E-1,                 523P   5060
6.030226713709E1,7.308845461618E1,6.693451094377E-1,                 523P   5061
6.042160524958E1,7.30667867496E1,7.33669740065E-1,                   523P   5062
6.05535256033E1,7.304158038624E1,7.959402810239E-1,                  523P   5063
6.062395659321E1,7.302787923988E1,8.269870913854E-1,                 523P   5064
6.075946682412E1,7.300124975175E1,8.82566910689E-1,                  523P   5065
6.090811266293E1,7.297182717132E1,9.355291288958E-1,                 523P   5066
6.097864053143E1,7.295788325868E1,9.590219456598E-1,                 523P   5067
6.110820513907E1,7.293228419707E1,9.992474653113E-1,                 523P   5068
6.124785785461E1,7.290476014621E1,1.037491172641E0,                  523P   5069
6.130998399337E1,7.289253415681E1,1.053594743463E0,                  523P   5070
6.141407398166E1,7.287207773652E1,1.079089568157E0,                  523P   5071
6.152350456331E1,7.28506070489E1,1.103510118723E0,                   523P   5072
6.156630496117E1,7.284221455156E1,1.112731460284E0,                  523P   5073
6.163167293377E1,7.282940246474E1,1.126308881373E0,                  523P   5074
6.1698859242E1,7.28162375504E1,1.139486617908E0,                     523P   5075
6.172143482583E1,7.281181437943E1,1.14383224512E0,                   523P   5076
6.176584756813E1,7.28031128711E1,1.152221615386E0,                   523P   5077
6.181103041822E1,7.27942597472E1,1.160439884385E0,                   523P   5078
6.183322394592E1,7.278991079863E1,1.164401605952E0,                  523P   5079
6.187147417682E1,7.278241579148E1,1.171114975882E0,                  523P   5080
6.19102598077E1,7.27748164143E1,1.177725418824E0,                    523P   5081
6.192644818733E1,7.277164466448E1,1.18045085708E0,                   523P   5082
6.196892170434E1,7.276332197408E1,1.18749975056E0,                   523P   5083
6.201202872086E1,7.275487299021E1,1.194389903533E0,                  523P   5084
6.203885253814E1,7.274961503444E1,1.19858010413E0,                   523P   5085
6.209836503652E1,7.273795075E1,1.207685259772E0,                     523P   5086
6.215904466991E1,7.272605931263E1,1.216540051633E0,                  523P   5087
6.219247702559E1,7.271950769892E1,1.221289331771E0,                  523P   5088
6.222625779308E1,7.271288780632E1,1.225960046229E0,                  523P   5089
6.226038716214E1,7.270619947557E1,1.230552469945E0,                  523P   5090
6.209611737929E1,7.254743411211E1,-1.05843088812E0,                  523P   5091
6.185393345061E1,7.258684992474E1,-1.026991373193E0,                 523P   5092
6.162699707624E1,7.262382264143E1,-9.947255091596E-1,                523P   5093
6.141549783227E1,7.265829048376E1,-9.619212330592E-1,                523P   5094
6.112691192088E1,7.27054984267E1,-9.134374734303E-1,                 523P   5095
6.087186898873E1,7.27476448301E1,-8.644240551294E-1,                 523P   5096
6.07930206841E1,7.276071859284E1,-8.485866844908E-1,                 523P   5097
6.064792201596E1,7.278486679018E1,-8.181471033712E-1,                523P   5098
6.051476322065E1,7.280738382963E1,-7.878825278782E-1,                523P   5099
6.045337089478E1,7.281787301855E1,-7.733931229238E-1,                523P   5100
6.038320317324E1,7.282990490873E1,-7.562372249745E-1,                523P   5101
6.031586323889E1,7.284152498977E1,-7.390841151158E-1,                523P   5102
6.030554606158E1,7.2843307087E1,-7.364392445997E-1,                  523P   5103
6.028516581435E1,7.284683091171E1,-7.311813003846E-1,                523P   5104
6.026504402541E1,7.285031727316E1,-7.259238247094E-1,                523P   5105
6.025510683884E1,7.285204087344E1,-7.233109792643E-1,                523P   5106
6.020543712262E1,7.286066543291E1,-7.101682088557E-1,                523P   5107
6.015734639732E1,7.286906339838E1,-6.970259776929E-1,                523P   5108
6.011980041958E1,7.287565186081E1,-6.864948937185E-1,                523P   5109
6.005045949803E1,7.288788632217E1,-6.66517710876E-1,                 523P   5110
5.998451967635E1,7.289965592173E1,-6.464888331807E-1,                523P   5111
5.995412105353E1,7.290511512328E1,-6.370131502234E-1,                523P   5112
5.989879178433E1,7.291511712694E1,-6.192989818397E-1,                523P   5113
5.984605355077E1,7.292478802542E1,-6.015059781945E-1,                523P   5114
5.982213999652E1,7.292920579531E1,-5.932303248575E-1,                523P   5115
5.978744944387E1,7.293566586186E1,-5.809053606065E-1,                523P   5116
5.975398922746E1,7.294198141564E1,-5.685204323562E-1,                523P   5117
5.974319035466E1,7.294402931335E1,-5.644678566761E-1,                523P   5118
5.971115603498E1,7.295013416048E1,-5.522761195789E-1,                523P   5119
5.96803075107E1,7.295610560154E1,-5.400147356367E-1,                 523P   5120
5.966025916289E1,7.296003071793E1,-5.318018202961E-1,                523P   5121
5.954332226092E1,7.298321005502E1,-4.823678833794E-1,                523P   5122
5.944538652772E1,7.300441993938E1,-4.31414421052E-1,                 523P   5123
5.937705225075E1,7.302088311098E1,-3.874118131146E-1,                523P   5124
5.925694935039E1,7.3054025286E1,-2.873801964362E-1,                  523P   5125
5.919867113701E1,7.308061983236E1,-1.769473645488E-1,                523P   5126
5.918508610075E1,7.309284656701E1,-1.138444153162E-1,                523P   5127
5.919134963437E1,7.310713141156E1,-1.476756051813E-2,                523P   5128
5.923705950828E1,7.31144497878E1,9.089114098436E-2,                  523P   5129
5.925631861667E1,7.311604146705E1,1.26238383453E-1,                  523P   5130
5.930373270262E1,7.311749308814E1,1.986646461074E-1,                 523P   5131
5.936847916271E1,7.311519082142E1,2.730295774101E-1,                 523P   5132
5.940552210356E1,7.311302205861E1,3.108984174088E-1,                 523P   5133
5.948310833256E1,7.310698948595E1,3.822491211311E-1,                 523P   5134
5.957622185103E1,7.309714838854E1,4.540673573954E-1,                 523P   5135
5.962294211502E1,7.30917200041E1,4.875155001517E-1,                  523P   5136
5.972391864031E1,7.307904526243E1,5.54767511606E-1,                  523P   5137
5.98386752594E1,7.306285922024E1,6.213301373399E-1,                  523P   5138
5.990000162154E1,7.305380896283E1,6.545933739317E-1,                 523P   5139
6.003204593728E1,7.303357194949E1,7.21580302716E-1,                  523P   5140
6.017878849598E1,7.300971099698E1,7.866796919252E-1,                 523P   5141
6.025730108528E1,7.299664059631E1,8.192215098109E-1,                 523P   5142
6.040824581574E1,7.297104946359E1,8.775976413565E-1,                 523P   5143
6.057272273194E1,7.294248527827E1,9.333960285026E-1,                 523P   5144
6.065031807179E1,7.292890495722E1,9.581712764047E-1,                 523P   5145
6.079233626135E1,7.290396641292E1,1.000646899891E0,                  523P   5146
6.094486964703E1,7.287697104555E1,1.041100894425E0,                  523P   5147
6.101262620085E1,7.286493692182E1,1.05813696756E0,                   523P   5148
6.112588666543E1,7.284475146999E1,1.085106227449E0,                  523P   5149
6.124462889008E1,7.282347939925E1,1.110920781717E0,                  523P   5150
6.129103122747E1,7.281515025653E1,1.120647634609E0,                  523P   5151
6.136183963862E1,7.280241678194E1,1.134967739516E0,                  523P   5152
6.143450647568E1,7.27893168602E1,1.148908548396E0,                   523P   5153
6.145891086027E1,7.278491371044E1,1.153506467113E0,                  523P   5154
6.150690037061E1,7.277624864343E1,1.162384224292E0,                  523P   5155
6.155567961785E1,7.276742871639E1,1.171095599031E0,                  523P   5156
6.157962953554E1,7.27630954472E1,1.175300193564E0,                   523P   5157
6.162089185688E1,7.275562388669E1,1.182407775994E0,                  523P   5158
6.166270559673E1,7.274804226791E1,1.189380635903E0,                  523P   5159
6.168015332601E1,7.274487691309E1,1.192251251964E0,                  523P   5160
6.172591610858E1,7.273657121865E1,1.199693176846E0,                  523P   5161
6.177232292143E1,7.27281392377E1,1.20701204213E0,                    523P   5162
6.180118607004E1,7.272289093183E1,1.211476179294E0,                  523P   5163
6.186519532135E1,7.271124070105E1,1.221161549232E0,                  523P   5164
6.193039486394E1,7.269935019632E1,1.230565987499E0,                  523P   5165
6.196629718302E1,7.269279596635E1,1.235611972694E0,                  523P   5166
6.200255293282E1,7.268617062424E1,1.240576403495E0,                  523P   5167
6.203916196393E1,7.267947421742E1,1.245459139629E0,                  523P   5168
6.201342542425E1,7.238410510569E1,-1.116630456959E0,                 523P   5169
6.173211498817E1,7.242924131777E1,-1.086405090556E0,                 523P   5170
6.146635382091E1,7.247156387916E1,-1.055643982128E0,                 523P   5171
6.121568838096E1,7.251119323489E1,-1.023821004544E0,                 523P   5172
6.086658867731E1,7.256571194927E1,-9.745850829297E-1,                523P   5173
6.054911078486E1,7.261452725082E1,-9.246342001469E-1,                523P   5174
6.045004846507E1,7.26297044985E1,-9.08479193789E-1,                  523P   5175
6.02661326303E1,7.265790627272E1,-8.775213217692E-1,                 523P   5176
6.009459846801E1,7.268421880437E1,-8.468057438907E-1,                523P   5177
6.001512796788E1,7.269641486844E1,-8.321515289489E-1,                523P   5178
5.992467811095E1,7.271035557905E1,-8.149729216267E-1,                523P   5179
5.983802694296E1,7.272375056102E1,-7.979000527726E-1,                523P   5180
5.982475471127E1,7.272580317242E1,-7.952697108706E-1,                523P   5181
5.979854391521E1,7.272985849334E1,-7.90044525114E-1,                 523P   5182
5.977267753685E1,7.273386341167E1,-7.848268171974E-1,                523P   5183
5.975990599472E1,7.273584143401E1,-7.822352720371E-1,                523P   5184
5.969608070478E1,7.274572921399E1,-7.692071648947E-1,                523P   5185
5.963433554402E1,7.275530692384E1,-7.56215535747E-1,                 523P   5186
5.958614249199E1,7.276278668467E1,-7.458208049131E-1,                523P   5187
5.949715077894E1,7.277660291018E1,-7.261399055877E-1,                523P   5188
5.941252248223E1,7.278975675948E1,-7.064736449399E-1,                523P   5189
5.937349806457E1,7.279582629415E1,-6.971805628339E-1,                523P   5190
5.930245333663E1,7.280688942901E1,-6.798280146097E-1,                523P   5191
5.923465306547E1,7.281748046457E1,-6.624229435484E-1,                523P   5192
5.920388630435E1,7.282229586253E1,-6.543314034166E-1,                523P   5193
5.91592190422E1,7.282930514561E1,-6.422848521453E-1,                 523P   5194
5.911606598638E1,7.283610760699E1,-6.301854234727E-1,                523P   5195
5.910213057044E1,7.283830794099E1,-6.26226815646E-1,                 523P   5196
5.906076623209E1,7.284485099577E1,-6.143191037625E-1,                523P   5197
5.902085346871E1,7.285120291998E1,-6.023465636288E-1,                523P   5198
5.899487679036E1,7.285535704952E1,-5.943277350734E-1,                523P   5199
5.884310464836E1,7.287976154885E1,-5.460627018352E-1,                523P   5200
5.871444291834E1,7.29013504487E1,-4.962987235627E-1,                 523P   5201
5.86232782888E1,7.291766114656E1,-4.532593851602E-1,                 523P   5202
5.84598771513E1,7.294995660728E1,-3.548097983764E-1,                 523P   5203
5.837225214658E1,7.297539131207E1,-2.442669375681E-1,                523P   5204
5.834692327888E1,7.298717769305E1,-1.803900715234E-1,                523P   5205
5.834187005521E1,7.300135862001E1,-7.896356027222E-2,                523P   5206
5.83855066154E1,7.300952641075E1,3.088304029851E-2,                  523P   5207
5.840508685533E1,7.301150965609E1,6.780683161652E-2,                 523P   5208
5.845516523227E1,7.301398420946E1,1.438084799918E-1,                 523P   5209
5.852666446355E1,7.301316024855E1,2.225273715073E-1,                 523P   5210
5.856815127071E1,7.301184904917E1,2.627816052122E-1,                 523P   5211
5.865598964924E1,7.300761841485E1,3.389326408985E-1,                 523P   5212
5.876296004009E1,7.299990427745E1,4.16124991581E-1,                  523P   5213
5.88169095379E1,7.299552822319E1,4.521887160569E-1,                  523P   5214
5.893399585369E1,7.298507820655E1,5.249140672389E-1,                 523P   5215
5.906792932698E1,7.297126432409E1,5.972887361088E-1,                 523P   5216
5.913967965124E1,7.296343131677E1,6.335493674091E-1,                 523P   5217
5.929447889967E1,7.294567362872E1,7.06733513551E-1,                  523P   5218
5.946710124519E1,7.292418939583E1,7.781224252627E-1,                 523P   5219
5.955959122516E1,7.291228514866E1,8.138599900091E-1,                 523P   5220
5.973780336808E1,7.288864245489E1,8.780802064296E-1,                 523P   5221
5.99323079639E1,7.286160478195E1,9.396126546966E-1,                  523P   5222
6.002414163509E1,7.28486012449E1,9.6696024992E-1,                    523P   5223
6.019154752863E1,7.282446963768E1,1.013850343741E0,                  523P   5224
6.037003247041E1,7.279806789488E1,1.058543570024E0,                  523P   5225
6.044910252245E1,7.278625804704E1,1.077383120426E0,                  523P   5226
6.058108488692E1,7.276634755318E1,1.107232142931E0,                  523P   5227
6.071892392174E1,7.274522620415E1,1.135839851042E0,                  523P   5228
6.077269456973E1,7.273694073958E1,1.146646529071E0,                  523P   5229
6.085459659154E1,7.272424900935E1,1.162547382285E0,                  523P   5230
6.09384480393E1,7.271114273081E1,1.177946915585E0,                   523P   5231
6.096658728073E1,7.270673243889E1,1.183021756238E0,                  523P   5232
6.102187608152E1,7.269804287609E1,1.192812926548E0,                  523P   5233
6.107798853311E1,7.26891760966E1,1.202390024357E0,                   523P   5234
6.110551883239E1,7.26848144721E1,1.207002921331E0,                   523P   5235
6.115291154322E1,7.267728875282E1,1.214818380592E0,                  523P   5236
6.120087227467E1,7.266964339538E1,1.222509165245E0,                  523P   5237
6.122087378783E1,7.266644996854E1,1.225678893799E0,                  523P   5238
6.127330942058E1,7.2658063144E1,1.23386695652E0,                     523P   5239
6.132641577656E1,7.264953076198E1,1.241844667656E0,                  523P   5240
6.135941909218E1,7.264421453158E1,1.246687475127E0,                  523P   5241
6.143254625803E1,7.263240938085E1,1.257205219676E0,                  523P   5242
6.150689768083E1,7.26203490901E1,1.26742201047E0,                    523P   5243
6.154780045694E1,7.261369716712E1,1.272900200777E0,                  523P   5244
6.158906817838E1,7.260696869845E1,1.278284726047E0,                  523P   5245
6.163070138151E1,7.260016353601E1,1.283574981408E0,                  523P   5246
6.166596182713E1,7.222469791561E1,-1.128129120835E0,                 523P   5247
6.136101097813E1,7.227535602203E1,-1.100957852905E0,                 523P   5248
6.107033463297E1,7.232330336845E1,-1.071710985564E0,                 523P   5249
6.079451486489E1,7.236838545307E1,-1.041151781827E0,                 523P   5250
6.041001974196E1,7.243057827622E1,-9.952955691518E-1,                523P   5251
6.006093233815E1,7.248661611363E1,-9.485314151185E-1,                523P   5252
5.995212522204E1,7.250403198533E1,-9.334594112355E-1,                523P   5253
5.974989233608E1,7.253623242854E1,-9.044791048118E-1,                523P   5254
5.956104123754E1,7.256600304884E1,-8.756301645344E-1,                523P   5255
5.947341232876E1,7.257974469952E1,-8.618224635584E-1,                523P   5256
5.937319456098E1,7.259534856659E1,-8.455345782329E-1,                523P   5257
5.92770315016E1,7.261021106967E1,-8.293283772108E-1,                 523P   5258
5.926229968561E1,7.261248529892E1,-8.268315070247E-1,                523P   5259
5.923320334475E1,7.261697191022E1,-8.218719185528E-1,                523P   5260
5.920448757568E1,7.262139001927E1,-8.169212578149E-1,                523P   5261
5.919030978257E1,7.262356902949E1,-8.144630624626E-1,                523P   5262
5.911946479939E1,7.263444577976E1,-8.02109107523E-1,                 523P   5263
5.905098946929E1,7.264490167472E1,-7.898107142275E-1,                523P   5264
5.899763649093E1,7.265301433856E1,-7.799919753223E-1,                523P   5265
5.889932777513E1,7.266790036021E1,-7.61429419157E-1,                 523P   5266
5.880626010851E1,7.268187775752E1,-7.429231156465E-1,                523P   5267
5.876344865417E1,7.268828258979E1,-7.34187880703E-1,                 523P   5268
5.868568988271E1,7.269987082839E1,-7.178886433125E-1,                523P   5269
5.861182565968E1,7.271080346288E1,-7.015585756358E-1,                523P   5270
5.85783809354E1,7.271573831897E1,-6.939695434573E-1,                 523P   5271
5.852992522897E1,7.272286749895E1,-6.826724456051E-1,                523P   5272
5.848325767171E1,7.272970904864E1,-6.713226689194E-1,                523P   5273
5.846820288859E1,7.273191370477E1,-6.676087650094E-1,                523P   5274
5.842356086782E1,7.273844479026E1,-6.564348407493E-1,                523P   5275
5.83806155324E1,7.274471107207E1,-6.451912936339E-1,                 523P   5276
5.835271873738E1,7.274877643685E1,-6.376552531751E-1,                523P   5277
5.819003864432E1,7.277247145687E1,-5.922517638347E-1,                523P   5278
5.805381560989E1,7.279234661221E1,-5.451066997163E-1,                523P   5279
5.795809174316E1,7.280672097444E1,-5.038843063308E-1,                523P   5280
5.778776204488E1,7.283431548217E1,-4.083661099647E-1,                523P   5281
5.769907645607E1,7.285491491873E1,-2.980014290057E-1,                523P   5282
5.767467213111E1,7.286437858905E1,-2.332590904405E-1,                523P   5283
5.767335398289E1,7.287572822042E1,-1.290391151128E-1,                523P   5284
5.772446483477E1,7.288209177734E1,-1.431998025782E-2,                523P   5285
5.774691394885E1,7.288359516117E1,2.441979340121E-2,                 523P   5286
5.780363994679E1,7.288532717758E1,1.04499787056E-1,                  523P   5287
5.788353507763E1,7.288420963969E1,1.88076718769E-1,                  523P   5288
5.792970254622E1,7.288286270319E1,2.30962923599E-1,                  523P   5289
5.802714255896E1,7.287876500278E1,3.123492561848E-1,                 523P   5290
5.814529250682E1,7.287153164742E1,3.952884333753E-1,                 523P   5291
5.820478738838E1,7.286744972671E1,4.341249161576E-1,                 523P   5292
5.833374771761E1,7.285771992222E1,5.126028200721E-1,                 523P   5293
5.84810137027E1,7.284484145799E1,5.909840178426E-1,                  523P   5294
5.855986739397E1,7.283752287115E1,6.303144156221E-1,                 523P   5295
5.872998118805E1,7.282087165976E1,7.097932442386E-1,                 523P   5296
5.891978699109E1,7.280051915088E1,7.874478452248E-1,                 523P   5297
5.902155308165E1,7.278915875702E1,8.263391781455E-1,                 523P   5298
5.921771043822E1,7.276644091234E1,8.961613956528E-1,                 523P   5299
5.943213336377E1,7.274006134824E1,9.627946841585E-1,                 523P   5300
5.953342162848E1,7.272729224374E1,9.92324435805E-1,                  523P   5301
5.971856207078E1,7.270340599254E1,1.042760565693E0,                  523P   5302
5.991641577694E1,7.267686523299E1,1.090412167924E0,                  523P   5303
6.000407176841E1,7.266492047032E1,1.110398210418E0,                  523P   5304
6.015019986224E1,7.264471214507E1,1.141910948407E0,                  523P   5305
6.030265105376E1,7.262314743787E1,1.171821741138E0,                  523P   5306
6.036211123485E1,7.261466548226E1,1.183043884188E0,                  523P   5307
6.045264835262E1,7.260164615756E1,1.199498298007E0,                  523P   5308
6.05452322636E1,7.258818536483E1,1.215428867937E0,                   523P   5309
6.057628830599E1,7.258365394385E1,1.220671693282E0,                  523P   5310
6.06372814694E1,7.257472370981E1,1.230771130468E0,                   523P   5311
6.069912599542E1,7.256561082316E1,1.240639548995E0,                  523P   5312
6.072945417459E1,7.256112855068E1,1.245393168829E0,                  523P   5313
6.078164344573E1,7.255339050272E1,1.25340438058E0,                   523P   5314
6.083442410496E1,7.254552288709E1,1.26122455394E0,                   523P   5315
6.085642988572E1,7.254223554912E1,1.264437450369E0,                  523P   5316
6.09140996064E1,7.253360443831E1,1.272760451211E0,                   523P   5317
6.097245569871E1,7.252482829366E1,1.280929587501E0,                  523P   5318
6.10087038242E1,7.25193604592E1,1.285904757133E0,                    523P   5319
6.108898893879E1,7.250720936704E1,1.296663933467E0,                  523P   5320
6.117054377609E1,7.249477985587E1,1.307038184913E0,                  523P   5321
6.121538694108E1,7.248792086881E1,1.31258217362E0,                   523P   5322
6.126060589485E1,7.248098037312E1,1.318015771988E0,                  523P   5323
6.130619972388E1,7.247395869417E1,1.323339995027E0,                  523P   5324
6.138626375233E1,7.214753156561E1,-1.118048920444E0,                 523P   5325
6.107498883302E1,7.220129031355E1,-1.093480937917E0,                 523P   5326
6.077944869793E1,7.22517420327E1,-1.067816337584E0,                  523P   5327
6.049828864609E1,7.229920542566E1,-1.039964031387E0,                 523P   5328
6.010689037647E1,7.23650253865E1,-9.963415923948E-1,                 523P   5329
5.975111115877E1,7.24239521171E1,-9.517975606994E-1,                 523P   5330
5.964003167474E1,7.244224334631E1,-9.373409885969E-1,                523P   5331
5.943359040478E1,7.247605731429E1,-9.095417656517E-1,                523P   5332
5.924076435884E1,7.250724659789E1,-8.818634104947E-1,                523P   5333
5.915133963508E1,7.252161005415E1,-8.686471834859E-1,                523P   5334
5.904934876949E1,7.25378779767E1,-8.531302971907E-1,                 523P   5335
5.895162294272E1,7.25533082689E1,-8.377104210149E-1,                 523P   5336
5.89366546124E1,7.255566769854E1,-8.353348007995E-1,                 523P   5337
5.890709593278E1,7.256031890347E1,-8.306158188673E-1,                523P   5338
5.887793181187E1,7.256489145946E1,-8.259040599644E-1,                523P   5339
5.886353422897E1,7.256714456257E1,-8.235639279479E-1,                523P   5340
5.879159729193E1,7.257838054383E1,-8.118008938085E-1,                523P   5341
5.872209326707E1,7.258912735256E1,-8.000783165865E-1,                523P   5342
5.866794400837E1,7.259742710007E1,-7.907065443881E-1,                523P   5343
5.856819790019E1,7.261258157125E1,-7.729790347437E-1,                523P   5344
5.847386323447E1,7.262667129274E1,-7.552919972624E-1,                523P   5345
5.843049488932E1,7.263309381639E1,-7.469390974619E-1,                523P   5346
5.835179358963E1,7.264465223842E1,-7.31347582991E-1,                 523P   5347
5.827716895765E1,7.265544249507E1,-7.157123733932E-1,                523P   5348
5.824341310487E1,7.266028808839E1,-7.084429910066E-1,                523P   5349
5.819456254723E1,7.266725247561E1,-6.976166579941E-1,                523P   5350
5.814759721099E1,7.267388259033E1,-6.867322061725E-1,                523P   5351
5.813245549775E1,7.267601331059E1,-6.831697266956E-1,                523P   5352
5.808758384646E1,7.268230815992E1,-6.724486830196E-1,                523P   5353
5.804450320263E1,7.268829711156E1,-6.616521124689E-1,                523P   5354
5.801655876639E1,7.269216051618E1,-6.544110734734E-1,                523P   5355
5.785383350377E1,7.271454869659E1,-6.107555803842E-1,                523P   5356
5.771899276877E1,7.27325797974E1,-5.652290874125E-1,                 523P   5357
5.762519522002E1,7.274522145316E1,-5.252032305205E-1,                523P   5358
5.74600594667E1,7.276896250612E1,-4.31633330186E-1,                  523P   5359
5.737810363274E1,7.278596431458E1,-3.215830523772E-1,                523P   5360
5.735752116327E1,7.279371402817E1,-2.564340023377E-1,                523P   5361
5.73621566448E1,7.280292864845E1,-1.507640507168E-1,                 523P   5362
5.741977482127E1,7.280772239326E1,-3.347700904389E-2,                523P   5363
5.744442808816E1,7.280877163613E1,6.219380254136E-3,                 523P   5364
5.750575882149E1,7.280970069237E1,8.843312223333E-2,                 523P   5365
5.759063556271E1,7.280798960274E1,1.745244968455E-1,                 523P   5366
5.763942259613E1,7.280639124441E1,2.187649079886E-1,                 523P   5367
5.774198749674E1,7.280190467961E1,3.028340744168E-1,                 523P   5368
5.786571783587E1,7.279441994594E1,3.887085430533E-1,                 523P   5369
5.792791751689E1,7.279024797107E1,4.289613606821E-1,                 523P   5370
5.806255365292E1,7.27803864708E1,5.103856755449E-1,                  523P   5371
5.82159713558E1,7.276746187155E1,5.918636666126E-1,                  523P   5372
5.829805111004E1,7.276013891896E1,6.327840934865E-1,                 523P   5373
5.847498920844E1,7.274350474531E1,7.155305375532E-1,                 523P   5374
5.867215604355E1,7.272320613283E1,7.964029273725E-1,                 523P   5375
5.877779587095E1,7.271189273485E1,8.368824174983E-1,                 523P   5376
5.898138770179E1,7.268924428067E1,9.094820272743E-1,                 523P   5377
5.920375516274E1,7.266290572831E1,9.785495917617E-1,                 523P   5378
5.930877210247E1,7.265014027519E1,1.009099125703E0,                  523P   5379
5.950039629698E1,7.262624623757E1,1.06115341184E0,                   523P   5380
5.970478080195E1,7.259969956571E1,1.110050220793E0,                  523P   5381
5.979529095555E1,7.258775026985E1,1.130502798606E0,                  523P   5382
5.994621912512E1,7.256749208252E1,1.162594601732E0,                  523P   5383
6.010370234442E1,7.25458142375E1,1.192910014843E0,                   523P   5384
6.016512035352E1,7.25372860137E1,1.204315626812E0,                   523P   5385
6.025866709502E1,7.252417932517E1,1.221003171847E0,                  523P   5386
6.035441518634E1,7.251058012783E1,1.236981575141E0,                  523P   5387
6.038654209641E1,7.250599768221E1,1.242229854609E0,                  523P   5388
6.044965324638E1,7.249695811858E1,1.252325199663E0,                  523P   5389
6.051367151071E1,7.248771491482E1,1.262132293145E0,                  523P   5390
6.054507084956E1,7.248316410818E1,1.266838840887E0,                  523P   5391
6.059910068244E1,7.247530909899E1,1.27480750814E0,                   523P   5392
6.065373354195E1,7.246732523145E1,1.28263581345E0,                   523P   5393
6.067650937984E1,7.246398986672E1,1.285859573169E0,                  523P   5394
6.073619797405E1,7.245522638166E1,1.294153221685E0,                  523P   5395
6.079659462628E1,7.244630185538E1,1.302146002658E0,                  523P   5396
6.083410546745E1,7.244073902882E1,1.306968395417E0,                  523P   5397
6.091716418647E1,7.242838698322E1,1.317422628033E0,                  523P   5398
6.100148928294E1,7.24157675831E1,1.327521536367E0,                   523P   5399
6.104784085609E1,7.240880683119E1,1.332918518229E0,                  523P   5400
6.109456950263E1,7.240176496517E1,1.338201598692E0,                  523P   5401
6.114167686371E1,7.239464147774E1,1.343368337116E0,                  523P   5402
6.088430300786E1,7.204825151815E1,-1.101544342112E0,                 523P   5403
6.057573089699E1,7.210526886664E1,-1.081230630157E0,                 523P   5404
6.028083197133E1,7.215957706084E1,-1.056846910076E0,                 523P   5405
6.000128282981E1,7.221067195618E1,-1.02938811152E0,                  523P   5406
5.961307739044E1,7.228055337522E1,-9.877271157978E-1,                523P   5407
5.926035130144E1,7.234273337294E1,-9.448213132015E-1,                523P   5408
5.915035482311E1,7.236197190487E1,-9.309718836179E-1,                523P   5409
5.894595362803E1,7.239738607775E1,-9.043898174266E-1,                523P   5410
5.875527907063E1,7.242974306367E1,-8.780607441193E-1,                523P   5411
5.866689572098E1,7.244457238929E1,-8.655004881707E-1,                523P   5412
5.856604902841E1,7.246127757874E1,-8.507609006345E-1,                523P   5413
5.846951819589E1,7.247700281265E1,-8.361544155083E-1,                523P   5414
5.845473588261E1,7.247940435188E1,-8.339054064906E-1,                523P   5415
5.84255515228E1,7.248413256465E1,-8.294407916023E-1,                 523P   5416
5.83967722147E1,7.248876923774E1,-8.249894770127E-1,                 523P   5417
5.838256885927E1,7.249105114421E1,-8.227805539836E-1,                523P   5418
5.831162569809E1,7.250241627748E1,-8.116853074619E-1,                523P   5419
5.824320584604E1,7.251321221603E1,-8.00668304709E-1,                 523P   5420
5.818999665067E1,7.252149902945E1,-7.918889219036E-1,                523P   5421
5.809216492595E1,7.253652280397E1,-7.753172268382E-1,                523P   5422
5.799999706788E1,7.255027260635E1,-7.588360694252E-1,                523P   5423
5.795771211317E1,7.255648886264E1,-7.510644132301E-1,                523P   5424
5.788113962423E1,7.25675766423E1,-7.365728221566E-1,                 523P   5425
5.780885319809E1,7.257773922098E1,-7.220594507226E-1,                523P   5426
5.777622756176E1,7.258226022499E1,-7.153136361882E-1,                523P   5427
5.772912061441E1,7.258869381225E1,-7.052663901235E-1,                523P   5428
5.768399719476E1,7.259472444749E1,-6.951583526447E-1,                523P   5429
5.766946766599E1,7.259665215852E1,-6.91848985433E-1,                 523P   5430
5.762646539073E1,7.260231632517E1,-6.818858487237E-1,                523P   5431
5.758534621835E1,7.260761257533E1,-6.718387244361E-1,                523P   5432
5.755874940424E1,7.261098761117E1,-6.650923923509E-1,                523P   5433
5.740433383858E1,7.263030456925E1,-6.243573937983E-1,                523P   5434
5.727912086811E1,7.264446311482E1,-5.814360361788E-1,                523P   5435
5.719404827114E1,7.265355575212E1,-5.431717099501E-1,                523P   5436
5.704815439415E1,7.266976631422E1,-4.524439489324E-1,                523P   5437
5.69845727329E1,7.268049153078E1,-3.428451727361E-1,                 523P   5438
5.697315862297E1,7.268552239213E1,-2.771677524486E-1,                523P   5439
5.699047621085E1,7.269145833312E1,-1.696495656548E-1,                523P   5440
5.705991168691E1,7.269378656908E1,-4.931744730292E-2,                523P   5441
5.708838135941E1,7.26940948025E1,-8.511660375544E-3,                 523P   5442
5.715734678853E1,7.269363754316E1,7.611450604598E-2,                 523P   5443
5.724986386235E1,7.269070472079E1,1.648894968534E-1,                 523P   5444
5.730253514585E1,7.268852020302E1,2.105306701833E-1,                 523P   5445
5.741248334297E1,7.268297733652E1,2.972788856272E-1,                 523P   5446
5.754387733935E1,7.267450029634E1,3.859252543978E-1,                 523P   5447
5.760971653495E1,7.266987794966E1,4.274850944623E-1,                 523P   5448
5.775184741053E1,7.265913127679E1,5.115835356824E-1,                 523P   5449
5.791307709102E1,7.2645371064E1,5.958480277207E-1,                   523P   5450
5.799917051064E1,7.26376399304E1,6.382078937927E-1,                  523P   5451
5.818443243278E1,7.262020760874E1,7.239857688805E-1,                 523P   5452
5.83901430633E1,7.259917814031E1,8.080979808127E-1,                  523P   5453
5.850017045905E1,7.258750166728E1,8.502919023755E-1,                 523P   5454
5.871174943652E1,7.2564227694E1,9.260824645116E-1,                   523P   5455
5.894188631837E1,7.253731054316E1,9.981174506244E-1,                 523P   5456
5.905034357916E1,7.252429439217E1,1.029916269227E0,                  523P   5457
5.924800088184E1,7.249996564419E1,1.083845732788E0,                  523P   5458
5.945820483489E1,7.247298186952E1,1.133926730021E0,                  523P   5459
5.955116016903E1,7.246084568863E1,1.154736062773E0,                  523P   5460
5.970588713258E1,7.244032504361E1,1.187252069518E0,                  523P   5461
5.986695780075E1,7.241844353961E1,1.21758209608E0,                   523P   5462
5.99297355831E1,7.240983538306E1,1.22885062487E0,                    523P   5463
6.002526247154E1,7.239662746556E1,1.24526308924E0,                   523P   5464
6.012289059875E1,7.238297954551E1,1.261067011252E0,                  523P   5465
6.015563534697E1,7.237838492165E1,1.266253481406E0,                  523P   5466
6.021994315937E1,7.236932812625E1,1.276211653215E0,                  523P   5467
6.028514809058E1,7.23600819352E1,1.285892828477E0,                   523P   5468
6.031712507301E1,7.235553286348E1,1.290546191579E0,                  523P   5469
6.037215838408E1,7.234767252127E1,1.298333563632E0,                  523P   5470
6.042782502814E1,7.233966954807E1,1.305847889255E0,                  523P   5471
6.045103553879E1,7.233632385004E1,1.308920436983E0,                  523P   5472
6.051186109783E1,7.232753948576E1,1.31688515851E0,                   523P   5473
6.0573405218E1,7.231860715783E1,1.324715241413E0,                    523P   5474
6.061163098757E1,7.231304111168E1,1.329482249514E0,                  523P   5475
6.069629368907E1,7.230066236521E1,1.339717571368E0,                  523P   5476
6.078228354673E1,7.228798481565E1,1.349453545365E0,                  523P   5477
6.082956124053E1,7.228098588629E1,1.354620771437E0,                  523P   5478
6.087722779492E1,7.227390189944E1,1.359654946437E0,                  523P   5479
6.092527991741E1,7.226673384829E1,1.364560290204E0,                  523P   5480
6.025144620164E1,7.194192225765E1,-1.065420014829E0,                 523P   5481
5.995563283801E1,7.200151939235E1,-1.04516760699E0,                  523P   5482
5.967455397971E1,7.205800256442E1,-1.022035146901E0,                 523P   5483
5.94082727209E1,7.211139029609E1,-9.96130539831E-1,                  523P   5484
5.90395424352E1,7.218481815825E1,-9.562656230097E-1,                 523P   5485
5.870559290847E1,7.22502288985E1,-9.153816781262E-1,                 523P   5486
5.860151295964E1,7.22704714227E1,-9.021839444316E-1,                 523P   5487
5.8408340308E1,7.230771154685E1,-8.76932526276E-1,                   523P   5488
5.822854594589E1,7.23416309073E1,-8.520702646984E-1,                 523P   5489
5.814532997503E1,7.235712362854E1,-8.402627987605E-1,                523P   5490
5.805059815248E1,7.237448025234E1,-8.264536218987E-1,                523P   5491
5.796018901596E1,7.239067955062E1,-8.128051993158E-1,                523P   5492
5.79463508338E1,7.23931498224E1,-8.107043219129E-1,                  523P   5493
5.791904387734E1,7.239800575433E1,-8.06534786322E-1,                 523P   5494
5.789214332969E1,7.240275153264E1,-8.023787574645E-1,                523P   5495
5.787887418556E1,7.240508284342E1,-8.00316341294E-1,                 523P   5496
5.781263311404E1,7.241667194426E1,-7.899576578661E-1,                523P   5497
5.774893421006E1,7.242756598664E1,-7.796745764739E-1,                523P   5498
5.769953379423E1,7.243584283037E1,-7.714731859429E-1,                523P   5499
5.760900695498E1,7.245067092547E1,-7.559755878672E-1,                523P   5500
5.75243514181E1,7.246388210692E1,-7.405091538883E-1,                 523P   5501
5.748566834544E1,7.246976388528E1,-7.331979214856E-1,                523P   5502
5.741592755247E1,7.248007787053E1,-7.195253729242E-1,                523P   5503
5.73506829295E1,7.24891943368E1,-7.057503664938E-1,                  523P   5504
5.73213709787E1,7.249317266271E1,-6.993288643453E-1,                 523P   5505
5.727925356118E1,7.249871969113E1,-6.897361687E-1,                   523P   5506
5.723921291183E1,7.250375235743E1,-6.800443326073E-1,                523P   5507
5.72263533234E1,7.250534263674E1,-6.768669106832E-1,                 523P   5508
5.718839349122E1,7.250996069716E1,-6.672882687351E-1,                523P   5509
5.715239463967E1,7.251411795989E1,-6.57591563664E-1,                 523P   5510
5.712924394875E1,7.251669671067E1,-6.510646034281E-1,                523P   5511
5.699561909882E1,7.253105578553E1,-6.115682885937E-1,                523P   5512
5.68918531305E1,7.253934263254E1,-5.694833512979E-1,                 523P   5513
5.68242443742E1,7.25436791273E1,-5.318461131242E-1,                  523P   5514
5.671353801236E1,7.255111653196E1,-4.42305518593E-1,                 523P   5515
5.667852835677E1,7.255626010131E1,-3.330225391274E-1,                523P   5516
5.668037658229E1,7.255917288944E1,-2.671003752422E-1,                523P   5517
5.671492889347E1,7.25625309988E1,-1.585343439601E-1,                 523P   5518
5.679869941956E1,7.256271991846E1,-3.675881567709E-2,                523P   5519
5.68316094538E1,7.256234815159E1,4.53400006611E-3,                   523P   5520
5.690908242517E1,7.256052686515E1,9.009139033351E-2,                 523P   5521
5.700935109894E1,7.255620333501E1,1.795850360275E-1,                 523P   5522
5.706577402145E1,7.255329979423E1,2.255050878714E-1,                 523P   5523
5.718249828207E1,7.254637378658E1,3.125863720156E-1,                 523P   5524
5.732024762095E1,7.253646448165E1,4.012071916223E-1,                 523P   5525
5.738896141993E1,7.253116873899E1,4.426764008551E-1,                 523P   5526
5.753671177689E1,7.251906975997E1,5.264495339887E-1,                 523P   5527
5.770316718687E1,7.250401045041E1,6.101704182234E-1,                 523P   5528
5.779178284299E1,7.249564996469E1,6.52218982505E-1,                  523P   5529
5.798190763575E1,7.247701268776E1,7.373436449072E-1,                 523P   5530
5.81917927036E1,7.245498514691E1,8.209157905596E-1,                  523P   5531
5.83037312642E1,7.244286951998E1,8.628953236449E-1,                  523P   5532
5.851834909278E1,7.24189359847E1,9.385302525409E-1,                  523P   5533
5.875051464719E1,7.239166539586E1,1.010965605249E0,                  523P   5534
5.885967396082E1,7.237855488331E1,1.043081352638E0,                  523P   5535
5.905802197697E1,7.235418594647E1,1.097788161411E0,                  523P   5536
5.926802183627E1,7.232736036924E1,1.148692500306E0,                  523P   5537
5.936072883455E1,7.231532556016E1,1.169830276705E0,                  523P   5538
5.951481590694E1,7.229498647154E1,1.202589898048E0,                  523P   5539
5.967482274386E1,7.227331783605E1,1.232724921309E0,                  523P   5540
5.973711773152E1,7.226480646125E1,1.243927081589E0,                  523P   5541
5.983184134807E1,7.225174478299E1,1.260095822445E0,                  523P   5542
5.992857307235E1,7.223822204652E1,1.275248023585E0,                  523P   5543
5.99610067187E1,7.22336687328E1,1.280188735831E0,                    523P   5544
6.002467927262E1,7.222469332345E1,1.289625939637E0,                  523P   5545
6.008919672101E1,7.221552768465E1,1.298669882016E0,                  523P   5546
6.01208264869E1,7.221101767652E1,1.302981956636E0,                   523P   5547
6.017523208585E1,7.220323745504E1,1.310245538375E0,                  523P   5548
6.023021574243E1,7.219533609388E1,1.317325339292E0,                  523P   5549
6.025313359173E1,7.219203619161E1,1.320232125841E0,                  523P   5550
6.031318536147E1,7.218336775651E1,1.327681685471E0,                  523P   5551
6.037392804596E1,7.217454488885E1,1.33479514843E0,                   523P   5552
6.041164689434E1,7.216904733566E1,1.339068543321E0,                  523P   5553
6.049514782197E1,7.215684592884E1,1.348319588713E0,                  523P   5554
6.057987517119E1,7.21443934074E1,1.357230282399E0,                   523P   5555
6.062643133047E1,7.21375288875E1,1.36198755563E0,                    523P   5556
6.067334806223E1,7.213058900037E1,1.366642095165E0,                  523P   5557
6.07206260544E1,7.212357356449E1,1.371193429954E0,                   523P   5558
6.006633312815E1,7.191086726708E1,-1.054105012522E0,                 523P   5559
5.977461096361E1,7.19712751243E1,-1.033649187029E0,                  523P   5560
5.949792813615E1,7.202849064665E1,-1.010693317362E0,                 523P   5561
5.923648609728E1,7.20823887651E1,-9.852563119319E-1,                 523P   5562
5.887417763813E1,7.215679701311E1,-9.456960502014E-1,                523P   5563
5.854658918468E1,7.222312410158E1,-9.05378920493E-1,                 523P   5564
5.844453825718E1,7.224365859494E1,-8.923679461793E-1,                523P   5565
5.825517315275E1,7.228145485824E1,-8.674956550331E-1,                523P   5566
5.807909594317E1,7.231584342405E1,-8.430621294931E-1,                523P   5567
5.799763830097E1,7.233154131355E1,-8.314647969403E-1,                523P   5568
5.790495932481E1,7.234910971907E1,-8.179200190912E-1,                523P   5569
5.781659809493E1,7.23654654852E1,-8.045399589702E-1,                 523P   5570
5.780307571066E1,7.236795854277E1,-8.024806156988E-1,                523P   5571
5.777639695509E1,7.237285692838E1,-7.983935848242E-1,                523P   5572
5.7750125361E1,7.237763973549E1,-7.943207820209E-1,                  523P   5573
5.773716899275E1,7.237998818731E1,-7.923002444188E-1,                523P   5574
5.767250321556E1,7.239165628395E1,-7.82151924141E-1,                 523P   5575
5.761039167862E1,7.240259111047E1,-7.720738322113E-1,                523P   5576
5.756227217453E1,7.241087480749E1,-7.640359851534E-1,                523P   5577
5.747419776143E1,7.242566072016E1,-7.488308311396E-1,                523P   5578
5.739205345962E1,7.24387175237E1,-7.336198882215E-1,                 523P   5579
5.735457260021E1,7.244450071296E1,-7.264204288952E-1,                523P   5580
5.728710671554E1,7.245458217678E1,-7.12937304521E-1,                 523P   5581
5.722419969645E1,7.246337824204E1,-6.993171336364E-1,                523P   5582
5.719598609033E1,7.24671895042E1,-6.929599445091E-1,                 523P   5583
5.715551919855E1,7.24724622925E1,-6.834522472473E-1,                 523P   5584
5.711715571514E1,7.247718555804E1,-6.73830754346E-1,                 523P   5585
5.710484673946E1,7.247867116515E1,-6.706748218317E-1,                523P   5586
5.706854786366E1,7.248296479364E1,-6.611564967033E-1,                523P   5587
5.703423124434E1,7.248676855706E1,-6.515081137375E-1,                523P   5588
5.701221001766E1,7.248910035669E1,-6.45008973959E-1,                 523P   5589
5.688538761237E1,7.25019246247E1,-6.056560189433E-1,                 523P   5590
5.678854571269E1,7.250841781616E1,-5.636025908135E-1,                523P   5591
5.672648070779E1,7.251135251919E1,-5.260133207776E-1,                523P   5592
5.662678276098E1,7.2516305966E1,-4.366218823043E-1,                  523P   5593
5.660045396226E1,7.25200182306E1,-3.274142249641E-1,                 523P   5594
5.660627938736E1,7.252241809104E1,-2.61454623414E-1,                 523P   5595
5.664594439766E1,7.252514117182E1,-1.526769245868E-1,                523P   5596
5.673387002433E1,7.252477861663E1,-3.065196863619E-2,                523P   5597
5.67680552114E1,7.252422728096E1,1.071763932734E-2,                  523P   5598
5.68479455432E1,7.252203822022E1,9.639637071036E-2,                  523P   5599
5.695036162755E1,7.251732380962E1,1.859105450521E-1,                 523P   5600
5.700780841517E1,7.251421477646E1,2.318067806374E-1,                 523P   5601
5.712635054028E1,7.25068882683E1,3.187705795013E-1,                  523P   5602
5.726574101962E1,7.249655808498E1,4.071375203865E-1,                 523P   5603
5.733518152833E1,7.249106374657E1,4.484588893897E-1,                 523P   5604
5.748431912497E1,7.247856557192E1,5.318791261241E-1,                 523P   5605
5.765199014492E1,7.246312488855E1,6.151571495964E-1,                 523P   5606
5.77411704593E1,7.245458072152E1,6.569651340032E-1,                  523P   5607
5.793233477659E1,7.243559596458E1,7.415805709536E-1,                 523P   5608
5.814299861517E1,7.241329316819E1,8.246554448349E-1,                 523P   5609
5.825525167802E1,7.240105898838E1,8.663871939724E-1,                 523P   5610
5.847028141014E1,7.237696273944E1,9.416522608221E-1,                 523P   5611
5.870250016067E1,7.234963701667E1,1.013917943618E0,                  523P   5612
5.881159277486E1,7.233652703354E1,1.046010705449E0,                  523P   5613
5.900969565942E1,7.231220523797E1,1.100799964575E0,                  523P   5614
5.92191928342E1,7.228549797732E1,1.152009631683E0,                   523P   5615
5.931162774169E1,7.227352396183E1,1.173295536789E0,                  523P   5616
5.946517288875E1,7.225331318753E1,1.206436259319E0,                  523P   5617
5.962455078858E1,7.223176572294E1,1.236597151876E0,                  523P   5618
5.968661513773E1,7.222327565771E1,1.247569229455E0,                  523P   5619
5.978095963612E1,7.221024469753E1,1.263287837637E0,                  523P   5620
5.987721046702E1,7.219680042608E1,1.278249754465E0,                  523P   5621
5.990947710197E1,7.219227503333E1,1.28312602846E0,                   523P   5622
5.997281458127E1,7.218335581938E1,1.292415113195E0,                  523P   5623
6.003696451501E1,7.21742595241E1,1.301358542335E0,                   523P   5624
6.006840600663E1,7.216978736792E1,1.305643778752E0,                  523P   5625
6.012249645272E1,7.216205516095E1,1.312698340279E0,                  523P   5626
6.0177168841E1,7.215418007387E1,1.3193407784E0,6.019995745613E1,     523P   5627
7.215088796255E1,1.322031229823E0,6.02596460858E1,                   523P   5628
7.214225781952E1,1.329064588336E0,6.031996450565E1,                  523P   5629
7.213351618337E1,1.336131346682E0,6.035740624989E1,                  523P   5630
7.212807895355E1,1.340472945006E0,6.044031363273E1,                  523P   5631
7.211598689731E1,1.349688274024E0,6.052447583367E1,                  523P   5632
7.2103617452E1,1.358340426226E0,6.057073575609E1,                    523P   5633
7.209679650217E1,1.362929249593E0,6.061736005642E1,                  523P   5634
7.2089900953E1,1.367417775548E0,6.066434294403E1,                    523P   5635
7.208293161143E1,1.371819095167E0,5.973942334445E1,                  523P   5636
7.185509174007E1,-1.033089507102E0,5.945605113333E1,                 523P   5637
7.191668906003E1,-1.012306408292E0,5.918797951232E1,                 523P   5638
7.197503089492E1,-9.892806196204E-1,5.893520420465E1,                523P   5639
7.203013379795E1,-9.640982295768E-1,5.858589450519E1,                523P   5640
7.210619485434E1,-9.252644287305E-1,5.827079680502E1,                523P   5641
7.2174256436E1,-8.856816774054E-1,5.817273611461E1,                  523P   5642
7.219533648631E1,-8.729486544034E-1,5.799095577217E1,                523P   5643
7.223413422672E1,-8.486661449488E-1,5.782223979244E1,                523P   5644
7.226942706766E1,-8.249349945425E-1,5.774427097675E1,                523P   5645
7.228552394135E1,-8.137061626657E-1,5.76556815597E1,                 523P   5646
7.23035024854E1,-8.006133419783E-1,5.757139545319E1,                 523P   5647
7.232017848681E1,-7.876941375861E-1,5.755850117797E1,                523P   5648
7.232271865933E1,-7.857058888026E-1,5.753307050487E1,                523P   5649
7.232770623052E1,-7.817608628033E-1,5.75080470592E1,                 523P   5650
7.233256815558E1,-7.778287110543E-1,5.749571137094E1,                523P   5651
7.233495311055E1,-7.758767897593E-1,5.743416858827E1,                523P   5652
7.23467916813E1,-7.660726828312E-1,5.737518659494E1,                 523P   5653
7.235783006949E1,-7.563368852045E-1,5.732959343473E1,                523P   5654
7.236614372572E1,-7.485517047011E-1,5.724635752877E1,                523P   5655
7.238087819744E1,-7.337905818977E-1,5.716917031615E1,                523P   5656
7.239366838518E1,-7.189305051477E-1,5.713406273742E1,                523P   5657
7.239927505707E1,-7.118716798144E-1,5.707109010697E1,                523P   5658
7.240893188562E1,-6.986023763938E-1,5.701279843146E1,                523P   5659
7.241713019425E1,-6.851045171204E-1,5.698675303563E1,                523P   5660
7.242062761808E1,-6.787846956094E-1,5.694954376473E1,                523P   5661
7.242538380366E1,-6.693054492056E-1,5.691448718165E1,                523P   5662
7.242952182811E1,-6.596772938044E-1,5.690326334353E1,                523P   5663
7.24308093311E1,-6.565156548049E-1,5.68702370849E1,                  523P   5664
7.243448815031E1,-6.469703876591E-1,5.683922914432E1,                523P   5665
7.243762268595E1,-6.372685654019E-1,5.681942780938E1,                523P   5666
7.243948718973E1,-6.307239515619E-1,5.670594876923E1,                523P   5667
7.244941396912E1,-5.910573772616E-1,5.662254076057E1,                523P   5668
7.245257825232E1,-5.485202303859E-1,5.657101753391E1,                523P   5669
7.245304452692E1,-5.107249895343E-1,5.649187281295E1,                523P   5670
7.245389477491E1,-4.211819789809E-1,5.648127721871E1,                523P   5671
7.24555727033E1,-3.120879949591E-1,5.649425202479E1,                 523P   5672
7.245728648433E1,-2.46145773888E-1,5.654303056097E1,                 523P   5673
7.245912173808E1,-1.371937062194E-1,5.663822103187E1,                523P   5674
7.245791752077E1,-1.506459568219E-2,5.667461655956E1,                523P   5675
7.245708401368E1,2.631470322813E-2,5.675865441829E1,                 523P   5676
7.245430162179E1,1.119195037135E-1,5.686465643363E1,                 523P   5677
7.244893179833E1,2.011167707974E-1,5.692378377692E1,                 523P   5678
7.244547324168E1,2.46776974702E-1,5.704524808638E1,                  523P   5679
7.243745903968E1,3.33144432922E-1,5.718714493913E1,                  523P   5680
7.24264005694E1,4.206302681021E-1,5.725766229048E1,                  523P   5681
7.242056257728E1,4.614806487548E-1,5.740878029347E1,                 523P   5682
7.240737678873E1,5.438391674938E-1,5.757801825411E1,                 523P   5683
7.239129028879E1,6.25863371411E-1,5.766787513739E1,                  523P   5684
7.238243961508E1,6.669998971006E-1,5.786016285076E1,                 523P   5685
7.236288719656E1,7.501930768139E-1,5.807136225186E1,                 523P   5686
7.23401585896E1,8.317691752091E-1,5.818372435799E1,                  523P   5687
7.232775759945E1,8.727737956297E-1,5.839859385943E1,                 523P   5688
7.230345145426E1,9.467506195147E-1,5.862994245219E1,                 523P   5689
7.227612531834E1,1.018027958205E0,5.873848807376E1,                  523P   5690
7.226306149961E1,1.049754113903E0,5.893532544487E1,                  523P   5691
7.223891277257E1,1.104137488208E0,5.914302135925E1,                  523P   5692
7.221254135917E1,1.155334643311E0,5.92345805503E1,                   523P   5693
7.220074581243E1,1.176722773674E0,5.938657251073E1,                  523P   5694
7.218085493665E1,1.209978998953E0,5.954407970146E1,                  523P   5695
7.215972891009E1,1.240847494961E0,5.960532987538E1,                  523P   5696
7.215146118012E1,1.252541095009E0,5.969843189279E1,                  523P   5697
7.213875031251E1,1.269233881017E0,5.979351660466E1,                  523P   5698
7.212549038737E1,1.283945900594E0,5.982539336072E1,                  523P   5699
7.212101870108E1,1.288661631399E0,5.988795723384E1,                  523P   5700
7.211219511177E1,1.29754058745E0,5.995133208401E1,                   523P   5701
7.210316182885E1,1.305734275024E0,5.998239734235E1,                  523P   5702
7.209871226028E1,1.309563681693E0,6.003579577624E1,                  523P   5703
7.209105866955E1,1.316140693919E0,6.008970786333E1,                  523P   5704
7.208331650842E1,1.322724155901E0,6.011217052987E1,                  523P   5705
7.208008773286E1,1.325454970525E0,6.017103701545E1,                  523P   5706
7.207158791273E1,1.332253236087E0,6.023058939071E1,                  523P   5707
7.206289637354E1,1.338269757223E0,6.026756062931E1,                  523P   5708
7.205747485408E1,1.341775879348E0,6.034933102692E1,                  523P   5709
7.204548394652E1,1.34964042606E0,6.043216675448E1,                   523P   5710
7.203330701647E1,1.357644560855E0,6.047764977789E1,                  523P   5711
7.202660523276E1,1.362025609261E0,6.052345709421E1,                  523P   5712
7.201983668214E1,1.366375965759E0,6.056959339144E1,                  523P   5713
7.201299937039E1,1.370668058792E0,5.939399892223E1,                  523P   5714
7.179431846442E1,-1.008494355964E0,5.91205288089E1,                  523P   5715
7.185706060654E1,-9.872868214408E-1,5.886270064336E1,                523P   5716
7.191646062728E1,-9.642105959586E-1,5.862055423198E1,                523P   5717
7.19725179656E1,-9.393260238938E-1,5.828668684306E1,                 523P   5718
7.205031076041E1,-9.008713347701E-1,5.798710097874E1,                523P   5719
7.212001661395E1,-8.619450016551E-1,5.789401348694E1,                523P   5720
7.214163659926E1,-8.494259933264E-1,5.772171851853E1,                523P   5721
7.218143231385E1,-8.256408447085E-1,5.756230597295E1,                523P   5722
7.221763948882E1,-8.02571252779E-1,5.748874788047E1,                 523P   5723
7.223414662947E1,-7.917024601112E-1,5.740530860935E1,                523P   5724
7.225256591281E1,-7.79089602914E-1,5.732613106445E1,                 523P   5725
7.226959683551E1,-7.666525173397E-1,5.731402372379E1,                523P   5726
7.227218958375E1,-7.647385219765E-1,5.729015679522E1,                523P   5727
7.227727682211E1,-7.609393830467E-1,5.726669514612E1,                523P   5728
7.228222914655E1,-7.571517692449E-1,5.725513507457E1,                523P   5729
7.2284656911E1,-7.552723095433E-1,5.719749396786E1,                  523P   5730
7.229669728877E1,-7.45826074302E-1,5.714242133671E1,                 523P   5731
7.230786360828E1,-7.364015961241E-1,5.709997108788E1,                523P   5732
7.23162279424E1,-7.288369805982E-1,5.702274828731E1,                 523P   5733
7.233093490791E1,-7.14376752351E-1,5.695172287803E1,                 523P   5734
7.234343849524E1,-6.995767386228E-1,5.691956726217E1,                523P   5735
7.234884716067E1,-6.924870307361E-1,5.686218975414E1,                523P   5736
7.235801241291E1,-6.7904871287E-1,5.680965793034E1,                  523P   5737
7.236549735547E1,-6.651985447527E-1,5.678632048689E1,                523P   5738
7.236861721915E1,-6.586796225588E-1,5.675318131772E1,                523P   5739
7.23727480076E1,-6.488623362551E-1,5.67222537275E1,                  523P   5740
7.237617694602E1,-6.388483163706E-1,5.671238437683E1,                523P   5741
7.237722443336E1,-6.355563566865E-1,5.66834396864E1,                 523P   5742
7.23801599077E1,-6.25609366538E-1,5.665654956349E1,                  523P   5743
7.238248855659E1,-6.154810810367E-1,5.66395028449E1,                 523P   5744
7.238379439117E1,-6.086476339916E-1,5.654252809548E1,                523P   5745
7.239028777411E1,-5.672531950066E-1,5.647531712132E1,                523P   5746
7.23897488051E1,-5.23142520645E-1,5.643587327119E1,                  523P   5747
7.238790305653E1,-4.845807540309E-1,5.637980928421E1,                523P   5748
7.23853457783E1,-3.940400772681E-1,5.638628166514E1,                 523P   5749
7.238590641843E1,-2.851390088095E-1,5.640696761023E1,                523P   5750
7.238730906789E1,-2.194438698836E-1,5.646553410519E1,                523P   5751
7.238856853126E1,-1.107576058286E-1,5.656833461923E1,                523P   5752
7.238665304898E1,1.078022423975E-2,5.660701475292E1,                 523P   5753
7.238556825029E1,5.191068664755E-2,5.669526936415E1,                 523P   5754
7.238223688069E1,1.368555328168E-1,5.680475025814E1,                 523P   5755
7.237622553969E1,2.250281998784E-1,5.686545577819E1,                 523P   5756
7.237241863475E1,2.700670764394E-1,5.698954289053E1,                 523P   5757
7.236371627546E1,3.550812709125E-1,5.71334242255E1,                  523P   5758
7.235193662969E1,4.408776577792E-1,5.720472315289E1,                 523P   5759
7.234576218201E1,4.808725108372E-1,5.735711663626E1,                 523P   5760
7.233191449794E1,5.613794619546E-1,5.752698806262E1,                 523P   5761
7.231523858249E1,6.413359614858E-1,5.761699125707E1,                 523P   5762
7.230611964249E1,6.813865178929E-1,5.780922334505E1,                 523P   5763
7.228609705146E1,7.622761924643E-1,5.801951902844E1,                 523P   5764
7.226309356113E1,8.415171903963E-1,5.813118946695E1,                 523P   5765
7.225060777821E1,8.813119108791E-1,5.834434356698E1,                 523P   5766
7.222626586037E1,9.531316954397E-1,5.857310703072E1,                 523P   5767
7.219913019698E1,1.022421589954E0,5.86802874977E1,                   523P   5768
7.218620278436E1,1.053303979458E0,5.887438932001E1,                  523P   5769
7.216238426208E1,1.1063413143E0,5.907874535105E1,                    523P   5770
7.213650991045E1,1.156604607981E0,5.916875321227E1,                  523P   5771
7.212495768317E1,1.177655401118E0,5.931801487021E1,                  523P   5772
7.210552641788E1,1.21067646812E0,5.947258229275E1,                   523P   5773
7.208488205452E1,1.240979603957E0,5.953274263095E1,                  523P   5774
7.207674151124E1,1.251916931719E0,5.962408694375E1,                  523P   5775
7.206429258773E1,1.267912895802E0,5.971713733664E1,                  523P   5776
7.205149680081E1,1.28353853151E0,5.974832215353E1,                   523P   5777
7.204718917794E1,1.288635066137E0,5.980953378799E1,                  523P   5778
7.203868311081E1,1.298220662158E0,5.987153323572E1,                  523P   5779
7.202996355114E1,1.307060699382E0,5.9901924936E1,                    523P   5780
7.202566149144E1,1.311155304416E0,5.995423217183E1,                  523P   5781
7.201817986599E1,1.317484812756E0,6.000711693631E1,                  523P   5782
7.201050953085E1,1.322887048211E0,6.002916047943E1,                  523P   5783
7.200729683038E1,1.324990459166E0,6.008687363914E1,                  523P   5784
7.199888326935E1,1.330506452788E0,6.014512393348E1,                  523P   5785
7.199039372057E1,1.336183879063E0,6.0181253205E1,                    523P   5786
7.198512841851E1,1.339738999933E0,6.02612012656E1,                   523P   5787
7.197343634614E1,1.347285983797E0,6.034222664614E1,                  523P   5788
7.196151931779E1,1.354531287233E0,6.03867251862E1,                   523P   5789
7.195495344829E1,1.358406502114E0,6.043154988992E1,                  523P   5790
7.194831832593E1,1.362206929543E0,6.047670317566E1,                  523P   5791
7.194161365206E1,1.365930629491E0,5.924942109247E1,                  523P   5792
7.176852344494E1,-9.977925089667E-1,5.898028370413E1,                523P   5793
7.183172001582E1,-9.764424182647E-1,5.872689375431E1,                523P   5794
7.189155235581E1,-9.533268369841E-1,5.848931500971E1,                523P   5795
7.194798637708E1,-9.285474151277E-1,5.816228329894E1,                523P   5796
7.202640789446E1,-8.90280591853E-1,5.786952366403E1,                 523P   5797
7.209678116859E1,-8.515773395921E-1,5.777864638235E1,                523P   5798
7.211860007219E1,-8.39147256375E-1,5.761057654959E1,                 523P   5799
7.215879691783E1,-8.155452289989E-1,5.745531751734E1,                523P   5800
7.219536194505E1,-7.927367556855E-1,5.738373090272E1,                523P   5801
7.221203350675E1,-7.820203257497E-1,5.730259405508E1,                523P   5802
7.223062827335E1,-7.696057066819E-1,5.722569762594E1,                523P   5803
7.224780386229E1,-7.573746297364E-1,5.721394155693E1,                523P   5804
7.225041817542E1,-7.554924054993E-1,5.71907712403E1,                 523P   5805
7.225554729433E1,-7.517584141731E-1,5.716800545691E1,                523P   5806
7.226053737656E1,-7.480328801365E-1,5.715679167299E1,                523P   5807
7.226298222268E1,-7.461809550026E-1,5.71008907601E1,                 523P   5808
7.227510409814E1,-7.368733921621E-1,5.704754919226E1,                523P   5809
7.228633067031E1,-7.275916152346E-1,5.700649674254E1,                523P   5810
7.229471607321E1,-7.201009502343E-1,5.693194534617E1,                523P   5811
7.230941197272E1,-7.05727730722E-1,5.686365596868E1,                 523P   5812
7.23217924295E1,-6.908846001039E-1,5.683281195099E1,                 523P   5813
7.232711494532E1,-6.837414070874E-1,5.677792144693E1,                523P   5814
7.233606518628E1,-6.701463351581E-1,5.672795222179E1,                523P   5815
7.234323547827E1,-6.560444735917E-1,5.670582060307E1,                523P   5816
7.234618797191E1,-6.493913276657E-1,5.667449392782E1,                523P   5817
7.235004175307E1,-6.39354311154E-1,5.66454051818E1,                  523P   5818
7.23531563046E1,-6.290997686113E-1,5.66361388898E1,                  523P   5819
7.235409750232E1,-6.257274280089E-1,5.66090121595E1,                 523P   5820
7.235670317995E1,-6.155349671538E-1,5.658395279511E1,                523P   5821
7.235867657432E1,-6.051536098931E-1,5.656813064637E1,                523P   5822
7.23597362232E1,-5.981505892812E-1,5.647847776356E1,                 523P   5823
7.236472597854E1,-5.55756414543E-1,5.641836782837E1,                 523P   5824
7.236262017101E1,-5.107943778278E-1,5.638410256324E1,                523P   5825
7.235988479323E1,-4.718117444048E-1,5.633787050375E1,                523P   5826
7.235610244306E1,-3.807021708725E-1,5.635153410814E1,                523P   5827
7.235638836972E1,-2.719038434557E-1,5.637546841705E1,                523P   5828
7.235773329285E1,-2.06360727826E-1,5.643815968267E1,                 523P   5829
7.235880868337E1,-9.787169214056E-2,5.654414180778E1,                523P   5830
7.235661956888E1,2.328747429003E-2,5.658377202099E1,                 523P   5831
7.235543612312E1,6.426573371148E-2,5.667376905192E1,                 523P   5832
7.235188582959E1,1.488277680557E-1,5.678465935172E1,                 523P   5833
7.234561354843E1,2.36447600335E-1,5.684599500968E1,                  523P   5834
7.234166396447E1,2.811598704148E-1,5.697110579106E1,                 523P   5835
7.233268054035E1,3.654809695787E-1,5.711570786715E1,                 523P   5836
7.232060967467E1,4.504421075939E-1,5.718727493849E1,                 523P   5837
7.231430073595E1,4.900199600327E-1,5.734007366589E1,                 523P   5838
7.230019111104E1,5.696347615935E-1,5.751004440753E1,                 523P   5839
7.228328938181E1,6.486066518073E-1,5.760002116769E1,                 523P   5840
7.22740695312E1,6.881383730756E-1,5.779198978002E1,                  523P   5841
7.225387985157E1,7.679678459181E-1,5.800166124581E1,                 523P   5842
7.223079346932E1,8.461017838334E-1,5.811290488169E1,                 523P   5843
7.221829240551E1,8.85344103732E-1,5.832508028332E1,                  523P   5844
7.219397070789E1,9.561473173566E-1,5.855248151713E1,                 523P   5845
7.216695058909E1,1.024479948954E0,5.865896333438E1,                  523P   5846
7.21540952797E1,1.054939691562E0,5.885168947726E1,                   523P   5847
7.213043920495E1,1.107287363961E0,5.905441790612E1,                  523P   5848
7.210478608513E1,1.156943384779E0,5.91436744955E1,                   523P   5849
7.209334235395E1,1.177779262026E0,5.929166895716E1,                  523P   5850
7.207409404452E1,1.21039587417E0,5.944481038014E1,                   523P   5851
7.205368916263E1,1.240680452475E0,5.950431095023E1,                  523P   5852
7.204572467808E1,1.252292921996E0,5.959483213466E1,                  523P   5853
7.203337535759E1,1.267932473373E0,5.968718232549E1,                  523P   5854
7.202053719735E1,1.281885882494E0,5.971811418898E1,                  523P   5855
7.20162282723E1,1.286512291757E0,5.97787374223E1,                    523P   5856
7.200779678302E1,1.295847197582E0,5.984007305805E1,                  523P   5857
7.199921982199E1,1.305059595076E0,5.98701314045E1,                   523P   5858
7.199499974253E1,1.309465356988E0,5.992187811362E1,                  523P   5859
7.198766013963E1,1.316289170951E0,5.9974248298E1,                    523P   5860
7.198010067154E1,1.321784443335E0,5.999608774177E1,                  523P   5861
7.197692652956E1,1.32383609625E0,6.005329257995E1,                   523P   5862
7.19685903724E1,1.328990541492E0,6.011107071112E1,                   523P   5863
7.196013793954E1,1.333953552378E0,6.014689461221E1,                  523P   5864
7.195490359359E1,1.337180926867E0,6.022613907063E1,                  523P   5865
7.194330708227E1,1.344312130876E0,6.030644524251E1,                  523P   5866
7.193149956695E1,1.351320267312E0,6.035055318641E1,                  523P   5867
7.192499414735E1,1.355050430038E0,6.039498264609E1,                  523P   5868
7.191842025859E1,1.358684739486E0,6.043973331444E1,                  523P   5869
7.191177758187E1,1.362224197349E0,5.900733365093E1,                  523P   5870
7.172465371231E1,-9.791914402588E-1,5.874568696351E1,                523P   5871
7.178858550599E1,-9.576270354243E-1,5.849997100057E1,                523P   5872
7.184911433754E1,-9.344786480132E-1,5.827021115121E1,                523P   5873
7.190623023797E1,-9.098190224084E-1,5.795498964333E1,                523P   5874
7.198558674909E1,-8.71880397587E-1,5.76743044756E1,                  523P   5875
7.205690222557E1,-8.335749015221E-1,5.758734498099E1,                523P   5876
7.207901935588E1,-8.212799011579E-1,5.7426808492E1,                  523P   5877
7.211975454738E1,-7.979669484082E-1,5.727901396052E1,                523P   5878
7.21568154213E1,-7.755876547504E-1,5.72109760897E1,                  523P   5879
7.217370775817E1,-7.65111292064E-1,5.713396578443E1,                 523P   5880
7.219255794313E1,-7.53061003428E-1,5.706114820653E1,                 523P   5881
7.220994874719E1,-7.411931789266E-1,5.705001996187E1,                523P   5882
7.221259516555E1,-7.39366865909E-1,5.702809793083E1,                 523P   5883
7.221778416986E1,-7.35737165124E-1,5.700657606366E1,                 523P   5884
7.222283036804E1,-7.321174976618E-1,5.699597850648E1,                523P   5885
7.222530325561E1,-7.303230994071E-1,5.694317651604E1,                523P   5886
7.223755726431E1,-7.212908609818E-1,5.689293803471E1,                523P   5887
7.224886396867E1,-7.12197439754E-1,5.685436601188E1,                 523P   5888
7.225728763694E1,-7.04838277762E-1,5.678455409697E1,                 523P   5889
7.227196697045E1,-6.905538623302E-1,5.672111885799E1,                523P   5890
7.228413471713E1,-6.75487070766E-1,5.669260175172E1,                 523P   5891
7.228930746331E1,-6.681642226432E-1,5.664212986519E1,                523P   5892
7.229787809619E1,-6.541016024735E-1,5.659672338943E1,                523P   5893
7.230448609153E1,-6.393316587475E-1,5.65767394138E1,                 523P   5894
7.230713957414E1,-6.32332557985E-1,5.654864428896E1,                 523P   5895
7.231049609962E1,-6.217459550921E-1,5.652283315762E1,                523P   5896
7.231304828733E1,-6.10909178916E-1,5.651464191167E1,                 523P   5897
7.231379926398E1,-6.073443794881E-1,5.649075183546E1,                523P   5898
7.231581804317E1,-5.965703617473E-1,5.646895273868E1,                523P   5899
7.231715896135E1,-5.856032324462E-1,5.645530494957E1,                523P   5900
7.231778472597E1,-5.782165647659E-1,5.637863723001E1,                523P   5901
7.232013601051E1,-5.335887113307E-1,5.633094145023E1,                523P   5902
7.231540312004E1,-4.86899740921E-1,5.630541680785E1,                 523P   5903
7.231141510906E1,-4.470479602775E-1,5.627580150701E1,                523P   5904
7.230602649624E1,-3.546875484301E-1,5.630156444904E1,                523P   5905
7.230619224202E1,-2.46144798453E-1,5.633096304586E1,                 523P   5906
7.2307569767E1,-1.809518860608E-1,5.640063237755E1,                  523P   5907
7.230840933209E1,-7.296801329555E-2,5.651195893568E1,                523P   5908
7.230578642248E1,4.730686626779E-2,5.655317753156E1,                 523P   5909
7.230444451329E1,8.793915957809E-2,5.664606971787E1,                 523P   5910
7.230053962085E1,1.716584629741E-1,5.675925756305E1,                 523P   5911
7.229383855988E1,2.581217044335E-1,5.682160513932E1,                 523P   5912
7.228965341683E1,3.021652871371E-1,5.694831793081E1,                 523P   5913
7.228020927248E1,3.850978714057E-1,5.709394956686E1,                 523P   5914
7.22676713651E1,4.684396404374E-1,5.716587991221E1,                  523P   5915
7.226114857489E1,5.072191800933E-1,5.731912188737E1,                 523P   5916
7.224663225108E1,5.851416834977E-1,5.748897106156E1,                 523P   5917
7.22293945214E1,6.622830845753E-1,5.757872437472E1,                  523P   5918
7.222003168976E1,7.008691040968E-1,5.776991781674E1,                 523P   5919
7.219961687366E1,7.787351222811E-1,5.797810584462E1,                 523P   5920
7.217646081525E1,8.548936469483E-1,5.808841441584E1,                 523P   5921
7.216396835943E1,8.931293186924E-1,5.829851909778E1,                 523P   5922
7.213974955572E1,9.621246846373E-1,5.852319741145E1,                 523P   5923
7.211299115962E1,1.028749872099E0,5.862830389706E1,                  523P   5924
7.210028834282E1,1.05847021089E0,5.88183727381E1,                    523P   5925
7.207695625495E1,1.109575392897E0,5.901803411247E1,                  523P   5926
7.205172596021E1,1.158190940789E0,5.910590158488E1,                  523P   5927
7.204047765738E1,1.17857317542E0,5.925149453989E1,                   523P   5928
7.202159459077E1,1.210717912281E0,5.94021268145E1,                   523P   5929
7.200156204978E1,1.240374010898E0,5.946072350823E1,                  523P   5930
7.199367739006E1,1.251200477721E0,5.95497002229E1,                   523P   5931
7.198161481933E1,1.267021690709E0,5.964043793021E1,                  523P   5932
7.196912244026E1,1.281685789158E0,5.967085094316E1,                  523P   5933
7.196491220795E1,1.286423238169E0,5.973054840664E1,                  523P   5934
7.195659221636E1,1.295247222299E0,5.979101165919E1,                  523P   5935
7.194806224051E1,1.303255022142E0,5.982065218305E1,                  523P   5936
7.194385232817E1,1.306902283402E0,5.987160594697E1,                  523P   5937
7.193659473852E1,1.313013870841E0,5.992303785947E1,                  523P   5938
7.192924665786E1,1.319083780421E0,5.994446458107E1,                  523P   5939
7.192618193133E1,1.321602574323E0,6.000060661586E1,                  523P   5940
7.191811800693E1,1.32788773701E0,6.005738895329E1,                   523P   5941
7.190987520899E1,1.333410127717E0,6.009264975557E1,                  523P   5942
7.190472272218E1,1.336496850559E0,6.017067159928E1,                  523P   5943
7.189328735923E1,1.343044734936E0,6.024975304314E1,                  523P   5944
7.188162818602E1,1.349202133306E0,6.029318271295E1,                  523P   5945
7.18752066336E1,1.352486158845E0,6.033692906312E1,                   523P   5946
7.186871833232E1,1.355682868147E0,6.038099456672E1,                  523P   5947
7.186216183427E1,1.358779347821E0,5.876073924776E1,                  523P   5948
7.167844802271E1,-9.591752509726E-1,5.850713951675E1,                523P   5949
7.174306495762E1,-9.374732022617E-1,5.826962121003E1,                523P   5950
7.180425204976E1,-9.14323220145E-1,5.804820831017E1,                 523P   5951
7.186200704497E1,-8.897917383405E-1,5.774553541523E1,                523P   5952
7.194224095807E1,-8.521835253113E-1,5.747806062938E1,                523P   5953
7.201421443855E1,-8.143643286627E-1,5.739543198547E1,                523P   5954
7.203652524377E1,-8.022303658848E-1,5.724334172526E1,                523P   5955
7.207757980472E1,-7.792416428127E-1,5.710405241702E1,                523P   5956
7.211488425863E1,-7.572678089724E-1,5.704008975305E1,                523P   5957
7.213188380499E1,-7.470435565255E-1,5.696784627072E1,                523P   5958
7.215085687992E1,-7.353722570542E-1,5.689970615998E1,                523P   5959
7.216837166092E1,-7.239297041192E-1,5.688929741071E1,                523P   5960
7.217103701348E1,-7.221692009108E-1,5.686879939567E1,                523P   5961
7.217626556513E1,-7.186794939078E-1,5.6848696553E1,                  523P   5962
7.218134772591E1,-7.151895455346E-1,5.683880452537E1,                523P   5963
7.218383591546E1,-7.134502464223E-1,5.678954208375E1,                523P   5964
7.219616544377E1,-7.046945794663E-1,5.674279710782E1,                523P   5965
7.220753777392E1,-6.958550282721E-1,5.670702452957E1,                523P   5966
7.221597777247E1,-6.88563009078E-1,5.664254105676E1,                 523P   5967
7.223060469667E1,-6.741370841567E-1,5.658453863941E1,                523P   5968
7.224252092214E1,-6.584019362184E-1,5.655862436303E1,                523P   5969
7.2247521549E1,-6.506411836832E-1,5.651309384874E1,                  523P   5970
7.225566330659E1,-6.355816396754E-1,5.647279731627E1,                523P   5971
7.226163984883E1,-6.195669136833E-1,5.645522327292E1,                523P   5972
7.226395572736E1,-6.119548421227E-1,5.643075713559E1,                523P   5973
7.226675170608E1,-6.004327118695E-1,5.640862849727E1,                523P   5974
7.22686708156E1,-5.886569618035E-1,5.64016444993E1,                  523P   5975
7.226920838371E1,-5.847866438125E-1,5.638139082799E1,                523P   5976
7.227056770227E1,-5.731031834916E-1,5.636323675311E1,                523P   5977
7.227121152378E1,-5.612633629565E-1,5.635201415649E1,                523P   5978
7.227136311049E1,-5.533185344815E-1,5.62897280076E1,                 523P   5979
7.227089964793E1,-5.055255520174E-1,5.625518332539E1,                523P   5980
7.226377083721E1,-4.567351398464E-1,5.623843241999E1,                523P   5981
7.225909588216E1,-4.155639895483E-1,5.622593305012E1,                523P   5982
7.225286063722E1,-3.214225954978E-1,5.626407186162E1,                523P   5983
7.225348701154E1,-2.133313620168E-1,5.629909611296E1,                523P   5984
7.225510450741E1,-1.487056610335E-1,5.637603960132E1,                523P   5985
7.225578978865E1,-4.155921300667E-2,5.649289936691E1,                523P   5986
7.225273334243E1,7.731517782201E-2,5.653574904333E1,                 523P   5987
7.225123438168E1,1.174118565261E-1,5.663158296261E1,                 523P   5988
7.224697828626E1,1.998938201723E-1,5.674703755474E1,                 523P   5989
7.223984116926E1,2.847551507101E-1,5.681036241136E1,                 523P   5990
7.223541107119E1,3.278854786962E-1,5.693854070887E1,                 523P   5991
7.222550707418E1,4.089907891946E-1,5.708494477034E1,                 523P   5992
7.221253246947E1,4.903062888355E-1,5.715706500681E1,                 523P   5993
7.22058206767E1,5.281047886479E-1,5.731038908284E1,                  523P   5994
7.219095050197E1,6.039691731459E-1,5.747962308161E1,                 523P   5995
7.217345552659E1,6.789450377778E-1,5.75688854803E1,                  523P   5996
7.21639948399E1,7.164240889473E-1,5.775868392032E1,                  523P   5997
7.214345871679E1,7.920328473228E-1,5.796469674326E1,                 523P   5998
7.212034836431E1,8.659509862348E-1,5.807369299492E1,                 523P   5999
7.210792593728E1,9.030641199332E-1,5.828102497659E1,                 523P   6000
7.208392177254E1,9.700443284937E-1,5.850227029951E1,                 523P   6001
7.205753395812E1,1.034786438951E0,5.860568549603E1,                  523P   6002
7.204503091132E1,1.063682201672E0,5.87925636482E1,                   523P   6003
7.202210296724E1,1.113430224217E0,5.898870857008E1,                  523P   6004
7.199735364376E1,1.160803968392E0,5.907500422573E1,                  523P   6005
7.198632809748E1,1.180706267082E0,5.921800384418E1,                  523P   6006
7.196780675039E1,1.211972853855E0,5.936595855773E1,                  523P   6007
7.194816255118E1,1.240855600363E0,5.94235037913E1,                   523P   6008
7.194044680917E1,1.251528313588E0,5.951094049493E1,                  523P   6009
7.192858617343E1,1.266665510676E0,5.960009546857E1,                  523P   6010
7.191630804858E1,1.280648833393E0,5.962997691668E1,                  523P   6011
7.191217173607E1,1.28516240823E0,5.968861486748E1,                   523P   6012
7.190401614206E1,1.293705023766E0,5.974798028857E1,                  523P   6013
7.189568618871E1,1.301771118825E0,5.977706959339E1,                  523P   6014
7.189158958609E1,1.305614616256E0,5.982709999531E1,                  523P   6015
7.188450703932E1,1.311905127031E0,5.987765791052E1,                  523P   6016
7.187728189627E1,1.317638760552E0,5.989873035523E1,                  523P   6017
7.187425878506E1,1.319918832076E0,5.995392521111E1,                  523P   6018
7.186632186119E1,1.325741736561E0,6.000970171518E1,                  523P   6019
7.185825339795E1,1.331250784767E0,6.004431806242E1,                  523P   6020
7.185322856329E1,1.334542127252E0,6.012093629228E1,                  523P   6021
7.184205792589E1,1.341421623381E0,6.019864616805E1,                  523P   6022
7.18306286477E1,1.347592409423E0,6.024133745134E1,                   523P   6023
7.182432347833E1,1.350776690061E0,6.028434830539E1,                  523P   6024
7.181794639921E1,1.353801998612E0,6.032767828266E1,                  523P   6025
7.181149800495E1,1.356678081663E0,5.866312994817E1,                  523P   6026
7.165988555849E1,-9.510924089008E-1,5.841277963537E1,                523P   6027
7.172476256541E1,-9.29349128881E-1,5.817856986515E1,                 523P   6028
7.178619870607E1,-9.062087217974E-1,5.796051450562E1,                523P   6029
7.184419623232E1,-8.817293312678E-1,5.766290282221E1,                523P   6030
7.1924760289E1,-8.442572348177E-1,5.740076121844E1,                  523P   6031
7.199695701844E1,-8.066421227067E-1,5.731991709645E1,                523P   6032
7.201932077188E1,-7.945877615192E-1,5.717127837338E1,                523P   6033
7.20604601919E1,-7.717207100731E-1,5.703550916233E1,                 523P   6034
7.209781740157E1,-7.49926185342E-1,5.697323451909E1,                 523P   6035
7.211482947552E1,-7.397644430465E-1,5.690295264988E1,                523P   6036
7.213384023548E1,-7.28283127049E-1,5.683676126746E1,                 523P   6037
7.215137992247E1,-7.170102681306E-1,5.682665192915E1,                523P   6038
7.215404928036E1,-7.152767783498E-1,5.680675225264E1,                523P   6039
7.215928121006E1,-7.118223094716E-1,5.678724003521E1,                523P   6040
7.216437084543E1,-7.083818632061E-1,5.677763688967E1,                523P   6041
7.216686649801E1,-7.066811724455E-1,5.67298275634E1,                 523P   6042
7.217922833384E1,-6.980932596644E-1,5.668453936824E1,                523P   6043
7.219060385357E1,-6.89289328335E-1,5.664991829157E1,                 523P   6044
7.219904762423E1,-6.820263506754E-1,5.658762438242E1,                523P   6045
7.221364751084E1,-6.675067178984E-1,5.653185463484E1,                523P   6046
7.222545388372E1,-6.514143328768E-1,5.650700702249E1,                523P   6047
7.223038334822E1,-6.434351262735E-1,5.646350226678E1,                523P   6048
7.223834803699E1,-6.278832350342E-1,5.642530184381E1,                523P   6049
7.22440649247E1,-6.112760375474E-1,5.640871501401E1,                 523P   6050
7.224624358048E1,-6.033751068522E-1,5.638573977421E1,                523P   6051
7.224880838503E1,-5.91418042588E-1,5.636512368124E1,                 523P   6052
7.225046755145E1,-5.792120742615E-1,5.635863591524E1,                523P   6053
7.225091715298E1,-5.752027066598E-1,5.633987232215E1,                523P   6054
7.225200826351E1,-5.631080949845E-1,5.632321644654E1,                523P   6055
7.225236537856E1,-5.50877044112E-1,5.631298426083E1,                 523P   6056
7.22523263606E1,-5.426870661599E-1,5.625656293913E1,                 523P   6057
7.225073749971E1,-4.935072082853E-1,5.622726680912E1,                523P   6058
7.224273164144E1,-4.438431739566E-1,5.621394635137E1,                523P   6059
7.223789367243E1,-4.020724588915E-1,5.620824662021E1,                523P   6060
7.223144957796E1,-3.071420680102E-1,5.625128682145E1,                523P   6061
7.223235087095E1,-1.992666844921E-1,5.628854742779E1,                523P   6062
7.223409647408E1,-1.348986139982E-1,5.636840170678E1,                523P   6063
7.223472904805E1,-2.814037485636E-2,5.64874706086E1,                 523P   6064
7.223150009204E1,9.009436459262E-2,5.653096999244E1,                 523P   6065
7.222993874935E1,1.299468462706E-1,5.662796960274E1,                 523P   6066
7.222554464261E1,2.118768793999E-1,5.674431284846E1,                 523P   6067
7.221823368158E1,2.960352499565E-1,5.680801765574E1,                 523P   6068
7.22137055641E1,3.3876667035E-1,5.693675529786E1,                    523P   6069
7.220361763923E1,4.190788082989E-1,5.708341518508E1,                 523P   6070
7.219047990106E1,4.995336600858E-1,5.715558981158E1,                 523P   6071
7.218369646731E1,5.369170470312E-1,5.730888351569E1,                 523P   6072
7.21686976383E1,6.11914485742E-1,5.747780173484E1,                   523P   6073
7.215111460302E1,6.85986346495E-1,5.756682598139E1,                  523P   6074
7.214162367021E1,7.230065285652E-1,5.775598242631E1,                 523P   6075
7.212105723584E1,7.976812518623E-1,5.796103123947E1,                 523P   6076
7.209798397678E1,8.706813140405E-1,5.806945550305E1,                 523P   6077
7.208559874843E1,9.073347027444E-1,5.827559069607E1,                 523P   6078
7.206169638854E1,9.734938970873E-1,5.849538344933E1,                 523P   6079
7.203547048325E1,1.037470222726E0,5.859808862688E1,                  523P   6080
7.202305249305E1,1.06603036917E0,5.878363513961E1,                   523P   6081
7.200029494446E1,1.115217233065E0,5.897834689331E1,                  523P   6082
7.19757409025E1,1.162078191773E0,5.906401234994E1,                   523P   6083
7.196480222474E1,1.181762445714E0,5.920597270363E1,                  523P   6084
7.194642348566E1,1.212659665155E0,5.93528701749E1,                   523P   6085
7.192691905527E1,1.241072253747E0,5.941000364459E1,                  523P   6086
7.191925605934E1,1.251544110008E0,5.949678766333E1,                  523P   6087
7.190750185672E1,1.266588962978E0,5.958529471149E1,                  523P   6088
7.189532587831E1,1.280439100348E0,5.961495761618E1,                  523P   6089
7.189122525661E1,1.284924556968E0,5.967316904654E1,                  523P   6090
7.18831378574E1,1.293403151107E0,5.973211351005E1,                   523P   6091
7.187486740567E1,1.301312129403E0,5.976100393315E1,                  523P   6092
7.187079306647E1,1.30500743248E0,5.98106837578E1,                    523P   6093
7.186375738037E1,1.311116710466E0,5.98608624732E1,                   523P   6094
7.185660547833E1,1.316927744067E0,5.988177238638E1,                  523P   6095
7.185361770099E1,1.319291432787E0,5.993655173787E1,                  523P   6096
7.184576467134E1,1.325261822554E0,5.999193146322E1,                  523P   6097
7.183776162604E1,1.330747417893E0,6.002630928354E1,                  523P   6098
7.183277091721E1,1.333957872483E0,6.010239286604E1,                  523P   6099
7.182168355298E1,1.340726957796E0,6.017955512326E1,                  523P   6100
7.181034693542E1,1.346869684885E0,6.022194655311E1,                  523P   6101
7.180409207647E1,1.350038834919E0,6.026465820231E1,                  523P   6102
7.179776396823E1,1.353036695173E0,6.030768986139E1,                  523P   6103
7.179136305274E1,1.355869636757E0,5.847136457762E1,                  523P   6104
7.162277675338E1,-9.349163680407E-1,5.822753183381E1,                523P   6105
7.168813526153E1,-9.131216906095E-1,5.79999515161E1,                 523P   6106
7.175003187462E1,-8.90020053101E-1,5.77886281552E1,                  523P   6107
7.180847518901E1,-8.656656420833E-1,5.750116277919E1,                523P   6108
7.188962468745E1,-8.284752061623E-1,5.724974910861E1,                523P   6109
7.196218092052E1,-7.912940726341E-1,5.717241899651E1,                523P   6110
7.198463406294E1,-7.79387639779E-1,5.703084234756E1,                 523P   6111
7.202585192287E1,-7.568560440013E-1,5.690226835291E1,                523P   6112
7.206320351128E1,-7.353537015333E-1,5.684347099621E1,                523P   6113
7.208021327274E1,-7.254107191479E-1,5.677729430785E1,                523P   6114
7.20991916476E1,-7.141729163306E-1,5.671509784869E1,                 523P   6115
7.211675080349E1,-7.032971177431E-1,5.670560300338E1,                523P   6116
7.211942332397E1,-7.016240572732E-1,5.668691081728E1,                523P   6117
7.212467212782E1,-6.983289031375E-1,5.666860798641E1,                523P   6118
7.212976987582E1,-6.950069368885E-1,5.665961248294E1,                523P   6119
7.213226130817E1,-6.93331288083E-1,5.661484111025E1,                 523P   6120
7.214461187376E1,-6.849020586086E-1,5.6572493858E1,                  523P   6121
7.215602680488E1,-6.763911213779E-1,5.654023018009E1,                523P   6122
7.216446343644E1,-6.691295297063E-1,5.648242861797E1,                523P   6123
7.217897118095E1,-6.542473691993E-1,5.643121180297E1,                523P   6124
7.219053738176E1,-6.372211576461E-1,5.640854241978E1,                523P   6125
7.219531114524E1,-6.286690061078E-1,5.636915878373E1,                523P   6126
7.220291017929E1,-6.119082500853E-1,5.633521564233E1,                523P   6127
7.220810384565E1,-5.939031775242E-1,5.63206412241E1,                 523P   6128
7.221000083712E1,-5.853348580092E-1,5.630069765919E1,                523P   6129
7.221209988427E1,-5.72385792817E-1,5.62831614612E1,                  523P   6130
7.221323187278E1,-5.592195563829E-1,5.627768302985E1,                523P   6131
7.221350432284E1,-5.549011177682E-1,5.626196354402E1,                523P   6132
7.221404523062E1,-5.418959244688E-1,5.624834084786E1,                523P   6133
7.22138341072E1,-5.288225410307E-1,5.624012357488E1,                 523P   6134
7.221341061511E1,-5.201018829419E-1,5.619555070815E1,                523P   6135
7.220960857649E1,-4.679700819807E-1,5.617650682562E1,                523P   6136
7.220012632051E1,-4.165697417232E-1,5.616980724606E1,                523P   6137
7.219521480773E1,-3.733832021104E-1,5.617752912322E1,                523P   6138
7.218859586678E1,-2.767691785227E-1,5.623018500866E1,                523P   6139
7.219022997796E1,-1.693776152566E-1,5.627187311331E1,                523P   6140
7.21922810722E1,-1.056134555692E-1,5.635751137965E1,                 523P   6141
7.219282755076E1,2.796792650047E-4,5.648097718413E1,                 523P   6142
7.218924702637E1,1.170648542243E-1,5.652576326852E1,                 523P   6143
7.218756289964E1,1.56366915355E-1,5.662506293139E1,                  523P   6144
7.218289639881E1,2.370791614217E-1,5.674314043648E1,                 523P   6145
7.217523965045E1,3.19715153833E-1,5.680758432446E1,                  523P   6146
7.217051062863E1,3.615763553978E-1,5.693737479556E1,                 523P   6147
7.216006338627E1,4.401916805697E-1,5.708444939725E1,                 523P   6148
7.214661913644E1,5.188364920792E-1,5.71566759655E1,                  523P   6149
7.213970688694E1,5.553517336561E-1,5.730979779131E1,                 523P   6150
7.21244767562E1,6.285388972861E-1,5.74779454529E1,                   523P   6151
7.210675182653E1,7.007402283836E-1,5.756642039044E1,                 523P   6152
7.20972195075E1,7.368179302173E-1,5.775413547691E1,                  523P   6153
7.20766312226E1,8.09579401443E-1,5.795709855751E1,                   523P   6154
7.205366853965E1,8.807098788915E-1,5.806429846474E1,                 523P   6155
7.204137440467E1,9.164293072666E-1,5.826789889409E1,                 523P   6156
7.201770393849E1,9.809252725683E-1,5.848467301946E1,                 523P   6157
7.199182024484E1,1.043347830808E0,5.858591115308E1,                  523P   6158
7.197958029941E1,1.071225534292E0,5.876875193822E1,                  523P   6159
7.195716821226E1,1.119282554931E0,5.896058848045E1,                  523P   6160
7.193299829076E1,1.165037119811E0,5.904498791725E1,                  523P   6161
7.192223084233E1,1.184245964494E0,5.9184870758E1,                    523P   6162
7.190412809142E1,1.214270388151E0,5.932961761724E1,                  523P   6163
7.18849254291E1,1.241906198423E0,5.938591414254E1,                   523P   6164
7.187738475866E1,1.252120274512E0,5.947143949403E1,                  523P   6165
7.186580833174E1,1.266698620817E0,5.955865184327E1,                  523P   6166
7.185382851175E1,1.280204149665E0,5.958788277939E1,                  523P   6167
7.184979302509E1,1.284567819104E0,5.96452478362E1,                   523P   6168
7.184183479072E1,1.292818732062E0,5.970333090706E1,                  523P   6169
7.183370420505E1,1.300592073958E0,5.973179458496E1,                  523P   6170
7.182970403932E1,1.30428073052E0,5.978074560705E1,                   523P   6171
7.182279342452E1,1.310368382955E0,5.983020509178E1,                  523P   6172
7.181575503711E1,1.316043180322E0,5.985081856536E1,                  523P   6173
7.181281192592E1,1.318324563904E0,5.990481579666E1,                  523P   6174
7.180508271372E1,1.324145617903E0,5.995939626092E1,                  523P   6175
7.179721719479E1,1.329612172938E0,5.999327719733E1,                  523P   6176
7.179231421823E1,1.332844273307E0,6.006827279257E1,                  523P   6177
7.178141368775E1,1.339607999241E0,6.014435022706E1,                  523P   6178
7.177025601707E1,1.345665241387E0,6.018615092131E1,                  523P   6179
7.176409750649E1,1.348773357924E0,6.022827184637E1,                  523P   6180
7.175786472058E1,1.351696182788E0,6.027071263087E1,                  523P   6181
7.175155803842E1,1.354438429472E0,5.827870672929E1,                  523P   6182
7.158401863269E1,-9.181165496877E-1,5.804169587987E1,                523P   6183
7.164979791461E1,-8.963344568007E-1,5.782104814221E1,                523P   6184
7.171209074564E1,-8.733243768588E-1,5.761677529782E1,                523P   6185
7.177090163078E1,-8.491356005667E-1,5.734000103027E1,                523P   6186
7.185248915738E1,-8.123158736001E-1,5.709997812006E1,                523P   6187
7.192518630571E1,-7.756674144745E-1,5.702638664035E1,                523P   6188
7.194765861893E1,-7.639601465899E-1,5.689218424928E1,                523P   6189
7.198883326424E1,-7.418056788742E-1,5.677146811361E1,                523P   6190
7.202599810752E1,-7.208102542093E-1,5.671649753809E1,                523P   6191
7.204286276791E1,-7.109215177218E-1,5.66548078263E1,                 523P   6192
7.206173612577E1,-7.000594349125E-1,5.659703027764E1,                523P   6193
7.20791999029E1,-6.895262088779E-1,5.658821319891E1,                 523P   6194
7.208185965977E1,-6.879110625815E-1,5.657087644212E1,                523P   6195
7.20870720719E1,-6.846787077713E-1,5.655390150002E1,                 523P   6196
7.209215347556E1,-6.814776065282E-1,5.654555025536E1,                523P   6197
7.209465022097E1,-6.79908033096E-1,5.6504020078E1,                   523P   6198
7.210701536056E1,-6.719250580305E-1,5.646494995446E1,                523P   6199
7.211835169964E1,-6.633301555783E-1,5.64352992888E1,                 523P   6200
7.212670294017E1,-6.558341220054E-1,5.638245741887E1,                523P   6201
7.214097398517E1,-6.400576021587E-1,5.633624269403E1,                523P   6202
7.215216047135E1,-6.21439788454E-1,5.631592991036E1,                 523P   6203
7.215674140558E1,-6.120662495564E-1,5.628096839619E1,                523P   6204
7.216393366914E1,-5.936320812609E-1,5.625155321449E1,                523P   6205
7.216859787701E1,-5.738367350104E-1,5.623910954079E1,                523P   6206
7.217021934218E1,-5.644270636533E-1,5.622240694109E1,                523P   6207
7.217183838135E1,-5.502498576682E-1,5.620817458548E1,                523P   6208
7.217242101462E1,-5.359268431177E-1,5.620378112538E1,                523P   6209
7.217250677415E1,-5.312406846924E-1,5.619131603586E1,                523P   6210
7.217248116269E1,-5.171670663843E-1,5.618095111813E1,                523P   6211
7.217167293439E1,-5.031286000711E-1,5.617486171764E1,                523P   6212
7.21708695627E1,-4.938260189379E-1,5.614266361796E1,                 523P   6213
7.216497904769E1,-4.384558318831E-1,5.613331358462E1,                523P   6214
7.215486098536E1,-3.850967042433E-1,5.613327683556E1,                523P   6215
7.215019042034E1,-3.399889116826E-1,5.615451690995E1,                523P   6216
7.214391370034E1,-2.41495338091E-1,5.621687293414E1,                 523P   6217
7.214660174808E1,-1.346532867646E-1,5.626305279041E1,                523P   6218
7.214907627312E1,-7.176254360801E-2,5.635465879479E1,                523P   6219
7.214956428386E1,3.30924847513E-2,5.648267105648E1,                  523P   6220
7.214560745035E1,1.479838161926E-1,5.652878108445E1,                 523P   6221
7.214379345944E1,1.865730577416E-1,5.663042557956E1,                 523P   6222
7.213884424898E1,2.657904815861E-1,5.675023351887E1,                 523P   6223
7.213081956966E1,3.465908345331E-1,5.681540451265E1,                 523P   6224
7.212587340882E1,3.874063925768E-1,5.694616326684E1,                 523P   6225
7.211506530306E1,4.640337142178E-1,5.709346788235E1,                 523P   6226
7.210135292252E1,5.406322413895E-1,5.716564688943E1,                 523P   6227
7.209433123371E1,5.761653001583E-1,5.73183683095E1,                  523P   6228
7.207891301436E1,6.473061442507E-1,5.7485442181E1,                   523P   6229
7.206111517252E1,7.174516543026E-1,5.75732004429E1,                  523P   6230
7.205157891223E1,7.525000471229E-1,5.775912173488E1,                 523P   6231
7.203104560087E1,8.231834390776E-1,5.795962666786E1,                 523P   6232
7.20082663628E1,8.92299867338E-1,5.806540762882E1,                   523P   6233
7.199609851654E1,9.270178530021E-1,5.826612214638E1,                 523P   6234
7.197271746679E1,9.897342058691E-1,5.847956631606E1,                 523P   6235
7.194722275208E1,1.050503333628E0,5.857921599633E1,                  523P   6236
7.193517744858E1,1.07765942307E0,5.87591649333E1,                    523P   6237
7.191313211391E1,1.124472806111E0,5.894797383847E1,                  523P   6238
7.188935830643E1,1.168965286763E0,5.903104934378E1,                  523P   6239
7.187876543854E1,1.18761098869E0,5.916875046242E1,                   523P   6240
7.186095535137E1,1.216736966341E0,5.931126082069E1,                  523P   6241
7.184206321042E1,1.243504833031E0,5.936668932032E1,                  523P   6242
7.18346439916E1,1.253381926292E0,5.945089245946E1,                   523P   6243
7.182326354601E1,1.267565499868E0,5.953676658636E1,                  523P   6244
7.1811485445E1,1.280689631611E0,5.956554843062E1,                    523P   6245
7.180751929914E1,1.284944769923E0,5.962203269269E1,                  523P   6246
7.179969888775E1,1.293006093727E0,5.967923138192E1,                  523P   6247
7.17917062623E1,1.300585289309E0,5.970726600571E1,                   523P   6248
7.178777087558E1,1.304152761623E0,5.975547853297E1,                  523P   6249
7.178097448358E1,1.310059676566E0,5.980418615386E1,                  523P   6250
7.177406134809E1,1.315659065925E0,5.982448508058E1,                  523P   6251
7.177117239784E1,1.317931347066E0,5.987766495321E1,                  523P   6252
7.176358078391E1,1.323696169828E0,5.993143234841E1,                  523P   6253
7.175584705134E1,1.329051490997E0,5.996481199182E1,                  523P   6254
7.1751024591E1,1.33220446045E0,6.003869940298E1,                     523P   6255
7.174030538256E1,1.338832979962E0,6.011366296453E1,                  523P   6256
7.172933268657E1,1.344792115435E0,6.015485514244E1,                  523P   6257
7.17232747174E1,1.347842972923E0,6.019636726599E1,                   523P   6258
7.171714178933E1,1.350700241682E0,6.023819931751E1,                  523P   6259
7.171093417484E1,1.353367463782E0,5.818441460999E1,                  523P   6260
7.156464524113E1,-9.097704754401E-1,5.795081094887E1,                523P   6261
7.163061343965E1,-8.880111878272E-1,5.773362903959E1,                523P   6262
7.169308049018E1,-8.650579681835E-1,5.753287271917E1,                523P   6263
7.175205321115E1,-8.409677241329E-1,5.72614849403E1,                 523P   6264
7.183380258557E1,-8.043514956954E-1,5.702719919661E1,                523P   6265
7.190651272581E1,-7.680065348625E-1,5.695551830573E1,                523P   6266
7.192895951079E1,-7.563959733653E-1,5.682501568408E1,                523P   6267
7.197008933582E1,-7.34478234229E-1,5.670820553883E1,                 523P   6268
7.20071248776E1,-7.137051124123E-1,5.665515892145E1,                 523P   6269
7.202396162435E1,-7.040635514433E-1,5.659585591729E1,                523P   6270
7.20426537687E1,-6.930596694123E-1,5.654030232216E1,                 523P   6271
7.206008155242E1,-6.828070796548E-1,5.653182670805E1,                523P   6272
7.206273655227E1,-6.812345482056E-1,5.651513997775E1,                523P   6273
7.206796560618E1,-6.78184873447E-1,5.649883684001E1,                 523P   6274
7.207303743321E1,-6.750532723549E-1,5.649084138339E1,                523P   6275
7.207550689035E1,-6.734288573643E-1,5.645107845287E1,                523P   6276
7.208775300867E1,-6.652412688048E-1,5.64136030373E1,                 523P   6277
7.209911451812E1,-6.569341874346E-1,5.638525350599E1,                523P   6278
7.210743598608E1,-6.493347145619E-1,5.633500727554E1,                523P   6279
7.212149896122E1,-6.327888223752E-1,5.629133833356E1,                523P   6280
7.213247077911E1,-6.132618961646E-1,5.627223437912E1,                523P   6281
7.213693493927E1,-6.033855922552E-1,5.623950550807E1,                523P   6282
7.214391787768E1,-5.840316863584E-1,5.621236024271E1,                523P   6283
7.214832849009E1,-5.632730452826E-1,5.620099560648E1,                523P   6284
7.214980971075E1,-5.534185743575E-1,5.618591858582E1,                523P   6285
7.215119965003E1,-5.385941797117E-1,5.617335015986E1,                523P   6286
7.215151218493E1,-5.236705707834E-1,5.616950223576E1,                523P   6287
7.215150733594E1,-5.187937093428E-1,5.615869349342E1,                523P   6288
7.215119115212E1,-5.041659442109E-1,5.614994190701E1,                523P   6289
7.215010797361E1,-4.896496753109E-1,5.614492077079E1,                523P   6290
7.214911983527E1,-4.800495178968E-1,5.61188655732E1,                 523P   6291
7.214226467484E1,-4.230466434847E-1,5.611400522049E1,                523P   6292
7.213211727699E1,-3.686786056321E-1,5.611727913535E1,                523P   6293
7.212760987813E1,-3.224730990247E-1,5.614512902087E1,                523P   6294
7.212163265416E1,-2.23045938786E-1,5.621225153571E1,                 523P   6295
7.212490406925E1,-1.164675248394E-1,5.626064021462E1,                523P   6296
7.212761208247E1,-5.408797457667E-2,5.635520672301E1,                523P   6297
7.212808078093E1,5.022662116417E-2,5.648548192343E1,                 523P   6298
7.212393144747E1,1.640709257693E-1,5.653224828374E1,                 523P   6299
7.212205328954E1,2.022724993745E-1,5.663505316395E1,                 523P   6300
7.211695971558E1,2.806841702878E-1,5.675570658871E1,                 523P   6301
7.210874949699E1,3.60512431679E-1,5.682123019418E1,                  523P   6302
7.210369195245E1,4.007701145968E-1,5.695244121902E1,                 523P   6303
7.209270776241E1,4.763562164389E-1,5.709981112192E1,                 523P   6304
7.207887549638E1,5.518993492751E-1,5.717194323917E1,                 523P   6305
7.20718046613E1,5.869224928713E-1,5.732441178631E1,                  523P   6306
7.205630665269E1,6.57007919942E-1,5.749088959522E1,                  523P   6307
7.203848958988E1,7.261007551388E-1,5.757825547399E1,                 523P   6308
7.202896245459E1,7.606291817586E-1,5.776321944576E1,                 523P   6309
7.200847400693E1,8.302539486517E-1,5.796243577806E1,                 523P   6310
7.198580282388E1,8.983536068224E-1,5.806747968854E1,                 523P   6311
7.197370369203E1,9.325613999655E-1,5.826670224574E1,                 523P   6312
7.19504784266E1,9.943859604551E-1,5.847845440404E1,                  523P   6313
7.192518196792E1,1.054317606729E0,5.857730102758E1,                  523P   6314
7.191323692953E1,1.081115343161E0,5.875579687846E1,                  523P   6315
7.189137235321E1,1.127278777792E0,5.894308724971E1,                  523P   6316
7.186779849457E1,1.171129269685E0,5.902550338179E1,                  523P   6317
7.185729193462E1,1.189496654822E0,5.916211458118E1,                  523P   6318
7.183962749395E1,1.218158868081E0,5.930350755149E1,                  523P   6319
7.182089170841E1,1.244506040449E0,5.935850323602E1,                  523P   6320
7.181353506128E1,1.254241762588E0,5.944205076383E1,                  523P   6321
7.180224901337E1,1.268189289295E0,5.952725872942E1,                  523P   6322
7.179057172685E1,1.281133307036E0,5.955581836044E1,                  523P   6323
7.178663903685E1,1.285325008436E0,5.961186836125E1,                  523P   6324
7.177888434228E1,1.293264558897E0,5.966862741919E1,                  523P   6325
7.177096088092E1,1.300748832155E0,5.969644540602E1,                  523P   6326
7.176706123313E1,1.304289956566E0,5.974428759508E1,                  523P   6327
7.176032562368E1,1.310151122147E0,5.979262755244E1,                  523P   6328
7.175346998263E1,1.315671903121E0,5.981277453037E1,                  523P   6329
7.175060415233E1,1.317903699577E0,5.986555485059E1,                  523P   6330
7.174307550469E1,1.3235864595E0,5.991891753398E1,                    523P   6331
7.17354089251E1,1.328899067244E0,5.99520469544E1,                    523P   6332
7.173062830016E1,1.33203160654E0,6.002538503929E1,                   523P   6333
7.171999966286E1,1.338601760123E0,6.009979864141E1,                  523P   6334
7.17091164411E1,1.344488986587E0,6.014069094916E1,                   523P   6335
7.170310735359E1,1.347501393845E0,6.018190296829E1,                  523P   6336
7.169702330943E1,1.350320023206E0,6.022343463681E1,                  523P   6337
7.169086448386E1,1.352947089705E0,5.802597520284E1,                  523P   6338
7.153132152271E1,-8.955508226473E-1,5.779821435349E1,                523P   6339
7.159757736548E1,-8.738573605339E-1,5.758696817185E1,                523P   6340
7.166030850024E1,-8.510293802374E-1,5.739227575132E1,                523P   6341
7.171950343638E1,-8.271173842259E-1,5.713017967159E1,                523P   6342
7.180145213927E1,-7.909174505519E-1,5.690590458187E1,                523P   6343
7.187405718244E1,-7.551734949002E-1,5.68375140471E1,                 523P   6344
7.189644892396E1,-7.4380429516E-1,5.671356260632E1,                  523P   6345
7.193736393514E1,-7.22307076436E-1,5.660352113889E1,                 523P   6346
7.197413982277E1,-7.02026390051E-1,5.655383868269E1,                 523P   6347
7.199075945333E1,-6.924813850995E-1,5.649846406545E1,                523P   6348
7.200937330382E1,-6.819487812656E-1,5.64468816027E1,                 523P   6349
7.202661568481E1,-6.7181368422E-1,5.643901502401E1,                  523P   6350
7.202924367222E1,-6.702646132645E-1,5.64235823363E1,                 523P   6351
7.203437409752E1,-6.670726468281E-1,5.640845942989E1,                523P   6352
7.20394140663E1,-6.640260559452E-1,5.640099841569E1,                 523P   6353
7.204191669367E1,-6.626216832792E-1,5.636391940084E1,                523P   6354
7.205431915672E1,-6.554066841668E-1,5.632935428426E1,                523P   6355
7.2065551258E1,-6.466328219586E-1,5.630362358723E1,                  523P   6356
7.207347245361E1,-6.376252365274E-1,5.625799285508E1,                523P   6357
7.208706513821E1,-6.195141753308E-1,5.62189084112E1,                 523P   6358
7.209750702057E1,-5.980656032279E-1,5.620189609706E1,                523P   6359
7.210177109135E1,-5.874074864645E-1,5.617303178382E1,                523P   6360
7.210838899321E1,-5.664554595482E-1,5.614974993423E1,                523P   6361
7.211241707391E1,-5.440617621426E-1,5.614018744408E1,                523P   6362
7.211371157901E1,-5.334263542485E-1,5.612791120235E1,                523P   6363
7.211472407944E1,-5.174626672189E-1,5.611822410679E1,                523P   6364
7.2114585011E1,-5.014821186927E-1,5.611532543759E1,                  523P   6365
7.21144237074E1,-4.962728562465E-1,5.610734515968E1,                 523P   6366
7.211364658378E1,-4.80694187587E-1,5.610144635432E1,                 523P   6367
7.211205800602E1,-4.653449606606E-1,5.609823609467E1,                523P   6368
7.211078284589E1,-4.552829847948E-1,5.608247231741E1,                523P   6369
7.210252668119E1,-3.956808571201E-1,5.608442629228E1,                523P   6370
7.209304245339E1,-3.390957231338E-1,5.60936591381E1,                 523P   6371
7.208864933863E1,-2.910122819723E-1,5.613243366385E1,                523P   6372
7.208352147618E1,-1.899441658039E-1,5.62077406706E1,                 523P   6373
7.208777529657E1,-8.380700325346E-2,5.625977315735E1,                523P   6374
7.209097483073E1,-2.245973869876E-2,5.635944261302E1,                523P   6375
7.209139266707E1,8.092114632869E-2,5.649355773335E1,                 523P   6376
7.208693617352E1,1.927728167312E-1,5.654145910184E1,                 523P   6377
7.208493248282E1,2.302350505514E-1,5.664623497571E1,                 523P   6378
7.207959205826E1,3.07196240922E-1,5.676831830854E1,                  523P   6379
7.207104351321E1,3.852157453756E-1,5.683442255031E1,                 523P   6380
7.206579813894E1,4.244864986635E-1,5.696634370116E1,                 523P   6381
7.205452278533E1,4.982008424081E-1,5.711375009332E1,                 523P   6382
7.204050776649E1,5.718813329827E-1,5.718576055865E1,                 523P   6383
7.203336350608E1,6.059996282109E-1,5.733772352091E1,                 523P   6384
7.201774135017E1,6.741858233019E-1,5.750304644414E1,                 523P   6385
7.199994026953E1,7.414735146959E-1,5.758969371975E1,                 523P   6386
7.199043812909E1,7.750775224688E-1,5.777290363234E1,                 523P   6387
7.197006083908E1,8.428690469612E-1,5.796982473555E1,                 523P   6388
7.1947595456E1,9.091925573537E-1,5.807355572302E1,                   523P   6389
7.193562682693E1,9.425250935848E-1,5.827015372904E1,                 523P   6390
7.191268085151E1,1.002793844095E0,5.84789626875E1,                   523P   6391
7.188773502048E1,1.061279356693E0,5.857642002917E1,                  523P   6392
7.18759599629E1,1.087430899353E0,5.875240564837E1,                   523P   6393
7.185441499763E1,1.132489820426E0,5.893709368624E1,                  523P   6394
7.183117796258E1,1.175209330133E0,5.901836767709E1,                  523P   6395
7.182082286507E1,1.193086020117E0,5.915310867188E1,                  523P   6396
7.180340935852E1,1.220967608512E0,5.929258794776E1,                  523P   6397
7.178494193752E1,1.246593857927E0,5.934684247342E1,                  523P   6398
7.177769064965E1,1.256057239486E0,5.942926905582E1,                  523P   6399
7.176656865804E1,1.269645751322E0,5.95133432136E1,                   523P   6400
7.175506103507E1,1.282253788452E0,5.954152356866E1,                  523P   6401
7.17511859641E1,1.286343077446E0,5.959683082188E1,                   523P   6402
7.174354536526E1,1.294096104156E0,5.96528436842E1,                   523P   6403
7.173573772679E1,1.301407745313E0,5.968029815041E1,                  523P   6404
7.17318941231E1,1.304859741263E0,5.972751677632E1,                   523P   6405
7.172525559672E1,1.310577639168E0,5.977522823428E1,                  523P   6406
7.171850074876E1,1.315989558907E0,5.979511348952E1,                  523P   6407
7.171567744331E1,1.31818300296E0,5.984721164757E1,                   523P   6408
7.170825882762E1,1.323757747864E0,5.989989188695E1,                  523P   6409
7.17007015465E1,1.328954757725E0,5.993259952372E1,                   523P   6410
7.169598879817E1,1.332019203384E0,6.000500795181E1,                  523P   6411
7.168551079241E1,1.338452601589E0,6.007848944126E1,                  523P   6412
7.167477949168E1,1.344216266804E0,6.011887293507E1,                  523P   6413
7.166885318772E1,1.34716035248E0,6.015957582806E1,                   523P   6414
7.166285178763E1,1.349908581981E0,6.020059818067E1,                  523P   6415
7.165677542424E1,1.35246275966E0,5.786789408759E1,                   523P   6416
7.149665801644E1,-8.810537830565E-1,5.764614967117E1,                523P   6417
7.156315252028E1,-8.594694129988E-1,5.744102802154E1,                523P   6418
7.162609252542E1,-8.367926728092E-1,5.725259692862E1,                523P   6419
7.168545568917E1,-8.131206579092E-1,5.700029434065E1,                523P   6420
7.17674285209E1,-7.773942553789E-1,5.678655094938E1,                 523P   6421
7.183977937681E1,-7.424663356311E-1,5.672168994022E1,                523P   6422
7.186202678685E1,-7.313205453664E-1,5.660457236182E1,                523P   6423
7.190270605639E1,-7.105819284785E-1,5.650172840503E1,                523P   6424
7.193908043303E1,-6.907919691801E-1,5.645537377647E1,                523P   6425
7.19556796575E1,-6.820653662621E-1,5.640426659434E1,                 523P   6426
7.197394696984E1,-6.713908826721E-1,5.635673789126E1,                523P   6427
7.199106423335E1,-6.614767380338E-1,5.634948423223E1,                523P   6428
7.199368440967E1,-6.599937532429E-1,5.633515540901E1,                523P   6429
7.199890653003E1,-6.573199903724E-1,5.632119487327E1,                523P   6430
7.200396965935E1,-6.544698219225E-1,5.631438830429E1,                523P   6431
7.200640632348E1,-6.52853621374E-1,5.628073311137E1,                 523P   6432
7.201834499398E1,-6.441017180629E-1,5.624987465584E1,                523P   6433
7.202881768418E1,-6.328229513184E-1,5.622670165185E1,                523P   6434
7.203651430884E1,-6.233646632674E-1,5.618618476477E1,                523P   6435
7.204936192154E1,-6.030927918416E-1,5.615191423911E1,                523P   6436
7.205925242163E1,-5.800888063966E-1,5.613716840874E1,                523P   6437
7.206324340828E1,-5.685970830133E-1,5.611246001702E1,                523P   6438
7.206939817135E1,-5.461417817826E-1,5.609328165483E1,                523P   6439
7.207299606111E1,-5.221381423152E-1,5.608562720019E1,                523P   6440
7.207409038838E1,-5.107477859864E-1,5.607623321406E1,                523P   6441
7.207477694119E1,-4.936598579069E-1,5.606955072918E1,                523P   6442
7.207420468579E1,-4.766501688898E-1,5.606764233594E1,                523P   6443
7.20738937484E1,-4.711174159665E-1,5.606266216252E1,                 523P   6444
7.207263562658E1,-4.546138826592E-1,5.605954617212E1,                523P   6445
7.207068326437E1,-4.385184790186E-1,5.605804291764E1,                523P   6446
7.206925312336E1,-4.279993788944E-1,5.605160559704E1,                523P   6447
7.206061372701E1,-3.659285049775E-1,5.606009757988E1,                523P   6448
7.205232358101E1,-3.058663973679E-1,5.607552892124E1,                523P   6449
7.204803772851E1,-2.562046877631E-1,5.612502111034E1,                523P   6450
7.204427599193E1,-1.531650411415E-1,5.620870121982E1,                523P   6451
7.204955007163E1,-4.770490118917E-2,5.626434749468E1,                523P   6452
7.205333301218E1,1.257105764913E-2,5.636926461219E1,                 523P   6453
7.205373948535E1,1.147798867087E-1,5.650727876995E1,                 523P   6454
7.204900460578E1,2.242745725875E-1,5.655635745663E1,                 523P   6455
7.204686690579E1,2.609608968259E-1,5.666316677285E1,                 523P   6456
7.204122763611E1,3.361488538869E-1,5.67867033783E1,                  523P   6457
7.203229497702E1,4.121105930642E-1,5.685335020268E1,                 523P   6458
7.202686063808E1,4.502637028294E-1,5.698583542571E1,                 523P   6459
7.201536358075E1,5.220697999979E-1,5.71331823828E1,                  523P   6460
7.200115134771E1,5.936015520524E-1,5.720500614669E1,                 523P   6461
7.199395410847E1,6.267519543501E-1,5.735626813583E1,                 523P   6462
7.197825870608E1,6.929076687824E-1,5.752023187603E1,                 523P   6463
7.196051778593E1,7.582541806052E-1,5.760605393749E1,                 523P   6464
7.195106697727E1,7.908805513355E-1,5.778728892207E1,                 523P   6465
7.193084880877E1,8.567258056343E-1,5.798170132823E1,                 523P   6466
7.190863364884E1,9.211791839917E-1,5.808400839973E1,                 523P   6467
7.189681506244E1,9.535875255632E-1,5.827780063763E1,                 523P   6468
7.187418241699E1,1.012223424111E0,5.848351349735E1,                  523P   6469
7.184960993345E1,1.069167554313E0,5.857951606803E1,                  523P   6470
7.183801646909E1,1.094640585711E0,5.875288851329E1,                  523P   6471
7.181680161164E1,1.13850547192E0,5.893487126241E1,                   523P   6472
7.17939190923E1,1.180045733687E0,5.901496707664E1,                   523P   6473
7.17837197627E1,1.197415244078E0,5.914777118393E1,                   523P   6474
7.17665684415E1,1.22449390331E0,5.928528031317E1,                    523P   6475
7.174837806386E1,1.249381430823E0,5.933877335982E1,                  523P   6476
7.174123597359E1,1.258578736782E0,5.942005121851E1,                  523P   6477
7.173028077632E1,1.271777823449E0,5.950296635942E1,                  523P   6478
7.171894639728E1,1.284046000328E0,5.95307598878E1,                   523P   6479
7.171512941325E1,1.288023790384E0,5.95853114121E1,                   523P   6480
7.170760301629E1,1.295566301528E0,5.964056466723E1,                  523P   6481
7.169991202129E1,1.302685674931E0,5.966764783805E1,                  523P   6482
7.169612621858E1,1.30605298194E0,5.971423090491E1,                   523P   6483
7.168958711247E1,1.31163248583E0,5.976130633106E1,                   523P   6484
7.168293160587E1,1.316903959466E0,5.978092762016E1,                  523P   6485
7.168014945688E1,1.319038135321E0,5.98323356079E1,                   523P   6486
7.167283945788E1,1.32446947974E0,5.988432306042E1,                   523P   6487
7.166539282115E1,1.32954208234E0,5.991660320133E1,                   523P   6488
7.16607484499E1,1.332531849723E0,5.998807113597E1,                   523P   6489
7.165042097155E1,1.33880259184E0,6.006061040922E1,                   523P   6490
7.16398409197E1,1.344409428029E0,6.010047987163E1,                   523P   6491
7.163399729712E1,1.347270220869E0,6.014066846361E1,                  523P   6492
7.16280786639E1,1.349935946544E0,6.018117628706E1,                   523P   6493
7.162208506758E1,1.352407418986E0,5.780394130675E1,                  523P   6494
7.148238812245E1,-8.751391791352E-1,5.758465988944E1,                523P   6495
7.154897178848E1,-8.536062351879E-1,5.738204286456E1,                523P   6496
7.161198792034E1,-8.310046414447E-1,5.719619823506E1,                523P   6497
7.1671405924E1,-8.074120975169E-1,5.694791882228E1,                  523P   6498
7.175337186793E1,-7.719280687433E-1,5.673855462635E1,                523P   6499
7.182557988219E1,-7.373199946646E-1,5.667512791827E1,                523P   6500
7.184778395847E1,-7.26349667944E-1,5.656088844208E1,                 523P   6501
7.188830501102E1,-7.057636860914E-1,5.646092276001E1,                523P   6502
7.192460091245E1,-6.865132184459E-1,5.641606796512E1,                523P   6503
7.19410609748E1,-6.776534824138E-1,5.636656560897E1,                 523P   6504
7.195934556462E1,-6.674854247523E-1,5.632052002859E1,                523P   6505
7.197656589482E1,-6.581134400005E-1,5.631350206435E1,                523P   6506
7.19791943349E1,-6.566771364075E-1,5.629977524581E1,                 523P   6507
7.19843031585E1,-6.535952771749E-1,5.628651550689E1,                 523P   6508
7.198915892915E1,-6.500032569272E-1,5.628004765278E1,                523P   6509
7.199150240482E1,-6.480685618665E-1,5.624801767406E1,                523P   6510
7.200304831628E1,-6.380399507073E-1,5.621843289689E1,                523P   6511
7.201346399603E1,-6.268878018463E-1,5.619644161064E1,                523P   6512
7.20209422836E1,-6.167581195968E-1,5.615796584544E1,                 523P   6513
7.203355006004E1,-5.959360092442E-1,5.61257217714E1,                 523P   6514
7.204317861575E1,-5.722511234318E-1,5.611190832559E1,                523P   6515
7.20470609827E1,-5.604793823311E-1,5.60889475986E1,                  523P   6516
7.205299827802E1,-5.374125772362E-1,5.607150844319E1,                523P   6517
7.205638693778E1,-5.12794639812E-1,5.606459113966E1,                 523P   6518
7.205743801812E1,-5.011015044479E-1,5.605641045411E1,                523P   6519
7.205797445301E1,-4.835706089397E-1,5.60509723415E1,                 523P   6520
7.205722814362E1,-4.661538552904E-1,5.60494797459E1,                 523P   6521
7.20568508824E1,-4.604975389184E-1,5.604566670771E1,                 523P   6522
7.205544917372E1,-4.436538699646E-1,5.604375134121E1,                523P   6523
7.205331499492E1,-4.272169993789E-1,5.604289241408E1,                523P   6524
7.205186493149E1,-4.165337474004E-1,5.603991341328E1,                523P   6525
7.204334572211E1,-3.535584201008E-1,5.605117678176E1,                523P   6526
7.203551836544E1,-2.917030609758E-1,5.60690727942E1,                 523P   6527
7.203132402695E1,-2.415936512547E-1,5.612290512435E1,                523P   6528
7.202818399284E1,-1.376084984842E-1,5.620998364279E1,                523P   6529
7.203388609289E1,-3.25463989409E-2,5.626710444774E1,                 523P   6530
7.203791238534E1,2.736131026069E-2,5.637416032224E1,                 523P   6531
7.203832687684E1,1.289939025313E-1,5.65137659488E1,                  523P   6532
7.203348503192E1,2.375072400872E-1,5.656332549929E1,                 523P   6533
7.203129359824E1,2.738669741771E-1,5.667097597694E1,                 523P   6534
7.202551824624E1,3.482772618982E-1,5.679510102009E1,                 523P   6535
7.201642553385E1,4.233669306974E-1,5.68619695262E1,                  523P   6536
7.201090651904E1,4.610263845723E-1,5.699463274299E1,                 523P   6537
7.199935433085E1,5.321093551008E-1,5.714196248468E1,                 523P   6538
7.19850386251E1,6.026715349738E-1,5.721368666083E1,                  523P   6539
7.197783286791E1,6.354385516451E-1,5.736463147996E1,                 523P   6540
7.196211696284E1,7.007559654934E-1,5.752801793545E1,                 523P   6541
7.194440325167E1,7.652834271983E-1,5.761348901126E1,                 523P   6542
7.193497884978E1,7.975087903709E-1,5.779388616194E1,                 523P   6543
7.191483192282E1,8.625456315354E-1,5.798725189326E1,                 523P   6544
7.189272536434E1,9.262258956859E-1,5.808896192795E1,                 523P   6545
7.18809708163E1,9.582526948905E-1,5.828159186659E1,                  523P   6546
7.185847021096E1,1.016212409425E0,5.848602531314E1,                  523P   6547
7.183405301773E1,1.072517509242E0,5.858142887218E1,                  523P   6548
7.182253451993E1,1.09770817858E0,5.875372495429E1,                   523P   6549
7.180145607036E1,1.141077183271E0,5.893459656175E1,                  523P   6550
7.177871929073E1,1.182131373646E0,5.901420773243E1,                  523P   6551
7.176858442892E1,1.1992927166E0,5.914621759191E1,                    523P   6552
7.175154078758E1,1.226042979038E0,5.928291933053E1,                  523P   6553
7.173346423513E1,1.250629897066E0,5.933610087414E1,                  523P   6554
7.172636659519E1,1.259714665856E0,5.941690862095E1,                  523P   6555
7.171547998525E1,1.272759787805E0,5.949935071157E1,                  523P   6556
7.170421583938E1,1.284882901279E0,5.95269862577E1,                   523P   6557
7.170042258442E1,1.288815258567E0,5.958122902391E1,                  523P   6558
7.169294292141E1,1.296272846992E0,5.963617248352E1,                  523P   6559
7.168529940659E1,1.303313593659E0,5.96631047187E1,                   523P   6560
7.168153670668E1,1.306642102888E0,5.970942933146E1,                  523P   6561
7.167503736265E1,1.312156990844E0,5.975624523212E1,                  523P   6562
7.166842254152E1,1.317372591824E0,5.977575861926E1,                  523P   6563
7.166565744818E1,1.319485252605E0,5.982688530874E1,                  523P   6564
7.165839174306E1,1.324858718848E0,5.987859134394E1,                  523P   6565
7.165098941635E1,1.329873512448E0,5.991069764469E1,                  523P   6566
7.164637262561E1,1.332829851688E0,5.998178287989E1,                  523P   6567
7.163610609627E1,1.339030159425E0,6.005393904447E1,                  523P   6568
7.16255873815E1,1.344570893947E0,6.009359949614E1,                   523P   6569
7.161977724878E1,1.347396033792E0,6.013357900212E1,                  523P   6570
7.161389212964E1,1.350026318671E0,6.017387768962E1,                  523P   6571
7.160793205844E1,1.352462443928E0,5.772549466779E1,                  523P   6572
7.146456695329E1,-8.67826426761E-1,5.750926750299E1,                 523P   6573
7.153125170239E1,-8.463629526892E-1,5.73097567055E1,                 523P   6574
7.159435327125E1,-8.238523435372E-1,5.712713633253E1,                523P   6575
7.165382405092E1,-8.00383794783E-1,5.688389931966E1,                 523P   6576
7.173574624069E1,-7.651906230566E-1,5.6680024311E1,                  523P   6577
7.180775203465E1,-7.310159977393E-1,5.661839592293E1,                523P   6578
7.182988886272E1,-7.20233160262E-1,5.650774628772E1,                 523P   6579
7.187021882167E1,-6.999275467805E-1,5.641140146269E1,                523P   6580
7.190638151711E1,-6.811856920679E-1,5.636843670329E1,                523P   6581
7.192265674896E1,-6.721650058169E-1,5.632079300395E1,                523P   6582
7.194107251316E1,-6.628443895586E-1,5.627717230974E1,                523P   6583
7.195786867337E1,-6.522007428145E-1,5.627054783763E1,                523P   6584
7.196041278967E1,-6.504999371286E-1,5.625758653241E1,                523P   6585
7.196537104088E1,-6.469687556904E-1,5.624504482572E1,                523P   6586
7.197012384266E1,-6.431233566852E-1,5.623891593579E1,                523P   6587
7.197243384522E1,-6.411318439399E-1,5.620862755074E1,                523P   6588
7.198377354427E1,-6.306596631287E-1,5.61809348902E1,                 523P   6589
7.199382596598E1,-6.184639515598E-1,5.616029403766E1,                523P   6590
7.200116176619E1,-6.081100576537E-1,5.612440038573E1,                523P   6591
7.201344066832E1,-5.864810042806E-1,5.609464966373E1,                523P   6592
7.202277256483E1,-5.620448101776E-1,5.608202707613E1,                523P   6593
7.202649470655E1,-5.498576529051E-1,5.606129676471E1,                523P   6594
7.203212743094E1,-5.260466709218E-1,5.604615089823E1,                523P   6595
7.203516728912E1,-5.006558364049E-1,5.604036415106E1,                523P   6596
7.203601274884E1,-4.88636016376E-1,5.603359041373E1,                 523P   6597
7.203645704393E1,-4.706118547112E-1,5.60296878864E1,                 523P   6598
7.203551108473E1,-4.527556223926E-1,5.602870032519E1,                523P   6599
7.203506681959E1,-4.469570832147E-1,5.602649134735E1,                523P   6600
7.203338719283E1,-4.297226307048E-1,5.602577321218E1,                523P   6601
7.203123609222E1,-4.130624684793E-1,5.602553714055E1,                523P   6602
7.202989570387E1,-4.020673343162E-1,5.60265934878E1,                 523P   6603
7.202176705287E1,-3.37643034415E-1,5.604137157234E1,                 523P   6604
7.201446653102E1,-2.737378559504E-1,5.606225022136E1,                523P   6605
7.201046211818E1,-2.228877813964E-1,5.612138524792E1,                523P   6606
7.200817641548E1,-1.177714422157E-1,5.621266614985E1,                523P   6607
7.201441619319E1,-1.324336010615E-2,5.627160919439E1,                523P   6608
7.201874248437E1,4.629903158169E-2,5.638130121061E1,                 523P   6609
7.201919645825E1,1.470475825209E-1,5.65228796452E1,                  523P   6610
7.201422566861E1,2.54341864017E-1,5.657302713255E1,                  523P   6611
7.201197946604E1,2.903256156766E-1,5.668173224694E1,                 523P   6612
7.200601098816E1,3.636594555335E-1,5.680659404754E1,                 523P   6613
7.199670721328E1,4.376321405316E-1,5.687369824107E1,                 523P   6614
7.199110516068E1,4.746906456864E-1,5.700658397774E1,                 523P   6615
7.197946851075E1,5.448101777096E-1,5.715383210388E1,                 523P   6616
7.196505904809E1,6.142043503638E-1,5.722543348912E1,                 523P   6617
7.195782964586E1,6.464461448238E-1,5.737594558278E1,                 523P   6618
7.1942105586E1,7.107291231376E-1,5.753859584477E1,                   523P   6619
7.19244272362E1,7.742104951343E-1,5.762360931451E1,                  523P   6620
7.191504112585E1,8.059345938555E-1,5.780294742743E1,                 523P   6621
7.189498889262E1,8.69950698178E-1,5.799497137253E1,                  523P   6622
7.187302541053E1,9.326661511719E-1,5.80959369998E1,                  523P   6623
7.186135207772E1,9.642101757597E-1,5.828710234889E1,                 523P   6624
7.183902102374E1,1.02132407767E0,5.848993658454E1,                   523P   6625
7.181479964604E1,1.076826250697E0,5.858459218936E1,                  523P   6626
7.180337430475E1,1.101657646862E0,5.875554423302E1,                  523P   6627
7.178246721162E1,1.144405804847E0,5.893503128648E1,                  523P   6628
7.175991227264E1,1.184850934372E0,5.901403923517E1,                  523P   6629
7.174985794476E1,1.201753932281E0,5.914506060725E1,                  523P   6630
7.173294871521E1,1.22809674615E0,5.928075993334E1,                   523P   6631
7.171501353382E1,1.252309426188E0,5.933355456112E1,                  523P   6632
7.170797134158E1,1.26125746669E0,5.941377993794E1,                   523P   6633
7.169716928776E1,1.274105964576E0,5.949563581564E1,                  523P   6634
7.168599234045E1,1.286051955674E0,5.952307586667E1,                  523P   6635
7.168222832026E1,1.289926745907E0,5.957693676338E1,                  523P   6636
7.167480617358E1,1.297276048596E0,5.963149724457E1,                  523P   6637
7.166722103153E1,1.304215475424E0,5.965824258203E1,                  523P   6638
7.166348704075E1,1.307496997514E0,5.97042473429E1,                   523P   6639
7.165703712373E1,1.312935000565E0,5.975074302764E1,                  523P   6640
7.165047202972E1,1.318076295889E0,5.977012348557E1,                  523P   6641
7.164772761059E1,1.320158452241E0,5.98209030238E1,                   523P   6642
7.164051619092E1,1.325455657389E0,5.987226133014E1,                  523P   6643
7.163316872615E1,1.330399890375E0,5.990415312382E1,                  523P   6644
7.162858584015E1,1.333313596676E0,5.997476649765E1,                  523P   6645
7.161839412903E1,1.339422942292E0,6.004645037288E1,                  523P   6646
7.160795066976E1,1.344877395406E0,6.008585325838E1,                  523P   6647
7.160218165959E1,1.347656582103E0,6.012557514598E1,                  523P   6648
7.159633771232E1,1.350241488171E0,6.016561617105E1,                  523P   6649
7.159041883732E1,1.352632503881E0,5.764723086124E1,                  523P   6650
7.144638740118E1,-8.604609762579E-1,5.743408525166E1,                523P   6651
7.151316504885E1,-8.390731672525E-1,5.723771483746E1,                523P   6652
7.157634158079E1,-8.166562493074E-1,5.705838079428E1,                523P   6653
7.163584524729E1,-7.93332616567E-1,5.682029755247E1,                 523P   6654
7.171768587685E1,-7.584340813784E-1,5.66220424246E1,                 523P   6655
7.178945614405E1,-7.247194541708E-1,5.65622709023E1,                 523P   6656
7.181149929006E1,-7.140714467354E-1,5.645525487236E1,                523P   6657
7.18516554588E1,-6.941654211427E-1,5.636269972552E1,                 523P   6658
7.188758187557E1,-6.755910603949E-1,5.632153735737E1,                523P   6659
7.190378078712E1,-6.667825692526E-1,5.627610293984E1,                523P   6660
7.192201855927E1,-6.57189463281E-1,5.623491037392E1,                 523P   6661
7.193842685122E1,-6.455266620828E-1,5.622866120877E1,                523P   6662
7.194091040874E1,-6.436674179362E-1,5.621644636806E1,                523P   6663
7.194574836137E1,-6.398263681522E-1,5.620464973454E1,                523P   6664
7.19503825238E1,-6.356842855652E-1,5.619889108254E1,                 523P   6665
7.19526336412E1,-6.335469835849E-1,5.617044283768E1,                 523P   6666
7.196369843908E1,-6.22427929006E-1,5.614457600095E1,                 523P   6667
7.197348196705E1,-6.095929974357E-1,5.612539696969E1,                523P   6668
7.198059089132E1,-5.987007347057E-1,5.609213209668E1,                523P   6669
7.199254297713E1,-5.763357556281E-1,5.606496994188E1,                523P   6670
7.200153686246E1,-5.510595350628E-1,5.605355800731E1,                523P   6671
7.200510100469E1,-5.384674505743E-1,5.603518347015E1,                523P   6672
7.201036059184E1,-5.138401345886E-1,5.602249554594E1,                523P   6673
7.201297011939E1,-4.876928482257E-1,5.601791348382E1,                523P   6674
7.201356870754E1,-4.753510274612E-1,5.601289123286E1,                523P   6675
7.201370005834E1,-4.569199367773E-1,5.601057989293E1,                523P   6676
7.201254761944E1,-4.387281383818E-1,5.601013630435E1,                523P   6677
7.201201238479E1,-4.328361350827E-1,5.600923745662E1,                523P   6678
7.201028514481E1,-4.153483212172E-1,5.600934141187E1,                523P   6679
7.20083996904E1,-3.984209930189E-1,5.600975764462E1,                 523P   6680
7.200716250115E1,-3.871824312504E-1,5.601464082334E1,                523P   6681
7.199968615942E1,-3.208005189843E-1,5.60329323362E1,                 523P   6682
7.19929467266E1,-2.552200805777E-1,5.605682723631E1,                 523P   6683
7.198917924706E1,-2.031702644617E-1,5.612117429682E1,                523P   6684
7.19878813371E1,-9.714640666981E-2,5.621671541469E1,                 523P   6685
7.199466875446E1,6.951840882753E-3,5.627748879195E1,                 523P   6686
7.199929786408E1,6.611196285186E-2,5.638982602416E1,                 523P   6687
7.199982558936E1,1.65850770325E-1,5.653339526482E1,                  523P   6688
7.199473375696E1,2.718889289499E-1,5.658413413507E1,                 523P   6689
7.199243096289E1,3.0747239029E-1,5.669391356491E1,                   523P   6690
7.198625585602E1,3.79659890723E-1,5.681949970366E1,                  523P   6691
7.1976736802E1,4.524434054387E-1,5.688682475681E1,                   523P   6692
7.197106182915E1,4.889089826272E-1,5.701992611223E1,                 523P   6693
7.195932432838E1,5.579604105388E-1,5.716703662249E1,                 523P   6694
7.194484945538E1,6.262009451342E-1,5.723850213408E1,                 523P   6695
7.193759278646E1,6.578777019954E-1,5.738853989384E1,                 523P   6696
7.192187175295E1,7.210980474243E-1,5.755040957472E1,                 523P   6697
7.190423760846E1,7.834997016976E-1,5.763494394387E1,                 523P   6698
7.189489411883E1,8.147057330309E-1,5.781317223161E1,                 523P   6699
7.187494712546E1,8.77673410595E-1,5.800380598941E1,                  523P   6700
7.185313591687E1,9.39397519817E-1,5.81040043219E1,                   523P   6701
7.184154890589E1,9.704478323263E-1,5.829366525563E1,                 523P   6702
7.181939468985E1,1.026692611877E0,5.849486417746E1,                  523P   6703
7.179537517472E1,1.081368956912E0,5.858875599869E1,                  523P   6704
7.178404580508E1,1.105832338702E0,5.875833862574E1,                  523P   6705
7.176331371372E1,1.147941310904E0,5.893641728667E1,                  523P   6706
7.174094457678E1,1.187766039206E0,5.901481236754E1,                  523P   6707
7.173097224535E1,1.204405788937E0,5.914483060843E1,                  523P   6708
7.171419982482E1,1.230335559964E0,5.927951472335E1,                  523P   6709
7.169640798204E1,1.254169304032E0,5.933191802977E1,                  523P   6710
7.168942181197E1,1.26297776736E0,5.941155449016E1,                   523P   6711
7.167870532859E1,1.275627869168E0,5.949281872545E1,                  523P   6712
7.166761609947E1,1.287391552997E0,5.952006146559E1,                  523P   6713
7.166388153668E1,1.291207598278E0,5.957353716768E1,                  523P   6714
7.165651725254E1,1.298445879042E0,5.962771160094E1,                  523P   6715
7.164899080329E1,1.305281484338E0,5.965426871595E1,                  523P   6716
7.164528558036E1,1.308514037607E0,5.969995149182E1,                  523P   6717
7.163888511081E1,1.313870847605E0,5.974612482229E1,                  523P   6718
7.163236993758E1,1.318935599311E0,5.97653714455E1,                   523P   6719
7.162964631357E1,1.320986772618E0,5.981580177033E1,                  523P   6720
7.162248928718E1,1.326204691287E0,5.986681063926E1,                  523P   6721
7.161519662174E1,1.331073972213E0,5.98984868852E1,                   523P   6722
7.161064767456E1,1.333943090044E0,5.996862624336E1,                  523P   6723
7.160053081255E1,1.33995706553E0,6.00398361076E1,                    523P   6724
7.159016260813E1,1.345321286052E0,6.007898058682E1,                  523P   6725
7.158443471143E1,1.348052443975E0,6.011844410737E1,                  523P   6726
7.157863192606E1,1.35059006949E0,6.015822679608E1,                   523P   6727
7.157275424021E1,1.352934263575E0,5.763266843124E1,                  523P   6728
7.144299078915E1,-8.590880774789E-1,5.742009735753E1,                523P   6729
7.150978546031E1,-8.377145586493E-1,5.72243126446E1,                 523P   6730
7.157297562426E1,-8.153153193063E-1,5.704559263399E1,                523P   6731
7.163248462166E1,-7.920189929346E-1,5.680847249716E1,                523P   6732
7.171430890924E1,-7.571760555936E-1,5.661126814302E1,                523P   6733
7.178603401986E1,-7.235471199243E-1,5.655184393904E1,                523P   6734
7.180805920067E1,-7.129238944648E-1,5.644550685906E1,                523P   6735
7.184818257651E1,-6.930923641207E-1,5.635366162462E1,                523P   6736
7.18840627873E1,-6.745425088576E-1,5.631283461485E1,                 523P   6737
7.190024841974E1,-6.65775719772E-1,5.626782054932E1,                 523P   6738
7.191844542037E1,-6.561057678554E-1,5.622708017765E1,                523P   6739
7.193478265759E1,-6.442608123886E-1,5.622090095881E1,                523P   6740
7.193725506826E1,-6.423730441091E-1,5.620882536258E1,                523P   6741
7.194207073671E1,-6.384755371745E-1,5.619716794334E1,                523P   6742
7.194668269306E1,-6.342784522092E-1,5.619147837823E1,                523P   6743
7.194892287289E1,-6.321144181627E-1,5.616337518045E1,                523P   6744
7.195993497496E1,-6.208704735775E-1,5.613784862921E1,                523P   6745
7.196966906419E1,-6.079210152575E-1,5.611894306734E1,                523P   6746
7.197673524031E1,-5.96926331401E-1,5.608617070993E1,                 523P   6747
7.198862499575E1,-5.744209125759E-1,5.60594929448E1,                 523P   6748
7.199755532425E1,-5.489882325905E-1,5.604830829325E1,                523P   6749
7.200108912421E1,-5.363197659607E-1,5.603037481348E1,                523P   6750
7.200627845134E1,-5.115390867943E-1,5.601815217442E1,                523P   6751
7.200880331663E1,-4.852507199715E-1,5.601379408859E1,                523P   6752
7.200935698637E1,-4.728495983816E-1,5.600910794564E1,                523P   6753
7.200942335611E1,-4.543448106489E-1,5.600710705094E1,                523P   6754
7.200822348137E1,-4.360948987191E-1,5.600675910768E1,                523P   6755
7.200767563113E1,-4.301878696364E-1,5.600608593718E1,                523P   6756
7.200595271115E1,-4.126584861883E-1,5.600634019539E1,                523P   6757
7.200411983694E1,-3.956769080801E-1,5.600687529548E1,                523P   6758
7.200290398196E1,-3.843954343496E-1,5.601246325284E1,                523P   6759
7.199555801051E1,-3.176380428597E-1,5.603140906985E1,                523P   6760
7.198892452608E1,-2.517495093378E-1,5.605586587226E1,                523P   6761
7.198520295289E1,-1.994669581167E-1,5.612118086733E1,                523P   6762
7.198409312723E1,-9.327794756017E-2,5.621751627554E1,                523P   6763
7.199098325509E1,1.074123574794E-2,5.627863113422E1,                 523P   6764
7.199566861178E1,6.983077097988E-2,5.639146076147E1,                 523P   6765
7.199621137494E1,1.693766953653E-1,5.653540138413E1,                 523P   6766
7.199109722244E1,2.751802837877E-1,5.658625042404E1,                 523P   6767
7.19887837565E1,3.106875269733E-1,5.669623048685E1,                  523P   6768
7.19825698892E1,3.826603327963E-1,5.682195093037E1,                  523P   6769
7.197301059433E1,4.552193187502E-1,5.688931672357E1,                 523P   6770
7.196732233924E1,4.915750102247E-1,5.702245784646E1,                 523P   6771
7.195556558772E1,5.604240039916E-1,5.716954096259E1,                 523P   6772
7.194107938438E1,6.284500878359E-1,5.724098061615E1,                 523P   6773
7.193381762257E1,6.600204965269E-1,5.739092872798E1,                 523P   6774
7.191809745333E1,7.230418827689E-1,5.755265150983E1,                 523P   6775
7.190047190097E1,7.852414979948E-1,5.76370959741E1,                  523P   6776
7.189113646772E1,8.163504587684E-1,5.781511590253E1,                 523P   6777
7.187120944396E1,8.791220412462E-1,5.80054892281E1,                  523P   6778
7.184942688366E1,9.406606549983E-1,5.810554392262E1,                 523P   6779
7.183785612661E1,9.716187035713E-1,5.829492343844E1,                 523P   6780
7.1815735074E1,1.027700863106E0,5.849581668951E1,                    523P   6781
7.179175335277E1,1.08222271175E0,5.858956578859E1,                   523P   6782
7.178044193908E1,1.10661725774E0,5.875889260906E1,                   523P   6783
7.175974256026E1,1.148606649514E0,5.893670827661E1,                  523P   6784
7.173740814189E1,1.188315471098E0,5.901498893652E1,                  523P   6785
7.172745112761E1,1.2049060563E0,5.914481993648E1,                    523P   6786
7.171070425556E1,1.230758740406E0,5.927931463093E1,                  523P   6787
7.169293916216E1,1.254521766127E0,5.933164493479E1,                  523P   6788
7.168596344417E1,1.26330418307E0,5.941117154943E1,                   523P   6789
7.167526291857E1,1.275917229822E0,5.949232545564E1,                  523P   6790
7.166419004139E1,1.287646843716E0,5.951953140515E1,                  523P   6791
7.166046096839E1,1.291451900851E0,5.957293528723E1,                  523P   6792
7.165310746808E1,1.29866942426E0,5.962703775397E1,                   523P   6793
7.164559195297E1,1.305485588924E0,5.965355978355E1,                  523P   6794
7.164189208842E1,1.30870896546E0,5.969918254273E1,                   523P   6795
7.16355008299E1,1.314050571806E0,5.974529579565E1,                   523P   6796
7.162899495336E1,1.31910097125E0,5.976451747742E1,                   523P   6797
7.162627520153E1,1.321146331534E0,5.981488272403E1,                  523P   6798
7.16191283046E1,1.326349386807E0,5.986582648231E1,                   523P   6799
7.161184584194E1,1.331204602713E0,5.989746256822E1,                  523P   6800
7.160730321263E1,1.334065344138E0,5.996751361589E1,                  523P   6801
7.1597200285E1,1.340061420162E0,6.003863518214E1,                    523P   6802
7.158684608945E1,1.345408707358E0,6.00777315307E1,                   523P   6803
7.158112584593E1,1.348130858086E0,6.011714693138E1,                  523P   6804
7.157533072269E1,1.350659622005E0,6.015688150848E1,                  523P   6805
7.156946070406E1,1.352995045283E0,5.761746527969E1,                  523P   6806
7.143943007052E1,-8.576522525E-1,5.740549516642E1,                   523P   6807
7.150624226053E1,-8.362938608938E-1,5.72103233948E1,                 523P   6808
7.156944632054E1,-8.139133831533E-1,5.703224710617E1,                523P   6809
7.162896003882E1,-7.90645781859E-1,5.679613675218E1,                 523P   6810
7.171076610602E1,-7.558619324907E-1,5.660003475508E1,                523P   6811
7.178244261327E1,-7.223221529073E-1,5.654097488635E1,                523P   6812
7.180444865221E1,-7.11725090677E-1,5.64353501351E1,                  523P   6813
7.184453678956E1,-6.919695456096E-1,5.634425040731E1,                523P   6814
7.188036701914E1,-6.734405279727E-1,5.630377521041E1,                523P   6815
7.189653810489E1,-6.647137824472E-1,5.625920727754E1,                523P   6816
7.191468692752E1,-6.549455035137E-1,5.621894006011E1,                523P   6817
7.193095049632E1,-6.42915336566E-1,5.621283415778E1,                 523P   6818
7.193341122306E1,-6.409980736684E-1,5.620090452658E1,                523P   6819
7.193820350859E1,-6.370419947082E-1,5.618939297516E1,                523P   6820
7.194279222109E1,-6.327879711373E-1,5.618377567788E1,                523P   6821
7.194502106833E1,-6.305966902108E-1,5.615603486925E1,                523P   6822
7.195597714128E1,-6.192198023157E-1,5.613086529618E1,                523P   6823
7.196565911438E1,-6.061510543249E-1,5.611224596627E1,                523P   6824
7.197268086998E1,-5.95050109656E-1,5.607999174853E1,                 523P   6825
7.1984503581E1,-5.723930765495E-1,5.60538225546E1,                   523P   6826
7.199336686553E1,-5.467971854086E-1,5.604287784001E1,                523P   6827
7.199686761473E1,-5.340476741998E-1,5.602540742574E1,                523P   6828
7.200198299647E1,-5.09105984879E-1,5.601367922386E1,                 523P   6829
7.200441439286E1,-4.826701104686E-1,5.600955375238E1,                523P   6830
7.200492296674E1,-4.702080002077E-1,5.600523076567E1,                523P   6831
7.200491347585E1,-4.516277567172E-1,5.600356270845E1,                523P   6832
7.200365866918E1,-4.3332208036E-1,5.600330840483E1,                  523P   6833
7.200310250937E1,-4.274011168223E-1,5.600285827892E1,                523P   6834
7.200139353253E1,-4.098320923548E-1,5.600326844373E1,                523P   6835
7.199961761942E1,-3.927909911648E-1,5.60039236201E1,                 523P   6836
7.199842727659E1,-3.814658559291E-1,5.601023778181E1,                523P   6837
7.199122788537E1,-3.143102146138E-1,5.602986862264E1,                523P   6838
7.198470614128E1,-2.48096859846E-1,5.605491159876E1,                 523P   6839
7.198103491215E1,-1.955663245198E-1,5.612123608822E1,                523P   6840
7.198012545225E1,-8.920572163843E-2,5.621840168022E1,                523P   6841
7.198712406698E1,1.472985000363E-2,5.627987440068E1,                 523P   6842
7.199186786323E1,7.374709323134E-2,5.639321806954E1,                 523P   6843
7.199242779473E1,1.730861585913E-1,5.653754753484E1,                 523P   6844
7.198729047185E1,2.78644127723E-1,5.658851170178E1,                  523P   6845
7.198496572238E1,3.140697082239E-1,5.669870195108E1,                 523P   6846
7.197871111618E1,3.858172306584E-1,5.682456208454E1,                 523P   6847
7.196910965354E1,4.581383653518E-1,5.689197012736E1,                 523P   6848
7.196340773749E1,4.943795982382E-1,5.702515227589E1,                 523P   6849
7.195163051959E1,5.630137478408E-1,5.717220506922E1,                 523P   6850
7.193713321235E1,6.308157751602E-1,5.724361704978E1,                 523P   6851
7.192986620159E1,6.622741207383E-1,5.739347016246E1,                 523P   6852
7.191414719791E1,7.250863711777E-1,5.755503782831E1,                 523P   6853
7.189653102699E1,7.870739415791E-1,5.763938764327E1,                 523P   6854
7.188720412666E1,8.180808344266E-1,5.781718811162E1,                 523P   6855
7.186729835701E1,8.806466353539E-1,5.800728772032E1,                 523P   6856
7.184554603156E1,9.419904990283E-1,5.810719154158E1,                 523P   6857
7.183399244353E1,9.728518025939E-1,5.829627570094E1,                 523P   6858
7.181190628447E1,1.028763240401E0,5.849684837396E1,                  523P   6859
7.178796426646E1,1.083122927045E0,5.859044784285E1,                  523P   6860
7.177667169913E1,1.107445225388E0,5.8759506544E1,                    523P   6861
7.175600663449E1,1.149309112167E0,5.893704667548E1,                  523P   6862
7.173370861289E1,1.188896432996E0,5.901520747265E1,                  523P   6863
7.172376765362E1,1.205435493336E0,5.914484237981E1,                  523P   6864
7.170704755002E1,1.231207454934E0,5.92791387753E1,                   523P   6865
7.168931046465E1,1.254896424394E0,5.933139266513E1,                  523P   6866
7.168234568829E1,1.26365157167E0,5.941080432284E1,                   523P   6867
7.167166185915E1,1.276225775586E0,5.94918427902E1,                   523P   6868
7.166060608597E1,1.287919671428E0,5.951901024934E1,                  523P   6869
7.165688275348E1,1.291713197203E0,5.957233899738E1,                  523P   6870
7.164954052949E1,1.298908942134E0,5.962636618963E1,                  523P   6871
7.16420364435E1,1.30570468108E0,5.965285152315E1,                    523P   6872
7.163834217966E1,1.3089184146E0,5.96984115139E1,                     523P   6873
7.163196054916E1,1.314244056044E0,5.974446194395E1,                  523P   6874
7.162546438662E1,1.319279355762E0,5.976365754636E1,                  523P   6875
7.162274868006E1,1.321318594334E0,5.981395474633E1,                  523P   6876
7.161561236714E1,1.326506014849E0,5.986483043236E1,                  523P   6877
7.160834056399E1,1.331346433772E0,5.989642453526E1,                  523P   6878
7.160380453389E1,1.334198350534E0,5.996638327053E1,                  523P   6879
7.159371616171E1,1.340175582427E0,6.003741255031E1,                  523P   6880
7.158337659834E1,1.345505047235E0,6.007645859874E1,                  523P   6881
7.157766434835E1,1.348217723196E0,6.011582371485E1,                  523P   6882
7.157187722788E1,1.350737172335E0,6.015550801931E1,                  523P   6883
7.15660152173E1,1.353063382273E0,5.760226941231E1,                   523P   6884
7.143585569052E1,-8.56214489392E-1,5.739090111005E1,                 523P   6885
7.150268514486E1,-8.348714231152E-1,5.719634358942E1,                523P   6886
7.156590272189E1,-8.125100302051E-1,5.701891346385E1,                523P   6887
7.162542028878E1,-7.892713311935E-1,5.678381691444E1,                523P   6888
7.170720694802E1,-7.545476951681E-1,5.658882233451E1,                523P   6889
7.177883332874E1,-7.210965321385E-1,5.653012838346E1,                523P   6890
7.180081989063E1,-7.10526098081E-1,5.642521952704E1,                 523P   6891
7.18408715193E1,-6.908438029258E-1,5.633486927015E1,                 523P   6892
7.187665018413E1,-6.723313937044E-1,5.629474843322E1,                523P   6893
7.189280513143E1,-6.636381268445E-1,5.625063241452E1,                523P   6894
7.191090152513E1,-6.537585964192E-1,5.621083981997E1,                523P   6895
7.192709141415E1,-6.415460639957E-1,5.62048075261E1,                 523P   6896
7.192954039022E1,-6.395994873589E-1,5.619302443527E1,                523P   6897
7.193430915742E1,-6.355851241327E-1,5.618165926574E1,                523P   6898
7.193887454154E1,-6.31274537628E-1,5.617611445469E1,                 523P   6899
7.194109204904E1,-6.290563084397E-1,5.614873781392E1,                523P   6900
7.19519913691E1,-6.175451163207E-1,5.61239272059E1,                  523P   6901
7.196162035951E1,-6.043557756056E-1,5.610559466349E1,                523P   6902
7.196859800761E1,-5.931499467472E-1,5.607386238931E1,                523P   6903
7.198035173786E1,-5.703364343667E-1,5.604820486105E1,                523P   6904
7.198914699595E1,-5.445770451813E-1,5.603750279104E1,                523P   6905
7.199261326945E1,-5.317453406201E-1,5.602049850151E1,                523P   6906
7.199765375373E1,-5.066420773896E-1,5.600927297483E1,                523P   6907
7.199998689335E1,-4.800589668257E-1,5.600537936238E1,                523P   6908
7.200045175113E1,-4.67536875294E-1,5.600143226783E1,                 523P   6909
7.200035814078E1,-4.488827060148E-1,5.600009809672E1,                523P   6910
7.199904808535E1,-4.305261247918E-1,5.599993254899E1,                523P   6911
7.199848750961E1,-4.245923005406E-1,5.59996993682E1,                 523P   6912
7.199679752507E1,-4.069855981654E-1,5.600026420734E1,                523P   6913
7.199508065936E1,-3.898841967898E-1,5.600103475351E1,                523P   6914
7.199391958769E1,-3.785154853048E-1,5.600806283208E1,                523P   6915
7.198687878514E1,-3.109589568163E-1,5.602838159662E1,                523P   6916
7.198046936936E1,-2.444132022698E-1,5.605400906181E1,                523P   6917
7.197685143999E1,-1.916327033803E-1,5.612134216592E1,                523P   6918
7.1976146079E1,-8.509949176214E-2,5.621933801846E1,                  523P   6919
7.198325473534E1,1.875012010947E-2,5.628117010488E1,                 523P   6920
7.198805653468E1,7.769703693356E-2,5.639502741905E1,                 523P   6921
7.198863521588E1,1.768235567188E-1,5.653974677926E1,                 523P   6922
7.198347481115E1,2.821352334061E-1,5.659082612061E1,                 523P   6923
7.198113865889E1,3.174769744085E-1,5.670122716954E1,                 523P   6924
7.197484306183E1,3.889981355726E-1,5.682722637963E1,                 523P   6925
7.196519932875E1,4.610780941409E-1,5.689467640657E1,                 523P   6926
7.195948389306E1,4.972049229506E-1,5.70278989551E1,                  523P   6927
7.194768595401E1,5.656210470003E-1,5.717491974632E1,                 523P   6928
7.193317818245E1,6.331985938228E-1,5.724630331343E1,                 523P   6929
7.192590605757E1,6.645440297994E-1,5.73960600215E1,                  523P   6930
7.191018846643E1,7.271456741042E-1,5.755747080861E1,                 523P   6931
7.189258211346E1,7.889201737873E-1,5.764172519164E1,                 523P   6932
7.188326386846E1,8.198242828584E-1,5.781930429463E1,                 523P   6933
7.186337976275E1,8.821832877897E-1,5.800912841662E1,                 523P   6934
7.184165800022E1,9.433313547016E-1,5.810888047677E1,                 523P   6935
7.183012177831E1,9.740955089244E-1,5.829766779534E1,                 523P   6936
7.180807078148E1,1.02983532175E0,5.849791851725E1,                   523P   6937
7.178416870529E1,1.084032016819E0,5.85913677735E1,                   523P   6938
7.177289507938E1,1.108281700014E0,5.876015737129E1,                  523P   6939
7.175226448495E1,1.150019456377E0,5.893742108741E1,                  523P   6940
7.173000299902E1,1.189484817351E0,5.901546165087E1,                  523P   6941
7.172007815408E1,1.205972166374E0,5.914489992029E1,                  523P   6942
7.170338490592E1,1.23166318829E0,5.927899754291E1,                   523P   6943
7.168567590029E1,1.255277896114E0,5.933117484713E1,                  523P   6944
7.16787220908E1,1.26400569994E0,5.941047131143E1,                    523P   6945
7.166805498881E1,1.276540917486E0,5.949139412832E1,                  523P   6946
7.165701634525E1,1.288198952281E0,5.951852303034E1,                  523P   6947
7.165329876049E1,1.291980892164E0,5.957177651939E1,                  523P   6948
7.164596782601E1,1.299154752871E0,5.962572832446E1,                  523P   6949
7.163847517882E1,1.305929944728E0,5.965217690913E1,                  523P   6950
7.163478652019E1,1.30913397752E0,5.969767404555E1,                   523P   6951
7.162841452501E1,1.31444356115E0,5.974366157561E1,                   523P   6952
7.162192808095E1,1.319463651528E0,5.976283106837E1,                  523P   6953
7.161921642096E1,1.321496719428E0,5.981306014448E1,                  523P   6954
7.161209069618E1,1.326668389482E0,5.986386768929E1,                  523P   6955
7.160482955584E1,1.331493901931E0,5.989541977052E1,                  523P   6956
7.160030012578E1,1.334336920269E0,5.996528611521E1,                  523P   6957
7.159022631077E1,1.34029515602E0,6.003622304519E1,                   523P   6958
7.157990138017E1,1.345606662638E0,6.007521876325E1,                  523P   6959
7.157419712379E1,1.348309795532E0,6.011453356942E1,                  523P   6960
7.156841800606E1,1.350819870765E0,6.015416757999E1,                  523P   6961
7.156256400347E1,1.353136816476E0,5.760162241715E1,                  523P   6962
7.14357034761E1,-8.561532689221E-1,5.739027974029E1,                 523P   6963
7.150253366506E1,-8.34810855524E-1,5.719574837556E1,                 523P   6964
7.156575181693E1,-8.124502757933E-1,5.701834576669E1,                523P   6965
7.16252695461E1,-7.89212807699E-1,5.678329239026E1,                  523P   6966
7.170705537684E1,-7.544917374775E-1,5.658834497101E1,                523P   6967
7.177867962051E1,-7.210443465637E-1,5.652966660285E1,                523P   6968
7.180066535251E1,-7.104750471351E-1,5.642478823422E1,                523P   6969
7.184071542439E1,-6.907958657827E-1,5.63344698954E1,                 523P   6970
7.187649189085E1,-6.722841561056E-1,5.629436415108E1,                523P   6971
7.189264614805E1,-6.635923025628E-1,5.625026738429E1,                523P   6972
7.191074030186E1,-6.537080123293E-1,5.62104950009E1,                 523P   6973
7.192692705368E1,-6.414877201281E-1,5.620446584166E1,                523P   6974
7.19293755293E1,-6.395398956907E-1,5.619268899125E1,                 523P   6975
7.19341432949E1,-6.355230513534E-1,5.61813300553E1,                  523P   6976
7.193870768558E1,-6.312100571853E-1,5.617578833097E1,                523P   6977
7.194092471025E1,-6.289906811048E-1,5.614842719891E1,                523P   6978
7.19518216126E1,-6.174737682253E-1,5.61236318785E1,                  523P   6979
7.196144834551E1,-6.042792904281E-1,5.610531154791E1,                523P   6980
7.196842411618E1,-5.930689983659E-1,5.607360150388E1,                523P   6981
7.198017490587E1,-5.702488146271E-1,5.604796576692E1,                523P   6982
7.198896726574E1,-5.44482463475E-1,5.603727403313E1,                 523P   6983
7.199243206874E1,-5.316472572235E-1,5.60202895958E1,                 523P   6984
7.199746936229E1,-5.065371135146E-1,5.600908548688E1,                523P   6985
7.19997983097E1,-4.79947734469E-1,5.600520174518E1,                  523P   6986
7.200026130861E1,-4.674230908873E-1,5.600127067843E1,                523P   6987
7.200016410166E1,-4.487657767712E-1,5.599995072475E1,                523P   6988
7.19988516937E1,-4.304070369112E-1,5.599978894735E1,                 523P   6989
7.199829093691E1,-4.244726669626E-1,5.599956499315E1,                523P   6990
7.199660176978E1,-4.068643637396E-1,5.600013641576E1,                523P   6991
7.199488742196E1,-3.897603936772E-1,5.600091186557E1,                523P   6992
7.199372760344E1,-3.783898268702E-1,5.600797031879E1,                523P   6993
7.198669357513E1,-3.108162249586E-1,5.602831837904E1,                523P   6994
7.198028894308E1,-2.442563034267E-1,5.605397072744E1,                523P   6995
7.19766732885E1,-1.91465158274E-1,5.612134677471E1,                  523P   6996
7.197597662436E1,-8.49245953346E-2,5.621937797812E1,                 523P   6997
7.198308996888E1,1.892135218978E-2,5.628122536834E1,                 523P   6998
7.198789423706E1,7.786527826326E-2,5.639510455173E1,                 523P   6999
7.198847371946E1,1.769827379879E-1,5.653984051476E1,                 523P   7000
7.198331233211E1,2.822839268334E-1,5.659092476008E1,                 523P   7001
7.198097569412E1,3.176220941759E-1,5.670133478553E1,                 523P   7002
7.197467835131E1,3.891336153954E-1,5.68273399161E1,                  523P   7003
7.196503281825E1,4.612032991721E-1,5.689479173016E1,                 523P   7004
7.195931680718E1,4.973252569714E-1,5.70280159977E1,                  523P   7005
7.194751798541E1,5.657320922103E-1,5.71750354233E1,                  523P   7006
7.193300976945E1,6.333000803239E-1,5.724641777928E1,                 523P   7007
7.192573742708E1,6.646407073251E-1,5.739617038009E1,                 523P   7008
7.191001989653E1,7.272333817872E-1,5.755757448443E1,                 523P   7009
7.189241396237E1,7.889988075065E-1,5.764182480275E1,                 523P   7010
7.188309608612E1,8.198985389604E-1,5.781939447701E1,                 523P   7011
7.186321290356E1,8.822487371095E-1,5.800920686614E1,                 523P   7012
7.184149244293E1,9.433884655059E-1,5.810895246301E1,                 523P   7013
7.18299569608E1,9.741484825783E-1,5.829772714003E1,                  523P   7014
7.180790746158E1,1.029880986333E0,5.849796415144E1,                  523P   7015
7.178400708647E1,1.084070740056E0,5.85914070109E1,                   523P   7016
7.177273426721E1,1.108317330783E0,5.876018514904E1,                  523P   7017
7.175210514074E1,1.150049715643E0,5.893743709437E1,                  523P   7018
7.172984521067E1,1.189509882988E0,5.901547253787E1,                  523P   7019
7.171992105196E1,1.205995029912E0,5.914490243387E1,                  523P   7020
7.17032289474E1,1.231682605192E0,5.92789915923E1,                    523P   7021
7.168552113747E1,1.255294150737E0,5.933116563535E1,                  523P   7022
7.167856779498E1,1.264020790202E0,5.941045719453E1,                  523P   7023
7.166790140525E1,1.276554347529E0,5.949137508688E1,                  523P   7024
7.165686349108E1,1.288210855176E0,5.95185023471E1,                   523P   7025
7.165314615106E1,1.291992301657E0,5.957175263155E1,                  523P   7026
7.164581569729E1,1.299165230387E0,5.962570122659E1,                  523P   7027
7.163832353715E1,1.305939547172E0,5.965214824647E1,                  523P   7028
7.163463511719E1,1.309143166824E0,5.969764270653E1,                  523P   7029
7.162826353228E1,1.314452066577E0,5.97436275583E1,                   523P   7030
7.162177750202E1,1.319471509174E0,5.976279593931E1,                  523P   7031
7.161906601433E1,1.321504314251E0,5.98130221147E1,                   523P   7032
7.161194074037E1,1.326675313473E0,5.986382675808E1,                  523P   7033
7.160468005404E1,1.331500191038E0,5.989537705004E1,                  523P   7034
7.1600150905E1,1.334342830366E0,5.996523946079E1,                    523P   7035
7.15900777098E1,1.340300257026E0,6.003617245859E1,                   523P   7036
7.157975340224E1,1.345610998776E0,6.007516603363E1,                  523P   7037
7.157404948621E1,1.348313725222E0,6.011447869768E1,                  523P   7038
7.156827070922E1,1.350823401227E0,6.015411056679E1,                  523P   7039
7.156241704759E1,1.353139952395E0,5.76009754352E1,                   523P   7040
7.143555123691E1,-8.560920449413E-1,5.738965838527E1,                523P   7041
7.150238216002E1,-8.347502847791E-1,5.719515317884E1,                523P   7042
7.156560088604E1,-8.123905188156E-1,5.701777809108E1,                523P   7043
7.162511877592E1,-7.891542819545E-1,5.678276789492E1,                523P   7044
7.170690377601E1,-7.544357795865E-1,5.658786764554E1,                523P   7045
7.177852587987E1,-7.209921597826E-1,5.652920486311E1,                523P   7046
7.180051078137E1,-7.104239958522E-1,5.642435698878E1,                523P   7047
7.184055929413E1,-6.907479232138E-1,5.633407057519E1,                523P   7048
7.187633355937E1,-6.722369055277E-1,5.629397992823E1,                523P   7049
7.189248712345E1,-6.635464529451E-1,5.624990242358E1,                523P   7050
7.191057902992E1,-6.536573804178E-1,5.621015025411E1,                523P   7051
7.192676264443E1,-6.414293332098E-1,5.620412423003E1,                523P   7052
7.192921061948E1,-6.39480261281E-1,5.619235362109E1,                 523P   7053
7.193397738322E1,-6.354609363368E-1,5.618100091964E1,                523P   7054
7.193854078032E1,-6.311455351594E-1,5.617546228245E1,                523P   7055
7.194075732211E1,-6.289250126605E-1,5.614811666227E1,                523P   7056
7.195165180549E1,-6.174023767511E-1,5.612333663313E1,                523P   7057
7.196127627928E1,-6.042027592542E-1,5.610502851536E1,                523P   7058
7.196825017309E1,-5.929880065762E-1,5.607334070837E1,                523P   7059
7.197999801873E1,-5.701611427111E-1,5.604772676837E1,                523P   7060
7.198878747854E1,-5.443878289884E-1,5.60370453757E1,                 523P   7061
7.199225080847E1,-5.315491189933E-1,5.602008079623E1,                523P   7062
7.19972849095E1,-5.064320938311E-1,5.600889811989E1,                 523P   7063
7.19996096561E1,-4.798364468664E-1,5.600502424768E1,                 523P   7064
7.200007079854E1,-4.673092530626E-1,5.600110923184E1,                523P   7065
7.199996998004E1,-4.486487968762E-1,5.599980349621E1,                523P   7066
7.199865521984E1,-4.302879071392E-1,5.599964548055E1,                523P   7067
7.199809428885E1,-4.243529933165E-1,5.599943074303E1,                523P   7068
7.199640594753E1,-4.067430924858E-1,5.600000874685E1,                523P   7069
7.199469412138E1,-3.896365526851E-1,5.60007890917E1,                 523P   7070
7.199353556289E1,-3.782641305302E-1,5.6007877897E1,                  523P   7071
7.198650833076E1,-3.106734510045E-1,5.602825525841E1,                523P   7072
7.198010848342E1,-2.44099348046E-1,5.60539324868E1,                  523P   7073
7.197649510905E1,-1.912975535401E-1,5.612135147576E1,                523P   7074
7.197580714847E1,-8.474963712502E-2,5.621941803008E1,                523P   7075
7.198292518404E1,1.90926415934E-2,5.628128072687E1,                  523P   7076
7.198773192027E1,7.803358055367E-2,5.639518177874E1,                 523P   7077
7.198831220673E1,1.771419699016E-1,5.653993434652E1,                 523P   7078
7.198314983691E1,2.824326696798E-1,5.659102349589E1,                 523P   7079
7.198081271299E1,3.17767259412E-1,5.670144249896E1,                  523P   7080
7.197451362396E1,3.892691387333E-1,5.68274535489E1,                  523P   7081
7.196486629076E1,4.613285417175E-1,5.68949071496E1,                  523P   7082
7.195914970454E1,4.974456285609E-1,5.7028133135E1,                   523P   7083
7.194734999961E1,5.658431692823E-1,5.717515119196E1,                 523P   7084
7.193284134039E1,6.334015978619E-1,5.724653233545E1,                 523P   7085
7.192556878078E1,6.647374143824E-1,5.739628082647E1,                 523P   7086
7.190985131126E1,7.273211163232E-1,5.755767824484E1,                 523P   7087
7.189224579671E1,7.890774662252E-1,5.764192449703E1,                 523P   7088
7.188292828943E1,8.199728187634E-1,5.781948473912E1,                 523P   7089
7.186304603076E1,8.823142082902E-1,5.800928539218E1,                 523P   7090
7.184132687262E1,9.434455962743E-1,5.810902452416E1,                 523P   7091
7.182979213062E1,9.742014754617E-1,5.829778655693E1,                 523P   7092
7.180774412952E1,1.029926668508E0,5.849800985536E1,                  523P   7093
7.17838454559E1,1.084109479382E0,5.859144631697E1,                   523P   7094
7.177257344348E1,1.108352976975E0,5.876021299368E1,                  523P   7095
7.175194578524E1,1.150079989199E0,5.893745316663E1,                  523P   7096
7.172968741129E1,1.189534962083E0,5.901548348948E1,                  523P   7097
7.17197639389E1,1.206017906569E0,5.914490501108E1,                   523P   7098
7.170307297811E1,1.231702034819E0,5.927898570446E1,                  523P   7099
7.168536636402E1,1.255310417713E0,5.933115648603E1,                  523P   7100
7.167841348857E1,1.264035892681E0,5.941044313966E1,                  523P   7101
7.166774781116E1,1.27656778953E0,5.949135610708E1,                   523P   7102
7.165671062642E1,1.288222769769E0,5.951848172538E1,                  523P   7103
7.165299353116E1,1.29200372275E0,5.9571728805E1,                     523P   7104
7.164566355812E1,1.299175719311E0,5.962567418981E1,                  523P   7105
7.163817188505E1,1.305949160805E0,5.965211964481E1,                  523P   7106
7.163448370377E1,1.309152367211E0,5.969761142835E1,                  523P   7107
7.162811252913E1,1.314460582918E0,5.974359360169E1,                  523P   7108
7.162162691268E1,1.319479377537E0,5.976276087089E1,                  523P   7109
7.161891559729E1,1.321511919703E0,5.981298414544E1,                  523P   7110
7.161179077417E1,1.326682247884E0,5.986378588725E1,                  523P   7111
7.160453054185E1,1.331506490365E0,5.989533438988E1,                  523P   7112
7.160000167383E1,1.334348750551E0,5.996519286655E1,                  523P   7113
7.158992909845E1,1.340305367844E0,6.003612193206E1,                  523P   7114
7.157960541393E1,1.345615344481E0,6.007511336403E1,                  523P   7115
7.157390183824E1,1.348317664355E0,6.011442388588E1,                  523P   7116
7.1568123402E1,1.350826941025E0,6.015405361351E1,                    523P   7117
7.156227008133E1,1.353143097558E0,5.760032846649E1,                  523P   7118
7.143539897294E1,-8.560308174509E-1,5.738903704501E1,                523P   7119
7.150223062976E1,-8.346897108807E-1,5.719455799926E1,                523P   7120
7.156544992923E1,-8.123307592733E-1,5.701721043703E1,                523P   7121
7.162496797824E1,-7.890957539589E-1,5.678224342843E1,                523P   7122
7.170675214553E1,-7.543798214978E-1,5.658739035808E1,                523P   7123
7.177837210681E1,-7.209399717853E-1,5.652874316424E1,                523P   7124
7.180035617723E1,-7.10372944233E-1,5.642392579073E1,                 523P   7125
7.18404031285E1,-6.906999751613E-1,5.63336713095E1,                  523P   7126
7.187617518971E1,-6.721896419616E-1,5.629359576475E1,                523P   7127
7.189232805758E1,-6.635005777711E-1,5.624953753233E1,                523P   7128
7.191041770936E1,-6.536067009174E-1,5.620980557958E1,                523P   7129
7.19265981864E1,-6.413709032827E-1,5.620378269119E1,                 523P   7130
7.192904566076E1,-6.394205841652E-1,5.619201832478E1,                523P   7131
7.193381142239E1,-6.353987791137E-1,5.618067185878E1,                523P   7132
7.193837382574E1,-6.310809715656E-1,5.617513630913E1,                523P   7133
7.194058988462E1,-6.288593030846E-1,5.614780620399E1,                523P   7134
7.195148194779E1,-6.173309419694E-1,5.612304146981E1,                523P   7135
7.196110416081E1,-6.041261820423E-1,5.610474556584E1,                523P   7136
7.196807617834E1,-5.929069713701E-1,5.607308000277E1,                523P   7137
7.197982107644E1,-5.70073418645E-1,5.604748786542E1,                 523P   7138
7.198860763434E1,-5.442931417016E-1,5.60368168188E1,                 523P   7139
7.199206948862E1,-5.314509259264E-1,5.601987210287E1,                523P   7140
7.199710039531E1,-5.063270183575E-1,5.600871087388E1,                523P   7141
7.199942093255E1,-4.797251040732E-1,5.600484686998E1,                523P   7142
7.199988022087E1,-4.671953618744E-1,5.600094792812E1,                523P   7143
7.199977577589E1,-4.485317663843E-1,5.599965641053E1,                523P   7144
7.199845866417E1,-4.301687355016E-1,5.599950214818E1,                523P   7145
7.199789756574E1,-4.242332795667E-1,5.599929661801E1,                523P   7146
7.19962100582E1,-4.0662178421E-1,5.599988120076E1,                   523P   7147
7.199450075751E1,-3.895126737992E-1,5.600066643202E1,                523P   7148
7.199334346594E1,-3.781383961822E-1,5.600778556665E1,                523P   7149
7.198632305205E1,-3.105306351355E-1,5.602819223478E1,                523P   7150
7.197992799035E1,-2.43942335973E-1,5.605389433988E1,                 523P   7151
7.197631690167E1,-1.911298892627E-1,5.612135626908E1,                523P   7152
7.197563765132E1,-8.457461706791E-2,5.621945817434E1,                523P   7153
7.198276038084E1,1.926398828941E-2,5.628133618049E1,                 523P   7154
7.198756958428E1,7.820194380872E-2,5.639525910008E1,                 523P   7155
7.19881506777E1,1.773012524616E-1,5.654002827453E1,                  523P   7156
7.198298732555E1,2.825814619432E-1,5.659112232804E1,                 523P   7157
7.198064971549E1,3.179124701143E-1,5.670155030983E1,                 523P   7158
7.197434887979E1,3.894047055821E-1,5.682756727803E1,                 523P   7159
7.196469974626E1,4.614538217873E-1,5.689502266491E1,                 523P   7160
7.195898258513E1,4.975660377067E-1,5.702825036701E1,                 523P   7161
7.194718199662E1,5.659542782346E-1,5.71752670523E1,                  523P   7162
7.193267289527E1,6.335031464269E-1,5.724664698196E1,                 523P   7163
7.192540011866E1,6.648341509756E-1,5.739639136063E1,                 523P   7164
7.190968271062E1,7.274088777102E-1,5.755778208985E1,                 523P   7165
7.189207761648E1,7.891561499444E-1,5.764202427449E1,                 523P   7166
7.188276047839E1,8.200471222681E-1,5.781957508094E1,                 523P   7167
7.186287914435E1,8.823797013322E-1,5.800936399473E1,                 523P   7168
7.18411612893E1,9.435027470073E-1,5.810909666021E1,                  523P   7169
7.182962728778E1,9.742544875744E-1,5.829784604604E1,                 523P   7170
7.180758078528E1,1.029972368277E0,5.8498055629E1,                    523P   7171
7.17836838136E1,1.084148234798E0,5.85914856917E1,                    523P   7172
7.177241260818E1,1.108388638589E0,5.876024090519E1,                  523P   7173
7.175178641846E1,1.150110277045E0,5.893746930418E1,                  523P   7174
7.172952960088E1,1.189560054636E0,5.901549450571E1,                  523P   7175
7.171960681493E1,1.206040796346E0,5.914490765192E1,                  523P   7176
7.170291699806E1,1.231721477171E0,5.927897987939E1,                  523P   7177
7.168521157993E1,1.25532669704E0,5.933114739917E1,                   523P   7178
7.167825917156E1,1.264051007378E0,5.941042914682E1,                  523P   7179
7.166759420653E1,1.276581243489E0,5.949133718893E1,                  523P   7180
7.165655775127E1,1.28823469606E0,5.951846116519E1,                   523P   7181
7.165284090078E1,1.292015155442E0,5.957170503976E1,                  523P   7182
7.164551140849E1,1.299186219642E0,5.962564721412E1,                  523P   7183
7.163802022252E1,1.305958785625E0,5.965209110414E1,                  523P   7184
7.163433227992E1,1.309161578682E0,5.969758021101E1,                  523P   7185
7.162796151557E1,1.314469110174E0,5.974355970578E1,                  523P   7186
7.162147631294E1,1.319487256617E0,5.976272586313E1,                  523P   7187
7.161876516985E1,1.321519535783E0,5.981294623668E1,                  523P   7188
7.161164079757E1,1.326689192713E0,5.986374507681E1,                  523P   7189
7.160438101928E1,1.331512799913E0,5.989529179003E1,                  523P   7190
7.159985243227E1,1.334354680824E0,5.996514633247E1,                  523P   7191
7.158978047672E1,1.340310488476E0,6.003607146558E1,                  523P   7192
7.157945741523E1,1.345619699755E0,6.007506075442E1,                  523P   7193
7.15737541799E1,1.348321612935E0,6.011436913405E1,                   523P   7194
7.156797608439E1,1.350830490163E0,6.015399672015E1,                  523P   7195
7.156212310469E1,1.35314625197E0,0E0,1.714963645427E1,0E0,           523P   7196
9.508541695799E0;                                                    523P   7197
508,5,                                                               525P   7198
0,407,36,1,0,0,407,63,1,0,                                           525P   7199
0,407,64,0,0,0,407,65,0,0,                                           525P   7200
0,407,40,1,0;                                                        525P   7201
510,523,1,1,525,                                                     527P   7202
0,1,521;                                                             527P   7203
406,1,4HWING;                                                        529P   7204
128,31,5,5,5,0,0,1,0,0,0E0,0E0,0E0,0E0,0E0,0E0,1.487706117515E0,     531P   7205
2.97541223503E0,4.463118352544E0,5.950824470059E0,                   531P   7206
7.438530587573E0,8.926236705087E0,8.926236705087E0,                  531P   7207
1.04139428226E1,1.04139428226E1,1.190164894012E1,                    531P   7208
1.338935505763E1,1.338935505763E1,1.487706117514E1,                  531P   7209
1.636476729266E1,1.785247341017E1,1.785247341017E1,                  531P   7210
1.934017952769E1,2.08278856452E1,2.231559176272E1,                   531P   7211
2.380329788023E1,2.380329788023E1,2.529100399774E1,                  531P   7212
2.60348570565E1,2.677871011526E1,2.677871011526E1,                   531P   7213
2.901026929153E1,2.95445342371E1,2.95445342371E1,                    531P   7214
2.95445342371E1,2.95445342371E1,2.95445342371E1,2.95445342371E1,     531P   7215
4.518559841126E0,4.518559841126E0,4.518559841126E0,                  531P   7216
4.518559841126E0,4.518559841126E0,4.518559841126E0,                  531P   7217
9.488975756023E1,9.488975756023E1,9.488975756023E1,                  531P   7218
9.488975756023E1,9.488975756023E1,9.488975756023E1,1E0,1E0,1E0,      531P   7219
1E0,1E0,1E0,1E0,1E0,1E0,1E0,1E0,1E0,1E0,1E0,1E0,1E0,1E0,1E0,1E0,     531P   7220
1E0,1E0,1E0,1E0,1E0,1E0,1E0,1E0,1E0,1E0,1E0,1E0,1E0,1E0,1E0,1E0,     531P   7221
1E0,1E0,1E0,1E0,1E0,1E0,1E0,1E0,1E0,1E0,1E0,1E0,1E0,1E0,1E0,1E0,     531P   7222
1E0,1E0,1E0,1E0,1E0,1E0,1E0,1E0,1E0,1E0,1E0,1E0,1E0,1E0,1E0,1E0,     531P   7223
1E0,1E0,1E0,1E0,1E0,1E0,1E0,1E0,1E0,1E0,1E0,1E0,1E0,1E0,1E0,1E0,     531P   7224
1E0,1E0,1E0,1E0,1E0,1E0,1E0,1E0,1E0,1E0,1E0,1E0,1E0,1E0,1E0,1E0,     531P   7225
1E0,1E0,1E0,1E0,1E0,1E0,1E0,1E0,1E0,1E0,1E0,1E0,1E0,1E0,1E0,1E0,     531P   7226
1E0,1E0,1E0,1E0,1E0,1E0,1E0,1E0,1E0,1E0,1E0,1E0,1E0,1E0,1E0,1E0,     531P   7227
1E0,1E0,1E0,1E0,1E0,1E0,1E0,1E0,1E0,1E0,1E0,1E0,1E0,1E0,1E0,1E0,     531P   7228
1E0,1E0,1E0,1E0,1E0,1E0,1E0,1E0,1E0,1E0,1E0,1E0,1E0,1E0,1E0,1E0,     531P   7229
1E0,1E0,1E0,1E0,1E0,1E0,1E0,1E0,1E0,1E0,1E0,1E0,1E0,1E0,1E0,1E0,     531P   7230
1E0,1E0,1E0,1E0,1E0,1E0,1E0,1E0,1E0,1E0,1E0,1E0,1E0,                 531P   7231
3.000067473754E1,-3.601108912378E-12,1.835998960842E-2,              531P   7232
2.988591684681E1,-3.603626583489E-12,6.639558540963E-2,              531P   7233
2.968226354342E1,-3.558867985961E-12,1.448921811104E-1,              531P   7234
2.940249690867E1,-3.724334926198E-12,2.36092907471E-1,               531P   7235
2.893456300742E1,-3.604745548427E-12,3.630934837794E-1,              531P   7236
2.803108528268E1,-3.675799822003E-12,5.3820608884E-1,                531P   7237
2.691471919111E1,-3.679436458052E-12,7.090623638193E-1,              531P   7238
2.596558204687E1,-3.668666420522E-12,8.390384664441E-1,              531P   7239
2.501752298251E1,-3.629922259537E-12,9.658324570514E-1,              531P   7240
2.428980231082E1,-3.70265498052E-12,1.058670211282E0,                531P   7241
2.353018462159E1,-3.674261245213E-12,1.151139024915E0,               531P   7242
2.272865129589E1,-3.713145276816E-12,1.24289365744E0,                531P   7243
2.186262676189E1,-3.704053686693E-12,1.329727749295E0,               531P   7244
2.096463003212E1,-3.732867033851E-12,1.408781897435E0,               531P   7245
1.978212897574E1,-3.677758010645E-12,1.4918833814E0,                 531P   7246
1.866612169409E1,-3.742657977061E-12,1.552227977654E0,               531P   7247
1.786682120406E1,-3.693283649162E-12,1.585146248179E0,               531P   7248
1.676316709235E1,-3.709089028915E-12,1.61890515868E0,                531P   7249
1.562941829597E1,-3.712306053112E-12,1.642249680582E0,               531P   7250
1.448145443828E1,-3.687548953854E-12,1.655309315676E0,               531P   7251
1.332750683122E1,-3.76475753459E-12,1.658357782776E0,                531P   7252
1.2150655231E1,-3.731748068913E-12,1.647448756915E0,                 531P   7253
1.098060092997E1,-3.741119400271E-12,1.625056187912E0,               531P   7254
9.983733471173E0,-3.712585794347E-12,1.595913887958E0,               531P   7255
9.156837354847E0,-3.744196553851E-12,1.564533834609E0,               531P   7256
8.624433148234E0,-3.72265647879E-12,1.540565601075E0,                531P   7257
7.718071500374E0,-3.724334926198E-12,1.493339506213E0,               531P   7258
7.00965839752E0,-3.75091034348E-12,1.449751346767E0,                 531P   7259
6.462486259598E0,-3.692444425459E-12,1.411337790453E0,               531P   7260
6.029763546462E0,-3.723076090642E-12,1.377908342173E0,               531P   7261
5.602807688355E0,-3.714264241754E-12,1.3415085867E0,                 531P   7262
5.520620554274E0,-3.710767476322E-12,1.334370987956E0,               531P   7263
4.092395862899E1,1.440000014285E1,1.835998960842E-2,                 531P   7264
4.080920073826E1,1.440000014285E1,6.639558540963E-2,                 531P   7265
4.060554743487E1,1.440000014285E1,1.448921811104E-1,                 531P   7266
4.032578080012E1,1.440000014285E1,2.36092907471E-1,                  531P   7267
3.985784689888E1,1.440000014285E1,3.630934837794E-1,                 531P   7268
3.895436917413E1,1.440000014285E1,5.3820608884E-1,                   531P   7269
3.783800308256E1,1.440000014285E1,7.090623638193E-1,                 531P   7270
3.688886593833E1,1.440000014285E1,8.390384664441E-1,                 531P   7271
3.594080687397E1,1.440000014285E1,9.658324570514E-1,                 531P   7272
3.521308620227E1,1.440000014285E1,1.058670211282E0,                  531P   7273
3.445346851305E1,1.440000014285E1,1.151139024915E0,                  531P   7274
3.365193518735E1,1.440000014285E1,1.24289365744E0,                   531P   7275
3.278591065335E1,1.440000014285E1,1.329727749295E0,                  531P   7276
3.188791392358E1,1.440000014285E1,1.408781897435E0,                  531P   7277
3.07054128672E1,1.440000014285E1,1.4918833814E0,                     531P   7278
2.958940558554E1,1.440000014285E1,1.552227977654E0,                  531P   7279
2.879010509551E1,1.440000014285E1,1.585146248179E0,                  531P   7280
2.76864509838E1,1.440000014285E1,1.61890515868E0,                    531P   7281
2.655270218743E1,1.440000014285E1,1.642249680582E0,                  531P   7282
2.540473832974E1,1.440000014285E1,1.655309315676E0,                  531P   7283
2.425079072267E1,1.440000014285E1,1.658357782776E0,                  531P   7284
2.307393912246E1,1.440000014285E1,1.647448756915E0,                  531P   7285
2.190388482142E1,1.440000014285E1,1.625056187912E0,                  531P   7286
2.090701736263E1,1.440000014285E1,1.595913887958E0,                  531P   7287
2.00801212463E1,1.440000014285E1,1.564533834609E0,                   531P   7288
1.954771703969E1,1.440000014285E1,1.540565601075E0,                  531P   7289
1.864135539183E1,1.440000014285E1,1.493339506213E0,                  531P   7290
1.793294228898E1,1.440000014285E1,1.449751346767E0,                  531P   7291
1.738577015105E1,1.440000014285E1,1.411337790453E0,                  531P   7292
1.695304743792E1,1.440000014285E1,1.377908342173E0,                  531P   7293
1.652609157981E1,1.440000014285E1,1.3415085867E0,                    531P   7294
1.644390444573E1,1.440000014285E1,1.334370987956E0,                  531P   7295
5.184724252045E1,2.88000002857E1,1.835998960842E-2,                  531P   7296
5.173248462972E1,2.88000002857E1,6.639558540963E-2,                  531P   7297
5.152883132633E1,2.88000002857E1,1.448921811104E-1,                  531P   7298
5.124906469158E1,2.88000002857E1,2.36092907471E-1,                   531P   7299
5.078113079033E1,2.88000002857E1,3.630934837794E-1,                  531P   7300
4.987765306559E1,2.88000002857E1,5.3820608884E-1,                    531P   7301
4.876128697402E1,2.880000028569E1,7.090623638193E-1,                 531P   7302
4.781214982978E1,2.880000028569E1,8.390384664441E-1,                 531P   7303
4.686409076542E1,2.880000028569E1,9.658324570514E-1,                 531P   7304
4.613637009373E1,2.880000028569E1,1.058670211282E0,                  531P   7305
4.53767524045E1,2.880000028569E1,1.151139024915E0,                   531P   7306
4.45752190788E1,2.880000028569E1,1.24289365744E0,                    531P   7307
4.370919454481E1,2.880000028569E1,1.329727749295E0,                  531P   7308
4.281119781503E1,2.880000028569E1,1.408781897435E0,                  531P   7309
4.162869675865E1,2.880000028569E1,1.4918833814E0,4.0512689477E1,     531P   7310
2.880000028569E1,1.552227977654E0,3.971338898697E1,                  531P   7311
2.880000028569E1,1.585146248179E0,3.860973487526E1,                  531P   7312
2.880000028569E1,1.61890515868E0,3.747598607889E1,                   531P   7313
2.88000002857E1,1.642249680582E0,3.632802222119E1,                   531P   7314
2.88000002857E1,1.655309315676E0,3.517407461413E1,                   531P   7315
2.88000002857E1,1.658357782776E0,3.399722301391E1,                   531P   7316
2.88000002857E1,1.647448756915E0,3.282716871288E1,                   531P   7317
2.88000002857E1,1.625056187912E0,3.183030125409E1,                   531P   7318
2.880000028569E1,1.595913887958E0,3.100340513776E1,                  531P   7319
2.88000002857E1,1.564533834609E0,3.047100093115E1,                   531P   7320
2.880000028569E1,1.540565601075E0,2.956463928329E1,                  531P   7321
2.88000002857E1,1.493339506213E0,2.885622618043E1,                   531P   7322
2.88000002857E1,1.449751346767E0,2.830905404251E1,                   531P   7323
2.88000002857E1,1.411337790453E0,2.787633132937E1,                   531P   7324
2.88000002857E1,1.377908342173E0,2.744937547127E1,                   531P   7325
2.88000002857E1,1.3415085867E0,2.736718833719E1,2.88000002857E1,     531P   7326
1.334370987956E0,6.277052641191E1,4.320000042855E1,                  531P   7327
1.835998960842E-2,6.265576852118E1,4.320000042855E1,                 531P   7328
6.639558540963E-2,6.245211521779E1,4.320000042855E1,                 531P   7329
1.448921811104E-1,6.217234858303E1,4.320000042855E1,                 531P   7330
2.36092907471E-1,6.170441468179E1,4.320000042854E1,                  531P   7331
3.630934837794E-1,6.080093695705E1,4.320000042854E1,                 531P   7332
5.3820608884E-1,5.968457086548E1,4.320000042854E1,                   531P   7333
7.090623638193E-1,5.873543372124E1,4.320000042854E1,                 531P   7334
8.390384664441E-1,5.778737465688E1,4.320000042854E1,                 531P   7335
9.658324570514E-1,5.705965398519E1,4.320000042854E1,                 531P   7336
1.058670211282E0,5.630003629596E1,4.320000042854E1,                  531P   7337
1.151139024915E0,5.549850297026E1,4.320000042854E1,                  531P   7338
1.24289365744E0,5.463247843626E1,4.320000042854E1,                   531P   7339
1.329727749295E0,5.373448170649E1,4.320000042854E1,                  531P   7340
1.408781897435E0,5.255198065011E1,4.320000042854E1,                  531P   7341
1.4918833814E0,5.143597336846E1,4.320000042854E1,                    531P   7342
1.552227977654E0,5.063667287843E1,4.320000042854E1,                  531P   7343
1.585146248179E0,4.953301876671E1,4.320000042854E1,                  531P   7344
1.61890515868E0,4.839926997034E1,4.320000042854E1,                   531P   7345
1.642249680582E0,4.725130611265E1,4.320000042854E1,                  531P   7346
1.655309315676E0,4.609735850559E1,4.320000042854E1,                  531P   7347
1.658357782776E0,4.492050690537E1,4.320000042854E1,                  531P   7348
1.647448756915E0,4.375045260434E1,4.320000042854E1,                  531P   7349
1.625056187912E0,4.275358514554E1,4.320000042854E1,                  531P   7350
1.595913887958E0,4.192668902922E1,4.320000042854E1,                  531P   7351
1.564533834609E0,4.13942848226E1,4.320000042854E1,                   531P   7352
1.540565601075E0,4.048792317474E1,4.320000042854E1,                  531P   7353
1.493339506213E0,3.977951007189E1,4.320000042854E1,                  531P   7354
1.449751346767E0,3.923233793397E1,4.320000042854E1,                  531P   7355
1.411337790453E0,3.879961522083E1,4.320000042854E1,                  531P   7356
1.377908342173E0,3.837265936272E1,4.320000042854E1,                  531P   7357
1.3415085867E0,3.829047222864E1,4.320000042854E1,                    531P   7358
1.334370987956E0,7.369381030336E1,5.76000005714E1,                   531P   7359
1.835998960842E-2,7.357905241263E1,5.76000005714E1,                  531P   7360
6.639558540963E-2,7.337539910924E1,5.76000005714E1,                  531P   7361
1.448921811104E-1,7.309563247449E1,5.760000057139E1,                 531P   7362
2.36092907471E-1,7.262769857324E1,5.760000057139E1,                  531P   7363
3.630934837794E-1,7.172422084851E1,5.760000057139E1,                 531P   7364
5.3820608884E-1,7.060785475693E1,5.760000057139E1,                   531P   7365
7.090623638193E-1,6.965871761269E1,5.760000057139E1,                 531P   7366
8.390384664441E-1,6.871065854834E1,5.760000057139E1,                 531P   7367
9.658324570514E-1,6.798293787664E1,5.760000057139E1,                 531P   7368
1.058670211282E0,6.722332018742E1,5.760000057139E1,                  531P   7369
1.151139024915E0,6.642178686172E1,5.760000057139E1,                  531P   7370
1.24289365744E0,6.555576232772E1,5.760000057139E1,                   531P   7371
1.329727749295E0,6.465776559794E1,5.760000057139E1,                  531P   7372
1.408781897435E0,6.347526454157E1,5.760000057139E1,                  531P   7373
1.4918833814E0,6.235925725991E1,5.760000057139E1,                    531P   7374
1.552227977654E0,6.155995676988E1,5.760000057139E1,                  531P   7375
1.585146248179E0,6.045630265817E1,5.760000057139E1,                  531P   7376
1.61890515868E0,5.93225538618E1,5.760000057139E1,                    531P   7377
1.642249680582E0,5.817459000411E1,5.76000005714E1,                   531P   7378
1.655309315676E0,5.702064239704E1,5.760000057139E1,                  531P   7379
1.658357782776E0,5.584379079683E1,5.76000005714E1,                   531P   7380
1.647448756915E0,5.46737364958E1,5.76000005714E1,                    531P   7381
1.625056187912E0,5.3676869037E1,5.760000057139E1,                    531P   7382
1.595913887958E0,5.284997292067E1,5.760000057139E1,                  531P   7383
1.564533834609E0,5.231756871406E1,5.760000057139E1,                  531P   7384
1.540565601075E0,5.14112070662E1,5.76000005714E1,                    531P   7385
1.493339506213E0,5.070279396335E1,5.760000057139E1,                  531P   7386
1.449751346767E0,5.015562182542E1,5.76000005714E1,                   531P   7387
1.411337790453E0,4.972289911229E1,5.760000057139E1,                  531P   7388
1.377908342173E0,4.929594325418E1,5.760000057139E1,                  531P   7389
1.3415085867E0,4.92137561201E1,5.760000057139E1,                     531P   7390
1.334370987956E0,8.461709419482E1,7.200000071425E1,                  531P   7391
1.835998960842E-2,8.450233630409E1,7.200000071425E1,                 531P   7392
6.639558540963E-2,8.42986830007E1,7.200000071424E1,                  531P   7393
1.448921811104E-1,8.401891636595E1,7.200000071425E1,                 531P   7394
2.36092907471E-1,8.35509824647E1,7.200000071424E1,                   531P   7395
3.630934837794E-1,8.264750473996E1,7.200000071424E1,                 531P   7396
5.3820608884E-1,8.153113864839E1,7.200000071424E1,                   531P   7397
7.090623638193E-1,8.058200150415E1,7.200000071424E1,                 531P   7398
8.390384664441E-1,7.963394243979E1,7.200000071424E1,                 531P   7399
9.658324570514E-1,7.89062217681E1,7.200000071424E1,                  531P   7400
1.058670211282E0,7.814660407887E1,7.200000071424E1,                  531P   7401
1.151139024915E0,7.734507075317E1,7.200000071424E1,                  531P   7402
1.24289365744E0,7.647904621917E1,7.200000071424E1,                   531P   7403
1.329727749295E0,7.55810494894E1,7.200000071424E1,                   531P   7404
1.408781897435E0,7.439854843302E1,7.200000071424E1,                  531P   7405
1.4918833814E0,7.328254115137E1,7.200000071425E1,                    531P   7406
1.552227977654E0,7.248324066134E1,7.200000071424E1,                  531P   7407
1.585146248179E0,7.137958654962E1,7.200000071425E1,                  531P   7408
1.61890515868E0,7.024583775325E1,7.200000071425E1,                   531P   7409
1.642249680582E0,6.909787389556E1,7.200000071425E1,                  531P   7410
1.655309315676E0,6.79439262885E1,7.200000071425E1,                   531P   7411
1.658357782776E0,6.676707468828E1,7.200000071425E1,                  531P   7412
1.647448756915E0,6.559702038725E1,7.200000071425E1,                  531P   7413
1.625056187912E0,6.460015292845E1,7.200000071424E1,                  531P   7414
1.595913887958E0,6.377325681213E1,7.200000071425E1,                  531P   7415
1.564533834609E0,6.324085260551E1,7.200000071425E1,                  531P   7416
1.540565601075E0,6.233449095766E1,7.200000071425E1,                  531P   7417
1.493339506213E0,6.16260778548E1,7.200000071425E1,                   531P   7418
1.449751346767E0,6.107890571688E1,7.200000071425E1,                  531P   7419
1.411337790453E0,6.064618300374E1,7.200000071425E1,                  531P   7420
1.377908342173E0,6.021922714564E1,7.200000071424E1,                  531P   7421
1.3415085867E0,6.013704001156E1,7.200000071424E1,                    531P   7422
1.334370987956E0,0E0,2.95445342371E1,4.518559841126E0,               531P   7423
9.488975756023E1;                                                    531P   7424
508,9,                                                               533P   7425
0,407,66,1,0,0,407,8,1,0,                                            533P   7426
0,407,67,0,0,0,407,63,0,0,                                           533P   7427
0,407,37,0,0,0,407,68,1,0,                                           533P   7428
0,407,32,1,0,0,407,31,0,0,                                           533P   7429
0,407,24,0,0;                                                        533P   7430
510,531,1,1,533,                                                     535P   7431
0,1,529;                                                             535P   7432
406,1,4HWING;                                                        537P   7433
128,1,1,1,1,0,0,1,0,0,0E0,0E0,4.408285890588E-2,                     539P   7434
4.408285890588E-2,0E0,0E0,5.424522810465E1,5.424522810465E1,1E0,     539P   7435
1E0,1E0,1E0,8.735997869499E1,7.56157260165E1,2.20319875301E-2,       539P   7436
8.735895079457E1,7.561650574205E1,-2.203198753012E-2,                539P   7437
5.45765232745E1,3.239779197496E1,2.20319875302E-2,                   539P   7438
5.457549537408E1,3.239857170051E1,-2.203198753002E-2,0E0,            539P   7439
4.408285890588E-2,0E0,5.424522810465E1;                              539P   7440
508,4,                                                               541P   7441
0,407,33,1,0,0,407,68,0,0,                                           541P   7442
0,407,38,0,0,0,407,39,1,0;                                           541P   7443
510,539,1,1,541,                                                     543P   7444
0,1,537;                                                             543P   7445
406,1,4HWING;                                                        545P   7446
128,37,5,5,5,0,0,1,0,0,3.056209772479E1,3.056209772479E1,            547P   7447
3.056209772479E1,3.056209772479E1,3.056209772479E1,                  547P   7448
3.056209772479E1,3.067109773104E1,3.067109773104E1,                  547P   7449
3.07846943893E1,3.089829104756E1,3.112548436409E1,                   547P   7450
3.123908102235E1,3.123908102235E1,3.135267768062E1,                  547P   7451
3.135267768062E1,3.407899747893E1,3.407899747893E1,                  547P   7452
3.419259413719E1,3.419259413719E1,3.430619079545E1,                  547P   7453
3.430619079545E1,3.476057742851E1,3.476057742851E1,                  547P   7454
3.498777074503E1,3.498777074503E1,3.63509306442E1,                   547P   7455
3.63509306442E1,3.63509306442E1,3.646452730246E1,                    547P   7456
3.646452730246E1,3.652132563159E1,3.652132563159E1,                  547P   7457
3.652132563159E1,3.708930892291E1,3.708930892291E1,                  547P   7458
3.714610725204E1,3.714610725204E1,3.714610725204E1,                  547P   7459
3.734526370765E1,3.734526370765E1,3.734526370765E1,                  547P   7460
3.734526370765E1,3.734526370765E1,3.734526370765E1,                  547P   7461
4.518559841126E0,4.518559841126E0,4.518559841126E0,                  547P   7462
4.518559841126E0,4.518559841126E0,4.518559841126E0,                  547P   7463
9.488975666371E1,9.488975666371E1,9.488975666371E1,                  547P   7464
9.488975666371E1,9.488975666371E1,9.488975666371E1,1E0,1E0,1E0,      547P   7465
1E0,1E0,1E0,1E0,1E0,1E0,1E0,1E0,1E0,1E0,1E0,1E0,1E0,1E0,1E0,1E0,     547P   7466
1E0,1E0,1E0,1E0,1E0,1E0,1E0,1E0,1E0,1E0,1E0,1E0,1E0,1E0,1E0,1E0,     547P   7467
1E0,1E0,1E0,1E0,1E0,1E0,1E0,1E0,1E0,1E0,1E0,1E0,1E0,1E0,1E0,1E0,     547P   7468
1E0,1E0,1E0,1E0,1E0,1E0,1E0,1E0,1E0,1E0,1E0,1E0,1E0,1E0,1E0,1E0,     547P   7469
1E0,1E0,1E0,1E0,1E0,1E0,1E0,1E0,1E0,1E0,1E0,1E0,1E0,1E0,1E0,1E0,     547P   7470
1E0,1E0,1E0,1E0,1E0,1E0,1E0,1E0,1E0,1E0,1E0,1E0,1E0,1E0,1E0,1E0,     547P   7471
1E0,1E0,1E0,1E0,1E0,1E0,1E0,1E0,1E0,1E0,1E0,1E0,1E0,1E0,1E0,1E0,     547P   7472
1E0,1E0,1E0,1E0,1E0,1E0,1E0,1E0,1E0,1E0,1E0,1E0,1E0,1E0,1E0,1E0,     547P   7473
1E0,1E0,1E0,1E0,1E0,1E0,1E0,1E0,1E0,1E0,1E0,1E0,1E0,1E0,1E0,1E0,     547P   7474
1E0,1E0,1E0,1E0,1E0,1E0,1E0,1E0,1E0,1E0,1E0,1E0,1E0,1E0,1E0,1E0,     547P   7475
1E0,1E0,1E0,1E0,1E0,1E0,1E0,1E0,1E0,1E0,1E0,1E0,1E0,1E0,1E0,1E0,     547P   7476
1E0,1E0,1E0,1E0,1E0,1E0,1E0,1E0,1E0,1E0,1E0,1E0,1E0,1E0,1E0,1E0,     547P   7477
1E0,1E0,1E0,1E0,1E0,1E0,1E0,1E0,1E0,1E0,1E0,1E0,1E0,1E0,1E0,1E0,     547P   7478
1E0,1E0,1E0,1E0,1E0,1E0,1E0,1E0,1E0,1E0,1E0,1E0,1E0,1E0,1E0,1E0,     547P   7479
1E0,5.524641821155E0,-3.746993966196E-12,1.334709354029E0,           547P   7480
5.508433353104E0,-3.745875001258E-12,1.333300841993E0,               547P   7481
5.492236004506E0,-3.744476295085E-12,1.331888701568E0,               547P   7482
5.459182170641E0,-3.741119400271E-12,1.328999046193E0,               547P   7483
5.409337722679E0,-3.736923281752E-12,1.32462615595E0,                547P   7484
5.326023698817E0,-3.744476295085E-12,1.317369545068E0,               547P   7485
5.242084861771E0,-3.803921307427E-12,1.307553099889E0,               547P   7486
5.158469285909E0,-3.760421545455E-12,1.296607077715E0,               547P   7487
5.075441953521E0,-3.789374763231E-12,1.284948816697E0,               547P   7488
5.009572979147E0,-3.780003431873E-12,1.275804555019E0,               547P   7489
4.573218085556E0,-3.835392196315E-12,1.211351377208E0,               547P   7490
4.091382980434E0,-3.594115381514E-12,1.108931914273E0,               547P   7491
3.586061677527E0,-3.94393179532E-12,9.793954136693E-1,               547P   7492
3.120466735667E0,-3.694122872866E-12,8.350734323659E-1,              547P   7493
2.691506512192E0,-3.769093523726E-12,6.658933557905E-1,              547P   7494
2.658740965432E0,-3.792312046194E-12,6.527093812339E-1,              547P   7495
2.562735275775E0,-3.686010377064E-12,6.133385488169E-1,              547P   7496
2.478942807968E0,-3.75860322743E-12,5.771360383739E-1,               547P   7497
2.359038886046E0,-3.637335402252E-12,5.220898934935E-1,              547P   7498
2.255058607685E0,-3.767694817553E-12,4.703827834291E-1,              547P   7499
1.946816402353E0,-3.589639521761E-12,3.021928006411E-1,              547P   7500
1.725404139231E0,-3.754826720764E-12,1.451414971574E-1,              547P   7501
1.545064169615E0,-3.627544459043E-12,-2.858750292946E-2,             547P   7502
1.424568560146E0,-3.684891412126E-12,-1.990525490697E-1,             547P   7503
1.390156788358E0,-3.658315994844E-12,-3.723827840245E-1,             547P   7504
1.386849527275E0,-3.673561892127E-12,-3.924750153251E-1,             547P   7505
1.385179194478E0,-3.616494680278E-12,-4.123798298808E-1,             547P   7506
1.384306283866E0,-3.64516815682E-12,-4.325468079945E-1,              547P   7507
1.387460610054E0,-3.679296587435E-12,-5.041122494284E-1,             547P   7508
1.437820309894E0,-3.605724642748E-12,-5.600248385434E-1,             547P   7509
1.514254641078E0,-3.793990493601E-12,-6.048211382622E-1,             547P   7510
1.610584942506E0,-3.581666896577E-12,-6.36688833177E-1,              547P   7511
1.708261082956E0,-3.607403090155E-12,-6.552679470136E-1,             547P   7512
1.748032601024E0,-3.605584772131E-12,-6.61790591727E-1,              547P   7513
1.78838599871E0,-3.603766454106E-12,-6.682819454994E-1,              547P   7514
1.820135004485E0,-3.602367747933E-12,-6.733165858763E-1,             547P   7515
1.852232777603E0,-3.600829171143E-12,-6.783368976782E-1,             547P   7516
1.884677981951E0,-3.600829171143E-12,-6.833441764562E-1,             547P   7517
1.644792560426E1,1.440000000001E1,1.334709354029E0,                  547P   7518
1.643171713621E1,1.440000000001E1,1.333300841993E0,                  547P   7519
1.641551978761E1,1.440000000001E1,1.331888701568E0,                  547P   7520
1.638246595375E1,1.440000000001E1,1.328999046193E0,                  547P   7521
1.633262150579E1,1.440000000001E1,1.32462615595E0,                   547P   7522
1.624930748192E1,1.440000000001E1,1.317369545068E0,                  547P   7523
1.616536864488E1,1.440000000001E1,1.307553099889E0,                  547P   7524
1.608175306902E1,1.440000000001E1,1.296607077715E0,                  547P   7525
1.599872573663E1,1.440000000001E1,1.284948816697E0,                  547P   7526
1.593285676226E1,1.440000000001E1,1.275804555019E0,                  547P   7527
1.549650186866E1,1.440000000001E1,1.211351377208E0,                  547P   7528
1.501466676354E1,1.440000000001E1,1.108931914273E0,                  547P   7529
1.450934546064E1,1.440000000001E1,9.793954136693E-1,                 547P   7530
1.404375051877E1,1.440000000001E1,8.350734323659E-1,                 547P   7531
1.36147902953E1,1.440000000001E1,6.658933557905E-1,                  547P   7532
1.358202474854E1,1.440000000001E1,6.527093812339E-1,                 547P   7533
1.348601905888E1,1.440000000001E1,6.133385488169E-1,                 547P   7534
1.340222659108E1,1.440000000001E1,5.771360383739E-1,                 547P   7535
1.328232266915E1,1.440000000001E1,5.220898934935E-1,                 547P   7536
1.317834239079E1,1.440000000001E1,4.703827834291E-1,                 547P   7537
1.287010018546E1,1.440000000001E1,3.021928006411E-1,                 547P   7538
1.264868792234E1,1.440000000001E1,1.451414971574E-1,                 547P   7539
1.246834795272E1,1.440000000001E1,-2.858750292946E-2,                547P   7540
1.234785234325E1,1.440000000001E1,-1.990525490697E-1,                547P   7541
1.231344057147E1,1.440000000001E1,-3.723827840245E-1,                547P   7542
1.231013331038E1,1.440000000001E1,-3.924750153251E-1,                547P   7543
1.230846297759E1,1.440000000001E1,-4.123798298808E-1,                547P   7544
1.230759006697E1,1.440000000001E1,-4.325468079945E-1,                547P   7545
1.231074439316E1,1.440000000001E1,-5.041122494284E-1,                547P   7546
1.2361104093E1,1.440000000001E1,-5.600248385434E-1,                  547P   7547
1.243753842419E1,1.440000000001E1,-6.048211382622E-1,                547P   7548
1.253386872561E1,1.440000000001E1,-6.36688833177E-1,                 547P   7549
1.263154486606E1,1.440000000001E1,-6.552679470136E-1,                547P   7550
1.267131638413E1,1.440000000001E1,-6.61790591727E-1,                 547P   7551
1.271166978182E1,1.440000000001E1,-6.682819454994E-1,                547P   7552
1.274341878759E1,1.440000000001E1,-6.733165858763E-1,                547P   7553
1.277551656071E1,1.440000000001E1,-6.783368976782E-1,                547P   7554
1.280796176506E1,1.440000000001E1,-6.833441764562E-1,                547P   7555
2.737120938737E1,2.880000000003E1,1.334709354029E0,                  547P   7556
2.735500091932E1,2.880000000003E1,1.333300841993E0,                  547P   7557
2.733880357072E1,2.880000000003E1,1.331888701568E0,                  547P   7558
2.730574973686E1,2.880000000003E1,1.328999046193E0,                  547P   7559
2.72559052889E1,2.880000000003E1,1.32462615595E0,                    547P   7560
2.717259126503E1,2.880000000003E1,1.317369545068E0,                  547P   7561
2.708865242799E1,2.880000000003E1,1.307553099889E0,                  547P   7562
2.700503685213E1,2.880000000003E1,1.296607077715E0,                  547P   7563
2.692200951974E1,2.880000000003E1,1.284948816697E0,                  547P   7564
2.685614054536E1,2.880000000003E1,1.275804555019E0,                  547P   7565
2.641978565177E1,2.880000000003E1,1.211351377208E0,                  547P   7566
2.593795054665E1,2.880000000003E1,1.108931914273E0,                  547P   7567
2.543262924374E1,2.880000000003E1,9.793954136693E-1,                 547P   7568
2.496703430188E1,2.880000000003E1,8.350734323659E-1,                 547P   7569
2.453807407841E1,2.880000000003E1,6.658933557905E-1,                 547P   7570
2.450530853165E1,2.880000000003E1,6.527093812339E-1,                 547P   7571
2.440930284199E1,2.880000000003E1,6.133385488169E-1,                 547P   7572
2.432551037418E1,2.880000000003E1,5.771360383739E-1,                 547P   7573
2.420560645226E1,2.880000000003E1,5.220898934935E-1,                 547P   7574
2.41016261739E1,2.880000000003E1,4.703827834291E-1,                  547P   7575
2.379338396857E1,2.880000000003E1,3.021928006411E-1,                 547P   7576
2.357197170545E1,2.880000000003E1,1.451414971574E-1,                 547P   7577
2.339163173583E1,2.880000000003E1,-2.858750292946E-2,                547P   7578
2.327113612636E1,2.880000000003E1,-1.990525490697E-1,                547P   7579
2.323672435457E1,2.880000000003E1,-3.723827840245E-1,                547P   7580
2.323341709349E1,2.880000000003E1,-3.924750153251E-1,                547P   7581
2.323174676069E1,2.880000000003E1,-4.123798298808E-1,                547P   7582
2.323087385008E1,2.880000000003E1,-4.325468079945E-1,                547P   7583
2.323402817627E1,2.880000000003E1,-5.041122494284E-1,                547P   7584
2.328438787611E1,2.880000000003E1,-5.600248385434E-1,                547P   7585
2.336082220729E1,2.880000000003E1,-6.048211382622E-1,                547P   7586
2.345715250872E1,2.880000000003E1,-6.36688833177E-1,                 547P   7587
2.355482864917E1,2.880000000003E1,-6.552679470136E-1,                547P   7588
2.359460016724E1,2.880000000003E1,-6.61790591727E-1,                 547P   7589
2.363495356493E1,2.880000000003E1,-6.682819454994E-1,                547P   7590
2.36667025707E1,2.880000000003E1,-6.733165858763E-1,                 547P   7591
2.369880034382E1,2.880000000003E1,-6.783368976782E-1,                547P   7592
2.373124554817E1,2.880000000003E1,-6.833441764562E-1,                547P   7593
3.829449317048E1,4.320000000005E1,1.334709354029E0,                  547P   7594
3.827828470243E1,4.320000000005E1,1.333300841993E0,                  547P   7595
3.826208735383E1,4.320000000005E1,1.331888701568E0,                  547P   7596
3.822903351997E1,4.320000000005E1,1.328999046193E0,                  547P   7597
3.817918907201E1,4.320000000005E1,1.32462615595E0,                   547P   7598
3.809587504814E1,4.320000000004E1,1.317369545068E0,                  547P   7599
3.80119362111E1,4.320000000005E1,1.307553099889E0,                   547P   7600
3.792832063524E1,4.320000000005E1,1.296607077715E0,                  547P   7601
3.784529330285E1,4.320000000005E1,1.284948816697E0,                  547P   7602
3.777942432847E1,4.320000000005E1,1.275804555019E0,                  547P   7603
3.734306943488E1,4.320000000005E1,1.211351377208E0,                  547P   7604
3.686123432976E1,4.320000000004E1,1.108931914273E0,                  547P   7605
3.635591302685E1,4.320000000005E1,9.793954136693E-1,                 547P   7606
3.589031808499E1,4.320000000005E1,8.350734323659E-1,                 547P   7607
3.546135786152E1,4.320000000005E1,6.658933557905E-1,                 547P   7608
3.542859231476E1,4.320000000004E1,6.527093812339E-1,                 547P   7609
3.53325866251E1,4.320000000004E1,6.133385488169E-1,                  547P   7610
3.524879415729E1,4.320000000004E1,5.771360383739E-1,                 547P   7611
3.512889023537E1,4.320000000004E1,5.220898934935E-1,                 547P   7612
3.502490995701E1,4.320000000004E1,4.703827834291E-1,                 547P   7613
3.471666775168E1,4.320000000004E1,3.021928006411E-1,                 547P   7614
3.449525548856E1,4.320000000004E1,1.451414971574E-1,                 547P   7615
3.431491551894E1,4.320000000004E1,-2.858750292946E-2,                547P   7616
3.419441990947E1,4.320000000004E1,-1.990525490697E-1,                547P   7617
3.416000813768E1,4.320000000004E1,-3.723827840245E-1,                547P   7618
3.41567008766E1,4.320000000004E1,-3.924750153251E-1,                 547P   7619
3.41550305438E1,4.320000000004E1,-4.123798298808E-1,                 547P   7620
3.415415763319E1,4.320000000004E1,-4.325468079945E-1,                547P   7621
3.415731195938E1,4.320000000004E1,-5.041122494284E-1,                547P   7622
3.420767165922E1,4.320000000004E1,-5.600248385434E-1,                547P   7623
3.42841059904E1,4.320000000004E1,-6.048211382622E-1,                 547P   7624
3.438043629183E1,4.320000000004E1,-6.36688833177E-1,                 547P   7625
3.447811243228E1,4.320000000004E1,-6.552679470136E-1,                547P   7626
3.451788395035E1,4.320000000004E1,-6.61790591727E-1,                 547P   7627
3.455823734803E1,4.320000000004E1,-6.682819454994E-1,                547P   7628
3.458998635381E1,4.320000000004E1,-6.733165858763E-1,                547P   7629
3.462208412693E1,4.320000000004E1,-6.783368976782E-1,                547P   7630
3.465452933128E1,4.320000000004E1,-6.833441764562E-1,                547P   7631
4.921777695359E1,5.760000000006E1,1.334709354029E0,                  547P   7632
4.920156848554E1,5.760000000006E1,1.333300841993E0,                  547P   7633
4.918537113694E1,5.760000000006E1,1.331888701568E0,                  547P   7634
4.915231730308E1,5.760000000006E1,1.328999046193E0,                  547P   7635
4.910247285511E1,5.760000000006E1,1.32462615595E0,                   547P   7636
4.901915883125E1,5.760000000006E1,1.317369545068E0,                  547P   7637
4.893521999421E1,5.760000000006E1,1.307553099889E0,                  547P   7638
4.885160441834E1,5.760000000006E1,1.296607077715E0,                  547P   7639
4.876857708596E1,5.760000000006E1,1.284948816697E0,                  547P   7640
4.870270811158E1,5.760000000006E1,1.275804555019E0,                  547P   7641
4.826635321799E1,5.760000000006E1,1.211351377208E0,                  547P   7642
4.778451811287E1,5.760000000006E1,1.108931914273E0,                  547P   7643
4.727919680996E1,5.760000000006E1,9.793954136693E-1,                 547P   7644
4.68136018681E1,5.760000000006E1,8.350734323659E-1,                  547P   7645
4.638464164463E1,5.760000000006E1,6.658933557905E-1,                 547P   7646
4.635187609787E1,5.760000000006E1,6.527093812339E-1,                 547P   7647
4.625587040821E1,5.760000000006E1,6.133385488169E-1,                 547P   7648
4.61720779404E1,5.760000000006E1,5.771360383739E-1,                  547P   7649
4.605217401848E1,5.760000000006E1,5.220898934935E-1,                 547P   7650
4.594819374012E1,5.760000000006E1,4.703827834291E-1,                 547P   7651
4.563995153479E1,5.760000000006E1,3.021928006411E-1,                 547P   7652
4.541853927166E1,5.760000000006E1,1.451414971574E-1,                 547P   7653
4.523819930205E1,5.760000000006E1,-2.858750292946E-2,                547P   7654
4.511770369258E1,5.760000000006E1,-1.990525490697E-1,                547P   7655
4.508329192079E1,5.760000000006E1,-3.723827840245E-1,                547P   7656
4.507998465971E1,5.760000000006E1,-3.924750153251E-1,                547P   7657
4.507831432691E1,5.760000000006E1,-4.123798298808E-1,                547P   7658
4.50774414163E1,5.760000000006E1,-4.325468079945E-1,                 547P   7659
4.508059574249E1,5.760000000006E1,-5.041122494284E-1,                547P   7660
4.513095544233E1,5.760000000006E1,-5.600248385434E-1,                547P   7661
4.520738977351E1,5.760000000006E1,-6.048211382622E-1,                547P   7662
4.530372007494E1,5.760000000006E1,-6.36688833177E-1,                 547P   7663
4.540139621539E1,5.760000000006E1,-6.552679470136E-1,                547P   7664
4.544116773346E1,5.760000000006E1,-6.61790591727E-1,                 547P   7665
4.548152113114E1,5.760000000006E1,-6.682819454994E-1,                547P   7666
4.551327013692E1,5.760000000006E1,-6.733165858763E-1,                547P   7667
4.554536791004E1,5.760000000006E1,-6.783368976782E-1,                547P   7668
4.557781311438E1,5.760000000006E1,-6.833441764562E-1,                547P   7669
6.01410607367E1,7.200000000008E1,1.334709354029E0,                   547P   7670
6.012485226864E1,7.200000000008E1,1.333300841993E0,                  547P   7671
6.010865492005E1,7.200000000008E1,1.331888701568E0,                  547P   7672
6.007560108618E1,7.200000000008E1,1.328999046193E0,                  547P   7673
6.002575663822E1,7.200000000008E1,1.32462615595E0,                   547P   7674
5.994244261436E1,7.200000000008E1,1.317369545068E0,                  547P   7675
5.985850377731E1,7.200000000008E1,1.307553099889E0,                  547P   7676
5.977488820145E1,7.200000000008E1,1.296607077715E0,                  547P   7677
5.969186086906E1,7.200000000008E1,1.284948816697E0,                  547P   7678
5.962599189469E1,7.200000000008E1,1.275804555019E0,                  547P   7679
5.91896370011E1,7.200000000008E1,1.211351377208E0,                   547P   7680
5.870780189597E1,7.200000000007E1,1.108931914273E0,                  547P   7681
5.820248059307E1,7.200000000008E1,9.793954136693E-1,                 547P   7682
5.773688565121E1,7.200000000008E1,8.350734323659E-1,                 547P   7683
5.730792542773E1,7.200000000008E1,6.658933557905E-1,                 547P   7684
5.727515988097E1,7.200000000008E1,6.527093812339E-1,                 547P   7685
5.717915419132E1,7.200000000008E1,6.133385488169E-1,                 547P   7686
5.709536172351E1,7.200000000008E1,5.771360383739E-1,                 547P   7687
5.697545780159E1,7.200000000008E1,5.220898934935E-1,                 547P   7688
5.687147752322E1,7.200000000008E1,4.703827834291E-1,                 547P   7689
5.656323531789E1,7.200000000008E1,3.021928006411E-1,                 547P   7690
5.634182305477E1,7.200000000008E1,1.451414971574E-1,                 547P   7691
5.616148308515E1,7.200000000008E1,-2.858750292946E-2,                547P   7692
5.604098747568E1,7.200000000008E1,-1.990525490697E-1,                547P   7693
5.60065757039E1,7.200000000008E1,-3.723827840245E-1,                 547P   7694
5.600326844281E1,7.200000000008E1,-3.924750153251E-1,                547P   7695
5.600159811002E1,7.200000000007E1,-4.123798298808E-1,                547P   7696
5.60007251994E1,7.200000000008E1,-4.325468079945E-1,                 547P   7697
5.600387952559E1,7.200000000008E1,-5.041122494284E-1,                547P   7698
5.605423922543E1,7.200000000008E1,-5.600248385434E-1,                547P   7699
5.613067355662E1,7.200000000008E1,-6.048211382622E-1,                547P   7700
5.622700385804E1,7.200000000008E1,-6.36688833177E-1,                 547P   7701
5.63246799985E1,7.200000000008E1,-6.552679470136E-1,                 547P   7702
5.636445151656E1,7.200000000008E1,-6.61790591727E-1,                 547P   7703
5.640480491425E1,7.200000000008E1,-6.682819454994E-1,                547P   7704
5.643655392002E1,7.200000000008E1,-6.733165858763E-1,                547P   7705
5.646865169314E1,7.200000000008E1,-6.783368976782E-1,                547P   7706
5.650109689749E1,7.200000000008E1,-6.833441764562E-1,                547P   7707
3.056209772479E1,3.734526370765E1,4.518559841126E0,                  547P   7708
9.488975666371E1;                                                    547P   7709
508,5,                                                               549P   7710
0,407,67,1,0,0,407,5,0,0,                                            549P   7711
0,407,41,0,0,0,407,65,1,0,                                           549P   7712
0,407,64,1,0;                                                        549P   7713
510,547,1,1,549,                                                     551P   7714
0,1,545;                                                             551P   7715
406,1,4HWING;                                                        553P   7716
128,1,1,1,1,0,0,1,0,0,0E0,0E0,4.408285890572E-2,                     555P   7717
4.408285890572E-2,0E0,0E0,5.42325048247E0,5.42325048247E0,1E0,       555P   7718
1E0,1E0,1E0,3.300471272334E1,3.959999997296E0,2.203198753033E-2,     555P   7719
3.300368482292E1,3.960779722849E0,-2.203198752972E-2,                555P   7720
2.972713612097E1,-3.607797252993E-1,2.203198753035E-2,               555P   7721
2.972610822055E1,-3.599999997458E-1,-2.20319875297E-2,0E0,           555P   7722
4.408285890572E-2,0E0,5.42325048247E0;                               555P   7723
508,4,                                                               557P   7724
0,407,25,0,0,0,407,42,1,0,                                           557P   7725
0,407,7,0,0,0,407,66,0,0;                                            557P   7726
510,555,1,1,557,                                                     559P   7727
0,1,553;                                                             559P   7728
406,1,4HSLAT;                                                        561P   7729
128,1,1,1,1,0,0,1,0,0,0E0,0E0,5.673206450352E0,5.673206450352E0,     563P   7730
0E0,0E0,1E0,1E0,1E0,1E0,1E0,1E0,5.548805953505E1,7.2E1,              563P   7731
7.608246116627E-1,5.112288875837E1,7.2E1,-2.862786228187E0,          563P   7732
5.671757276093E1,7.2E1,-7.203044169061E-1,5.235240198424E1,          563P   7733
7.2E1,-4.343915256756E0,0E0,5.673206450352E0,0E0,1E0;                563P   7734
508,5,                                                               565P   7735
0,407,69,0,0,0,407,70,1,0,                                           565P   7736
0,407,71,1,0,0,407,72,1,0,                                           565P   7737
0,407,73,1,0;                                                        565P   7738
510,563,1,1,565,                                                     567P   7739
0,1,561;                                                             567P   7740
406,1,4HSLAT;                                                        569P   7741
128,16,5,5,5,0,0,1,0,0,0E0,0E0,0E0,0E0,0E0,0E0,                      571P   7742
7.042477548161E-1,1.408495509632E0,1.408495509632E0,                 571P   7743
4.225486528896E0,5.633982038528E0,5.633982038528E0,                  571P   7744
7.042477548161E0,8.450973057794E0,8.450973057794E0,                  571P   7745
9.859468567426E0,9.859468567426E0,1.126796407706E1,                  571P   7746
1.126796407706E1,1.126796407706E1,1.126796407706E1,                  571P   7747
1.126796407706E1,1.126796407706E1,1.974157769244E0,                  571P   7748
1.974157769244E0,1.974157769244E0,1.974157769244E0,                  571P   7749
1.974157769244E0,1.974157769244E0,9.318985596601E1,                  571P   7750
9.318985596601E1,9.318985596601E1,9.318985596601E1,                  571P   7751
9.318985596601E1,9.318985596601E1,1E0,1E0,1E0,1E0,1E0,1E0,1E0,       571P   7752
1E0,1E0,1E0,1E0,1E0,1E0,1E0,1E0,1E0,1E0,1E0,1E0,1E0,1E0,1E0,1E0,     571P   7753
1E0,1E0,1E0,1E0,1E0,1E0,1E0,1E0,1E0,1E0,1E0,1E0,1E0,1E0,1E0,1E0,     571P   7754
1E0,1E0,1E0,1E0,1E0,1E0,1E0,1E0,1E0,1E0,1E0,1E0,1E0,1E0,1E0,1E0,     571P   7755
1E0,1E0,1E0,1E0,1E0,1E0,1E0,1E0,1E0,1E0,1E0,1E0,1E0,1E0,1E0,1E0,     571P   7756
1E0,1E0,1E0,1E0,1E0,1E0,1E0,1E0,1E0,1E0,1E0,1E0,1E0,1E0,1E0,1E0,     571P   7757
1E0,1E0,1E0,1E0,1E0,1E0,1E0,1E0,1E0,1E0,1E0,1E0,1E0,1E0,1E0,         571P   7758
8.290124163887E-1,-1.585957961634E-12,7.200147899586E-2,             571P   7759
7.059936675912E-1,-1.305149015296E-2,4.661728063255E-3,              571P   7760
4.632131453892E-1,-3.911742504094E-2,-1.292058827721E-1,             571P   7761
2.280737490354E-1,-6.494302042232E-2,-2.606858376656E-1,             571P   7762
-4.556277226269E-1,-1.418255421021E-1,-6.486192726681E-1,            571P   7763
-1.265386506335E0,-2.404157727853E-1,-1.131785436208E0,              571P   7764
-1.852925905251E0,-3.204520772794E-1,-1.50911641534E0,               571P   7765
-2.411712194689E0,-4.062860115838E-1,-1.898556488878E0,              571P   7766
-2.885911169204E0,-4.98840865613E-1,-2.291092166422E0,               571P   7767
-3.062298022988E0,-5.449816249415E-1,-2.473968996515E0,              571P   7768
-3.172383183764E0,-5.818432491941E-1,-2.613486960009E0,              571P   7769
-3.227012050287E0,-6.076787642042E-1,-2.706462949459E0,              571P   7770
-3.264369041047E0,-6.305815256426E-1,-2.78652130265E0,               571P   7771
-3.280710617574E0,-6.450691763852E-1,-2.835607856339E0,              571P   7772
-3.289258985267E0,-6.593410864469E-1,-2.882351709144E0,              571P   7773
-3.291580354541E0,-6.662477222179E-1,-2.904584998712E0,              571P   7774
-3.29220453671E0,-6.728260634979E-1,-2.925422711011E0,               571P   7775
1.185437218882E1,1.453456520813E1,7.200147723349E-2,                 571P   7776
1.173135344002E1,1.452151371798E1,4.661726300895E-3,                 571P   7777
1.148857291782E1,1.449544778309E1,-1.292058845345E-1,                571P   7778
1.125343352146E1,1.446962218771E1,-2.606858394278E-1,                571P   7779
1.05697320498E1,1.439273966603E1,-6.486192744304E-1,                 571P   7780
9.759973266092E0,1.429414943535E1,-1.131785437971E0,                 571P   7781
9.172433867175E0,1.421411313085E1,-1.509116417102E0,                 571P   7782
8.613647577738E0,1.412827919655E1,-1.89855649064E0,                  571P   7783
8.139448603223E0,1.403572434252E1,-2.291092168184E0,                 571P   7784
7.963061749439E0,1.398958358319E1,-2.473968998277E0,                 571P   7785
7.852976588663E0,1.395272195894E1,-2.613486961772E0,                 571P   7786
7.79834772214E0,1.392688644393E1,-2.706462951221E0,                  571P   7787
7.76099073138E0,1.390398368249E1,-2.786521304412E0,                  571P   7788
7.744649154853E0,1.388949603175E1,-2.835607858101E0,                 571P   7789
7.73610078716E0,1.387522412169E1,-2.882351710906E0,                  571P   7790
7.733779417886E0,1.386831748592E1,-2.904585000474E0,                 571P   7791
7.733155235717E0,1.386173914464E1,-2.925422712774E0,                 571P   7792
2.287973196124E1,2.906913041627E1,7.200147547112E-2,                 571P   7793
2.275671321244E1,2.905607892612E1,4.66172453852E-3,                  571P   7794
2.251393269024E1,2.903001299123E1,-1.292058862969E-1,                571P   7795
2.227879329389E1,2.900418739585E1,-2.606858411904E-1,                571P   7796
2.159509182223E1,2.892730487417E1,-6.486192761929E-1,                571P   7797
2.078533303852E1,2.882871464348E1,-1.131785439733E0,                 571P   7798
2.01977936396E1,2.874867833899E1,-1.509116418865E0,                  571P   7799
1.963900735016E1,2.866284440468E1,-1.898556492403E0,                 571P   7800
1.916480837565E1,2.857028955066E1,-2.291092169947E0,                 571P   7801
1.898842152187E1,2.852414879133E1,-2.473969000039E0,                 571P   7802
1.887833636109E1,2.848728716708E1,-2.613486963534E0,                 571P   7803
1.882370749457E1,2.846145165207E1,-2.706462952983E0,                 571P   7804
1.878635050381E1,2.843854889063E1,-2.786521306175E0,                 571P   7805
1.877000892728E1,2.842406123988E1,-2.835607859864E0,                 571P   7806
1.876146055959E1,2.840978932982E1,-2.882351712668E0,                 571P   7807
1.875913919031E1,2.840288269405E1,-2.904585002237E0,                 571P   7808
1.875851500814E1,2.839630435277E1,-2.925422714536E0,                 571P   7809
3.390509173367E1,4.36036956244E1,7.200147370875E-2,                  571P   7810
3.378207298487E1,4.359064413425E1,4.661722776139E-3,                 571P   7811
3.353929246267E1,4.356457819936E1,-1.292058880592E-1,                571P   7812
3.330415306631E1,4.353875260398E1,-2.606858429526E-1,                571P   7813
3.262045159465E1,4.34618700823E1,-6.48619277955E-1,                  571P   7814
3.181069281095E1,4.336327985162E1,-1.131785441495E0,                 571P   7815
3.122315341203E1,4.328324354712E1,-1.509116420627E0,                 571P   7816
3.066436712259E1,4.319740961282E1,-1.898556494165E0,                 571P   7817
3.019016814808E1,4.310485475879E1,-2.291092171709E0,                 571P   7818
3.001378129429E1,4.305871399946E1,-2.473969001802E0,                 571P   7819
2.990369613352E1,4.302185237521E1,-2.613486965297E0,                 571P   7820
2.984906726699E1,4.29960168602E1,-2.706462954746E0,                  571P   7821
2.981171027623E1,4.297311409876E1,-2.786521307937E0,                 571P   7822
2.979536869971E1,4.295862644802E1,-2.835607861626E0,                 571P   7823
2.978682033201E1,4.294435453796E1,-2.882351714431E0,                 571P   7824
2.978449896274E1,4.293744790219E1,-2.904585003999E0,                 571P   7825
2.978387478057E1,4.293086956091E1,-2.925422716298E0,                 571P   7826
4.49304515061E1,5.813826083254E1,7.200147194638E-2,                  571P   7827
4.48074327573E1,5.812520934239E1,4.661721013812E-3,                  571P   7828
4.45646522351E1,5.80991434075E1,-1.292058898217E-1,                  571P   7829
4.432951283874E1,5.807331781211E1,-2.606858447145E-1,                571P   7830
4.364581136708E1,5.799643529044E1,-6.486192797174E-1,                571P   7831
4.283605258337E1,5.789784505975E1,-1.131785443257E0,                 571P   7832
4.224851318446E1,5.781780875526E1,-1.50911642239E0,                  571P   7833
4.168972689502E1,5.773197482095E1,-1.898556495927E0,                 571P   7834
4.12155279205E1,5.763941996692E1,-2.291092173471E0,                  571P   7835
4.103914106672E1,5.75932792076E1,-2.473969003564E0,                  571P   7836
4.092905590594E1,5.755641758334E1,-2.613486967059E0,                 571P   7837
4.087442703942E1,5.753058206834E1,-2.706462956508E0,                 571P   7838
4.083707004866E1,5.75076793069E1,-2.786521309699E0,                  571P   7839
4.082072847213E1,5.749319165615E1,-2.835607863388E0,                 571P   7840
4.081218010444E1,5.747891974609E1,-2.882351716193E0,                 571P   7841
4.080985873517E1,5.747201311032E1,-2.904585005761E0,                 571P   7842
4.0809234553E1,5.746543476904E1,-2.925422718061E0,                   571P   7843
5.595581127852E1,7.267282604067E1,7.200147018398E-2,                 571P   7844
5.583279252973E1,7.265977455052E1,4.661719251416E-3,                 571P   7845
5.559001200752E1,7.263370861563E1,-1.292058915841E-1,                571P   7846
5.535487261117E1,7.260788302025E1,-2.60685846477E-1,                 571P   7847
5.467117113951E1,7.253100049857E1,-6.486192814797E-1,                571P   7848
5.38614123558E1,7.243241026789E1,-1.13178544502E0,                   571P   7849
5.327387295688E1,7.235237396339E1,-1.509116424152E0,                 571P   7850
5.271508666744E1,7.226654002909E1,-1.89855649769E0,                  571P   7851
5.224088769293E1,7.217398517506E1,-2.291092175234E0,                 571P   7852
5.206450083915E1,7.212784441573E1,-2.473969005326E0,                 571P   7853
5.195441567837E1,7.209098279148E1,-2.613486968821E0,                 571P   7854
5.189978681185E1,7.206514727647E1,-2.706462958271E0,                 571P   7855
5.186242982109E1,7.204224451503E1,-2.786521311462E0,                 571P   7856
5.184608824456E1,7.202775686429E1,-2.835607865151E0,                 571P   7857
5.183753987687E1,7.201348495423E1,-2.882351717955E0,                 571P   7858
5.183521850759E1,7.200657831846E1,-2.904585007524E0,                 571P   7859
5.183459432543E1,7.199999997718E1,-2.925422719823E0,0E0,             571P   7860
1.126796407706E1,1.974157769244E0,9.318985596601E1;                  571P   7861
508,4,                                                               573P   7862
0,407,74,0,0,0,407,9,1,0,                                            573P   7863
0,407,75,1,0,0,407,71,0,0;                                           573P   7864
510,571,1,1,573,                                                     575P   7865
0,1,569;                                                             575P   7866
406,1,4HSLAT;                                                        577P   7867
128,26,1,5,1,0,0,1,0,0,3.64494680551E0,3.64494680551E0,              579P   7868
3.64494680551E0,3.64494680551E0,3.64494680551E0,3.64494680551E0,     579P   7869
4.100565156207E0,4.100565156207E0,4.100565156207E0,                  579P   7870
4.556183506896E0,4.556183506896E0,4.556183506896E0,                  579P   7871
5.011801857585E0,5.011801857585E0,5.011801857585E0,                  579P   7872
5.467420208273E0,5.467420208273E0,5.467420208273E0,                  579P   7873
5.923038558962E0,5.923038558962E0,5.923038558962E0,                  579P   7874
6.378656909651E0,6.378656909651E0,6.378656909651E0,                  579P   7875
6.834275260339E0,6.834275260339E0,6.834275260339E0,                  579P   7876
7.289893611028E0,7.289893611028E0,7.289893611028E0,                  579P   7877
7.289893611028E0,7.289893611028E0,7.289893611028E0,                  579P   7878
2.818659082895E0,2.818659082895E0,9.335975721245E1,                  579P   7879
9.335975721245E1,1E0,1E0,1E0,1E0,1E0,1E0,1E0,1E0,1E0,1E0,1E0,        579P   7880
1E0,1E0,1E0,1E0,1E0,1E0,1E0,1E0,1E0,1E0,1E0,1E0,1E0,1E0,1E0,1E0,     579P   7881
1E0,1E0,1E0,1E0,1E0,1E0,1E0,1E0,1E0,1E0,1E0,1E0,1E0,1E0,1E0,1E0,     579P   7882
1E0,1E0,1E0,1E0,1E0,1E0,1E0,1E0,1E0,1E0,1E0,-2.781824690074E0,       579P   7883
-2.289956822267E-8,-2.925422711091E0,-2.782448872243E0,              579P   7884
-6.578364179703E-3,-2.946260423391E0,-2.781375867308E0,              579P   7885
-1.282841096889E-2,-2.965702558421E0,-2.778861302736E0,              579P   7886
-1.86511880357E-2,-2.983492175747E0,-2.771980588919E0,               579P   7887
-2.93970699801E-2,-3.015844536473E0,-2.761855611294E0,               579P   7888
-3.888233854027E-2,-3.043536700826E0,-2.756096782914E0,              579P   7889
-4.344450222309E-2,-3.056666121779E0,-2.742434862541E0,              579P   7890
-5.261206016982E-2,-3.082603271245E0,-2.723259832056E0,              579P   7891
-6.188937531635E-2,-3.107708934453E0,-2.711987893563E0,              579P   7892
-6.656129619885E-2,-3.120006869148E0,-2.685602171665E0,              579P   7893
-7.559078884398E-2,-3.142793213334E0,-2.65179767461E0,               579P   7894
-8.359237193508E-2,-3.160760595782E0,-2.633106960961E0,              579P   7895
-8.723638326368E-2,-3.168239568737E0,-2.592886516501E0,              579P   7896
-9.379250991128E-2,-3.180287898163E0,-2.544408635716E0,              579P   7897
-9.929768070576E-2,-3.187265694209E0,-2.517460485742E0,              579P   7898
-1.018907361811E-1,-3.189674133785E0,-2.454828451548E0,              579P   7899
-1.071889590293E-1,-3.192978975583E0,-2.364953002469E0,              579P   7900
-1.130513206481E-1,-3.192243476082E0,-2.31076143761E0,               579P   7901
-1.162085148938E-1,-3.190611574359E0,-2.179372798526E0,              579P   7902
-1.229147796252E-1,-3.183669959326E0,-1.999417317241E0,              579P   7903
-1.290453891463E-1,-3.164548550159E0,-1.896658910181E0,              579P   7904
-1.31626928182E-1,-3.150736854302E0,-1.667023789125E0,               579P   7905
-1.351919822594E-1,-3.11293514337E0,-1.392002875661E0,               579P   7906
-1.352123388805E-1,-3.054288055912E0,-1.243858676193E0,              579P   7907
-1.342491804597E-1,-3.019630983528E0,-1.085784631769E0,              579P   7908
-1.324536068456E-1,-2.980234181777E0,-9.178078447658E-1,             579P   7909
-1.298432170825E-1,-2.936158827118E0,5.193727524575E1,               579P   7910
7.213536268306E1,-2.925422719838E0,5.193665106358E1,                 579P   7911
7.212878434178E1,-2.946260432138E0,5.193772406852E1,                 579P   7912
7.212253429499E1,-2.965702567168E0,5.194023863309E1,                 579P   7913
7.211671151792E1,-2.983492184494E0,5.19471193469E1,                  579P   7914
7.210596563598E1,-3.015844545219E0,5.195724432453E1,                 579P   7915
7.209648036742E1,-3.043536709573E0,5.196300315291E1,                 579P   7916
7.209191820373E1,-3.056666130525E0,5.197666507328E1,                 579P   7917
7.208275064579E1,-3.082603279991E0,5.199584010377E1,                 579P   7918
7.207347333064E1,-3.107708943199E0,5.200711204226E1,                 579P   7919
7.206880140976E1,-3.120006877894E0,5.203349776416E1,                 579P   7920
7.205977191711E1,-3.142793222081E0,5.206730226121E1,                 579P   7921
7.205177033402E1,-3.160760604528E0,5.208599297486E1,                 579P   7922
7.204812632269E1,-3.168239577484E0,5.212621341932E1,                 579P   7923
7.204157019604E1,-3.180287906909E0,5.217469130011E1,                 579P   7924
7.203606502525E1,-3.187265702956E0,5.220163945008E1,                 579P   7925
7.203347196977E1,-3.189674142532E0,5.226427148428E1,                 579P   7926
7.202817374693E1,-3.192978984329E0,5.235414693335E1,                 579P   7927
7.202231138531E1,-3.192243484828E0,5.240833849821E1,                 579P   7928
7.201915419106E1,-3.190611583105E0,5.25397271373E1,                  579P   7929
7.201244792633E1,-3.183669968073E0,5.271968261858E1,                 579P   7930
7.200631731681E1,-3.164548558906E0,5.282244102564E1,                 579P   7931
7.200373577777E1,-3.150736863048E0,5.30520761467E1,                  579P   7932
7.20001707237E1,-3.112935152117E0,5.332709706016E1,                  579P   7933
7.200015036707E1,-3.054288064659E0,5.347524125963E1,                 579P   7934
7.20011135255E1,-3.019630992275E0,5.363331530405E1,                  579P   7935
7.200290909911E1,-2.980234190524E0,5.380129209106E1,                 579P   7936
7.200551948887E1,-2.936158835865E0,3.64494680551E0,                  579P   7937
7.289893611028E0,2.818659082895E0,9.335975721245E1;                  579P   7938
508,4,                                                               581P   7939
0,407,75,0,0,0,407,10,1,0,                                           581P   7940
0,407,76,1,0,0,407,72,0,0;                                           581P   7941
510,579,1,1,581,                                                     583P   7942
0,1,577;                                                             583P   7943
406,1,4HSLAT;                                                        585P   7944
128,1,1,1,1,0,0,1,0,0,0E0,0E0,1.084612978931E2,1.084612978931E2,     587P   7945
0E0,0E0,4.408116655247E-2,4.408116655247E-2,1E0,1E0,1E0,1E0,         587P   7946
-6.305014064823E0,-7.2E0,-2.900586551354E0,5.924427483476E1,         587P   7947
7.921263718582E1,-2.900586561832E0,-6.288354653701E0,                587P   7948
-7.212637185815E0,-2.939392669433E0,5.926093424588E1,7.92E1,         587P   7949
-2.939392679911E0,0E0,1.084612978931E2,0E0,4.408116655247E-2;        587P   7950
508,4,                                                               589P   7951
0,407,73,0,0,0,407,76,0,0,                                           589P   7952
0,407,11,1,0,0,407,77,1,0;                                           589P   7953
510,587,1,1,589,                                                     591P   7954
0,1,585;                                                             591P   7955
406,1,4HSLAT;                                                        593P   7956
128,21,5,5,5,0,0,1,0,0,0E0,0E0,0E0,0E0,0E0,0E0,                      595P   7957
3.025860252097E-1,3.025860252097E-1,3.025860252097E-1,               595P   7958
3.404092783609E-1,3.404092783609E-1,3.404092783609E-1,               595P   7959
7.564650630243E-1,7.564650630243E-1,7.564650630243E-1,               595P   7960
8.321115693267E-1,8.321115693267E-1,8.321115693267E-1,               595P   7961
2.11810217647E0,2.11810217647E0,2.269395189075E0,                    595P   7962
2.269395189075E0,4.84137640337E0,4.84137640337E0,                    595P   7963
4.84137640337E0,4.84137640337E0,4.84137640337E0,4.84137640337E0,     595P   7964
1.988175849931E0,1.988175849931E0,1.988175849931E0,                  595P   7965
1.988175849931E0,1.988175849931E0,1.988175849931E0,                  595P   7966
9.333879317309E1,9.333879317309E1,9.333879317309E1,                  595P   7967
9.333879317309E1,9.333879317309E1,9.333879317309E1,1E0,1E0,1E0,      595P   7968
1E0,1E0,1E0,1E0,1E0,1E0,1E0,1E0,1E0,1E0,1E0,1E0,1E0,1E0,1E0,1E0,     595P   7969
1E0,1E0,1E0,1E0,1E0,1E0,1E0,1E0,1E0,1E0,1E0,1E0,1E0,1E0,1E0,1E0,     595P   7970
1E0,1E0,1E0,1E0,1E0,1E0,1E0,1E0,1E0,1E0,1E0,1E0,1E0,1E0,1E0,1E0,     595P   7971
1E0,1E0,1E0,1E0,1E0,1E0,1E0,1E0,1E0,1E0,1E0,1E0,1E0,1E0,1E0,1E0,     595P   7972
1E0,1E0,1E0,1E0,1E0,1E0,1E0,1E0,1E0,1E0,1E0,1E0,1E0,1E0,1E0,1E0,     595P   7973
1E0,1E0,1E0,1E0,1E0,1E0,1E0,1E0,1E0,1E0,1E0,1E0,1E0,1E0,1E0,1E0,     595P   7974
1E0,1E0,1E0,1E0,1E0,1E0,1E0,1E0,1E0,1E0,1E0,1E0,1E0,1E0,1E0,1E0,     595P   7975
1E0,1E0,1E0,1E0,1E0,1E0,1E0,1E0,1E0,1E0,1E0,1E0,1E0,1E0,1E0,1E0,     595P   7976
1E0,-1.433104134734E0,-7.803180008154E-1,-2.903820395306E0,          595P   7977
-1.493888079889E0,-7.778903489587E-1,-2.90915576957E0,               595P   7978
-1.554618218318E0,-7.753967838753E-1,-2.914272204037E0,              595P   7979
-1.615468824251E0,-7.730860572187E-1,-2.919989815634E0,              595P   7980
-1.683700574637E0,-7.701257230415E-1,-2.925238591604E0,              595P   7981
-1.752150658535E0,-7.6761905219E-1,-2.931961822723E0,                595P   7982
-1.759729647663E0,-7.672260991406E-1,-2.932343008894E0,              595P   7983
-1.850517305428E0,-7.626055334792E-1,-2.937181634875E0,              595P   7984
-1.936292164607E0,-7.490099724381E-1,-2.912702518571E0,              595P   7985
-1.995723368817E0,-7.299958269577E-1,-2.865545307536E0,              595P   7986
-2.030437272346E0,-7.038777047988E-1,-2.790752644015E0,              595P   7987
-2.022542440112E0,-6.789060944118E-1,-2.710472409971E0,              595P   7988
-2.021436642517E0,-6.749477081203E-1,-2.697777846138E0,              595P   7989
-1.988517756788E0,-6.034091544393E-1,-2.465592185554E0,              595P   7990
-1.793134819573E0,-5.174560956549E-1,-2.153356124898E0,              595P   7991
-1.385406783345E0,-4.157644496873E-1,-1.746253739972E0,              595P   7992
-1.171675331172E0,-3.632572853253E-1,-1.535367205581E0,              595P   7993
-6.660195961845E-1,-2.448694287556E-1,-1.054810201557E0,             595P   7994
-3.032547317647E-1,-1.717299148465E-1,-7.471705786641E-1,            595P   7995
7.91306303111E-2,-1.057623465767E-1,-4.579151479687E-1,              595P   7996
4.566390113525E-1,-4.975958226569E-2,-2.010637574925E-1,             595P   7997
8.508436324979E-1,-1.581587004844E-12,3.970233460958E-2,             595P   7998
9.608563487526E0,1.377574559936E1,-2.903820397071E0,                 595P   7999
9.547779542371E0,1.377817325122E1,-2.909155771335E0,                 595P   8000
9.487049403942E0,1.37806668163E1,-2.914272205802E0,                  595P   8001
9.426198798009E0,1.378297754296E1,-2.919989817399E0,                 595P   8002
9.357967047624E0,1.378593787714E1,-2.925238593369E0,                 595P   8003
9.289516963725E0,1.378844454799E1,-2.931961824488E0,                 595P   8004
9.281937974597E0,1.378883750104E1,-2.932343010659E0,                 595P   8005
9.191150316832E0,1.37934580667E1,-2.93718163664E0,                   595P   8006
9.105375457653E0,1.380705362774E1,-2.912702520336E0,                 595P   8007
9.045944253443E0,1.382606777322E1,-2.865545309301E0,                 595P   8008
9.011230349915E0,1.385218589538E1,-2.79075264578E0,                  595P   8009
9.019125182148E0,1.387715750577E1,-2.710472411736E0,                 595P   8010
9.020230979743E0,1.388111589206E1,-2.697777847903E0,                 595P   8011
9.053149865472E0,1.395265444574E1,-2.465592187319E0,                 595P   8012
9.248532802687E0,1.403860750452E1,-2.153356126663E0,                 595P   8013
9.656260838915E0,1.414029915049E1,-1.746253741737E0,                 595P   8014
9.869992291088E0,1.419280631485E1,-1.535367207346E0,                 595P   8015
1.037564802608E1,1.431119417142E1,-1.054810203322E0,                 595P   8016
1.07384128905E1,1.438433368533E1,-7.471705804292E-1,                 595P   8017
1.112079825257E1,1.44503012536E1,-4.579151497334E-1,                 595P   8018
1.149830663361E1,1.450630401791E1,-2.010637592576E-1,                595P   8019
1.189251125476E1,1.455606360018E1,3.97023328446E-2,                  595P   8020
2.065023110979E1,2.833180919954E1,-2.903820398836E0,                 595P   8021
2.058944716463E1,2.83342368514E1,-2.9091557731E0,                    595P   8022
2.05287170262E1,2.833673041648E1,-2.914272207567E0,                  595P   8023
2.046786642027E1,2.833904114314E1,-2.919989819164E0,                 595P   8024
2.039963466988E1,2.834200147732E1,-2.925238595134E0,                 595P   8025
2.033118458598E1,2.834450814817E1,-2.931961826254E0,                 595P   8026
2.032360559686E1,2.834490110122E1,-2.932343012424E0,                 595P   8027
2.023281793909E1,2.834952166688E1,-2.937181638406E0,                 595P   8028
2.014704307991E1,2.836311722792E1,-2.912702522101E0,                 595P   8029
2.00876118757E1,2.83821313734E1,-2.865545311066E0,                   595P   8030
2.005289797217E1,2.840824949556E1,-2.790752647545E0,                 595P   8031
2.006079280441E1,2.843322110595E1,-2.710472413501E0,                 595P   8032
2.0061898602E1,2.843717949224E1,-2.697777849668E0,                   595P   8033
2.009481748773E1,2.850871804592E1,-2.465592189084E0,                 595P   8034
2.029020042495E1,2.85946711047E1,-2.153356128428E0,                  595P   8035
2.069792846118E1,2.869636275067E1,-1.746253743501E0,                 595P   8036
2.091165991335E1,2.874886991503E1,-1.535367209111E0,                 595P   8037
2.141731564834E1,2.88672577716E1,-1.054810205087E0,                  595P   8038
2.178008051276E1,2.894039728551E1,-7.471705821942E-1,                595P   8039
2.216246587483E1,2.900636485378E1,-4.579151514984E-1,                595P   8040
2.253997425587E1,2.906236761809E1,-2.010637610228E-1,                595P   8041
2.293417887702E1,2.911212720035E1,3.970233107963E-2,                 595P   8042
3.169189873205E1,4.288787279972E1,-2.903820400601E0,                 595P   8043
3.163111478689E1,4.289030045158E1,-2.909155774865E0,                 595P   8044
3.157038464846E1,4.289279401666E1,-2.914272209332E0,                 595P   8045
3.150953404253E1,4.289510474332E1,-2.919989820929E0,                 595P   8046
3.144130229214E1,4.289806507749E1,-2.9252385969E0,                   595P   8047
3.137285220824E1,4.290057174834E1,-2.931961828018E0,                 595P   8048
3.136527321912E1,4.290096470139E1,-2.932343014189E0,                 595P   8049
3.127448556135E1,4.290558526706E1,-2.93718164017E0,                  595P   8050
3.118871070217E1,4.291918082809E1,-2.912702523867E0,                 595P   8051
3.112927949796E1,4.293819497358E1,-2.865545312831E0,                 595P   8052
3.109456559443E1,4.296431309574E1,-2.79075264931E0,                  595P   8053
3.110246042667E1,4.298928470612E1,-2.710472415266E0,                 595P   8054
3.110356622426E1,4.299324309241E1,-2.697777851433E0,                 595P   8055
3.113648510999E1,4.306478164609E1,-2.465592190848E0,                 595P   8056
3.133186804721E1,4.315073470488E1,-2.153356130193E0,                 595P   8057
3.173959608343E1,4.325242635084E1,-1.746253745266E0,                 595P   8058
3.195332753561E1,4.330493351521E1,-1.535367210876E0,                 595P   8059
3.24589832706E1,4.342332137178E1,-1.054810206852E0,                  595P   8060
3.282174813502E1,4.349646088569E1,-7.471705839588E-1,                595P   8061
3.320413349709E1,4.356242845396E1,-4.57915153264E-1,                 595P   8062
3.358164187813E1,4.361843121827E1,-2.010637627872E-1,                595P   8063
3.397584649928E1,4.366819080053E1,3.970232931465E-2,                 595P   8064
4.273356635431E1,5.74439363999E1,-2.903820402366E0,                  595P   8065
4.267278240915E1,5.744636405175E1,-2.90915577663E0,                  595P   8066
4.261205227072E1,5.744885761684E1,-2.914272211097E0,                 595P   8067
4.255120166479E1,5.745116834349E1,-2.919989822694E0,                 595P   8068
4.24829699144E1,5.745412867767E1,-2.925238598664E0,                  595P   8069
4.241451983051E1,5.745663534852E1,-2.931961829783E0,                 595P   8070
4.240694084138E1,5.745702830157E1,-2.932343015954E0,                 595P   8071
4.231615318361E1,5.746164886723E1,-2.937181641935E0,                 595P   8072
4.223037832443E1,5.747524442827E1,-2.912702525631E0,                 595P   8073
4.217094712022E1,5.749425857376E1,-2.865545314596E0,                 595P   8074
4.21362332167E1,5.752037669591E1,-2.790752651074E0,                  595P   8075
4.214412804893E1,5.75453483063E1,-2.710472417031E0,                  595P   8076
4.214523384653E1,5.754930669259E1,-2.697777853197E0,                 595P   8077
4.217815273225E1,5.762084524627E1,-2.465592192613E0,                 595P   8078
4.237353566947E1,5.770679830506E1,-2.153356131958E0,                 595P   8079
4.27812637057E1,5.780848995102E1,-1.746253747031E0,                  595P   8080
4.299499515787E1,5.786099711539E1,-1.535367212641E0,                 595P   8081
4.350065089286E1,5.797938497196E1,-1.054810208617E0,                 595P   8082
4.386341575728E1,5.805252448587E1,-7.471705857248E-1,                595P   8083
4.424580111935E1,5.811849205413E1,-4.579151550275E-1,                595P   8084
4.462330950039E1,5.817449481845E1,-2.010637645532E-1,                595P   8085
4.501751412154E1,5.822425440071E1,3.970232754968E-2,                 595P   8086
5.377523397657E1,7.200000000007E1,-2.90382040413E0,                  595P   8087
5.371445003141E1,7.200242765193E1,-2.909155778395E0,                 595P   8088
5.365371989298E1,7.200492121702E1,-2.914272212862E0,                 595P   8089
5.359286928705E1,7.200723194367E1,-2.919989824459E0,                 595P   8090
5.352463753666E1,7.201019227785E1,-2.925238600429E0,                 595P   8091
5.345618745277E1,7.20126989487E1,-2.931961831548E0,                  595P   8092
5.344860846364E1,7.201309190175E1,-2.932343017719E0,                 595P   8093
5.335782080587E1,7.201771246741E1,-2.9371816437E0,                   595P   8094
5.327204594669E1,7.203130802845E1,-2.912702527397E0,                 595P   8095
5.321261474248E1,7.205032217393E1,-2.865545316361E0,                 595P   8096
5.317790083896E1,7.207644029609E1,-2.79075265284E0,                  595P   8097
5.318579567119E1,7.210141190648E1,-2.710472418796E0,                 595P   8098
5.318690146879E1,7.210537029277E1,-2.697777854963E0,                 595P   8099
5.321982035451E1,7.217690884645E1,-2.465592194379E0,                 595P   8100
5.341520329173E1,7.226286190524E1,-2.153356133724E0,                 595P   8101
5.382293132795E1,7.23645535512E1,-1.746253748797E0,                  595P   8102
5.403666278013E1,7.241706071557E1,-1.535367214405E0,                 595P   8103
5.454231851512E1,7.253544857213E1,-1.054810210382E0,                 595P   8104
5.490508337954E1,7.260858808605E1,-7.471705874901E-1,                595P   8105
5.528746874161E1,7.267455565431E1,-4.57915156793E-1,                 595P   8106
5.566497712265E1,7.273055841862E1,-2.010637663182E-1,                595P   8107
5.60591817438E1,7.278031800089E1,3.970232578467E-2,0E0,              595P   8108
4.84137640337E0,1.988175849931E0,9.333879317309E1;                   595P   8109
508,4,                                                               597P   8110
0,407,77,0,0,0,407,12,0,0,                                           597P   8111
0,407,78,1,0,0,407,69,1,0;                                           597P   8112
508,4,                                                               599P   8113
0,407,79,0,0,0,407,80,1,0,                                           599P   8114
0,407,81,1,0,0,407,82,1,0;                                           599P   8115
508,4,                                                               601P   8116
0,407,83,0,0,0,407,84,1,0,                                           601P   8117
0,407,85,1,0,0,407,86,0,0;                                           601P   8118
508,4,                                                               603P   8119
0,407,87,0,0,0,407,88,1,0,                                           603P   8120
0,407,89,1,0,0,407,90,0,0;                                           603P   8121
508,4,                                                               605P   8122
0,407,91,0,0,0,407,92,1,0,                                           605P   8123
0,407,93,1,0,0,407,94,1,0;                                           605P   8124
508,4,                                                               607P   8125
0,407,95,0,0,0,407,96,1,0,                                           607P   8126
0,407,97,1,0,0,407,98,1,0;                                           607P   8127
510,595,6,1,597,599,601,603,605,607,                                 609P   8128
0,1,593;                                                             609P   8129
406,1,4HSLAT;                                                        611P   8130
128,1,1,1,1,0,0,1,0,0,0E0,0E0,1.084612688641E2,1.084612688641E2,     613P   8131
0E0,0E0,4.402151200653E-2,4.402151200653E-2,1E0,1E0,1E0,1E0,         613P   8132
-4.634812606765E0,-7.2E0,7.523139430748E-2,6.091445874898E1,         613P   8133
7.921261405804E1,7.523138382961E-2,-4.618183684645E0,                613P   8134
-7.212614058036E0,3.647242104552E-2,6.09310876711E1,7.92E1,          613P   8135
3.647241056765E-2,0E0,1.084612688641E2,0E0,4.402151200653E-2;        613P   8136
508,4,                                                               615P   8137
0,407,70,0,0,0,407,78,0,0,                                           615P   8138
0,407,13,1,0,0,407,74,1,0;                                           615P   8139
510,613,1,1,615,                                                     617P   8140
0,1,611;                                                             617P   8141
406,1,13HSLAT_BRACKETS;                                              619P   8142
128,1,1,1,1,0,0,1,0,0,0E0,0E0,1E0,1E0,0E0,0E0,1E0,1E0,1E0,1E0,       621P   8143
1E0,1E0,4.929507738292E1,6.505913041901E1,-1.503881613261E0,         621P   8144
4.85718944488E1,6.56077080792E1,-1.822423834994E0,                   621P   8145
4.979473283186E1,6.57178198259E1,-1.503881613261E0,                  621P   8146
4.907154989774E1,6.626639748608E1,-1.822423834994E0,0E0,1E0,0E0,     621P   8147
1E0;                                                                 621P   8148
508,4,                                                               623P   8149
0,407,99,0,0,0,407,100,0,0,                                          623P   8150
0,407,101,1,0,0,407,80,0,0;                                          623P   8151
510,621,1,1,623,                                                     625P   8152
0,1,619;                                                             625P   8153
406,1,13HSLAT_BRACKETS;                                              627P   8154
128,1,1,1,1,0,0,1,0,0,0E0,0E0,1E0,1E0,0E0,0E0,2.725663317532E0,      629P   8155
2.725663317532E0,1E0,1E0,1E0,1E0,4.906414491003E1,                   629P   8156
6.523430656002E1,-1.605954327818E0,4.956380035897E1,                 629P   8157
6.58929959669E1,-1.605954327818E0,5.111215165062E1,                  629P   8158
6.368077052814E1,-6.996239748702E-1,5.161180709956E1,                629P   8159
6.433945993502E1,-6.996239748702E-1,0E0,1E0,0E0,                     629P   8160
2.725663317532E0;                                                    629P   8161
508,4,                                                               631P   8162
0,407,100,1,0,0,407,103,1,0,                                         631P   8163
0,407,43,0,0,0,407,102,0,0;                                          631P   8164
510,629,1,1,631,                                                     633P   8165
0,1,627;                                                             633P   8166
406,1,13HSLAT_BRACKETS;                                              635P   8167
128,1,1,1,1,0,0,1,0,0,0E0,0E0,1E0,1E0,0E0,0E0,1E0,1E0,1E0,1E0,       637P   8168
1E0,1E0,5.290349585242E1,6.232192843654E1,-1.003875451818E0,         637P   8169
5.340315130136E1,6.298061784342E1,-1.003875451818E0,                 637P   8170
5.21939247808E1,6.286018068205E1,-1.633496202021E0,                  637P   8171
5.269358022974E1,6.351887008893E1,-1.633496202021E0,0E0,1E0,0E0,     637P   8172
1E0;                                                                 637P   8173
508,4,                                                               639P   8174
0,407,45,1,0,0,407,106,1,0,                                          639P   8175
0,407,105,0,0,0,407,104,0,0;                                         639P   8176
510,637,1,1,639,                                                     641P   8177
0,1,635;                                                             641P   8178
406,1,13HSLAT_BRACKETS;                                              643P   8179
128,4,1,4,1,0,0,0,0,0,0E0,0E0,0E0,0E0,0E0,2.29325224708E-1,          645P   8180
2.29325224708E-1,2.29325224708E-1,2.29325224708E-1,                  645P   8181
2.29325224708E-1,0E0,0E0,1E0,1E0,1.006584560907E0,                   645P   8182
9.999891964286E-1,9.978195511261E-1,9.999891964286E-1,               645P   8183
1.006584560907E0,1.006584560907E0,9.999891964286E-1,                 645P   8184
9.978195511261E-1,9.999891964286E-1,1.006584560907E0,                645P   8185
5.213465460996E1,6.296999741732E1,-1.662477700207E0,                 645P   8186
5.217954056171E1,6.293594872891E1,-1.650878951889E0,                 645P   8187
5.222262101481E1,6.290326961958E1,-1.630778365713E0,                 645P   8188
5.22627705777E1,6.28728137664E1,-1.60270102971E0,                    645P   8189
5.229894042251E1,6.284537676824E1,-1.56738040871E0,                  645P   8190
5.257185312778E1,6.354635064834E1,-1.662477700207E0,                 645P   8191
5.261673907953E1,6.351230195993E1,-1.650878951889E0,                 645P   8192
5.265981953264E1,6.347962285061E1,-1.630778365713E0,                 645P   8193
5.269996909553E1,6.344916699742E1,-1.60270102971E0,                  645P   8194
5.273613894034E1,6.342172999926E1,-1.56738040871E0,0E0,              645P   8195
2.29325224708E-1,0E0,1E0;                                            645P   8196
508,4,                                                               647P   8197
0,407,105,1,0,0,407,109,1,0,                                         647P   8198
0,407,108,0,0,0,407,107,0,0;                                         647P   8199
510,645,1,1,647,                                                     649P   8200
0,1,643;                                                             649P   8201
406,1,13HSLAT_BRACKETS;                                              651P   8202
128,1,1,1,1,0,0,1,0,0,0E0,0E0,1E0,1E0,0E0,0E0,4.66687724676E0,       653P   8203
4.66687724676E0,1E0,1E0,1E0,1E0,5.242340894708E1,                    653P   8204
6.268610316853E1,-1.558483248843E0,5.292306439602E1,                 653P   8205
6.334479257542E1,-1.558483248843E0,4.882546768584E1,                 653P   8206
6.541535755972E1,-2.735654597969E0,4.932512313478E1,                 653P   8207
6.60740469666E1,-2.735654597969E0,0E0,1E0,0E0,4.66687724676E0;       653P   8208
508,4,                                                               655P   8209
0,407,108,1,0,0,407,112,1,0,                                         655P   8210
0,407,111,0,0,0,407,110,0,0;                                         655P   8211
510,653,1,1,655,                                                     657P   8212
0,1,651;                                                             657P   8213
406,1,13HSLAT_BRACKETS;                                              659P   8214
128,1,4,1,4,0,0,0,0,0,0E0,0E0,1E0,1E0,0E0,0E0,0E0,0E0,0E0,           661P   8215
1.099626673266E-1,1.099626673266E-1,1.099626673266E-1,               661P   8216
1.099626673266E-1,1.099626673266E-1,1.000377904078E0,                661P   8217
1.000377904078E0,9.999999643039E-1,9.999999643039E-1,                661P   8218
9.99874079569E-1,9.99874079569E-1,9.999999643039E-1,                 661P   8219
9.999999643039E-1,1.000377904078E0,1.000377904078E0,                 661P   8220
4.917203804007E1,6.52173198986E1,-2.632689460288E0,                  661P   8221
4.96092365579E1,6.579367312963E1,-2.632689460288E0,                  661P   8222
4.915073340358E1,6.523348074407E1,-2.639089612672E0,                 661P   8223
4.958793192141E1,6.580983397509E1,-2.639089612672E0,                 661P   8224
4.91296263938E1,6.524949167781E1,-2.646466634756E0,                  661P   8225
4.956682491163E1,6.582584490883E1,-2.646466634756E0,                 661P   8226
4.910874890137E1,6.526532850886E1,-2.654809380579E0,                 661P   8227
4.954594741919E1,6.584168173988E1,-2.654809380579E0,                 661P   8228
4.908813247014E1,6.528096730932E1,-2.664105245065E0,                 661P   8229
4.952533098797E1,6.585732054034E1,-2.664105245065E0,0E0,1E0,0E0,     661P   8230
1.099626673266E-1;                                                   661P   8231
508,4,                                                               663P   8232
0,407,113,0,0,0,407,114,1,0,                                         663P   8233
0,407,111,1,0,0,407,115,0,0;                                         663P   8234
510,661,1,1,663,                                                     665P   8235
0,1,659;                                                             665P   8236
406,1,13HSLAT_BRACKETS;                                              667P   8237
128,1,1,1,1,0,0,1,0,0,0E0,0E0,1E0,1E0,0E0,0E0,1E0,1E0,1E0,1E0,       669P   8238
1E0,1E0,4.843361365371E1,6.571260236174E1,-2.938618709129E0,         669P   8239
4.91196068705E1,6.519223533423E1,-2.636457536538E0,                  669P   8240
4.893326910265E1,6.637129176862E1,-2.938618709129E0,                 669P   8241
4.961926231945E1,6.585092474111E1,-2.636457536538E0,0E0,1E0,0E0,     669P   8242
1E0;                                                                 669P   8243
508,4,                                                               671P   8244
0,407,116,1,0,0,407,113,1,0,                                         671P   8245
0,407,117,0,0,0,407,82,0,0;                                          671P   8246
510,669,1,1,671,                                                     673P   8247
0,1,667;                                                             673P   8248
406,1,13HSLAT_BRACKETS;                                              675P   8249
128,1,1,1,1,0,0,1,0,0,0E0,0E0,7.018312629983E0,7.018312629983E0,     677P   8250
0E0,0E0,1E0,1E0,1E0,1E0,1E0,1E0,5.344703480994E1,                    677P   8251
6.199609718577E1,-1.439125150295E0,4.803624826885E1,                 677P   8252
6.610050352673E1,-3.209421669871E0,5.313515971674E1,                 677P   8253
6.223267316237E1,6.259699957832E-2,4.772437317565E1,                 677P   8254
6.633707950333E1,-1.707699519998E0,0E0,7.018312629983E0,0E0,1E0;     677P   8255
508,9,                                                               679P   8256
0,407,101,0,0,0,407,102,1,0,                                         679P   8257
0,407,46,1,0,0,407,104,1,0,                                          679P   8258
0,407,107,1,0,0,407,110,1,0,                                         679P   8259
0,407,114,0,0,0,407,116,0,0,                                         679P   8260
0,407,81,0,0;                                                        679P   8261
510,677,1,1,679,                                                     681P   8262
0,1,675;                                                             681P   8263
406,1,13HSLAT_BRACKETS;                                              683P   8264
128,1,1,1,1,0,0,1,0,0,0E0,0E0,1E0,1E0,0E0,0E0,7.018311668765E0,      685P   8265
7.018311668765E0,1E0,1E0,1E0,1E0,5.38634142827E1,                    685P   8266
6.254500507645E1,-1.439125140247E0,5.355153919634E1,                 685P   8267
6.278158104785E1,6.259697662333E-2,4.845262848266E1,                 685P   8268
6.664941085528E1,-3.209421417366E0,4.814075339631E1,                 685P   8269
6.688598682668E1,-1.707699300496E0,0E0,1E0,0E0,7.018311668765E0;     685P   8270
508,9,                                                               687P   8271
0,407,99,1,0,0,407,79,1,0,                                           687P   8272
0,407,117,1,0,0,407,115,1,0,                                         687P   8273
0,407,112,0,0,0,407,109,0,0,                                         687P   8274
0,407,106,0,0,0,407,44,0,0,                                          687P   8275
0,407,103,0,0;                                                       687P   8276
510,685,1,1,687,                                                     689P   8277
0,1,683;                                                             689P   8278
406,1,13HSLAT_BRACKETS;                                              691P   8279
128,1,1,1,1,0,0,1,0,0,0E0,0E0,1E0,1E0,0E0,0E0,1E0,1E0,1E0,1E0,       693P   8280
1E0,1E0,4.067678360129E1,5.369774105047E1,-1.503881067308E0,         693P   8281
3.995358579353E1,5.424632999321E1,-1.822429840473E0,                 693P   8282
4.117643905024E1,5.435643045736E1,-1.503881067308E0,                 693P   8283
4.045324124247E1,5.490501940009E1,-1.822429840473E0,0E0,1E0,0E0,     693P   8284
1E0;                                                                 693P   8285
508,4,                                                               695P   8286
0,407,118,0,0,0,407,119,0,0,                                         695P   8287
0,407,120,1,0,0,407,92,0,0;                                          695P   8288
510,693,1,1,695,                                                     697P   8289
0,1,691;                                                             697P   8290
406,1,13HSLAT_BRACKETS;                                              699P   8291
128,1,1,1,1,0,0,1,0,0,0E0,0E0,1E0,1E0,0E0,0E0,2.725663317532E0,      701P   8292
2.725663317532E0,1E0,1E0,1E0,1E0,4.044584988893E1,                   701P   8293
5.387291813169E1,-1.605954327818E0,4.094550533787E1,                 701P   8294
5.453160753858E1,-1.605954327818E0,4.249385662952E1,                 701P   8295
5.231938209981E1,-6.996239748702E-1,4.299351207846E1,                701P   8296
5.297807150669E1,-6.996239748702E-1,0E0,1E0,0E0,                     701P   8297
2.725663317532E0;                                                    701P   8298
508,4,                                                               703P   8299
0,407,119,1,0,0,407,122,1,0,                                         703P   8300
0,407,48,0,0,0,407,121,0,0;                                          703P   8301
510,701,1,1,703,                                                     705P   8302
0,1,699;                                                             705P   8303
406,1,13HSLAT_BRACKETS;                                              707P   8304
128,1,1,1,1,0,0,1,0,0,0E0,0E0,1E0,1E0,0E0,0E0,1E0,1E0,1E0,1E0,       709P   8305
1E0,1E0,4.428520083132E1,5.096054000821E1,-1.003875451818E0,         709P   8306
4.478485628026E1,5.161922941509E1,-1.003875451818E0,                 709P   8307
4.35756297597E1,5.149879225372E1,-1.633496202021E0,                  709P   8308
4.407528520864E1,5.21574816606E1,-1.633496202021E0,0E0,1E0,0E0,      709P   8309
1E0;                                                                 709P   8310
508,4,                                                               711P   8311
0,407,50,1,0,0,407,125,1,0,                                          711P   8312
0,407,124,0,0,0,407,123,0,0;                                         711P   8313
510,709,1,1,711,                                                     713P   8314
0,1,707;                                                             713P   8315
406,1,13HSLAT_BRACKETS;                                              715P   8316
128,4,1,4,1,0,0,0,0,0,0E0,0E0,0E0,0E0,0E0,2.293252247081E-1,         717P   8317
2.293252247081E-1,2.293252247081E-1,2.293252247081E-1,               717P   8318
2.293252247081E-1,0E0,0E0,1E0,1E0,1.006584560907E0,                  717P   8319
9.999891964286E-1,9.978195511261E-1,9.999891964286E-1,               717P   8320
1.006584560907E0,1.006584560907E0,9.999891964286E-1,                 717P   8321
9.978195511261E-1,9.999891964286E-1,1.006584560907E0,                717P   8322
4.351635958886E1,5.160860898899E1,-1.662477700207E0,                 717P   8323
4.356124554061E1,5.157456030058E1,-1.650878951889E0,                 717P   8324
4.360432599371E1,5.154188119126E1,-1.630778365713E0,                 717P   8325
4.36444755566E1,5.151142533807E1,-1.60270102971E0,                   717P   8326
4.368064540141E1,5.148398833991E1,-1.56738040871E0,                  717P   8327
4.395355810668E1,5.218496222001E1,-1.662477700207E0,                 717P   8328
4.399844405844E1,5.21509135316E1,-1.650878951889E0,                  717P   8329
4.404152451154E1,5.211823442228E1,-1.630778365713E0,                 717P   8330
4.408167407443E1,5.20877785691E1,-1.60270102971E0,                   717P   8331
4.411784391924E1,5.206034157093E1,-1.56738040871E0,0E0,              717P   8332
2.293252247081E-1,0E0,1E0;                                           717P   8333
508,4,                                                               719P   8334
0,407,124,1,0,0,407,128,1,0,                                         719P   8335
0,407,127,0,0,0,407,126,0,0;                                         719P   8336
510,717,1,1,719,                                                     721P   8337
0,1,715;                                                             721P   8338
406,1,13HSLAT_BRACKETS;                                              723P   8339
128,1,1,1,1,0,0,1,0,0,0E0,0E0,1E0,1E0,0E0,0E0,4.66687724676E0,       725P   8340
4.66687724676E0,1E0,1E0,1E0,1E0,4.380511392598E1,                    725P   8341
5.132471474021E1,-1.558483248843E0,4.430476937492E1,                 725P   8342
5.198340414709E1,-1.558483248843E0,4.020717266474E1,                 725P   8343
5.405396913139E1,-2.735654597969E0,4.070682811368E1,                 725P   8344
5.471265853827E1,-2.735654597969E0,0E0,1E0,0E0,4.66687724676E0;      725P   8345
508,4,                                                               727P   8346
0,407,127,1,0,0,407,131,1,0,                                         727P   8347
0,407,130,0,0,0,407,129,0,0;                                         727P   8348
510,725,1,1,727,                                                     729P   8349
0,1,723;                                                             729P   8350
406,1,13HSLAT_BRACKETS;                                              731P   8351
128,1,4,1,4,0,0,0,0,0,0E0,0E0,1E0,1E0,0E0,0E0,0E0,0E0,0E0,           733P   8352
1.099626673266E-1,1.099626673266E-1,1.099626673266E-1,               733P   8353
1.099626673266E-1,1.099626673266E-1,1.000377904078E0,                733P   8354
1.000377904078E0,9.999999643039E-1,9.999999643039E-1,                733P   8355
9.99874079569E-1,9.99874079569E-1,9.999999643039E-1,                 733P   8356
9.999999643039E-1,1.000377904078E0,1.000377904078E0,                 733P   8357
4.055374301898E1,5.385593147028E1,-2.632689460288E0,                 733P   8358
4.09909415368E1,5.44322847013E1,-2.632689460288E0,                   733P   8359
4.053243838248E1,5.387209231574E1,-2.639089612672E0,                 733P   8360
4.096963690031E1,5.444844554676E1,-2.639089612672E0,                 733P   8361
4.05113313727E1,5.388810324948E1,-2.646466634756E0,                  733P   8362
4.094852989053E1,5.44644564805E1,-2.646466634756E0,                  733P   8363
4.049045388027E1,5.390394008053E1,-2.654809380579E0,                 733P   8364
4.09276523981E1,5.448029331156E1,-2.654809380579E0,                  733P   8365
4.046983744904E1,5.391957888099E1,-2.664105245065E0,                 733P   8366
4.090703596687E1,5.449593211202E1,-2.664105245065E0,0E0,1E0,0E0,     733P   8367
1.099626673266E-1;                                                   733P   8368
508,4,                                                               735P   8369
0,407,132,0,0,0,407,133,1,0,                                         735P   8370
0,407,130,1,0,0,407,134,0,0;                                         735P   8371
510,733,1,1,735,                                                     737P   8372
0,1,731;                                                             737P   8373
406,1,13HSLAT_BRACKETS;                                              739P   8374
128,1,1,1,1,0,0,1,0,0,0E0,0E0,1E0,1E0,0E0,0E0,1E0,1E0,1E0,1E0,       741P   8375
1E0,1E0,3.981528482161E1,5.435123958108E1,-2.938633601945E0,         741P   8376
4.050131492313E1,5.38308445743E1,-2.636456182646E0,                  741P   8377
4.031494027056E1,5.500992898797E1,-2.938633601945E0,                 741P   8378
4.100097037208E1,5.448953398118E1,-2.636456182646E0,0E0,1E0,0E0,     741P   8379
1E0;                                                                 741P   8380
508,4,                                                               743P   8381
0,407,94,0,0,0,407,135,1,0,                                          743P   8382
0,407,132,1,0,0,407,136,0,0;                                         743P   8383
510,741,1,1,743,                                                     745P   8384
0,1,739;                                                             745P   8385
406,1,13HSLAT_BRACKETS;                                              747P   8386
128,1,1,1,1,0,0,1,0,0,0E0,0E0,7.018366414529E0,7.018366414529E0,     749P   8387
0E0,0E0,1E0,1E0,1E0,1E0,1E0,1E0,4.48287439892E1,                     749P   8388
5.063470557123E1,-1.439127606589E0,3.941791598277E1,                 749P   8389
5.473914336613E1,-3.209437692759E0,4.451686808337E1,                 749P   8390
5.087128216425E1,6.259845620449E-2,3.910604007694E1,                 749P   8391
5.497571995916E1,-1.707711629965E0,0E0,7.018366414529E0,0E0,1E0;     749P   8392
508,9,                                                               751P   8393
0,407,120,0,0,0,407,121,1,0,                                         751P   8394
0,407,47,1,0,0,407,123,1,0,                                          751P   8395
0,407,126,1,0,0,407,129,1,0,                                         751P   8396
0,407,133,0,0,0,407,135,0,0,                                         751P   8397
0,407,93,0,0;                                                        751P   8398
510,749,1,1,751,                                                     753P   8399
0,1,747;                                                             753P   8400
406,1,13HSLAT_BRACKETS;                                              755P   8401
128,1,1,1,1,0,0,1,0,0,0E0,0E0,1E0,1E0,0E0,0E0,7.018365799568E0,      757P   8402
7.018365799568E0,1E0,1E0,1E0,1E0,4.524512349048E1,                   757P   8403
5.118361344026E1,-1.439127619516E0,4.493324758465E1,                 757P   8404
5.142019003329E1,6.259844327803E-2,3.983429595816E1,                 757P   8405
5.528805087553E1,-3.209437550568E0,3.952242005232E1,                 757P   8406
5.552462746856E1,-1.707711487774E0,0E0,1E0,0E0,7.018365799568E0;     757P   8407
508,9,                                                               759P   8408
0,407,118,1,0,0,407,91,1,0,                                          759P   8409
0,407,136,1,0,0,407,134,1,0,                                         759P   8410
0,407,131,0,0,0,407,128,0,0,                                         759P   8411
0,407,125,0,0,0,407,49,0,0,                                          759P   8412
0,407,122,0,0;                                                       759P   8413
510,757,1,1,759,                                                     761P   8414
0,1,755;                                                             761P   8415
406,1,13HSLAT_BRACKETS;                                              763P   8416
128,1,1,1,1,0,0,1,0,0,0E0,0E0,1E0,1E0,0E0,0E0,1E0,1E0,1E0,1E0,       765P   8417
1E0,1E0,3.205837125971E1,4.233619058584E1,-1.503879503333E0,         765P   8418
3.133513084385E1,4.288481184938E1,-1.822447044196E0,                 765P   8419
3.255802670865E1,4.299487999272E1,-1.503879503333E0,                 765P   8420
3.183478629279E1,4.354350125626E1,-1.822447044196E0,0E0,1E0,0E0,     765P   8421
1E0;                                                                 765P   8422
508,4,                                                               767P   8423
0,407,137,0,0,0,407,138,0,0,                                         767P   8424
0,407,139,1,0,0,407,96,0,0;                                          767P   8425
510,765,1,1,767,                                                     769P   8426
0,1,763;                                                             769P   8427
406,1,13HSLAT_BRACKETS;                                              771P   8428
128,1,1,1,1,0,0,1,0,0,0E0,0E0,1E0,1E0,0E0,0E0,2.725663317532E0,      773P   8429
2.725663317532E0,1E0,1E0,1E0,1E0,3.182743399667E1,                   773P   8430
4.251137036046E1,-1.605954327818E0,3.232708944561E1,                 773P   8431
4.317005976734E1,-1.605954327818E0,3.387544073726E1,                 773P   8432
4.095783432858E1,-6.996239748702E-1,3.437509618621E1,                773P   8433
4.161652373546E1,-6.996239748702E-1,0E0,1E0,0E0,                     773P   8434
2.725663317532E0;                                                    773P   8435
508,4,                                                               775P   8436
0,407,138,1,0,0,407,141,1,0,                                         775P   8437
0,407,52,0,0,0,407,140,0,0;                                          775P   8438
510,773,1,1,775,                                                     777P   8439
0,1,771;                                                             777P   8440
406,1,13HSLAT_BRACKETS;                                              779P   8441
128,1,1,1,1,0,0,1,0,0,0E0,0E0,1E0,1E0,0E0,0E0,1E0,1E0,1E0,1E0,       781P   8442
1E0,1E0,3.566678493906E1,3.959899223697E1,-1.003875451818E0,         781P   8443
3.616644038801E1,4.025768164386E1,-1.003875451818E0,                 781P   8444
3.495721386744E1,4.013724448248E1,-1.633496202021E0,                 781P   8445
3.545686931638E1,4.079593388937E1,-1.633496202021E0,0E0,1E0,0E0,     781P   8446
1E0;                                                                 781P   8447
508,4,                                                               783P   8448
0,407,54,1,0,0,407,144,1,0,                                          783P   8449
0,407,143,0,0,0,407,142,0,0;                                         783P   8450
510,781,1,1,783,                                                     785P   8451
0,1,779;                                                             785P   8452
406,1,13HSLAT_BRACKETS;                                              787P   8453
128,4,1,4,1,0,0,0,0,0,0E0,0E0,0E0,0E0,0E0,2.293252247081E-1,         789P   8454
2.293252247081E-1,2.293252247081E-1,2.293252247081E-1,               789P   8455
2.293252247081E-1,0E0,0E0,1E0,1E0,1.006584560907E0,                  789P   8456
9.999891964286E-1,9.978195511261E-1,9.999891964286E-1,               789P   8457
1.006584560907E0,1.006584560907E0,9.999891964286E-1,                 789P   8458
9.978195511261E-1,9.999891964286E-1,1.006584560907E0,                789P   8459
3.48979436966E1,4.024706121775E1,-1.662477700207E0,                  789P   8460
3.494282964835E1,4.021301252934E1,-1.650878951889E0,                 789P   8461
3.498591010146E1,4.018033342002E1,-1.630778365713E0,                 789P   8462
3.502605966434E1,4.014987756684E1,-1.60270102971E0,                  789P   8463
3.506222950915E1,4.012244056867E1,-1.56738040871E0,                  789P   8464
3.533514221443E1,4.082341444878E1,-1.662477700207E0,                 789P   8465
3.538002816618E1,4.078936576037E1,-1.650878951889E0,                 789P   8466
3.542310861928E1,4.075668665105E1,-1.630778365713E0,                 789P   8467
3.546325818217E1,4.072623079786E1,-1.60270102971E0,                  789P   8468
3.549942802698E1,4.06987937997E1,-1.56738040871E0,0E0,               789P   8469
2.293252247081E-1,0E0,1E0;                                           789P   8470
508,4,                                                               791P   8471
0,407,143,1,0,0,407,147,1,0,                                         791P   8472
0,407,146,0,0,0,407,145,0,0;                                         791P   8473
510,789,1,1,791,                                                     793P   8474
0,1,787;                                                             793P   8475
406,1,13HSLAT_BRACKETS;                                              795P   8476
128,1,1,1,1,0,0,1,0,0,0E0,0E0,1E0,1E0,0E0,0E0,4.66687724676E0,       797P   8477
4.66687724676E0,1E0,1E0,1E0,1E0,3.518669803372E1,                    797P   8478
3.996316696897E1,-1.558483248843E0,3.568635348266E1,                 797P   8479
4.062185637585E1,-1.558483248843E0,3.158875677248E1,                 797P   8480
4.269242136015E1,-2.735654597969E0,3.208841222143E1,                 797P   8481
4.335111076704E1,-2.735654597969E0,0E0,1E0,0E0,4.66687724676E0;      797P   8482
508,4,                                                               799P   8483
0,407,146,1,0,0,407,150,1,0,                                         799P   8484
0,407,149,0,0,0,407,148,0,0;                                         799P   8485
510,797,1,1,799,                                                     801P   8486
0,1,795;                                                             801P   8487
406,1,13HSLAT_BRACKETS;                                              803P   8488
128,1,4,1,4,0,0,0,0,0,0E0,0E0,1E0,1E0,0E0,0E0,0E0,0E0,0E0,           805P   8489
1.099626673265E-1,1.099626673265E-1,1.099626673265E-1,               805P   8490
1.099626673265E-1,1.099626673265E-1,1.000377904078E0,                805P   8491
1.000377904078E0,9.999999643039E-1,9.999999643039E-1,                805P   8492
9.99874079569E-1,9.99874079569E-1,9.999999643039E-1,                 805P   8493
9.999999643039E-1,1.000377904078E0,1.000377904078E0,                 805P   8494
3.193532712672E1,4.249438369904E1,-2.632689460288E0,                 805P   8495
3.237252564455E1,4.307073693006E1,-2.632689460288E0,                 805P   8496
3.191402249022E1,4.25105445445E1,-2.639089612672E0,                  805P   8497
3.235122100805E1,4.308689777553E1,-2.639089612672E0,                 805P   8498
3.189291548044E1,4.252655547824E1,-2.646466634756E0,                 805P   8499
3.233011399827E1,4.310290870927E1,-2.646466634756E0,                 805P   8500
3.187203798801E1,4.25423923093E1,-2.654809380579E0,                  805P   8501
3.230923650584E1,4.311874554032E1,-2.654809380579E0,                 805P   8502
3.185142155679E1,4.255803110976E1,-2.664105245065E0,                 805P   8503
3.228862007461E1,4.313438434078E1,-2.664105245065E0,0E0,1E0,0E0,     805P   8504
1.099626673265E-1;                                                   805P   8505
508,4,                                                               807P   8506
0,407,151,0,0,0,407,152,1,0,                                         807P   8507
0,407,149,1,0,0,407,153,0,0;                                         807P   8508
510,805,1,1,807,                                                     809P   8509
0,1,803;                                                             809P   8510
406,1,13HSLAT_BRACKETS;                                              811P   8511
128,1,1,1,1,0,0,1,0,0,0E0,0E0,1E0,1E0,0E0,0E0,1E0,1E0,1E0,1E0,       813P   8512
1E0,1E0,3.119686892935E1,4.298969180985E1,-2.938633601945E0,         813P   8513
3.188289903087E1,4.246929680306E1,-2.636456182646E0,                 813P   8514
3.16965243783E1,4.364838121673E1,-2.938633601945E0,                  813P   8515
3.238255447982E1,4.312798620995E1,-2.636456182646E0,0E0,1E0,0E0,     813P   8516
1E0;                                                                 813P   8517
508,4,                                                               815P   8518
0,407,98,0,0,0,407,154,1,0,                                          815P   8519
0,407,151,1,0,0,407,155,0,0;                                         815P   8520
510,813,1,1,815,                                                     817P   8521
0,1,811;                                                             817P   8522
406,1,13HSLAT_BRACKETS;                                              819P   8523
128,1,1,1,1,0,0,1,0,0,0E0,0E0,7.018379703347E0,7.018379703347E0,     821P   8524
0E0,0E0,1E0,1E0,1E0,1E0,1E0,1E0,3.62103289507E1,                     821P   8525
3.927315715237E1,-1.439127327258E0,3.079949069922E1,                 821P   8526
4.337760271876E1,-3.209440765395E0,3.589845304486E1,                 821P   8527
3.950973374539E1,6.259873553503E-2,3.048761479339E1,                 821P   8528
4.361417931178E1,-1.707714702601E0,0E0,7.018379703347E0,0E0,1E0;     821P   8529
508,9,                                                               823P   8530
0,407,139,0,0,0,407,140,1,0,                                         823P   8531
0,407,51,1,0,0,407,142,1,0,                                          823P   8532
0,407,145,1,0,0,407,148,1,0,                                         823P   8533
0,407,152,0,0,0,407,154,0,0,                                         823P   8534
0,407,97,0,0;                                                        823P   8535
510,821,1,1,823,                                                     825P   8536
0,1,819;                                                             825P   8537
406,1,13HSLAT_BRACKETS;                                              827P   8538
128,1,1,1,1,0,0,1,0,0,0E0,0E0,1E0,1E0,0E0,0E0,7.018378528629E0,      829P   8539
7.018378528629E0,1E0,1E0,1E0,1E0,3.662670841601E1,                   829P   8540
3.982206504868E1,-1.439127351951E0,3.631483251018E1,                 829P   8541
4.005864164171E1,6.259871084247E-2,3.121587107019E1,                 829P   8542
4.392650992808E1,-3.209440493777E0,3.090399516436E1,                 829P   8543
4.416308652111E1,-1.707714430983E0,0E0,1E0,0E0,7.018378528629E0;     829P   8544
508,9,                                                               831P   8545
0,407,137,1,0,0,407,95,1,0,                                          831P   8546
0,407,155,1,0,0,407,153,1,0,                                         831P   8547
0,407,150,0,0,0,407,147,0,0,                                         831P   8548
0,407,144,0,0,0,407,53,0,0,                                          831P   8549
0,407,141,0,0;                                                       831P   8550
510,829,1,1,831,                                                     833P   8551
0,1,827;                                                             833P   8552
406,1,13HSLAT_BRACKETS;                                              835P   8553
128,1,1,1,1,0,0,1,0,0,0E0,0E0,1E0,1E0,0E0,0E0,1E0,1E0,1E0,1E0,       837P   8554
1E0,1E0,2.344001473153E1,3.097472329885E1,-1.503879975298E0,         837P   8555
2.271678717361E1,3.152333480887E1,-1.82244185259E0,                  837P   8556
2.393967018048E1,3.163341270573E1,-1.503879975298E0,                 837P   8557
2.321644262256E1,3.218202421575E1,-1.82244185259E0,0E0,1E0,0E0,      837P   8558
1E0;                                                                 837P   8559
508,4,                                                               839P   8560
0,407,156,0,0,0,407,157,0,0,                                         839P   8561
0,407,158,1,0,0,407,86,1,0;                                          839P   8562
510,837,1,1,839,                                                     841P   8563
0,1,835;                                                             841P   8564
406,1,13HSLAT_BRACKETS;                                              843P   8565
128,1,1,1,1,0,0,1,0,0,0E0,0E0,1E0,1E0,0E0,0E0,2.725663317532E0,      845P   8566
2.725663317532E0,1E0,1E0,1E0,1E0,2.320907853999E1,                   845P   8567
3.114990226068E1,-1.605954327818E0,2.370873398894E1,                 845P   8568
3.180859166756E1,-1.605954327818E0,2.525708528058E1,                 845P   8569
2.959636622879E1,-6.996239748702E-1,2.575674072953E1,                845P   8570
3.025505563568E1,-6.996239748702E-1,0E0,1E0,0E0,                     845P   8571
2.725663317532E0;                                                    845P   8572
508,4,                                                               847P   8573
0,407,157,1,0,0,407,160,1,0,                                         847P   8574
0,407,56,0,0,0,407,159,0,0;                                          847P   8575
510,845,1,1,847,                                                     849P   8576
0,1,843;                                                             849P   8577
406,1,13HSLAT_BRACKETS;                                              851P   8578
128,1,1,1,1,0,0,1,0,0,0E0,0E0,1E0,1E0,0E0,0E0,1E0,1E0,1E0,1E0,       853P   8579
1E0,1E0,2.704842989305E1,2.823752382568E1,-1.003875087421E0,         853P   8580
2.7548085342E1,2.889621323256E1,-1.003875087421E0,                   853P   8581
2.633885837343E1,2.877577641102E1,-1.633496235148E0,                 853P   8582
2.683851382237E1,2.943446581791E1,-1.633496235148E0,0E0,1E0,0E0,     853P   8583
1E0;                                                                 853P   8584
508,4,                                                               855P   8585
0,407,58,1,0,0,407,163,1,0,                                          855P   8586
0,407,162,0,0,0,407,161,0,0;                                         855P   8587
510,853,1,1,855,                                                     857P   8588
0,1,851;                                                             857P   8589
406,1,13HSLAT_BRACKETS;                                              859P   8590
128,4,1,4,1,0,0,0,0,0,0E0,0E0,0E0,0E0,0E0,2.29325224708E-1,          861P   8591
2.29325224708E-1,2.29325224708E-1,2.29325224708E-1,                  861P   8592
2.29325224708E-1,0E0,0E0,1E0,1E0,1.006584560907E0,                   861P   8593
9.999891964286E-1,9.978195511261E-1,9.999891964286E-1,               861P   8594
1.006584560907E0,1.006584560907E0,9.999891964286E-1,                 861P   8595
9.978195511261E-1,9.999891964286E-1,1.006584560907E0,                861P   8596
2.627958823992E1,2.888559311797E1,-1.662477700207E0,                 861P   8597
2.632447419167E1,2.885154442956E1,-1.650878951889E0,                 861P   8598
2.636755464478E1,2.881886532024E1,-1.630778365713E0,                 861P   8599
2.640770420767E1,2.878840946706E1,-1.60270102971E0,                  861P   8600
2.644387405248E1,2.876097246889E1,-1.56738040871E0,                  861P   8601
2.671678675775E1,2.9461946349E1,-1.662477700207E0,                   861P   8602
2.67616727095E1,2.942789766059E1,-1.650878951889E0,                  861P   8603
2.68047531626E1,2.939521855126E1,-1.630778365713E0,                  861P   8604
2.684490272549E1,2.936476269808E1,-1.60270102971E0,                  861P   8605
2.68810725703E1,2.933732569992E1,-1.56738040871E0,0E0,               861P   8606
2.29325224708E-1,0E0,1E0;                                            861P   8607
508,4,                                                               863P   8608
0,407,162,1,0,0,407,166,1,0,                                         863P   8609
0,407,165,0,0,0,407,164,0,0;                                         863P   8610
510,861,1,1,863,                                                     865P   8611
0,1,859;                                                             865P   8612
406,1,13HSLAT_BRACKETS;                                              867P   8613
128,1,1,1,1,0,0,1,0,0,0E0,0E0,1E0,1E0,0E0,0E0,4.66687724676E0,       869P   8614
4.66687724676E0,1E0,1E0,1E0,1E0,2.656834257704E1,                    869P   8615
2.860169886919E1,-1.558483248843E0,2.706799802599E1,                 869P   8616
2.926038827607E1,-1.558483248843E0,2.29704013158E1,                  869P   8617
3.133095326037E1,-2.735654597969E0,2.347005676475E1,                 869P   8618
3.198964266725E1,-2.735654597969E0,0E0,1E0,0E0,4.66687724676E0;      869P   8619
508,4,                                                               871P   8620
0,407,165,1,0,0,407,169,1,0,                                         871P   8621
0,407,168,0,0,0,407,167,0,0;                                         871P   8622
510,869,1,1,871,                                                     873P   8623
0,1,867;                                                             873P   8624
406,1,13HSLAT_BRACKETS;                                              875P   8625
128,1,4,1,4,0,0,0,0,0,0E0,0E0,1E0,1E0,0E0,0E0,0E0,0E0,0E0,           877P   8626
1.099626673265E-1,1.099626673265E-1,1.099626673265E-1,               877P   8627
1.099626673265E-1,1.099626673265E-1,1.000377904078E0,                877P   8628
1.000377904078E0,9.999999643039E-1,9.999999643039E-1,                877P   8629
9.99874079569E-1,9.99874079569E-1,9.999999643039E-1,                 877P   8630
9.999999643039E-1,1.000377904078E0,1.000377904078E0,                 877P   8631
2.331697167004E1,3.113291559926E1,-2.632689460288E0,                 877P   8632
2.375417018787E1,3.170926883028E1,-2.632689460288E0,                 877P   8633
2.329566703355E1,3.114907644472E1,-2.639089612672E0,                 877P   8634
2.373286555137E1,3.172542967575E1,-2.639089612672E0,                 877P   8635
2.327456002376E1,3.116508737846E1,-2.646466634756E0,                 877P   8636
2.371175854159E1,3.174144060948E1,-2.646466634756E0,                 877P   8637
2.325368253133E1,3.118092420952E1,-2.654809380579E0,                 877P   8638
2.369088104916E1,3.175727744054E1,-2.654809380579E0,                 877P   8639
2.323306610011E1,3.119656300998E1,-2.664105245065E0,                 877P   8640
2.367026461793E1,3.1772916241E1,-2.664105245065E0,0E0,1E0,0E0,       877P   8641
1.099626673265E-1;                                                   877P   8642
508,4,                                                               879P   8643
0,407,170,0,0,0,407,171,1,0,                                         879P   8644
0,407,168,1,0,0,407,172,0,0;                                         879P   8645
510,877,1,1,879,                                                     881P   8646
0,1,875;                                                             881P   8647
406,1,13HSLAT_BRACKETS;                                              883P   8648
128,1,1,1,1,0,0,1,0,0,0E0,0E0,1E0,1E0,0E0,0E0,1E0,1E0,1E0,1E0,       885P   8649
1E0,1E0,2.257851347268E1,3.162822371007E1,-2.938633601945E0,         885P   8650
2.326454357419E1,3.110782870328E1,-2.636456182646E0,                 885P   8651
2.307816892162E1,3.228691311695E1,-2.938633601945E0,                 885P   8652
2.376419902314E1,3.176651811016E1,-2.636456182646E0,0E0,1E0,0E0,     885P   8653
1E0;                                                                 885P   8654
508,4,                                                               887P   8655
0,407,84,0,0,0,407,173,1,0,                                          887P   8656
0,407,170,1,0,0,407,174,0,0;                                         887P   8657
510,885,1,1,887,                                                     889P   8658
0,1,883;                                                             889P   8659
406,1,13HSLAT_BRACKETS;                                              891P   8660
128,1,1,1,1,0,0,1,0,0,0E0,0E0,7.018386750752E0,7.018386750752E0,     893P   8661
0E0,0E0,1E0,1E0,1E0,1E0,1E0,1E0,2.759197394679E1,                    893P   8662
2.791168870913E1,-1.439127179122E0,2.218113026209E1,                 893P   8663
3.201613839694E1,-3.209442394893E0,2.728009804095E1,                 893P   8664
2.814826530216E1,6.259888367126E-2,2.186925435626E1,                 893P   8665
3.225271498997E1,-1.7077163321E0,0E0,7.018386750752E0,0E0,1E0;       893P   8666
508,9,                                                               895P   8667
0,407,158,0,0,0,407,159,1,0,                                         895P   8668
0,407,55,1,0,0,407,161,1,0,                                          895P   8669
0,407,164,1,0,0,407,167,1,0,                                         895P   8670
0,407,171,0,0,0,407,173,0,0,                                         895P   8671
0,407,83,1,0;                                                        895P   8672
510,893,1,1,895,                                                     897P   8673
0,1,891;                                                             897P   8674
406,1,13HSLAT_BRACKETS;                                              899P   8675
128,1,1,1,1,0,0,1,0,0,0E0,0E0,1E0,1E0,0E0,0E0,7.018386064986E0,      901P   8676
7.018386064986E0,1E0,1E0,1E0,1E0,2.800835344352E1,                   901P   8677
2.846059658162E1,-1.439127193537E0,2.769647753768E1,                 901P   8678
2.869717317465E1,6.259886925647E-2,2.259751028752E1,                 901P   8679
3.256504586839E1,-3.209442236331E0,2.228563438168E1,                 901P   8680
3.280162246141E1,-1.707716173537E0,0E0,1E0,0E0,7.018386064986E0;     901P   8681
508,9,                                                               903P   8682
0,407,156,1,0,0,407,85,0,0,                                          903P   8683
0,407,174,1,0,0,407,172,1,0,                                         903P   8684
0,407,169,0,0,0,407,166,0,0,                                         903P   8685
0,407,163,0,0,0,407,57,0,0,                                          903P   8686
0,407,160,0,0;                                                       903P   8687
510,901,1,1,903,                                                     905P   8688
0,1,899;                                                             905P   8689
406,1,13HSLAT_BRACKETS;                                              907P   8690
128,1,1,1,1,0,0,1,0,0,0E0,0E0,1E0,1E0,0E0,0E0,1E0,1E0,1E0,1E0,       909P   8691
1E0,1E0,6.203307200818E0,8.251784533353E0,-1.503878485337E0,         909P   8692
5.48003905121E0,8.800426834601E0,-1.822458242153E0,                  909P   8693
6.702962649763E0,8.910473940236E0,-1.503878485337E0,                 909P   8694
5.979694500155E0,9.459116241484E0,-1.822458242153E0,0E0,1E0,0E0,     909P   8695
1E0;                                                                 909P   8696
508,4,                                                               911P   8697
0,407,175,0,0,0,407,176,1,0,                                         911P   8698
0,407,90,1,0,0,407,177,0,0;                                          911P   8699
510,909,1,1,911,                                                     913P   8700
0,1,907;                                                             913P   8701
406,1,13HSLAT_BRACKETS;                                              915P   8702
128,1,1,1,1,0,0,1,0,0,0E0,0E0,1E0,1E0,0E0,0E0,2.725663722591E0,      917P   8703
2.725663722591E0,1E0,1E0,1E0,1E0,5.972367601272E0,                   917P   8704
8.426966080353E0,-1.605954339042E0,6.472023050217E0,                 917P   8705
9.085655487236E0,-1.605954339042E0,8.020374646217E0,                 917P   8706
6.8734298176E0,-6.99623851405E-1,8.520030095162E0,                   917P   8707
7.532119224484E0,-6.99623851405E-1,0E0,1E0,0E0,2.725663722591E0;     917P   8708
508,4,                                                               919P   8709
0,407,175,1,0,0,407,179,1,0,                                         919P   8710
0,407,61,0,0,0,407,178,0,0;                                          919P   8711
510,917,1,1,919,                                                     921P   8712
0,1,915;                                                             921P   8713
406,1,13HSLAT_BRACKETS;                                              923P   8714
128,1,1,1,1,0,0,1,0,0,0E0,0E0,1E0,1E0,0E0,0E0,1E0,1E0,1E0,1E0,       925P   8715
1E0,1E0,9.811718569027E0,5.51458793763E0,-1.003875451818E0,          925P   8716
1.031137401797E1,6.173277344513E0,-1.003875451818E0,                 925P   8717
9.102147497406E0,6.05284018314E0,-1.633496202021E0,                  925P   8718
9.601802946351E0,6.711529590024E0,-1.633496202021E0,0E0,1E0,0E0,     925P   8719
1E0;                                                                 925P   8720
508,4,                                                               927P   8721
0,407,59,1,0,0,407,182,1,0,                                          927P   8722
0,407,181,0,0,0,407,180,0,0;                                         927P   8723
510,925,1,1,927,                                                     929P   8724
0,1,923;                                                             929P   8725
406,1,13HSLAT_BRACKETS;                                              931P   8726
128,4,1,4,1,0,0,0,0,0,0E0,0E0,0E0,0E0,0E0,2.29325224708E-1,          933P   8727
2.29325224708E-1,2.29325224708E-1,2.29325224708E-1,                  933P   8728
2.29325224708E-1,0E0,0E0,1E0,1E0,1.006584560907E0,                   933P   8729
9.999891964286E-1,9.978195511261E-1,9.999891964286E-1,               933P   8730
1.006584560907E0,1.006584560907E0,9.999891964286E-1,                 933P   8731
9.978195511261E-1,9.999891964286E-1,1.006584560907E0,                933P   8732
9.042877326565E0,6.16265691841E0,-1.662477700207E0,                  933P   8733
9.087763278316E0,6.12860823E0,-1.650878951889E0,                     933P   8734
9.130843731421E0,6.095929120678E0,-1.630778365713E0,                 933P   8735
9.17099329431E0,6.065473267494E0,-1.60270102971E0,                   933P   8736
9.207163139119E0,6.038036269331E0,-1.56738040871E0,                  933P   8737
9.480075844392E0,6.739010149433E0,-1.662477700207E0,                 933P   8738
9.524961796143E0,6.704961461023E0,-1.650878951889E0,                 933P   8739
9.568042249248E0,6.672282351701E0,-1.630778365713E0,                 933P   8740
9.608191812136E0,6.641826498517E0,-1.60270102971E0,                  933P   8741
9.644361656946E0,6.614389500354E0,-1.56738040871E0,0E0,              933P   8742
2.29325224708E-1,0E0,1E0;                                            933P   8743
508,4,                                                               935P   8744
0,407,181,1,0,0,407,185,1,0,                                         935P   8745
0,407,184,0,0,0,407,183,0,0;                                         935P   8746
510,933,1,1,935,                                                     937P   8747
0,1,931;                                                             937P   8748
406,1,13HSLAT_BRACKETS;                                              939P   8749
128,1,1,1,1,0,0,1,0,0,0E0,0E0,1E0,1E0,0E0,0E0,4.66687724676E0,       941P   8750
4.66687724676E0,1E0,1E0,1E0,1E0,9.331631663686E0,                    941P   8751
5.878762669626E0,-1.558483248843E0,9.831287112631E0,                 941P   8752
6.537452076509E0,-1.558483248843E0,5.733690402446E0,                 941P   8753
8.608017060809E0,-2.735654597969E0,6.233345851391E0,                 941P   8754
9.266706467692E0,-2.735654597969E0,0E0,1E0,0E0,4.66687724676E0;      941P   8755
508,4,                                                               943P   8756
0,407,184,1,0,0,407,188,1,0,                                         943P   8757
0,407,187,0,0,0,407,186,0,0;                                         943P   8758
510,941,1,1,943,                                                     945P   8759
0,1,939;                                                             945P   8760
406,1,13HSLAT_BRACKETS;                                              947P   8761
128,1,4,1,4,0,0,0,0,0,0E0,0E0,1E0,1E0,0E0,0E0,0E0,0E0,0E0,           949P   8762
1.099626673266E-1,1.099626673266E-1,1.099626673266E-1,               949P   8763
1.099626673266E-1,1.099626673266E-1,1.000377904078E0,                949P   8764
1.000377904078E0,9.999999643039E-1,9.999999643039E-1,                949P   8765
9.99874079569E-1,9.99874079569E-1,9.999999643039E-1,                 949P   8766
9.999999643039E-1,1.000377904078E0,1.000377904078E0,                 949P   8767
6.080260756684E0,8.409979399698E0,-2.632689460288E0,                 949P   8768
6.517459274511E0,8.986332630721E0,-2.632689460288E0,                 949P   8769
6.058956120189E0,8.426140245161E0,-2.639089612672E0,                 949P   8770
6.496154638016E0,9.002493476184E0,-2.639089612672E0,                 949P   8771
6.037849110408E0,8.4421511789E0,-2.646466634756E0,                   949P   8772
6.475047628235E0,9.018504409922E0,-2.646466634756E0,                 949P   8773
6.016971617977E0,8.457988009953E0,-2.654809380579E0,                 949P   8774
6.454170135804E0,9.034341240976E0,-2.654809380579E0,                 949P   8775
5.996355186752E0,8.473626810413E0,-2.664105245065E0,                 949P   8776
6.433553704578E0,9.049980041436E0,-2.664105245065E0,0E0,1E0,0E0,     949P   8777
1.099626673266E-1;                                                   949P   8778
508,4,                                                               951P   8779
0,407,189,0,0,0,407,190,1,0,                                         951P   8780
0,407,187,1,0,0,407,191,0,0;                                         951P   8781
510,949,1,1,951,                                                     953P   8782
0,1,947;                                                             953P   8783
406,1,13HSLAT_BRACKETS;                                              955P   8784
128,1,1,1,1,0,0,1,0,0,0E0,0E0,1E0,1E0,0E0,0E0,1E0,1E0,1E0,1E0,       957P   8785
1E0,1E0,5.34180255932E0,8.905287510504E0,-2.938633601945E0,          957P   8786
6.027832660839E0,8.384892503719E0,-2.636456182646E0,                 957P   8787
5.841458008265E0,9.563976917387E0,-2.938633601945E0,                 957P   8788
6.527488109784E0,9.043581910602E0,-2.636456182646E0,0E0,1E0,0E0,     957P   8789
1E0;                                                                 957P   8790
508,4,                                                               959P   8791
0,407,88,0,0,0,407,192,1,0,                                          959P   8792
0,407,189,1,0,0,407,193,0,0;                                         959P   8793
510,957,1,1,959,                                                     961P   8794
0,1,955;                                                             961P   8795
406,1,13HSLAT_BRACKETS;                                              963P   8796
128,1,1,1,1,0,0,1,0,0,0E0,0E0,7.018418150579E0,7.018418150579E0,     965P   8797
0E0,0E0,1E0,1E0,1E0,1E0,1E0,1E0,1.035526505075E1,                    965P   8798
5.188750979316E0,-1.439126519099E0,4.944397158274E0,                 965P   8799
9.293219030179E0,-3.209449655151E0,1.004338914491E1,                 965P   8800
5.425327572344E0,6.259954369463E-2,4.632521252441E0,                 965P   8801
9.529795623207E0,-1.707723592357E0,0E0,7.018418150579E0,0E0,1E0;     965P   8802
508,9,                                                               967P   8803
0,407,87,1,0,0,407,176,0,0,                                          967P   8804
0,407,178,1,0,0,407,60,1,0,                                          967P   8805
0,407,180,1,0,0,407,183,1,0,                                         967P   8806
0,407,186,1,0,0,407,190,0,0,                                         967P   8807
0,407,192,0,0;                                                       967P   8808
510,965,1,1,967,                                                     969P   8809
0,1,963;                                                             969P   8810
406,1,13HSLAT_BRACKETS;                                              971P   8811
128,1,1,1,1,0,0,1,0,0,0E0,0E0,1E0,1E0,0E0,0E0,7.018417619115E0,      973P   8812
7.018417619115E0,1E0,1E0,1E0,1E0,1.077164455739E1,                   973P   8813
5.737658844286E0,-1.43912653027E0,1.045976865156E1,                  973P   8814
5.974235437314E0,6.259953252326E-2,5.360777074651E0,                 973P   8815
9.842126584341E0,-3.209449532265E0,5.048901168817E0,                 973P   8816
1.007870317737E1,-1.707723469472E0,0E0,1E0,0E0,7.018417619115E0;     973P   8817
508,9,                                                               975P   8818
0,407,89,0,0,0,407,193,1,0,                                          975P   8819
0,407,191,1,0,0,407,188,0,0,                                         975P   8820
0,407,185,0,0,0,407,182,0,0,                                         975P   8821
0,407,62,0,0,0,407,179,0,0,                                          975P   8822
0,407,177,1,0;                                                       975P   8823
510,973,1,1,975,                                                     977P   8824
0,1,971;                                                             977P   8825
406,1,4HFLAP;                                                        979P   8826
128,1,1,1,1,0,0,1,0,0,0E0,0E0,9.001895318656E0,9.001895318656E0,     981P   8827
0E0,0E0,1E0,1E0,1E0,1E0,1E0,1E0,6.019218822876E1,                    981P   8828
3.632866603612E1,-3.299136081434E0,5.266137618206E1,                 981P   8829
3.521399074276E1,1.504871436856E0,5.952273958615E1,                  981P   8830
3.685450148569E1,-4.226560966053E0,5.199192753946E1,                 981P   8831
3.573982619234E1,5.774465522375E-1,0E0,9.001895318656E0,0E0,1E0;     981P   8832
508,3,                                                               983P   8833
0,407,194,1,0,0,407,195,0,0,                                         983P   8834
0,407,196,1,0;                                                       983P   8835
510,981,1,1,983,                                                     985P   8836
0,1,979;                                                             985P   8837
406,1,4HFLAP;                                                        987P   8838
128,1,1,1,1,0,0,1,0,0,0E0,0E0,1E0,1E0,0E0,0E0,8.760254624854E0,      989P   8839
8.760254624854E0,1E0,1E0,1E0,1E0,2.767606396959E1,                   989P   8840
3.59651049968E0,5.330985187407E-1,2.843454216239E1,                  989P   8841
3.53043095725E0,1.663145693497E0,3.494149585041E1,                   989P   8842
4.386161678817E0,-4.297223591915E0,3.569997404322E1,                 989P   8843
4.320082136388E0,-3.167176417159E0,0E0,1E0,0E0,8.760254624854E0;     989P   8844
508,3,                                                               991P   8845
0,407,197,0,0,0,407,199,1,0,                                         991P   8846
0,407,198,0,0;                                                       991P   8847
510,989,1,1,991,                                                     993P   8848
0,1,987;                                                             993P   8849
406,1,4HFLAP;                                                        995P   8850
128,28,5,5,5,0,0,1,0,0,0E0,0E0,0E0,0E0,0E0,0E0,1.919342676038E0,     997P   8851
1.919342676038E0,2.879014014057E0,4.318521021086E0,                  997P   8852
4.318521021086E0,4.318521021086E0,4.55843885559E0,                   997P   8853
4.55843885559E0,5.278192359104E0,5.278192359104E0,                   997P   8854
5.278192359104E0,5.758028028114E0,5.758028028114E0,                  997P   8855
5.758028028114E0,7.67737070415E0,7.67737070415E0,                    997P   8856
8.637042042168E0,8.637042042168E0,8.637042042168E0,                  997P   8857
9.596713380186E0,1.151605605622E1,1.151605605622E1,                  997P   8858
1.151605605622E1,1.159725274726E1,1.159725274726E1,                  997P   8859
1.159725274726E1,1.159725274726E1,1.159725274726E1,                  997P   8860
1.159725274726E1,4.530593081661E0,4.530593081661E0,                  997P   8861
4.530593081661E0,4.530593081661E0,4.530593081661E0,                  997P   8862
4.530593081661E0,4.511227747599E1,4.511227747599E1,                  997P   8863
4.511227747599E1,4.511227747599E1,4.511227747599E1,                  997P   8864
4.511227747599E1,1E0,1E0,1E0,1E0,1E0,1E0,1E0,1E0,1E0,1E0,1E0,        997P   8865
1E0,1E0,1E0,1E0,1E0,1E0,1E0,1E0,1E0,1E0,1E0,1E0,1E0,1E0,1E0,1E0,     997P   8866
1E0,1E0,1E0,1E0,1E0,1E0,1E0,1E0,1E0,1E0,1E0,1E0,1E0,1E0,1E0,1E0,     997P   8867
1E0,1E0,1E0,1E0,1E0,1E0,1E0,1E0,1E0,1E0,1E0,1E0,1E0,1E0,1E0,1E0,     997P   8868
1E0,1E0,1E0,1E0,1E0,1E0,1E0,1E0,1E0,1E0,1E0,1E0,1E0,1E0,1E0,1E0,     997P   8869
1E0,1E0,1E0,1E0,1E0,1E0,1E0,1E0,1E0,1E0,1E0,1E0,1E0,1E0,1E0,1E0,     997P   8870
1E0,1E0,1E0,1E0,1E0,1E0,1E0,1E0,1E0,1E0,1E0,1E0,1E0,1E0,1E0,1E0,     997P   8871
1E0,1E0,1E0,1E0,1E0,1E0,1E0,1E0,1E0,1E0,1E0,1E0,1E0,1E0,1E0,1E0,     997P   8872
1E0,1E0,1E0,1E0,1E0,1E0,1E0,1E0,1E0,1E0,1E0,1E0,1E0,1E0,1E0,1E0,     997P   8873
1E0,1E0,1E0,1E0,1E0,1E0,1E0,1E0,1E0,1E0,1E0,1E0,1E0,1E0,1E0,1E0,     997P   8874
1E0,1E0,1E0,1E0,1E0,1E0,1E0,1E0,1E0,1E0,1E0,1E0,1E0,1E0,1E0,1E0,     997P   8875
1E0,1E0,1E0,3.45335883142E1,4.303147042781E0,-3.600376744579E0,      997P   8876
3.441219111585E1,4.24449012099E0,-3.434747076601E0,                  997P   8877
3.430881720172E1,4.201229165794E0,-3.308202305813E0,                 997P   8878
3.414515963964E1,4.137939123531E0,-3.119130100908E0,                 997P   8879
3.382209505508E1,4.029113326281E0,-2.780814840438E0,                 997P   8880
3.33286257674E1,3.889617740494E0,-2.321990287621E0,                  997P   8881
3.300700176294E1,3.804437102798E0,-2.035381257021E0,                 997P   8882
3.262367438152E1,3.706264483243E0,-1.701047096811E0,                 997P   8883
3.23729027273E1,3.642803900896E0,-1.483981848553E0,                  997P   8884
3.222999744211E1,3.606821371887E0,-1.360677434777E0,                 997P   8885
3.209315743974E1,3.57359924301E0,-1.245279287015E0,                  997P   8886
3.196182772682E1,3.542794604583E0,-1.136868184214E0,                 997P   8887
3.180603466421E1,3.507487960498E0,-1.010942064837E0,                 997P   8888
3.166387034324E1,3.477244074398E0,-9.003107625221E-1,                997P   8889
3.161139807733E1,3.466420560538E0,-8.602127894581E-1,                997P   8890
3.133071890377E1,3.410363083291E0,-6.497098035014E-1,                997P   8891
3.101098189094E1,3.356227219402E0,-4.309867664387E-1,                997P   8892
3.059394933185E1,3.296339699818E0,-1.689454769294E-1,                997P   8893
3.015302401563E1,3.25142919664E0,6.821031452986E-2,                  997P   8894
2.973503528044E1,3.227779225037E0,2.52012144846E-1,                  997P   8895
2.946638758436E1,3.216997478643E0,3.605676510609E-1,                 997P   8896
2.896895786303E1,3.215218728142E0,5.221552619409E-1,                 997P   8897
2.865590010356E1,3.237012079255E0,5.741884382179E-1,                 997P   8898
2.844420585357E1,3.279239894673E0,5.497893478702E-1,                 997P   8899
2.831633160989E1,3.332083234057E0,4.758028905617E-1,                 997P   8900
2.826392168213E1,3.36966533885E0,4.109648939364E-1,                  997P   8901
2.826185344324E1,3.371191361953E0,4.083131600629E-1,                 997P   8902
2.825984629267E1,3.372716101449E0,4.056448375462E-1,                 997P   8903
2.825790176078E1,3.374237982729E0,4.029628539967E-1,                 997P   8904
3.943874919394E1,1.07695464331E1,-3.600378288418E0,                  997P   8905
3.931735199559E1,1.071088951131E1,-3.434748620439E0,                 997P   8906
3.921397808146E1,1.066762855611E1,-3.308203849652E0,                 997P   8907
3.905032051938E1,1.060433851385E1,-3.119131644746E0,                 997P   8908
3.872725593482E1,1.04955127166E1,-2.780816384276E0,                  997P   8909
3.823378664713E1,1.035601713081E1,-2.321991831459E0,                 997P   8910
3.791216264268E1,1.027083649311E1,-2.03538280086E0,                  997P   8911
3.752883526126E1,1.017266387356E1,-1.70104864065E0,                  997P   8912
3.727806360704E1,1.010920329121E1,-1.483983392392E0,                 997P   8913
3.713515832184E1,1.00732207622E1,-1.360678978615E0,                  997P   8914
3.699831831947E1,1.003999863333E1,-1.245280830854E0,                 997P   8915
3.686698860655E1,1.00091939949E1,-1.136869728053E0,                  997P   8916
3.671119554395E1,9.973887350814E0,-1.010943608676E0,                 997P   8917
3.656903122297E1,9.943643464714E0,-9.003123063609E-1,                997P   8918
3.651655895707E1,9.932819950854E0,-8.602143332968E-1,                997P   8919
3.623587978351E1,9.876762473607E0,-6.497113473402E-1,                997P   8920
3.591614277067E1,9.822626609718E0,-4.309883102775E-1,                997P   8921
3.549911021159E1,9.762739090134E0,-1.689470207682E-1,                997P   8922
3.505818489536E1,9.717828586956E0,6.820877069092E-2,                 997P   8923
3.464019616018E1,9.694178615353E0,2.520106010071E-1,                 997P   8924
3.43715484641E1,9.683396868959E0,3.605661072219E-1,                  997P   8925
3.387411874277E1,9.681618118458E0,5.22153718102E-1,                  997P   8926
3.35610609833E1,9.703411469571E0,5.74186894379E-1,                   997P   8927
3.33493667333E1,9.745639284989E0,5.497878040313E-1,                  997P   8928
3.322149248963E1,9.798482624373E0,4.758013467228E-1,                 997P   8929
3.316908256187E1,9.836064729166E0,4.109633500975E-1,                 997P   8930
3.316701432298E1,9.837590752269E0,4.08311616224E-1,                  997P   8931
3.316500717241E1,9.839115491766E0,4.056432937073E-1,                 997P   8932
3.316306264052E1,9.840637373045E0,4.029613101579E-1,                 997P   8933
4.434391007368E1,1.723594582342E1,-3.600379832257E0,                 997P   8934
4.422251287533E1,1.717728890163E1,-3.434750164278E0,                 997P   8935
4.411913896119E1,1.713402794643E1,-3.308205393491E0,                 997P   8936
4.395548139911E1,1.707073790417E1,-3.119133188585E0,                 997P   8937
4.363241681456E1,1.696191210691E1,-2.780817928115E0,                 997P   8938
4.313894752687E1,1.682241652113E1,-2.321993375298E0,                 997P   8939
4.281732352242E1,1.673723588343E1,-2.035384344699E0,                 997P   8940
4.2433996141E1,1.663906326388E1,-1.701050184489E0,                   997P   8941
4.218322448678E1,1.657560268153E1,-1.48398493623E0,                  997P   8942
4.204031920158E1,1.653962015252E1,-1.360680522454E0,                 997P   8943
4.190347919921E1,1.650639802364E1,-1.245282374692E0,                 997P   8944
4.177214948629E1,1.647559338521E1,-1.136871271891E0,                 997P   8945
4.161635642369E1,1.644028674113E1,-1.010945152514E0,                 997P   8946
4.147419210271E1,1.641004285503E1,-9.003138501994E-1,                997P   8947
4.14217198368E1,1.639921934117E1,-8.602158771353E-1,                 997P   8948
4.114104066325E1,1.634316186392E1,-6.497128911787E-1,                997P   8949
4.082130365041E1,1.628902600003E1,-4.30989854116E-1,                 997P   8950
4.040427109133E1,1.622913848045E1,-1.689485646067E-1,                997P   8951
3.99633457751E1,1.618422797727E1,6.82072268523E-2,                   997P   8952
3.954535703992E1,1.616057800567E1,2.520090571685E-1,                 997P   8953
3.927670934384E1,1.614979625927E1,3.605645633834E-1,                 997P   8954
3.877927962251E1,1.614801750877E1,5.221521742634E-1,                 997P   8955
3.846622186304E1,1.616981085989E1,5.741853505404E-1,                 997P   8956
3.825452761304E1,1.621203867531E1,5.497862601927E-1,                 997P   8957
3.812665336936E1,1.626488201469E1,4.757998028843E-1,                 997P   8958
3.807424344161E1,1.630246411948E1,4.109618062589E-1,                 997P   8959
3.807217520271E1,1.630399014259E1,4.083100723854E-1,                 997P   8960
3.807016805215E1,1.630551488208E1,4.056417498687E-1,                 997P   8961
3.806822352026E1,1.630703676336E1,4.029597663192E-1,                 997P   8962
4.924907095341E1,2.370234521373E1,-3.600381376095E0,                 997P   8963
4.912767375507E1,2.364368829194E1,-3.434751708117E0,                 997P   8964
4.902429984093E1,2.360042733675E1,-3.30820693733E0,                  997P   8965
4.886064227885E1,2.353713729448E1,-3.119134732424E0,                 997P   8966
4.85375776943E1,2.342831149723E1,-2.780819471954E0,                  997P   8967
4.804410840661E1,2.328881591144E1,-2.321994919137E0,                 997P   8968
4.772248440216E1,2.320363527375E1,-2.035385888537E0,                 997P   8969
4.733915702074E1,2.310546265419E1,-1.701051728327E0,                 997P   8970
4.708838536652E1,2.304200207184E1,-1.483986480069E0,                 997P   8971
4.694548008132E1,2.300601954284E1,-1.360682066292E0,                 997P   8972
4.680864007895E1,2.297279741396E1,-1.245283918531E0,                 997P   8973
4.667731036603E1,2.294199277553E1,-1.13687281573E0,                  997P   8974
4.652151730343E1,2.290668613145E1,-1.010946696353E0,                 997P   8975
4.637935298245E1,2.287644224535E1,-9.00315394038E-1,                 997P   8976
4.632688071654E1,2.286561873149E1,-8.60217420974E-1,                 997P   8977
4.604620154298E1,2.280956125424E1,-6.497144350171E-1,                997P   8978
4.572646453015E1,2.275542539035E1,-4.309913979546E-1,                997P   8979
4.530943197106E1,2.269553787077E1,-1.689501084452E-1,                997P   8980
4.486850665484E1,2.265062736759E1,6.820568301396E-2,                 997P   8981
4.445051791965E1,2.262697739599E1,2.5200751333E-1,                   997P   8982
4.418187022357E1,2.261619564959E1,3.60563019545E-1,                  997P   8983
4.368444050225E1,2.261441689909E1,5.221506304249E-1,                 997P   8984
4.337138274277E1,2.26362102502E1,5.741838067021E-1,                  997P   8985
4.315968849278E1,2.267843806562E1,5.497847163542E-1,                 997P   8986
4.30318142491E1,2.273128140501E1,4.75798259046E-1,                   997P   8987
4.297940432135E1,2.27688635098E1,4.109602624206E-1,                  997P   8988
4.297733608245E1,2.27703895329E1,4.083085285471E-1,                  997P   8989
4.297532893189E1,2.27719142724E1,4.056402060304E-1,                  997P   8990
4.297338439999E1,2.277343615368E1,4.02958222481E-1,                  997P   8991
5.415423183315E1,3.016874460405E1,-3.600382919934E0,                 997P   8992
5.403283463481E1,3.011008768226E1,-3.434753251955E0,                 997P   8993
5.392946072067E1,3.006682672706E1,-3.308208481168E0,                 997P   8994
5.376580315859E1,3.00035366848E1,-3.119136276262E0,                  997P   8995
5.344273857404E1,2.989471088755E1,-2.780821015793E0,                 997P   8996
5.294926928635E1,2.975521530176E1,-2.321996462975E0,                 997P   8997
5.26276452819E1,2.967003466406E1,-2.035387432376E0,                  997P   8998
5.224431790048E1,2.957186204451E1,-1.701053272166E0,                 997P   8999
5.199354624625E1,2.950840146216E1,-1.483988023907E0,                 997P   9000
5.185064096106E1,2.947241893315E1,-1.360683610131E0,                 997P   9001
5.171380095869E1,2.943919680427E1,-1.245285462369E0,                 997P   9002
5.158247124577E1,2.940839216585E1,-1.136874359568E0,                 997P   9003
5.142667818317E1,2.937308552176E1,-1.010948240192E0,                 997P   9004
5.128451386219E1,2.934284163566E1,-9.003169378767E-1,                997P   9005
5.123204159628E1,2.93320181218E1,-8.602189648127E-1,                 997P   9006
5.095136242272E1,2.927596064455E1,-6.497159788556E-1,                997P   9007
5.063162540989E1,2.922182478067E1,-4.309929417933E-1,                997P   9008
5.02145928508E1,2.916193726108E1,-1.689516522838E-1,                 997P   9009
4.977366753458E1,2.91170267579E1,6.820413917539E-2,                  997P   9010
4.935567879939E1,2.90933767863E1,2.520059694915E-1,                  997P   9011
4.908703110331E1,2.908259503991E1,3.605614757066E-1,                 997P   9012
4.858960138199E1,2.908081628941E1,5.221490865864E-1,                 997P   9013
4.827654362251E1,2.910260964052E1,5.741822628636E-1,                 997P   9014
4.806484937252E1,2.914483745594E1,5.497831725157E-1,                 997P   9015
4.793697512884E1,2.919768079532E1,4.757967152075E-1,                 997P   9016
4.788456520109E1,2.923526290011E1,4.109587185821E-1,                 997P   9017
4.788249696219E1,2.923678892322E1,4.083069847086E-1,                 997P   9018
4.788048981162E1,2.923831366271E1,4.056386621919E-1,                 997P   9019
4.787854527973E1,2.923983554399E1,4.029566786425E-1,                 997P   9020
5.905939271289E1,3.663514399437E1,-3.600384463773E0,                 997P   9021
5.893799551455E1,3.657648707258E1,-3.434754795794E0,                 997P   9022
5.883462160041E1,3.653322611738E1,-3.308210025007E0,                 997P   9023
5.867096403833E1,3.646993607512E1,-3.119137820101E0,                 997P   9024
5.834789945378E1,3.636111027787E1,-2.780822559631E0,                 997P   9025
5.785443016609E1,3.622161469208E1,-2.321998006814E0,                 997P   9026
5.753280616164E1,3.613643405438E1,-2.035388976215E0,                 997P   9027
5.714947878021E1,3.603826143482E1,-1.701054816005E0,                 997P   9028
5.689870712599E1,3.597480085248E1,-1.483989567746E0,                 997P   9029
5.67558018408E1,3.593881832347E1,-1.36068515397E0,                   997P   9030
5.661896183843E1,3.590559619459E1,-1.245287006208E0,                 997P   9031
5.648763212551E1,3.587479155616E1,-1.136875903407E0,                 997P   9032
5.63318390629E1,3.583948491208E1,-1.01094978403E0,                   997P   9033
5.618967474193E1,3.580924102598E1,-9.003184817155E-1,                997P   9034
5.613720247602E1,3.579841751212E1,-8.602205086516E-1,                997P   9035
5.585652330246E1,3.574236003487E1,-6.497175226944E-1,                997P   9036
5.553678628963E1,3.568822417098E1,-4.309944856321E-1,                997P   9037
5.511975373054E1,3.56283366514E1,-1.689531961228E-1,                 997P   9038
5.467882841432E1,3.558342614822E1,6.820259533688E-2,                 997P   9039
5.426083967913E1,3.555977617662E1,2.520044256528E-1,                 997P   9040
5.399219198305E1,3.554899443022E1,3.605599318681E-1,                 997P   9041
5.349476226173E1,3.554721567972E1,5.221475427478E-1,                 997P   9042
5.318170450225E1,3.556900903084E1,5.741807190253E-1,                 997P   9043
5.297001025226E1,3.561123684626E1,5.497816286771E-1,                 997P   9044
5.284213600858E1,3.566408018564E1,4.75795171369E-1,                  997P   9045
5.278972608083E1,3.570166229043E1,4.109571747437E-1,                 997P   9046
5.278765784193E1,3.570318831353E1,4.083054408703E-1,                 997P   9047
5.278565069136E1,3.570471305303E1,4.056371183536E-1,                 997P   9048
5.278370615947E1,3.570623493431E1,4.029551348041E-1,0E0,             997P   9049
1.159725274726E1,4.530593081661E0,4.511227747599E1;                  997P   9050
508,4,                                                               999P   9051
0,407,200,1,0,0,407,197,1,0,                                         999P   9052
0,407,201,1,0,0,407,196,0,0;                                         999P   9053
510,997,1,1,999,                                                    1001P   9054
0,1,995;                                                            1001P   9055
406,1,4HFLAP;                                                       1003P   9056
128,26,5,5,5,0,0,1,0,0,2.940676708085E0,2.940676708085E0,           1005P   9057
2.940676708085E0,2.940676708085E0,2.940676708085E0,                 1005P   9058
2.940676708085E0,3.041758264473E0,3.102593429763E0,                 1005P   9059
3.163428595052E0,3.163428595052E0,3.163428595052E0,                 1005P   9060
3.285098925631E0,3.285098925631E0,3.40676925621E0,                  1005P   9061
3.40676925621E0,3.40676925621E0,4.380131900839E0,                   1005P   9062
4.380131900839E0,4.380131900839E0,4.866813223154E0,                 1005P   9063
4.866813223154E0,4.866813223154E0,5.840175867784E0,                 1005P   9064
7.786901157043E0,9.733626446302E0,1.168035173556E1,                 1005P   9065
1.168035173556E1,1.557380231408E1,1.557380231408E1,                 1005P   9066
1.557380231408E1,1.557380231408E1,1.557380231408E1,                 1005P   9067
1.557380231408E1,4.518559761207E0,4.518559761207E0,                 1005P   9068
4.518559761207E0,4.518559761207E0,4.518559761207E0,                 1005P   9069
4.518559761207E0,4.511227824094E1,4.511227824094E1,                 1005P   9070
4.511227824094E1,4.511227824094E1,4.511227824094E1,                 1005P   9071
4.511227824094E1,1E0,1E0,1E0,1E0,1E0,1E0,1E0,1E0,1E0,1E0,1E0,       1005P   9072
1E0,1E0,1E0,1E0,1E0,1E0,1E0,1E0,1E0,1E0,1E0,1E0,1E0,1E0,1E0,1E0,    1005P   9073
1E0,1E0,1E0,1E0,1E0,1E0,1E0,1E0,1E0,1E0,1E0,1E0,1E0,1E0,1E0,1E0,    1005P   9074
1E0,1E0,1E0,1E0,1E0,1E0,1E0,1E0,1E0,1E0,1E0,1E0,1E0,1E0,1E0,1E0,    1005P   9075
1E0,1E0,1E0,1E0,1E0,1E0,1E0,1E0,1E0,1E0,1E0,1E0,1E0,1E0,1E0,1E0,    1005P   9076
1E0,1E0,1E0,1E0,1E0,1E0,1E0,1E0,1E0,1E0,1E0,1E0,1E0,1E0,1E0,1E0,    1005P   9077
1E0,1E0,1E0,1E0,1E0,1E0,1E0,1E0,1E0,1E0,1E0,1E0,1E0,1E0,1E0,1E0,    1005P   9078
1E0,1E0,1E0,1E0,1E0,1E0,1E0,1E0,1E0,1E0,1E0,1E0,1E0,1E0,1E0,1E0,    1005P   9079
1E0,1E0,1E0,1E0,1E0,1E0,1E0,1E0,1E0,1E0,1E0,1E0,1E0,1E0,1E0,1E0,    1005P   9080
1E0,1E0,1E0,1E0,1E0,1E0,1E0,1E0,1E0,1E0,1E0,1E0,1E0,1E0,1E0,1E0,    1005P   9081
1E0,1E0,1E0,1E0,1E0,1E0,1E0,2.825062934545E1,3.364650867602E0,      1005P   9082
4.029628562895E-1,2.824108257456E1,3.372122615404E0,                1005P   9083
3.897955317659E-1,2.822820787503E1,3.383980821258E0,                1005P   9084
3.681760972837E-1,2.821646307293E1,3.399393428562E0,                1005P   9085
3.384944317994E-1,2.821156031694E1,3.413799158987E0,                1005P   9086
3.088255341733E-1,2.821338390216E1,3.426411241495E0,                1005P   9087
2.809113716664E-1,2.821840276904E1,3.439088534196E0,                1005P   9088
2.518426635128E-1,2.822621950475E1,3.448061404058E0,                1005P   9089
2.299158750295E-1,2.824086317887E1,3.459980679173E0,                1005P   9090
1.994381489899E-1,2.826411748039E1,3.469194126256E0,                1005P   9091
1.720947554154E-1,2.829436544131E1,3.475605153513E0,                1005P   9092
1.486077828973E-1,2.844638844082E1,3.487854775756E0,                1005P   9093
7.385180753173E-2,2.860523275134E1,3.500611122705E0,                1005P   9094
-4.165463366529E-3,2.874838734111E1,3.512155217822E0,               1005P   9095
-7.458012721911E-2,2.896192009959E1,3.529407607286E0,               1005P   9096
-1.796837053983E-1,2.916773269513E1,3.546188629845E0,               1005P   9097
-2.813176028075E-1,2.923474168871E1,3.551667739502E0,               1005P   9098
-3.14441426169E-1,2.943542010114E1,3.568142049013E0,                1005P   9099
-4.137825201642E-1,2.989428653158E1,3.606290244763E0,               1005P   9100
-6.419704564351E-1,3.052402034958E1,3.660345522317E0,               1005P   9101
-9.588171405127E-1,3.138504371417E1,3.739905776743E0,               1005P   9102
-1.404284960256E0,3.224128330462E1,3.834823852153E0,                1005P   9103
-1.881523003877E0,3.331743005597E1,3.991863811053E0,                1005P   9104
-2.563137784122E0,3.391346837546E1,4.11617906374E0,                 1005P   9105
-3.021583984298E0,3.417874364895E1,4.191298673063E0,                1005P   9106
-3.268518476115E0,3.432655705403E1,4.233862677151E0,                1005P   9107
-3.407644170829E0,3.451235094639E1,4.303720824075E0,                1005P   9108
-3.617971649598E0,3.315724480072E1,9.832967802833E0,                1005P   9109
4.029613119928E-1,3.314769802983E1,9.840439550636E0,                1005P   9110
3.897939874692E-1,3.313482333029E1,9.85229775649E0,                 1005P   9111
3.68174552987E-1,3.312307852819E1,9.867710363793E0,                 1005P   9112
3.384928875028E-1,3.311817577221E1,9.882116094218E0,                1005P   9113
3.088239898767E-1,3.311999935742E1,9.894728176727E0,                1005P   9114
2.809098273698E-1,3.312501822431E1,9.907405469428E0,                1005P   9115
2.518411192162E-1,3.313283496001E1,9.91637833929E0,                 1005P   9116
2.299143307329E-1,3.314747863414E1,9.928297614405E0,                1005P   9117
1.994366046933E-1,3.317073293565E1,9.937511061488E0,                1005P   9118
1.720932111188E-1,3.320098089657E1,9.943922088745E0,                1005P   9119
1.486062386007E-1,3.335300389609E1,9.956171710988E0,                1005P   9120
7.385026323506E-2,3.351184820661E1,9.968928057936E0,                1005P   9121
-4.167007663029E-3,3.365500279638E1,9.980472153054E0,               1005P   9122
-7.458167151575E-2,3.386853555486E1,9.997724542518E0,               1005P   9123
-1.796852496948E-1,3.407434815039E1,1.001450556508E1,               1005P   9124
-2.813191471041E-1,3.414135714398E1,1.001998467473E1,               1005P   9125
-3.144429704655E-1,3.434203555641E1,1.003645898424E1,               1005P   9126
-4.137840644606E-1,3.480090198684E1,1.007460717999E1,               1005P   9127
-6.419720007317E-1,3.543063580485E1,1.012866245755E1,               1005P   9128
-9.588186848091E-1,3.629165916944E1,1.020822271198E1,               1005P   9129
-1.404286504552E0,3.714789875989E1,1.030314078739E1,                1005P   9130
-1.881524548173E0,3.822404551124E1,1.046018074629E1,                1005P   9131
-2.563139328418E0,3.882008383072E1,1.058449599897E1,                1005P   9132
-3.021585528595E0,3.908535910422E1,1.06596156083E1,                 1005P   9133
-3.268520020412E0,3.92331725093E1,1.070217961238E1,                 1005P   9134
-3.407645715125E0,3.941896640166E1,1.077203775931E1,                1005P   9135
-3.617973193895E0,3.806386025598E1,1.630128473807E1,                1005P   9136
4.029597676964E-1,3.805431348509E1,1.630875648587E1,                1005P   9137
3.897924431728E-1,3.804143878556E1,1.632061469172E1,                1005P   9138
3.681730086906E-1,3.802969398346E1,1.633602729902E1,                1005P   9139
3.384913432065E-1,3.802479122748E1,1.635043302945E1,                1005P   9140
3.088224455804E-1,3.802661481269E1,1.636304511196E1,                1005P   9141
2.809082830735E-1,3.803163367957E1,1.637572240466E1,                1005P   9142
2.518395749198E-1,3.803945041528E1,1.638469527452E1,                1005P   9143
2.299127864366E-1,3.80540940894E1,1.639661454964E1,                 1005P   9144
1.994350603969E-1,3.807734839092E1,1.640582799672E1,                1005P   9145
1.720916668223E-1,3.810759635184E1,1.641223902398E1,                1005P   9146
1.486046943043E-1,3.825961935135E1,1.642448864622E1,                1005P   9147
7.384871893855E-2,3.841846366187E1,1.643724499317E1,                1005P   9148
-4.16855195935E-3,3.856161825165E1,1.644878908829E1,                1005P   9149
-7.458321581229E-2,3.877515101012E1,1.646604147775E1,               1005P   9150
-1.796867939913E-1,3.898096360566E1,1.648282250031E1,               1005P   9151
-2.813206914006E-1,3.904797259925E1,1.648830160997E1,               1005P   9152
-3.14444514762E-1,3.924865101167E1,1.650477591948E1,                1005P   9153
-4.137856087569E-1,3.970751744211E1,1.654292411523E1,               1005P   9154
-6.419735450281E-1,4.033725126011E1,1.659697939278E1,               1005P   9155
-9.588202291056E-1,4.119827462471E1,1.667653964721E1,               1005P   9156
-1.404288048848E0,4.205451421515E1,1.677145772262E1,                1005P   9157
-1.88152609247E0,4.313066096651E1,1.692849768152E1,                 1005P   9158
-2.563140872715E0,4.372669928599E1,1.705281293421E1,                1005P   9159
-3.021587072891E0,4.399197455948E1,1.712793254353E1,                1005P   9160
-3.268521564708E0,4.413978796457E1,1.717049654762E1,                1005P   9161
-3.407647259421E0,4.432558185693E1,1.724035469454E1,                1005P   9162
-3.617974738191E0,4.297047571125E1,2.27696016733E1,                 1005P   9163
4.029582234003E-1,4.296092894036E1,2.27770734211E1,                 1005P   9164
3.897908988767E-1,4.294805424082E1,2.278893162695E1,                1005P   9165
3.681714643945E-1,4.293630943872E1,2.280434423426E1,                1005P   9166
3.384897989104E-1,4.293140668274E1,2.281874996468E1,                1005P   9167
3.088209012843E-1,4.293323026795E1,2.283136204719E1,                1005P   9168
2.809067387773E-1,4.293824913484E1,2.284403933989E1,                1005P   9169
2.518380306237E-1,4.294606587055E1,2.285301220975E1,                1005P   9170
2.299112421403E-1,4.296070954467E1,2.286493148487E1,                1005P   9171
1.994335161008E-1,4.298396384618E1,2.287414493195E1,                1005P   9172
1.720901225261E-1,4.301421180711E1,2.288055595921E1,                1005P   9173
1.486031500081E-1,4.316623480662E1,2.289280558145E1,                1005P   9174
7.384717464226E-2,4.332507911714E1,2.29055619284E1,                 1005P   9175
-4.170096255613E-3,4.346823370691E1,2.291710602352E1,               1005P   9176
-7.458476010836E-2,4.368176646539E1,2.293435841298E1,               1005P   9177
-1.796883382877E-1,4.388757906093E1,2.295113943554E1,               1005P   9178
-2.81322235697E-1,4.395458805451E1,2.29566185452E1,                 1005P   9179
-3.144460590584E-1,4.415526646694E1,2.297309285471E1,               1005P   9180
-4.137871530536E-1,4.461413289738E1,2.301124105046E1,               1005P   9181
-6.419750893246E-1,4.524386671538E1,2.306529632801E1,               1005P   9182
-9.588217734024E-1,4.610489007997E1,2.314485658244E1,               1005P   9183
-1.404289593145E0,4.696112967042E1,2.323977465785E1,                1005P   9184
-1.881527636766E0,4.803727642177E1,2.339681461675E1,                1005P   9185
-2.563142417011E0,4.863331474126E1,2.352112986944E1,                1005P   9186
-3.021588617187E0,4.889859001475E1,2.359624947876E1,                1005P   9187
-3.268523109005E0,4.904640341983E1,2.363881348285E1,                1005P   9188
-3.407648803718E0,4.923219731219E1,2.370867162977E1,                1005P   9189
-3.617976282488E0,4.787709116651E1,2.923791860853E1,                1005P   9190
4.029566791039E-1,4.786754439562E1,2.924539035633E1,                1005P   9191
3.897893545804E-1,4.785466969609E1,2.925724856218E1,                1005P   9192
3.681699200982E-1,4.784292489399E1,2.927266116949E1,                1005P   9193
3.384882546141E-1,4.783802213801E1,2.928706689991E1,                1005P   9194
3.088193569881E-1,4.783984572322E1,2.929967898242E1,                1005P   9195
2.809051944808E-1,4.78448645901E1,2.931235627512E1,                 1005P   9196
2.518364863275E-1,4.785268132581E1,2.932132914499E1,                1005P   9197
2.29909697844E-1,4.786732499993E1,2.93332484201E1,                  1005P   9198
1.994319718045E-1,4.789057930145E1,2.934246186718E1,                1005P   9199
1.720885782299E-1,4.792082726237E1,2.934887289444E1,                1005P   9200
1.486016057119E-1,4.807285026188E1,2.936112251668E1,                1005P   9201
7.384563034614E-2,4.823169457241E1,2.937387886363E1,                1005P   9202
-4.171640551877E-3,4.837484916218E1,2.938542295875E1,               1005P   9203
-7.458630440423E-2,4.858838192065E1,2.940267534821E1,               1005P   9204
-1.796898825837E-1,4.879419451619E1,2.941945637077E1,               1005P   9205
-2.81323779993E-1,4.886120350978E1,2.942493548043E1,                1005P   9206
-3.144476033545E-1,4.906188192221E1,2.944140978994E1,               1005P   9207
-4.137886973495E-1,4.952074835264E1,2.947955798569E1,               1005P   9208
-6.419766336207E-1,5.015048217064E1,2.953361326325E1,               1005P   9209
-9.588233176983E-1,5.101150553524E1,2.961317351767E1,               1005P   9210
-1.404291137441E0,5.186774512569E1,2.970809159308E1,                1005P   9211
-1.881529181062E0,5.294389187704E1,2.986513155198E1,                1005P   9212
-2.563143961307E0,5.353993019652E1,2.998944680467E1,                1005P   9213
-3.021590161484E0,5.380520547002E1,3.006456641399E1,                1005P   9214
-3.268524653301E0,5.39530188751E1,3.010713041808E1,                 1005P   9215
-3.407650348014E0,5.413881276746E1,3.017698856501E1,                1005P   9216
-3.617977826784E0,5.278370662178E1,3.570623554376E1,                1005P   9217
4.029551348078E-1,5.277415985089E1,3.571370729156E1,                1005P   9218
3.897878102842E-1,5.276128515135E1,3.572556549742E1,                1005P   9219
3.68168375802E-1,5.274954034926E1,3.574097810472E1,                 1005P   9220
3.384867103178E-1,5.274463759327E1,3.575538383515E1,                1005P   9221
3.088178126919E-1,5.274646117849E1,3.576799591765E1,                1005P   9222
2.809036501844E-1,5.275148004537E1,3.578067321036E1,                1005P   9223
2.518349420312E-1,5.275929678108E1,3.578964608022E1,                1005P   9224
2.299081535476E-1,5.27739404552E1,3.580156535533E1,                 1005P   9225
1.994304275083E-1,5.279719475671E1,3.581077880241E1,                1005P   9226
1.720870339337E-1,5.282744271764E1,3.581718982967E1,                1005P   9227
1.486000614157E-1,5.297946571715E1,3.582943945191E1,                1005P   9228
7.38440860496E-2,5.313831002767E1,3.584219579886E1,                 1005P   9229
-4.173184847882E-3,5.328146461744E1,3.585373989398E1,               1005P   9230
-7.45878487011E-2,5.349499737592E1,3.587099228345E1,                1005P   9231
-1.796914268799E-1,5.370080997146E1,3.5887773306E1,                 1005P   9232
-2.813253242894E-1,5.376781896504E1,3.589325241566E1,               1005P   9233
-3.144491476508E-1,5.396849737747E1,3.590972672517E1,               1005P   9234
-4.137902416461E-1,5.442736380791E1,3.594787492092E1,               1005P   9235
-6.41978177917E-1,5.505709762591E1,3.600193019848E1,                1005P   9236
-9.58824861995E-1,5.59181209905E1,3.608149045291E1,                 1005P   9237
-1.404292681737E0,5.677436058095E1,3.617640852832E1,                1005P   9238
-1.881530725359E0,5.785050733231E1,3.633344848722E1,                1005P   9239
-2.563145505604E0,5.844654565179E1,3.64577637399E1,                 1005P   9240
-3.02159170578E0,5.871182092528E1,3.653288334923E1,                 1005P   9241
-3.268526197598E0,5.885963433037E1,3.657544735332E1,                1005P   9242
-3.407651892311E0,5.904542822273E1,3.664530550024E1,                1005P   9243
-3.617979371081E0,2.940676708085E0,1.557380231408E1,                1005P   9244
4.518559761207E0,4.511227824094E1;                                  1005P   9245
508,4,                                                              1007P   9246
0,407,201,0,0,0,407,198,1,0,                                        1007P   9247
0,407,202,0,0,0,407,194,0,0;                                        1007P   9248
510,1005,1,1,1007,                                                  1009P   9249
0,1,1003;                                                           1009P   9250
406,1,4HFLAP;                                                       1011P   9251
128,1,1,1,1,0,0,1,0,0,0E0,0E0,4.871049287247E1,4.871049287247E1,    1013P   9252
0E0,0E0,2.95825145852E-2,2.95825145852E-2,1E0,1E0,1E0,1E0,          1013P   9253
6.149626929277E1,3.987906927866E1,-3.619739633623E0,                1013P   9254
3.205776672235E1,1.070736638748E0,-3.619730368219E0,                1013P   9255
6.151277741094E1,3.986654686271E1,-3.598625744775E0,                1013P   9256
3.207427484052E1,1.058214222798E0,-3.59861647937E0,0E0,             1013P   9257
4.871049287247E1,0E0,2.95825145852E-2;                              1013P   9258
508,4,                                                              1015P   9259
0,407,195,1,0,0,407,202,1,0,                                        1015P   9260
0,407,199,0,0,0,407,200,0,0;                                        1015P   9261
510,1013,1,1,1015,                                                  1017P   9262
0,1,1011;                                                           1017P   9263
406,1,25HCRM-HLS|PartBody|Remove.3;                                 1019P   9264
514,68,977,0,969,0,961,0,953,0,945,0,937,0,929,0,921,0,             1021P   9265
913,0,905,0,897,0,889,0,881,0,873,0,865,0,857,0,849,0,841,0,        1021P   9266
833,0,825,0,817,0,809,0,801,0,793,0,785,0,777,0,769,0,761,0,        1021P   9267
753,0,745,0,737,0,729,0,721,0,713,0,705,0,697,0,689,0,681,0,        1021P   9268
673,0,665,0,657,0,649,0,641,0,633,0,625,0,617,0,609,0,591,0,        1021P   9269
583,0,575,0,567,0,559,0,551,0,543,0,535,0,527,0,519,0,501,0,        1021P   9270
493,0,485,0,477,0,469,0,461,0,453,0,445,0,437,0,429,0,421,0;        1021P   9271
514,5,1017,0,1009,0,1001,0,993,0,985,0;                             1023P   9272
186,1021,0,1,1023,0,                                                1025P   9273
0,1,1019;                                                           1025P   9274
S     11G      4D   1026P   9274                                        T      1
